0,0,0,0,197,l_1723858688.483.jpg
0,0,0,0,197,l_1723858689.907.jpg
0,0,0,0,197,l_1723858693.840.jpg
0,0,0,0,197,l_1723858694.765.jpg
0,0,0,0,197,l_1732078199.221.jpg
0,0,0,0,197,l_1732495331.787.jpg
0,0,0,0,197,l_1732495332.373.jpg
0,0,0,0,197,l_1732495332.600.jpg
0,0,0,0,197,l_1734430421.443.jpg
0,0,0,0,197,l_1735129863.960.jpg
0,0,0,0,197,l_1735129882.324.jpg
0,0,0,0,197,l_1736751203.415.jpg
0,0,0,0,197,l_1736751209.365.jpg
0,0,0,0,197,l_1736751214.628.jpg
0,0,0,0,197,l_1736751225.692.jpg
0,0,0,0,197,l_1736751379.314.jpg
0,0,0,0,197,l_1743825574.949.jpg
0,0,0,0,197,l_1743825575.987.jpg
0,0,0,0,197,l_1744815998.355.jpg
0,0,0,0,197,l_1744815999.646.jpg
0,0,0,0,197,l_1745912061.713.jpg
0,0,0,0,197,l_1745912065.445.jpg
0,0,0,0,197,l_1725596823_box_3.jpg
0,0,0,0,197,l_1725596823_box_5.jpg
0,0,0,0,197,l_1725596824_box_0.jpg
0,0,0,0,197,l_1725596827_box_0.jpg
0,0,0,0,197,l_1725596827_box_4.jpg
0,0,0,0,197,l_1725597479_box_1.jpg
0,0,0,0,197,l_1725597480_box_0.jpg
0,0,0,0,197,l_1725597481_box_0.jpg
0,0,0,0,197,l_1725597482_box_0.jpg
0,0,0,0,197,l_1725597483_box_0.jpg
0,0,0,0,197,l_1726629588_box_0.jpg
0,0,0,0,197,l_1726721297_box_0.jpg
0,0,0,0,197,l_1726721300_box_0.jpg
0,0,0,0,197,l_1726721301_box_0.jpg
0,0,0,0,197,l_1726721301_box_1.jpg
0,0,0,0,197,l_1726721302_box_0.jpg
0,0,0,0,197,l_1727232706_box_0.jpg
0,0,0,0,197,l_1727232706_box_1.jpg
0,0,0,0,197,l_1727232707_box_0.jpg
0,0,0,0,197,l_1729919631_box_0.jpg
0,0,0,0,197,l_1729919631_box_2.jpg
0,0,0,0,197,l_1731299379_box_1.jpg
0,0,0,0,197,l_1731299380_box_0.jpg
0,0,0,0,197,l_1731299382_box_0.jpg
0,0,0,0,197,l_1731423874_box_0.jpg
0,0,0,0,197,l_1731423875_box_0.jpg
0,0,0,0,197,l_1731423876_box_1.jpg
0,0,0,0,197,l_1731423879_box_0.jpg
0,0,0,0,197,l_1731423880_box_0.jpg
0,0,0,0,197,l_1731423880_box_1.jpg
0,0,0,0,197,l_1731489480_box_3.jpg
0,0,0,0,197,l_1731489480_box_4.jpg
0,0,0,0,197,l_1731489481_box_0.jpg
0,0,0,0,197,l_1731489484_box_0.jpg
0,0,0,0,197,l_1731489486_box_0.jpg
0,0,0,0,197,l_1731507848_box_0.jpg
0,0,0,0,197,l_1731507850_box_0.jpg
0,0,0,0,197,l_1731507851_box_1.jpg
0,0,0,0,197,l_1722401571_box_0.jpg
0,0,0,0,197,l_1722401571_box_1.jpg
0,0,0,0,197,l_1722401571_box_2.jpg
0,0,0,0,197,l_1722401572_box_0.jpg
0,0,0,0,197,l_1722401588_box_0.jpg
0,0,0,0,197,l_1722825329_box_1.jpg
0,0,0,0,197,l_1722825329_box_2.jpg
0,0,0,0,197,l_1722825330_box_0.jpg
0,0,0,0,197,l_1722825331_box_0.jpg
0,0,0,0,197,l_1722825332_box_1.jpg
0,0,0,0,197,l_1722825333_box_0.jpg
0,0,0,0,197,l_1723858689_box_0.jpg
0,0,0,0,197,l_1723858690_box_0.jpg
0,0,0,0,197,l_1723858691_box_0.jpg
0,0,0,0,197,l_1723858693_box_0.jpg
0,0,0,0,197,l_1723858694_box_0.jpg
0,0,0,0,198,l_1726205147.401.jpg
0,0,0,0,198,l_1726205153.973.jpg
0,0,0,0,198,l_1726205157.254.jpg
0,0,0,0,198,l_1726205166.428.jpg
0,0,0,0,198,l_1731048015.402.jpg
0,0,0,0,198,l_1731048016.217.jpg
0,0,0,0,198,l_1731048019.559.jpg
0,0,0,0,198,l_1731048019.755.jpg
0,0,0,0,198,l_1731048020.870.jpg
0,0,0,0,198,l_1731048021.829.jpg
0,0,0,0,198,l_1734062678.677.jpg
0,0,0,0,198,l_1734062679.802.jpg
0,0,0,0,198,l_1734062679.884.jpg
0,0,0,0,198,l_1734062680.714.jpg
0,0,0,0,198,l_1734062680.864.jpg
0,0,0,0,198,l_1734067898.273.jpg
0,0,0,0,198,l_1734067899.760.jpg
0,0,0,0,198,l_1734067900.845.jpg
0,0,0,0,198,l_1734067901.580.jpg
0,0,0,0,198,l_1734067901.820.jpg
0,0,0,0,198,l_1737440371.584.jpg
0,0,0,0,198,l_1737440371.638.jpg
0,0,0,0,198,l_1737440372.189.jpg
0,0,0,0,198,l_1737440372.282.jpg
0,0,0,0,198,l_1737440373.548.jpg
0,0,0,0,198,l_1737440373.903.jpg
0,0,0,0,198,l_1739352419.371.jpg
0,0,0,0,198,l_1739352420.507.jpg
0,0,0,0,198,l_1739352422.649.jpg
0,0,0,0,198,l_1739352424.978.jpg
0,0,0,0,198,l_1739352491.481.jpg
0,0,0,0,198,l_1739352509.868.jpg
0,0,0,0,198,l_1739758250.263.jpg
0,0,0,0,198,l_1739758251.399.jpg
0,0,0,0,198,l_1739758252.505.jpg
0,0,0,0,198,l_1739758253.395.jpg
0,0,0,0,198,l_1739758256.762.jpg
0,0,0,0,198,l_1740645432.306.jpg
0,0,0,0,198,l_1740645437.312.jpg
0,0,0,0,198,l_1740645442.870.jpg
0,0,0,0,198,l_1740645447.972.jpg
0,0,0,0,198,l_1740716691.372.jpg
0,0,0,0,198,l_1740716691.890.jpg
0,0,0,0,198,l_1740716692.295.jpg
0,0,0,0,198,l_1740716692.881.jpg
0,0,0,0,198,l_1742967994.197.jpg
0,0,0,0,198,l_1742967994.842.jpg
0,0,0,0,198,l_1742967995.322.jpg
0,0,0,0,198,l_1742967995.459.jpg
0,0,0,0,198,l_1742967996.922.jpg
0,0,0,0,198,l_1742967997.336.jpg
0,0,0,0,198,l_1745199560.707.jpg
0,0,0,0,198,l_1745199561.865.jpg
0,0,0,0,198,l_1745199562.622.jpg
0,0,0,0,198,l_1745199562.863.jpg
0,0,0,0,198,l_1745199565.943.jpg
0,0,0,0,198,l_1745199566.250.jpg
0,0,0,0,198,l_1746688688.325.jpg
0,0,0,0,198,l_1746688688.678.jpg
0,0,0,0,198,l_1746688689.589.jpg
0,0,0,0,198,l_1746688690.253.jpg
0,0,0,0,198,l_1746688690.488.jpg
0,0,0,0,198,l_1746763895.576.jpg
0,0,0,0,198,l_1746763895.942.jpg
0,0,0,0,198,l_1746763898.987.jpg
0,0,0,0,198,l_1746763899.623.jpg
0,0,0,0,198,l_1746763900.918.jpg
0,0,0,0,198,l_1746763901.944.jpg
0,0,0,0,199,l_1714697430.396.jpg
0,0,0,0,199,l_1714697431.291.jpg
0,0,0,0,199,l_1714697432.270.jpg
0,0,0,0,199,l_1714697432.755.jpg
0,0,0,0,199,l_1714697433.522.jpg
0,0,0,0,199,l_1714697434.692.jpg
0,0,0,0,199,l_1718607422.335 (1).jpg
0,0,0,0,199,l_1718607422.335.jpg
0,0,0,0,199,l_1718607423.245 (1).jpg
0,0,0,0,199,l_1718607423.245.jpg
0,0,0,0,199,l_1718607425.810 (1).jpg
0,0,0,0,199,l_1718607425.810.jpg
0,0,0,0,199,l_1718607426.447 (1).jpg
0,0,0,0,199,l_1718607426.447.jpg
0,0,0,0,199,l_1718607427.167 (1).jpg
0,0,0,0,199,l_1718607427.167.jpg
0,0,0,0,199,l_1724034509.925.jpg
0,0,0,0,199,l_1724034510.859.jpg
0,0,0,0,199,l_1724034511.367 (1).jpg
0,0,0,0,199,l_1724034511.367.jpg
0,0,0,0,199,l_1724034512.804 (1).jpg
0,0,0,0,199,l_1724034512.804.jpg
0,0,0,0,199,l_1724034513.724 (1).jpg
0,0,0,0,199,l_1724034513.724.jpg
0,0,0,0,199,l_1726059728.243.jpg
0,0,0,0,199,l_1726059728.882.jpg
0,0,0,0,199,l_1726059729.583.jpg
0,0,0,0,199,l_1737996684.810.jpg
0,0,0,0,199,l_1737996685.510.jpg
0,0,0,0,199,l_1737996689.384.jpg
0,0,0,0,199,l_1740120352.184.jpg
0,0,0,0,199,l_1740120355.731.jpg
0,0,0,0,199,l_1740120357.562.jpg
0,0,0,0,199,l_1740120358.770.jpg
0,0,0,0,199,l_1740968638.579.jpg
0,0,0,0,199,l_1742194164.466 (1).jpg
0,0,0,0,199,l_1742194164.466.jpg
0,0,0,0,199,l_1742194164.476 (1).jpg
0,0,0,0,199,l_1742194164.476.jpg
0,0,0,0,199,l_1742263747.458.jpg
0,0,0,0,199,l_1742263751.187.jpg
0,0,0,0,199,l_1742263752.310.jpg
0,0,0,0,199,l_1742263754.414.jpg
0,0,0,0,199,l_1742263755.636.jpg
0,0,0,0,199,l_1742313764.916.jpg
0,0,0,0,199,l_1742313765.135.jpg
0,0,0,0,199,l_1742313766.293.jpg
0,0,0,0,199,l_1742313766.507.jpg
0,0,0,0,199,l_1742313767.504.jpg
0,0,0,0,199,l_1743068563.148.jpg
0,0,0,0,199,l_1744093738.638.jpg
0,0,0,0,199,l_1744093739.212.jpg
0,0,0,0,199,l_1744093740.667.jpg
0,0,0,0,199,l_1744093740.900.jpg
0,0,0,0,199,l_1745586033.515.jpg
0,0,0,0,199,l_1745586034.391.jpg
0,0,0,0,199,l_1745586034.446.jpg
0,0,0,0,199,l_1745586035.922.jpg
0,0,0,0,199,l_1745586035.956.jpg
0,0,0,0,199,l_1745586036.180.jpg
0,0,0,0,200,l_1724300609.840.jpg
0,0,0,0,200,l_1724300610.708.jpg
0,0,0,0,200,l_1724300612.734.jpg
0,0,0,0,200,l_1724300614.478.jpg
0,0,0,0,200,l_1729173803.402.jpg
0,0,0,0,200,l_1729173804.761.jpg
0,0,0,0,200,l_1729173805.334.jpg
0,0,0,0,200,l_1729173805.655.jpg
0,0,0,0,200,l_1729173806.437.jpg
0,0,0,0,200,l_1729174207.680.jpg
0,0,0,0,200,l_1729174208.769.jpg
0,0,0,0,200,l_1729174209.196.jpg
0,0,0,0,200,l_1729174209.605.jpg
0,0,0,0,200,l_1729174211.231.jpg
0,0,0,0,200,l_1729174211.417.jpg
0,0,0,0,200,l_1733126355.306.jpg
0,0,0,0,200,l_1733126356.872.jpg
0,0,0,0,200,l_1733126358.965.jpg
0,0,0,0,200,l_1733126359.817.jpg
0,0,0,0,200,l_1733126360.220.jpg
0,0,0,0,200,l_1733126360.839.jpg
0,0,0,0,200,l_1736260595.176.jpg
0,0,0,0,200,l_1736260597.462.jpg
0,0,0,0,200,l_1736260598.974.jpg
0,0,0,0,200,l_1736260600.204.jpg
0,0,0,0,200,l_1736260602.249.jpg
0,0,0,0,200,l_1736260603.295.jpg
0,0,0,0,200,l_1736260605.877.jpg
0,0,0,0,200,l_1736490297.497.jpg
0,0,0,0,200,l_1736490298.299.jpg
0,0,0,0,200,l_1736490298.596.jpg
0,0,0,0,200,l_1736686620.373.jpg
0,0,0,0,200,l_1736686621.382.jpg
0,0,0,0,200,l_1736686625.147.jpg
0,0,0,0,200,l_1736686626.812.jpg
0,0,0,0,200,l_1736754197.622.jpg
0,0,0,0,200,l_1736754198.224.jpg
0,0,0,0,200,l_1736754199.341.jpg
0,0,0,0,200,l_1736754200.565.jpg
0,0,0,0,200,l_1736754201.621.jpg
0,0,0,0,200,l_1736756804.585.jpg
0,0,0,0,200,l_1736756805.955.jpg
0,0,0,0,200,l_1736756806.557.jpg
0,0,0,0,200,l_1736756807.662.jpg
0,0,0,0,200,l_1736756808.684.jpg
0,0,0,0,200,l_1740536259.348.jpg
0,0,0,0,200,l_1740536259.899.jpg
0,0,0,0,200,l_1740536260.169.jpg
0,0,0,0,200,l_1740536260.978.jpg
0,0,0,0,200,l_1740536261.302.jpg
0,0,0,0,200,l_1740536261.930.jpg
0,0,0,0,200,l_1740818947.955.jpg
0,0,0,0,200,l_1740818950.244.jpg
0,0,0,0,200,l_1740818951.405.jpg
0,0,0,0,200,l_1740818952.486.jpg
0,0,0,0,200,l_1740818952.637.jpg
0,0,0,0,200,l_1740818953.809.jpg
0,0,0,0,200,l_1744102815.164.jpg
0,0,0,0,200,l_1744102815.983.jpg
0,0,0,0,200,l_1744102816.579.jpg
0,0,0,0,200,l_1744102816.894.jpg
0,0,0,0,200,l_1744102817.664.jpg
0,0,0,0,200,l_1744596834.134.jpg
0,0,0,0,200,l_1744596835.928.jpg
0,0,0,0,200,l_1744596836.454.jpg
0,0,0,0,200,l_1744596836.892.jpg
0,0,0,0,200,l_1744596837.113.jpg
0,0,0,0,200,l_1745030598.805.jpg
0,0,0,0,200,l_1745030599.109.jpg
0,0,0,0,200,l_1745030600.650.jpg
0,0,0,0,200,l_1745030601.538.jpg
0,0,0,0,200,l_1745030603.552.jpg
0,0,0,0,200,l_1745399164.253.jpg
0,0,0,0,200,l_1745399165.729.jpg
0,0,0,0,200,l_1745399166.477.jpg
0,0,0,0,200,l_1745399180.430.jpg
0,0,0,0,200,l_1745399185.380.jpg
0,0,0,0,200,l_1745548136.943.jpg
0,0,0,0,200,l_1745548138.536.jpg
0,0,0,0,200,l_1745548138.896.jpg
0,0,0,0,200,l_1745548139.431.jpg
0,0,0,0,200,l_1745557788.917.jpg
0,0,0,0,200,l_1745557789.192.jpg
0,0,0,0,200,l_1745557790.180.jpg
0,0,0,0,200,l_1746177120.499.jpg
0,0,0,0,200,l_1746443768.201.jpg
0,0,0,0,200,l_1746443771.177.jpg
0,0,0,0,200,l_1746443772.940.jpg
0,0,0,0,200,l_1746443775.483.jpg
0,0,0,0,201,l_1718608239.520.jpg
0,0,0,0,201,l_1718608239.927.jpg
0,0,0,0,201,l_1718608240.338.jpg
0,0,0,0,201,l_1718608240.809.jpg
0,0,0,0,201,l_1718702609.733.jpg
0,0,0,0,201,l_1718702611.895.jpg
0,0,0,0,201,l_1718702612.974.jpg
0,0,0,0,201,l_1718702616.390.jpg
0,0,0,0,201,l_1718702616.502.jpg
0,0,0,0,201,l_1723794390.617.jpg
0,0,0,0,201,l_1723794394.772.jpg
0,0,0,0,201,l_1723794400.554.jpg
0,0,0,0,201,l_1723794403.182.jpg
0,0,0,0,201,l_1723794407.929.jpg
0,0,0,0,201,l_1723794425.473.jpg
0,0,0,0,201,l_1723794429.961.jpg
0,0,0,0,201,l_1723822653.211.jpg
0,0,0,0,201,l_1723822654.563.jpg
0,0,0,0,201,l_1723822655.526.jpg
0,0,0,0,201,l_1723822655.930.jpg
0,0,0,0,201,l_1726978326.702.jpg
0,0,0,0,201,l_1726978326.902.jpg
0,0,0,0,201,l_1726978327.885.jpg
0,0,0,0,201,l_1726978327.902.jpg
0,0,0,0,201,l_1726978328.490.jpg
0,0,0,0,201,l_1726978328.545.jpg
0,0,0,0,201,l_1726978329.124.jpg
0,0,0,0,201,l_1728440772.910.jpg
0,0,0,0,201,l_1728440773.753.jpg
0,0,0,0,201,l_1728440774.141.jpg
0,0,0,0,201,l_1728440774.689.jpg
0,0,0,0,201,l_1728440775.710.jpg
0,0,0,0,201,l_1728440775.831.jpg
0,0,0,0,201,l_1728440776.450.jpg
0,0,0,0,201,l_1728440854.705.jpg
0,0,0,0,201,l_1728440855.178.jpg
0,0,0,0,201,l_1728440855.628.jpg
0,0,0,0,201,l_1728440856.474.jpg
0,0,0,0,201,l_1728440857.629.jpg
0,0,0,0,201,l_1729127504.126.jpg
0,0,0,0,201,l_1729127504.680.jpg
0,0,0,0,201,l_1729127505.567.jpg
0,0,0,0,201,l_1729127505.630.jpg
0,0,0,0,201,l_1729173287.884.jpg
0,0,0,0,201,l_1729173288.651.jpg
0,0,0,0,201,l_1729173288.682.jpg
0,0,0,0,201,l_1729173289.380.jpg
0,0,0,0,201,l_1729173290.741.jpg
0,0,0,0,201,l_1729173291.726.jpg
0,0,0,0,201,l_1729173291.962.jpg
0,0,0,0,201,l_1730871515.741.jpg
0,0,0,0,201,l_1730871516.143.jpg
0,0,0,0,201,l_1730871517.826.jpg
0,0,0,0,201,l_1730871518.796.jpg
0,0,0,0,201,l_1731721042.440.jpg
0,0,0,0,201,l_1731721045.711.jpg
0,0,0,0,201,l_1731721049.163.jpg
0,0,0,0,201,l_1731721050.903.jpg
0,0,0,0,201,l_1731721051.730.jpg
0,0,0,0,201,l_1731721052.662.jpg
0,0,0,0,201,l_1736751622.947.jpg
0,0,0,0,201,l_1736751623.376.jpg
0,0,0,0,201,l_1736751624.303.jpg
0,0,0,0,201,l_1736751624.991.jpg
0,0,0,0,201,l_1736751625.226.jpg
0,0,0,0,201,l_1736751625.722.jpg
0,0,0,0,201,l_1736751626.148.jpg
0,0,0,0,201,l_1736751627.608.jpg
0,0,0,0,201,l_1736751627.648.jpg
0,0,0,0,201,l_1736751628.821.jpg
0,0,0,0,201,l_1736752302.526.jpg
0,0,0,0,201,l_1736752305.309.jpg
0,0,0,0,201,l_1736752308.925.jpg
0,0,0,0,201,l_1736752316.290.jpg
0,0,0,0,201,l_1736752323.654.jpg
0,0,0,0,201,l_1736752328.874.jpg
0,0,0,0,201,l_1736752331.632.jpg
0,0,0,0,201,l_1737603357.711.jpg
0,0,0,0,201,l_1737603360.198.jpg
0,0,0,0,201,l_1737603363.458.jpg
0,0,0,0,201,l_1737603366.378.jpg
0,0,0,0,201,l_1743826182.816.jpg
0,0,0,0,201,l_1743826183.428.jpg
0,0,0,0,201,l_1743826184.422.jpg
0,0,0,0,201,l_1743826185.705.jpg
0,0,0,0,201,l_1743826186.544.jpg
0,0,0,0,201,l_1743826188.299.jpg
0,0,0,0,201,l_1743826188.321.jpg
0,0,0,0,201,l_1743826189.347.jpg
0,0,0,0,201,l_1745492885.724.jpg
0,0,0,0,201,l_1745492900.206.jpg
0,0,0,0,201,l_1745492911.600.jpg
0,0,0,0,201,l_1745492917.518.jpg
0,0,0,0,201,l_1745492923.736.jpg
0,0,0,0,201,l_1745900076.637.jpg
0,0,0,0,201,l_1745900077.324.jpg
0,0,0,0,201,l_1745900078.577.jpg
0,0,0,0,201,l_1745900081.641.jpg
0,0,0,0,228,l_1702345744.869.jpg
0,0,0,0,228,l_1702345746.649.jpg
0,0,0,0,228,l_1702345747.103.jpg
0,0,0,0,228,l_1702345749.144.jpg
0,0,0,0,228,l_1702345750.969.jpg
0,0,0,0,228,l_1734836635.385.jpg
0,0,0,0,228,l_1734836636.474.jpg
0,0,0,0,228,l_1734836636.624.jpg
0,0,0,0,228,l_1734836637.129.jpg
0,0,0,0,228,l_1734836637.835.jpg
0,0,0,0,228,l_1740043441.368.jpg
0,0,0,0,228,l_1740043441.504.jpg
0,0,0,0,228,l_1740043442.190.jpg
0,0,0,0,228,l_1740043443.487.jpg
0,0,0,0,228,l_1740043444.692.jpg
0,0,0,0,228,l_1740543355.142.jpg
0,0,0,0,228,l_1740543355.215.jpg
0,0,0,0,228,l_1740543356.409.jpg
0,0,0,0,228,l_1740543357.840.jpg
0,0,0,0,228,l_1740543358.748.jpg
0,0,0,0,228,l_1742183450.148.jpg
0,0,0,0,228,l_1742183451.857.jpg
0,0,0,0,228,l_1742183452.116.jpg
0,0,0,0,228,l_1742806276.847.jpg
0,0,0,0,228,l_1742806277.485.jpg
0,0,0,0,228,l_1742806278.441.jpg
0,0,0,0,228,l_1742806280.395.jpg
0,0,0,0,228,l_1742806281.647.jpg
0,0,0,0,228,l_1742829956.409.jpg
0,0,0,0,228,l_1742829958.385.jpg
0,0,0,0,228,l_1742829960.775.jpg
0,0,0,0,228,l_1742829962.603.jpg
0,0,0,0,228,l_1742829970.657.jpg
0,0,0,0,228,l_1743070926.434.jpg
0,0,0,0,228,l_1743070927.966.jpg
0,0,0,0,228,l_1743070928.680.jpg
0,0,0,0,228,l_1743070928.899.jpg
0,0,0,0,228,l_1743070929.501.jpg
0,0,0,0,228,l_1743133573.949.jpg
0,0,0,0,228,l_1743133574.295.jpg
0,0,0,0,228,l_1743133575.931.jpg
0,0,0,0,228,l_1743133600.804.jpg
0,0,0,0,228,l_1743555038.942.jpg
0,0,0,0,228,l_1743555039.802.jpg
0,0,0,0,228,l_1743555040.721.jpg
0,0,0,0,228,l_1743555041.106.jpg
0,0,0,0,228,l_1743555042.559.jpg
0,0,0,0,228,l_1743604356.640.jpg
0,0,0,0,228,l_1743604357.305.jpg
0,0,0,0,228,l_1743604357.688.jpg
0,0,0,0,228,l_1743604358.824.jpg
0,0,0,0,228,l_1743604359.153.jpg
0,0,0,0,228,l_1744184941.679.jpg
0,0,0,0,228,l_1744184942.213.jpg
0,0,0,0,228,l_1744184943.656.jpg
0,0,0,0,228,l_1744184944.245.jpg
0,0,0,0,228,l_1744422180.361.jpg
0,0,0,0,228,l_1744422183.679.jpg
0,0,0,0,228,l_1744422188.296.jpg
0,0,0,0,228,l_1744422211.463.jpg
0,0,0,0,228,l_1744422215.953.jpg
0,0,0,0,228,l_1744789621.365.jpg
0,0,0,0,228,l_1744789621.396.jpg
0,0,0,0,228,l_1744789622.391.jpg
0,0,0,0,228,l_1744789627.796.jpg
0,0,0,0,228,l_1744812374.225.jpg
0,0,0,0,228,l_1744812376.500.jpg
0,0,0,0,228,l_1744812377.775.jpg
0,0,0,0,228,l_1745894962.716.jpg
0,0,0,0,228,l_1745894964.264.jpg
0,0,0,0,228,l_1745894969.904.jpg
0,0,0,0,228,l_1745894970.954.jpg
0,0,0,0,229,l_1732849328.167.jpg
0,0,0,0,229,l_1732849330.141.jpg
0,0,0,0,229,l_1732849331.249.jpg
0,0,0,0,229,l_1732849334.140.jpg
0,0,0,0,229,l_1736299353.250.jpg
0,0,0,0,229,l_1736299353.662.jpg
0,0,0,0,229,l_1736299354.748.jpg
0,0,0,0,229,l_1736299354.998.jpg
0,0,0,0,229,l_1736299355.778.jpg
0,0,0,0,229,l_1736299356.630.jpg
0,0,0,0,229,l_1736308800.514.jpg
0,0,0,0,229,l_1736308800.535.jpg
0,0,0,0,229,l_1736308801.596.jpg
0,0,0,0,229,l_1736308802.688.jpg
0,0,0,0,229,l_1736308804.803.jpg
0,0,0,0,229,l_1736308819.146.jpg
0,0,0,0,229,l_1736308820.736.jpg
0,0,0,0,229,l_1736308821.190.jpg
0,0,0,0,229,l_1741058286.802.jpg
0,0,0,0,229,l_1741058312.886.jpg
0,0,0,0,229,l_1741058315.252.jpg
0,0,0,0,229,l_1741058321.712.jpg
0,0,0,0,229,l_1741313870.937.jpg
0,0,0,0,229,l_1741313881.597.jpg
0,0,0,0,229,l_1741313888.925.jpg
0,0,0,0,229,l_1741313895.516.jpg
0,0,0,0,229,l_1741313904.657.jpg
0,0,0,0,229,l_1741488471.622.jpg
0,0,0,0,229,l_1741488471.882.jpg
0,0,0,0,229,l_1741488472.252.jpg
0,0,0,0,229,l_1741488474.857.jpg
0,0,0,0,229,l_1743587630.286.jpg
0,0,0,0,229,l_1743587631.536.jpg
0,0,0,0,229,l_1743587632.631.jpg
0,0,0,0,229,l_1743587633.815.jpg
0,0,0,0,229,l_1743587657.539.jpg
0,0,0,0,229,l_1743922256.577.jpg
0,0,0,0,229,l_1743922256.677.jpg
0,0,0,0,229,l_1743922257.336.jpg
0,0,0,0,229,l_1743922258.351.jpg
0,0,0,0,229,l_1744128756.217.jpg
0,0,0,0,229,l_1744128757.980.jpg
0,0,0,0,229,l_1744128758.214.jpg
0,0,0,0,229,l_1744173751.825.jpg
0,0,0,0,229,l_1744173752.396.jpg
0,0,0,0,229,l_1744173752.657.jpg
0,0,0,0,229,l_1744173753.581.jpg
0,0,0,0,229,l_1744591489.324.jpg
0,0,0,0,229,l_1744591490.257.jpg
0,0,0,0,229,l_1744591490.378.jpg
0,0,0,0,229,l_1744591491.855.jpg
0,0,0,0,229,l_1744591492.106.jpg
0,0,0,0,229,l_1744796362.978.jpg
0,0,0,0,229,l_1744796363.681.jpg
0,0,0,0,229,l_1744796363.799.jpg
0,0,0,0,229,l_1745025369.895.jpg
0,0,0,0,229,l_1745025370.882.jpg
0,0,0,0,229,l_1745025371.375.jpg
0,0,0,0,229,l_1745025373.677.jpg
0,0,0,0,229,l_1745025376.165.jpg
0,0,0,0,229,l_1746406789.724.jpg
0,0,0,0,229,l_1746406790.159.jpg
0,0,0,0,229,l_1746406791.246.jpg
0,0,0,0,229,l_1746406791.616.jpg
0,0,0,0,229,l_1746406792.540.jpg
0,0,0,0,229,l_1746406792.564.jpg
0,0,0,0,229,l_1746431991.390.jpg
0,0,0,0,229,l_1746431994.224.jpg
0,0,0,0,229,l_1746431999.506.jpg
0,0,0,0,229,l_1746432000.677.jpg
0,0,0,0,229,l_1746599279.755.jpg
0,0,0,0,229,l_1746599280.143.jpg
0,0,0,0,229,l_1746599281.410.jpg
0,0,0,0,229,l_1746599282.785.jpg
0,0,0,0,229,l_1746599283.207.jpg
0,0,0,0,229,l_1746610543.751.jpg
0,0,0,0,229,l_1746610543.994.jpg
0,0,0,0,229,l_1746610544.196.jpg
0,0,0,0,229,l_1746610545.539.jpg
0,0,0,0,229,l_1746610552.474.jpg
0,0,0,0,229,l_1746610554.140.jpg
0,0,0,0,229,l_1746696594.256.jpg
0,0,0,0,229,l_1746696615.713.jpg
0,0,0,0,229,l_1746696615.751.jpg
0,0,0,0,229,l_1746696616.949.jpg
0,0,0,0,229,l_1746696617.293.jpg
0,0,0,0,229,l_1746696617.540.jpg
0,0,0,0,230,l_1685524180.381.jpg
0,0,0,0,230,l_1685524180.840.jpg
0,0,0,0,230,l_1685524181.263.jpg
0,0,0,0,230,l_1685524181.424.jpg
0,0,0,0,230,l_1685524182.153.jpg
0,0,0,0,230,l_1685524182.333.jpg
0,0,0,0,230,l_1685524182.416.jpg
0,0,0,0,230,l_1688697307.139.jpg
0,0,0,0,230,l_1688697308.151.jpg
0,0,0,0,230,l_1688697308.890.jpg
0,0,0,0,230,l_1688697313.363.jpg
0,0,0,0,230,l_1688697803.139.jpg
0,0,0,0,230,l_1688697804.144.jpg
0,0,0,0,230,l_1688697804.937.jpg
0,0,0,0,230,l_1688697806.660.jpg
0,0,0,0,230,l_1692068439.569.jpg
0,0,0,0,230,l_1692068440.836.jpg
0,0,0,0,230,l_1692068441.563.jpg
0,0,0,0,230,l_1692068441.584.jpg
0,0,0,0,230,l_1692068442.622.jpg
0,0,0,0,230,l_1694061846.174.jpg
0,0,0,0,230,l_1694061847.516.jpg
0,0,0,0,230,l_1694061865.888.jpg
0,0,0,0,230,l_1699932076.539.jpg
0,0,0,0,230,l_1699932077.910.jpg
0,0,0,0,230,l_1699932077.991.jpg
0,0,0,0,230,l_1699932078.185.jpg
0,0,0,0,230,l_1699932079.445.jpg
0,0,0,0,230,l_1699932079.730.jpg
0,0,0,0,230,l_1721963116.344.jpg
0,0,0,0,230,l_1721963116.683.jpg
0,0,0,0,230,l_1721963117.326.jpg
0,0,0,0,230,l_1721963117.851.jpg
0,0,0,0,230,l_1721963118.285.jpg
0,0,0,0,230,l_1722067688.580.jpg
0,0,0,0,230,l_1722067689.630.jpg
0,0,0,0,230,l_1722067689.697.jpg
0,0,0,0,230,l_1734339535.265.jpg
0,0,0,0,230,l_1734339536.766.jpg
0,0,0,0,230,l_1734339538.992.jpg
0,0,0,0,230,l_1734339539.322.jpg
0,0,0,0,230,l_1741924941.529.jpg
0,0,0,0,230,l_1741924942.868.jpg
0,0,0,0,230,l_1741924942.975.jpg
0,0,0,0,230,l_1741924943.820.jpg
0,0,0,0,230,l_1742176633.630.jpg
0,0,0,0,230,l_1742176634.872.jpg
0,0,0,0,230,l_1742176635.604.jpg
0,0,0,0,230,l_1742176636.940.jpg
0,0,0,0,230,l_1742176637.601.jpg
0,0,0,0,230,l_1742176638.201.jpg
0,0,0,0,230,l_1742176792.183.jpg
0,0,0,0,230,l_1742176796.831.jpg
0,0,0,0,230,l_1743469187.217.jpg
0,0,0,0,230,l_1743469188.704.jpg
0,0,0,0,230,l_1743469189.813.jpg
0,0,0,0,230,l_1744105970.531.jpg
0,0,0,0,230,l_1744105971.562.jpg
0,0,0,0,230,l_1744105971.929.jpg
0,0,0,0,230,l_1744105972.670.jpg
0,0,0,0,230,l_1744128755.404.jpg
0,0,0,0,230,l_1744128757.712.jpg
0,0,0,0,230,l_1745398833.168.jpg
0,0,0,0,230,l_1745398834.467.jpg
0,0,0,0,230,l_1745398834.773.jpg
0,0,0,0,230,l_1745398835.364.jpg
0,0,0,0,230,l_1745398836.376.jpg
0,0,0,0,230,l_1745398836.517.jpg
0,0,0,0,230,l_1746612975.404.jpg
0,0,0,0,230,l_1746612976.185.jpg
0,0,0,0,230,l_1746612976.610.jpg
0,0,0,0,230,l_1746612977.162.jpg
0,0,0,0,230,l_1746612978.424.jpg
0,0,0,0,230,l_1746612978.574.jpg
0,0,0,0,231,l_1688718208.886.jpg
0,0,0,0,231,l_1688718209.382.jpg
0,0,0,0,231,l_1688718211.217.jpg
0,0,0,0,231,l_1688718212.391.jpg
0,0,0,0,231,l_1688718213.342.jpg
0,0,0,0,231,l_1688718213.354.jpg
0,0,0,0,231,l_1692067798.494.jpg
0,0,0,0,231,l_1692067799.818.jpg
0,0,0,0,231,l_1692067799.951.jpg
0,0,0,0,231,l_1722046646.423.jpg
0,0,0,0,231,l_1722046647.123.jpg
0,0,0,0,231,l_1722046648.876.jpg
0,0,0,0,231,l_1722046648.931.jpg
0,0,0,0,231,l_1731315900.550.jpg
0,0,0,0,231,l_1731315902.486.jpg
0,0,0,0,231,l_1731315903.235.jpg
0,0,0,0,231,l_1731315903.248.jpg
0,0,0,0,231,l_1731315904.114.jpg
0,0,0,0,231,l_1735206681.756.jpg
0,0,0,0,231,l_1735206681.758.jpg
0,0,0,0,231,l_1735206682.204.jpg
0,0,0,0,231,l_1735637461.102.jpg
0,0,0,0,231,l_1735637461.596.jpg
0,0,0,0,231,l_1741426452.336.jpg
0,0,0,0,231,l_1741426455.743.jpg
0,0,0,0,231,l_1741426457.834.jpg
0,0,0,0,231,l_1741426459.746.jpg
0,0,0,0,231,l_1741426462.121.jpg
0,0,0,0,231,l_1741426464.600.jpg
0,0,0,0,231,l_1741426467.902.jpg
0,0,0,0,231,l_1741869333.596.jpg
0,0,0,0,231,l_1741869335.961.jpg
0,0,0,0,231,l_1741869337.725.jpg
0,0,0,0,231,l_1741869339.215.jpg
0,0,0,0,231,l_1741869341.853.jpg
0,0,0,0,231,l_1741869343.377.jpg
0,0,0,0,231,l_1742613904.821.jpg
0,0,0,0,231,l_1742613905.414.jpg
0,0,0,0,231,l_1742613905.795.jpg
0,0,0,0,231,l_1742613906.605.jpg
0,0,0,0,231,l_1742613906.798.jpg
0,0,0,0,231,l_1743221327.584.jpg
0,0,0,0,231,l_1743221335.231.jpg
0,0,0,0,231,l_1743221338.512.jpg
0,0,0,0,231,l_1743221340.383.jpg
0,0,0,0,231,l_1743221348.189.jpg
0,0,0,0,231,l_1743221357.594.jpg
0,0,0,0,231,l_1743585508.962.jpg
0,0,0,0,231,l_1743585509.783.jpg
0,0,0,0,231,l_1743585510.117.jpg
0,0,0,0,231,l_1743585511.960.jpg
0,0,0,0,231,l_1744166569.719.jpg
0,0,0,0,231,l_1744166570.600.jpg
0,0,0,0,231,l_1744166570.761.jpg
0,0,0,0,231,l_1744166571.755.jpg
0,0,0,0,231,l_1745749388.796.jpg
0,0,0,0,231,l_1745749391.312.jpg
0,0,0,0,231,l_1745749393.770.jpg
0,0,0,0,231,l_1745749395.760.jpg
0,0,0,0,231,l_1745749397.729.jpg
0,0,0,0,231,l_1745749400.304.jpg
0,0,0,0,231,l_1745749402.139.jpg
0,0,0,0,231,l_1746347278.754.jpg
0,0,0,0,231,l_1746347280.989.jpg
0,0,0,0,231,l_1746347284.369.jpg
0,0,0,0,231,l_1746347287.769.jpg
0,0,0,0,231,l_1746347289.110.jpg
0,0,0,0,231,l_1746356160.263.jpg
0,0,0,0,231,l_1746356164.239.jpg
0,0,0,0,231,l_1746356166.185.jpg
0,0,0,0,231,l_1746356168.928.jpg
0,0,0,0,231,l_1746356171.574.jpg
0,0,0,0,231,l_1746356173.112.jpg
0,0,0,0,231,l_1746415274.467.jpg
0,0,0,0,231,l_1746415275.598.jpg
0,0,0,0,231,l_1746415275.969.jpg
0,0,0,0,231,l_1746415276.396.jpg
0,0,0,0,231,l_1746415277.590.jpg
0,0,0,0,231,l_1746415278.741.jpg
0,0,0,0,231,l_1746415483.792.jpg
0,0,0,0,231,l_1746415487.204.jpg
0,0,0,0,231,l_1746415490.364.jpg
0,0,0,0,231,l_1746415504.609.jpg
0,0,0,0,231,l_1746415509.513.jpg
0,0,0,0,231,l_1746415516.850.jpg
0,0,0,0,232,l_1714632507.290.jpg
0,0,0,0,232,l_1714632508.184.jpg
0,0,0,0,232,l_1714632508.440.jpg
0,0,0,0,232,l_1714632509.180.jpg
0,0,0,0,232,l_1714632509.985.jpg
0,0,0,0,232,l_1714632511.466.jpg
0,0,0,0,232,l_1731396785.205.jpg
0,0,0,0,232,l_1731396785.967.jpg
0,0,0,0,232,l_1731396786.738.jpg
0,0,0,0,232,l_1731396787.225.jpg
0,0,0,0,232,l_1731396796.527.jpg
0,0,0,0,232,l_1732765778.770.jpg
0,0,0,0,232,l_1732765780.106.jpg
0,0,0,0,232,l_1732765780.636.jpg
0,0,0,0,232,l_1732765781.416.jpg
0,0,0,0,232,l_1732765782.669.jpg
0,0,0,0,232,l_1732765783.197.jpg
0,0,0,0,232,l_1736758232.436.jpg
0,0,0,0,232,l_1736758232.863.jpg
0,0,0,0,232,l_1736758235.731.jpg
0,0,0,0,232,l_1739500586.171.jpg
0,0,0,0,232,l_1739500586.470.jpg
0,0,0,0,232,l_1739500587.203.jpg
0,0,0,0,232,l_1739500587.643.jpg
0,0,0,0,232,l_1739500595.567.jpg
0,0,0,0,232,l_1739702677.220.jpg
0,0,0,0,232,l_1739702677.300.jpg
0,0,0,0,232,l_1739702678.105.jpg
0,0,0,0,232,l_1739702679.111.jpg
0,0,0,0,232,l_1739702679.574.jpg
0,0,0,0,232,l_1739702683.866.jpg
0,0,0,0,232,l_1741487745.790.jpg
0,0,0,0,232,l_1741487746.694.jpg
0,0,0,0,232,l_1741487746.720.jpg
0,0,0,0,232,l_1741487747.697.jpg
0,0,0,0,232,l_1742550236.256.jpg
0,0,0,0,232,l_1742550237.117.jpg
0,0,0,0,232,l_1742550238.645.jpg
0,0,0,0,232,l_1742550238.970.jpg
0,0,0,0,232,l_1742550239.260.jpg
0,0,0,0,232,l_1742550240.425.jpg
0,0,0,0,232,l_1743575248.797.jpg
0,0,0,0,232,l_1743575250.233.jpg
0,0,0,0,232,l_1743575251.573.jpg
0,0,0,0,232,l_1743575254.201.jpg
0,0,0,0,232,l_1743575256.569.jpg
0,0,0,0,232,l_1743575257.622.jpg
0,0,0,0,232,l_1743988313.691.jpg
0,0,0,0,232,l_1743988314.167.jpg
0,0,0,0,232,l_1743988315.449.jpg
0,0,0,0,232,l_1743988316.490.jpg
0,0,0,0,232,l_1744084421.123.jpg
0,0,0,0,232,l_1744084422.248.jpg
0,0,0,0,232,l_1744084422.459.jpg
0,0,0,0,232,l_1744084423.449.jpg
0,0,0,0,232,l_1744084424.883.jpg
0,0,0,0,232,l_1744084425.940.jpg
0,0,0,0,232,l_1744123936.711.jpg
0,0,0,0,232,l_1744123939.505.jpg
0,0,0,0,232,l_1744123941.480.jpg
0,0,0,0,232,l_1744123943.300.jpg
0,0,0,0,232,l_1744123945.683.jpg
0,0,0,0,232,l_1744275022.835.jpg
0,0,0,0,232,l_1744275023.687.jpg
0,0,0,0,232,l_1744275023.709.jpg
0,0,0,0,232,l_1744275024.785.jpg
0,0,0,0,232,l_1744275024.816.jpg
0,0,0,0,232,l_1744275336.639.jpg
0,0,0,0,232,l_1744275337.795.jpg
0,0,0,0,232,l_1744275338.656.jpg
0,0,0,0,232,l_1744275338.828.jpg
0,0,0,0,232,l_1744275339.953.jpg
0,0,0,0,232,l_1744962150.304.jpg
0,0,0,0,232,l_1744962150.581.jpg
0,0,0,0,232,l_1744962151.872.jpg
0,0,0,0,232,l_1744962152.341.jpg
0,0,0,0,232,l_1744962152.358.jpg
0,0,0,0,232,l_1745392618.932.jpg
0,0,0,0,232,l_1745392619.161.jpg
0,0,0,0,232,l_1745392620.554.jpg
0,0,0,0,232,l_1745854966.113.jpg
0,0,0,0,232,l_1745854966.551.jpg
0,0,0,0,232,l_1745854967.203.jpg
0,0,0,0,232,l_1746536007.557.jpg
0,0,0,0,232,l_1746536008.811.jpg
0,0,0,0,232,l_1746536009.297.jpg
0,0,0,0,232,l_1746693949.332.jpg
0,0,0,0,232,l_1746693949.514.jpg
0,0,0,0,232,l_1746693950.151.jpg
0,0,0,0,232,l_1746693951.887.jpg
0,0,0,0,232,l_1746693952.623.jpg
0,0,0,0,232,l_1746693954.266.jpg
0,0,0,0,233,l_1698223584.371.jpg
0,0,0,0,233,l_1698223584.959.jpg
0,0,0,0,233,l_1698223585.601.jpg
0,0,0,0,233,l_1698223586.694.jpg
0,0,0,0,233,l_1698223586.756.jpg
0,0,0,0,233,l_1724225395.466.jpg
0,0,0,0,233,l_1724225396.792.jpg
0,0,0,0,233,l_1724225397.876.jpg
0,0,0,0,233,l_1724225398.763.jpg
0,0,0,0,233,l_1724225398.959.jpg
0,0,0,0,233,l_1727148703.615.jpg
0,0,0,0,233,l_1727148704.936.jpg
0,0,0,0,233,l_1727148705.595.jpg
0,0,0,0,233,l_1738984382.746.jpg
0,0,0,0,233,l_1738984384.330.jpg
0,0,0,0,233,l_1738984385.545.jpg
0,0,0,0,233,l_1738984386.425.jpg
0,0,0,0,233,l_1738984387.484.jpg
0,0,0,0,233,l_1741527759.647.jpg
0,0,0,0,233,l_1741527761.944.jpg
0,0,0,0,233,l_1741527762.489.jpg
0,0,0,0,233,l_1741527763.441.jpg
0,0,0,0,233,l_1741527767.871.jpg
0,0,0,0,233,l_1741926985.500.jpg
0,0,0,0,233,l_1741927003.591.jpg
0,0,0,0,233,l_1741927004.287.jpg
0,0,0,0,233,l_1741927005.269.jpg
0,0,0,0,233,l_1741927005.652.jpg
0,0,0,0,233,l_1741951594.319.jpg
0,0,0,0,233,l_1741951595.407.jpg
0,0,0,0,233,l_1741951597.647.jpg
0,0,0,0,233,l_1742095983.914.jpg
0,0,0,0,233,l_1742095984.151.jpg
0,0,0,0,233,l_1742095984.900.jpg
0,0,0,0,233,l_1742782563.925.jpg
0,0,0,0,233,l_1742782567.874.jpg
0,0,0,0,233,l_1742782570.508.jpg
0,0,0,0,233,l_1742782573.928.jpg
0,0,0,0,233,l_1742782576.425.jpg
0,0,0,0,233,l_1743848080.607.jpg
0,0,0,0,233,l_1743848081.787.jpg
0,0,0,0,233,l_1743848081.823.jpg
0,0,0,0,233,l_1743848083.186.jpg
0,0,0,0,233,l_1743848084.357.jpg
0,0,0,0,233,l_1744039819.251.jpg
0,0,0,0,233,l_1744039821.158.jpg
0,0,0,0,233,l_1744039822.397.jpg
0,0,0,0,233,l_1744039826.409.jpg
0,0,0,0,233,l_1744039836.231.jpg
0,0,0,0,233,l_1744081165.332.jpg
0,0,0,0,233,l_1744081165.905.jpg
0,0,0,0,233,l_1744081166.668.jpg
0,0,0,0,233,l_1744081169.901.jpg
0,0,0,0,233,l_1744081171.928.jpg
0,0,0,0,233,l_1744356344.621.jpg
0,0,0,0,233,l_1744356346.600.jpg
0,0,0,0,233,l_1744356347.379.jpg
0,0,0,0,233,l_1744356347.463.jpg
0,0,0,0,233,l_1744356348.689.jpg
0,0,0,0,233,l_1744356350.717.jpg
0,0,0,0,233,l_1744681586.479.jpg
0,0,0,0,233,l_1744681586.507.jpg
0,0,0,0,233,l_1744681587.904.jpg
0,0,0,0,233,l_1744681588.313.jpg
0,0,0,0,233,l_1746336968.448.jpg
0,0,0,0,233,l_1746336969.199.jpg
0,0,0,0,233,l_1746336970.438.jpg
0,0,0,0,233,l_1746336970.591.jpg
0,0,0,0,233,l_1746336971.494.jpg
0,0,0,0,233,l_1746336972.914.jpg
0,0,0,0,233,l_1746336975.621.jpg
0,0,0,0,233,l_1746584266.584.jpg
0,0,0,0,233,l_1746584267.319.jpg
0,0,0,0,233,l_1746584269.789.jpg
0,0,0,0,233,l_1746584270.246.jpg
0,0,0,0,233,l_1746585746.786.jpg
0,0,0,0,233,l_1746585747.602.jpg
0,0,0,0,233,l_1746585747.889.jpg
0,0,0,0,233,l_1746585748.890.jpg
0,0,0,0,233,l_1746585748.953.jpg
0,0,0,0,234,l_1656468776.424.jpg
0,0,0,0,234,l_1656468777.547.jpg
0,0,0,0,234,l_1656468849.790.jpg
0,0,0,0,234,l_1686725952.412.jpg
0,0,0,0,234,l_1686725952.996.jpg
0,0,0,0,234,l_1686725953.273.jpg
0,0,0,0,234,l_1686725954.726.jpg
0,0,0,0,234,l_1692068813.615.jpg
0,0,0,0,234,l_1692068814.470.jpg
0,0,0,0,234,l_1692068816.266.jpg
0,0,0,0,234,l_1692068820.495.jpg
0,0,0,0,234,l_1721964289.228.jpg
0,0,0,0,234,l_1721964289.992.jpg
0,0,0,0,234,l_1721964290.362.jpg
0,0,0,0,234,l_1721964290.596.jpg
0,0,0,0,234,l_1721964291.281.jpg
0,0,0,0,234,l_1732537264.127.jpg
0,0,0,0,234,l_1732537264.865.jpg
0,0,0,0,234,l_1732537265.262.jpg
0,0,0,0,234,l_1732537265.277.jpg
0,0,0,0,234,l_1732537268.482.jpg
0,0,0,0,234,l_1737107414.472.jpg
0,0,0,0,234,l_1737107415.174.jpg
0,0,0,0,234,l_1737107415.894.jpg
0,0,0,0,234,l_1737107416.222.jpg
0,0,0,0,234,l_1737107416.300.jpg
0,0,0,0,234,l_1740382043.334.jpg
0,0,0,0,234,l_1740382043.415.jpg
0,0,0,0,234,l_1740382043.866.jpg
0,0,0,0,234,l_1740382047.944.jpg
0,0,0,0,234,l_1743064835.515.jpg
0,0,0,0,234,l_1743064836.832.jpg
0,0,0,0,234,l_1743064845.546.jpg
0,0,0,0,234,l_1743064845.817.jpg
0,0,0,0,234,l_1743124415.421.jpg
0,0,0,0,234,l_1743124416.923.jpg
0,0,0,0,234,l_1743124417.908.jpg
0,0,0,0,234,l_1743124418.340.jpg
0,0,0,0,234,l_1743124421.145.jpg
0,0,0,0,234,l_1743752482.757.jpg
0,0,0,0,234,l_1744084902.719.jpg
0,0,0,0,234,l_1744450509.267.jpg
0,0,0,0,234,l_1744450509.472.jpg
0,0,0,0,234,l_1744450510.835.jpg
0,0,0,0,234,l_1744450511.160.jpg
0,0,0,0,234,l_1744450512.892.jpg
0,0,0,0,234,l_1744795288.353.jpg
0,0,0,0,234,l_1744795289.708.jpg
0,0,0,0,234,l_1744795290.217.jpg
0,0,0,0,234,l_1744795290.426.jpg
0,0,0,0,234,l_1744795291.501.jpg
0,0,0,0,234,l_1745024865.487.jpg
0,0,0,0,234,l_1745024866.626.jpg
0,0,0,0,234,l_1745024868.507.jpg
0,0,0,0,234,l_1745024869.344.jpg
0,0,0,0,234,l_1745024871.211.jpg
0,0,0,0,234,l_1745389726.371.jpg
0,0,0,0,234,l_1745389726.717.jpg
0,0,0,0,234,l_1745389727.813.jpg
0,0,0,0,234,l_1746419382.954.jpg
0,0,0,0,234,l_1746419383.476.jpg
0,0,0,0,234,l_1746419383.794.jpg
0,0,0,0,234,l_1746419384.511.jpg
0,0,0,0,234,l_1746433602.305.jpg
0,0,0,0,234,l_1746433602.497.jpg
0,0,0,0,234,l_1746433604.959.jpg
0,0,0,0,234,l_1746433607.166.jpg
0,0,0,0,235,l_1736915755.850.jpg
0,0,0,0,235,l_1736915758.892.jpg
0,0,0,0,235,l_1736915763.241.jpg
0,0,0,0,235,l_1736915766.629.jpg
0,0,0,0,235,l_1736915783.110.jpg
0,0,0,0,235,l_1739965365.118.jpg
0,0,0,0,235,l_1739965365.337.jpg
0,0,0,0,235,l_1739965366.120.jpg
0,0,0,0,235,l_1739965367.567.jpg
0,0,0,0,235,l_1742372462.643.jpg
0,0,0,0,235,l_1742372463.501.jpg
0,0,0,0,235,l_1742372464.744.jpg
0,0,0,0,235,l_1742372465.410.jpg
0,0,0,0,235,l_1743136478.441.jpg
0,0,0,0,235,l_1743136479.888.jpg
0,0,0,0,235,l_1743136480.927.jpg
0,0,0,0,235,l_1743236281.304.jpg
0,0,0,0,235,l_1743236282.314.jpg
0,0,0,0,235,l_1743236284.629.jpg
0,0,0,0,235,l_1743236285.456.jpg
0,0,0,0,235,l_1743236286.125.jpg
0,0,0,0,235,l_1744423166.588.jpg
0,0,0,0,235,l_1744423168.390.jpg
0,0,0,0,235,l_1744423171.434.jpg
0,0,0,0,235,l_1744423177.842.jpg
0,0,0,0,235,l_1744423179.585.jpg
0,0,0,0,235,l_1744595416.182.jpg
0,0,0,0,235,l_1744595416.634.jpg
0,0,0,0,235,l_1744595417.309.jpg
0,0,0,0,235,l_1744595417.761.jpg
0,0,0,0,235,l_1745207938.477.jpg
0,0,0,0,235,l_1745207940.934.jpg
0,0,0,0,235,l_1745207941.666.jpg
0,0,0,0,235,l_1745207951.708.jpg
0,0,0,0,235,l_1745767419.335.jpg
0,0,0,0,235,l_1745767420.333.jpg
0,0,0,0,235,l_1745767641.464.jpg
0,0,0,0,235,l_1745818831.114.jpg
0,0,0,0,235,l_1745818831.552.jpg
0,0,0,0,235,l_1745818832.475.jpg
0,0,0,0,235,l_1745818833.590.jpg
0,0,0,0,235,l_1745818834.280.jpg
0,0,0,0,235,l_1746432602.349.jpg
0,0,0,0,235,l_1746432603.849.jpg
0,0,0,0,235,l_1746432603.959.jpg
0,0,0,0,235,l_1746587572.715.jpg
0,0,0,0,235,l_1746587572.972.jpg
0,0,0,0,235,l_1746587573.357.jpg
0,0,0,0,235,l_1746587575.238.jpg
0,0,0,0,235,l_1746588415.422.jpg
0,0,0,0,235,l_1746588415.615.jpg
0,0,0,0,235,l_1746588419.100.jpg
0,0,0,0,235,l_1746588420.421.jpg
0,0,0,0,236,l_1651203639.428.jpg
0,0,0,0,236,l_1669175261.429.jpg
0,0,0,0,236,l_1669175262.958.jpg
0,0,0,0,236,l_1736909852.868.jpg
0,0,0,0,236,l_1736909853.361.jpg
0,0,0,0,236,l_1736909853.724.jpg
0,0,0,0,236,l_1736909854.175.jpg
0,0,0,0,236,l_1736909854.451.jpg
0,0,0,0,236,l_1736909855.981.jpg
0,0,0,0,236,l_1740062073.647.jpg
0,0,0,0,236,l_1740062074.799.jpg
0,0,0,0,236,l_1740062074.869.jpg
0,0,0,0,236,l_1740062075.244.jpg
0,0,0,0,236,l_1740062075.851.jpg
0,0,0,0,236,l_1740628372.807.jpg
0,0,0,0,236,l_1740628373.252.jpg
0,0,0,0,236,l_1740628376.829.jpg
0,0,0,0,236,l_1741594509.125.jpg
0,0,0,0,236,l_1741594531.691.jpg
0,0,0,0,236,l_1741594532.998.jpg
0,0,0,0,236,l_1741594533.792.jpg
0,0,0,0,236,l_1741594535.831.jpg
0,0,0,0,236,l_1741594536.596.jpg
0,0,0,0,236,l_1741919322.570.jpg
0,0,0,0,236,l_1741919325.869.jpg
0,0,0,0,236,l_1741919326.821.jpg
0,0,0,0,236,l_1741919327.569.jpg
0,0,0,0,236,l_1741919329.724.jpg
0,0,0,0,236,l_1742957332.625.jpg
0,0,0,0,236,l_1742957333.102.jpg
0,0,0,0,236,l_1742985597.114.jpg
0,0,0,0,236,l_1742985597.759.jpg
0,0,0,0,236,l_1742985598.939.jpg
0,0,0,0,236,l_1742985599.792.jpg
0,0,0,0,236,l_1744867597.921.jpg
0,0,0,0,236,l_1744867598.740.jpg
0,0,0,0,236,l_1744867598.785.jpg
0,0,0,0,236,l_1744867599.641.jpg
0,0,0,0,236,l_1744867600.670.jpg
0,0,0,0,236,l_1745158138.407.jpg
0,0,0,0,236,l_1745158140.700.jpg
0,0,0,0,236,l_1745158143.921.jpg
0,0,0,0,236,l_1745158144.708.jpg
0,0,0,0,236,l_1745158144.985.jpg
0,0,0,0,236,l_1745488113.719 (1).jpg
0,0,0,0,236,l_1745488113.719.jpg
0,0,0,0,236,l_1745488116.701 (1).jpg
0,0,0,0,236,l_1745488116.701.jpg
0,0,0,0,236,l_1745488119.852 (1).jpg
0,0,0,0,236,l_1745488119.852.jpg
0,0,0,0,236,l_1745488122.437 (1).jpg
0,0,0,0,236,l_1745488122.437.jpg
0,0,0,0,236,l_1745488125.537 (1).jpg
0,0,0,0,236,l_1745488125.537.jpg
0,0,0,0,236,l_1746441332.946.jpg
0,0,0,0,236,l_1746442569.343.jpg
0,0,0,0,236,l_1746454625.123.jpg
0,0,0,0,236,l_1746454628.556.jpg
0,0,0,0,236,l_1746454630.411.jpg
0,0,0,0,236,l_1746454634.888.jpg
0,0,0,0,236,l_1746454636.324.jpg
0,0,0,0,236,l_1746678936.722.jpg
0,0,0,0,236,l_1746678937.744.jpg
0,0,0,0,236,l_1746678939.808.jpg
0,0,0,0,236,l_1746678940.469.jpg
0,0,0,0,236,l_1746692566.356.jpg
0,0,0,0,236,l_1746692568.226.jpg
0,0,0,0,236,l_1746692568.454.jpg
0,0,0,0,236,l_1746692571.310.jpg
0,0,0,0,237,l_1695292641.811.jpg
0,0,0,0,237,l_1695292642.600.jpg
0,0,0,0,237,l_1695292642.969.jpg
0,0,0,0,237,l_1695355827.769.jpg
0,0,0,0,237,l_1695355827.820.jpg
0,0,0,0,237,l_1695355829.681.jpg
0,0,0,0,237,l_1699603265.459.jpg
0,0,0,0,237,l_1699603266.174.jpg
0,0,0,0,237,l_1699611504.161.jpg
0,0,0,0,237,l_1699611505.802.jpg
0,0,0,0,237,l_1702261255.522.jpg
0,0,0,0,237,l_1702261256.885.jpg
0,0,0,0,237,l_1702261257.964.jpg
0,0,0,0,237,l_1702261258.371.jpg
0,0,0,0,237,l_1705043915.319.jpg
0,0,0,0,237,l_1705043916.792.jpg
0,0,0,0,237,l_1720681098.147.jpg
0,0,0,0,237,l_1720681098.182.jpg
0,0,0,0,237,l_1722314960.137.jpg
0,0,0,0,237,l_1722314960.679.jpg
0,0,0,0,237,l_1722314962.171.jpg
0,0,0,0,237,l_1722314963.325.jpg
0,0,0,0,237,l_1735368886.575.jpg
0,0,0,0,237,l_1735368887.158.jpg
0,0,0,0,237,l_1735368887.901.jpg
0,0,0,0,237,l_1735368888.146.jpg
0,0,0,0,237,l_1735368888.314.jpg
0,0,0,0,237,l_1735368889.945.jpg
0,0,0,0,237,l_1735368890.577.jpg
0,0,0,0,237,l_1735368890.991.jpg
0,0,0,0,237,l_1739158597.346.jpg
0,0,0,0,237,l_1739158598.355.jpg
0,0,0,0,237,l_1739158598.433.jpg
0,0,0,0,237,l_1739158599.238.jpg
0,0,0,0,237,l_1739158599.783.jpg
0,0,0,0,237,l_1740631044.939.jpg
0,0,0,0,237,l_1741661327.831.jpg
0,0,0,0,237,l_1741661331.127.jpg
0,0,0,0,237,l_1741661337.812.jpg
0,0,0,0,237,l_1741661370.551.jpg
0,0,0,0,237,l_1741661371.379.jpg
0,0,0,0,237,l_1741847265.496.jpg
0,0,0,0,237,l_1741847266.809.jpg
0,0,0,0,237,l_1741847267.369.jpg
0,0,0,0,237,l_1741847267.857.jpg
0,0,0,0,237,l_1741847268.257.jpg
0,0,0,0,237,l_1741847272.731.jpg
0,0,0,0,237,l_1741847273.491.jpg
0,0,0,0,237,l_1743404048.959.jpg
0,0,0,0,237,l_1743404049.631.jpg
0,0,0,0,237,l_1745732075.221.jpg
0,0,0,0,237,l_1745732077.484.jpg
0,0,0,0,237,l_1746203447.612.jpg
0,0,0,0,237,l_1746203448.184.jpg
0,0,0,0,237,l_1746203449.348.jpg
0,0,0,0,238,l_1736050530.616.jpg
0,0,0,0,238,l_1736050531.793.jpg
0,0,0,0,238,l_1736050532.103.jpg
0,0,0,0,238,l_1736050532.515.jpg
0,0,0,0,238,l_1739259719.747.jpg
0,0,0,0,238,l_1739259721.302.jpg
0,0,0,0,238,l_1739259721.318.jpg
0,0,0,0,238,l_1739259724.177.jpg
0,0,0,0,238,l_1739341530.195.jpg
0,0,0,0,238,l_1739341531.832.jpg
0,0,0,0,238,l_1739341531.886.jpg
0,0,0,0,238,l_1739341532.236.jpg
0,0,0,0,238,l_1739341533.961.jpg
0,0,0,0,238,l_1739342353.408.jpg
0,0,0,0,238,l_1739342353.878.jpg
0,0,0,0,238,l_1739342354.667.jpg
0,0,0,0,238,l_1739342354.861.jpg
0,0,0,0,238,l_1739342355.684.jpg
0,0,0,0,238,l_1739412230.208.jpg
0,0,0,0,238,l_1739412231.915.jpg
0,0,0,0,238,l_1739412232.736.jpg
0,0,0,0,238,l_1739412234.302.jpg
0,0,0,0,238,l_1739412235.445.jpg
0,0,0,0,238,l_1739412237.694.jpg
0,0,0,0,238,l_1742814288.735.jpg
0,0,0,0,238,l_1742814290.720.jpg
0,0,0,0,238,l_1742814291.359.jpg
0,0,0,0,238,l_1742814293.776.jpg
0,0,0,0,238,l_1742870127.537.jpg
0,0,0,0,238,l_1742870129.182.jpg
0,0,0,0,238,l_1742870130.729.jpg
0,0,0,0,238,l_1742870131.461.jpg
0,0,0,0,238,l_1742870134.254.jpg
0,0,0,0,238,l_1742953026.713.jpg
0,0,0,0,238,l_1742953027.907.jpg
0,0,0,0,238,l_1742953029.600.jpg
0,0,0,0,238,l_1742953029.914.jpg
0,0,0,0,238,l_1742953030.111.jpg
0,0,0,0,238,l_1744104723.275.jpg
0,0,0,0,238,l_1744104723.917.jpg
0,0,0,0,238,l_1744104724.496.jpg
0,0,0,0,238,l_1744104724.610.jpg
0,0,0,0,238,l_1744104726.899.jpg
0,0,0,0,238,l_1745327329.174.jpg
0,0,0,0,238,l_1745327332.549.jpg
0,0,0,0,238,l_1745327336.223.jpg
0,0,0,0,238,l_1745327338.720.jpg
0,0,0,0,238,l_1745327341.762.jpg
0,0,0,0,238,l_1745327344.950.jpg
0,0,0,0,238,l_1745739313.234.jpg
0,0,0,0,238,l_1745739313.399.jpg
0,0,0,0,238,l_1745739314.469.jpg
0,0,0,0,238,l_1745739314.972.jpg
0,0,0,0,238,l_1746444952.364.jpg
0,0,0,0,238,l_1746444953.594.jpg
0,0,0,0,238,l_1746444953.892.jpg
0,0,0,0,238,l_1746444954.976.jpg
0,0,0,0,238,l_1746496612.928.jpg
0,0,0,0,238,l_1746496615.921.jpg
0,0,0,0,238,l_1746496617.958.jpg
0,0,0,0,238,l_1746496619.296.jpg
0,0,0,0,238,l_1746496621.695.jpg
0,0,0,0,238,l_1746588650.109.jpg
0,0,0,0,238,l_1746588652.453.jpg
0,0,0,0,238,l_1746588654.636.jpg
0,0,0,0,238,l_1746588656.622.jpg
0,0,0,0,238,l_1746590085.764.jpg
0,0,0,0,238,l_1746590086.919.jpg
0,0,0,0,238,l_1746590087.891.jpg
0,0,0,0,238,l_1746590089.184.jpg
0,0,0,0,238,l_1746590089.443.jpg
0,0,0,0,238,l_1746590092.630.jpg
0,0,0,0,238,l_1746592545.878.jpg
0,0,0,0,238,l_1746592546.473.jpg
0,0,0,0,238,l_1746592546.785.jpg
0,0,0,0,238,l_1746592547.394.jpg
0,0,0,0,239,l_1733750496.813.jpg
0,0,0,0,239,l_1733750506.892.jpg
0,0,0,0,239,l_1733750515.947.jpg
0,0,0,0,239,l_1733750532.830.jpg
0,0,0,0,239,l_1733750547.949.jpg
0,0,0,0,239,l_1735368733.199.jpg
0,0,0,0,239,l_1735368733.363.jpg
0,0,0,0,239,l_1735368734.131.jpg
0,0,0,0,239,l_1735368734.785.jpg
0,0,0,0,239,l_1735368738.580.jpg
0,0,0,0,239,l_1735960306.505.jpg
0,0,0,0,239,l_1735960307.657.jpg
0,0,0,0,239,l_1735960310.104.jpg
0,0,0,0,239,l_1735960311.508.jpg
0,0,0,0,239,l_1735960312.289.jpg
0,0,0,0,239,l_1735960315.953.jpg
0,0,0,0,239,l_1735960329.841.jpg
0,0,0,0,239,l_1741939460.527.jpg
0,0,0,0,239,l_1741939461.234.jpg
0,0,0,0,239,l_1742365993.742.jpg
0,0,0,0,239,l_1742365994.248.jpg
0,0,0,0,239,l_1742805369.696.jpg
0,0,0,0,239,l_1742805371.538.jpg
0,0,0,0,239,l_1742805374.933.jpg
0,0,0,0,239,l_1742805375.741.jpg
0,0,0,0,239,l_1742805378.436.jpg
0,0,0,0,239,l_1743392556.759.jpg
0,0,0,0,239,l_1743392558.951.jpg
0,0,0,0,239,l_1743392561.978.jpg
0,0,0,0,239,l_1743392563.464.jpg
0,0,0,0,239,l_1743476569.199.jpg
0,0,0,0,239,l_1743476570.125.jpg
0,0,0,0,239,l_1743476571.517.jpg
0,0,0,0,239,l_1743476571.637.jpg
0,0,0,0,239,l_1743656682.615.jpg
0,0,0,0,239,l_1743656682.694.jpg
0,0,0,0,239,l_1743656683.529.jpg
0,0,0,0,239,l_1743656683.619.jpg
0,0,0,0,239,l_1743656684.803.jpg
0,0,0,0,239,l_1744005085.981.jpg
0,0,0,0,239,l_1744005086.752.jpg
0,0,0,0,239,l_1744005086.813.jpg
0,0,0,0,239,l_1744005087.478.jpg
0,0,0,0,239,l_1744005087.774.jpg
0,0,0,0,239,l_1744128397.378.jpg
0,0,0,0,239,l_1744128398.283.jpg
0,0,0,0,239,l_1744128398.995.jpg
0,0,0,0,239,l_1744128399.886.jpg
0,0,0,0,239,l_1744128400.604.jpg
0,0,0,0,239,l_1745375404.124.jpg
0,0,0,0,239,l_1745375405.902.jpg
0,0,0,0,239,l_1745375406.676.jpg
0,0,0,0,239,l_1745661340.838.jpg
0,0,0,0,239,l_1745661341.961.jpg
0,0,0,0,239,l_1745661342.574.jpg
0,0,0,0,239,l_1745661345.565.jpg
0,0,0,0,239,l_1745661346.343.jpg
0,0,0,0,239,l_1745894047.898.jpg
0,0,0,0,239,l_1745894048.486.jpg
0,0,0,0,239,l_1745894049.739.jpg
0,0,0,0,239,l_1745894050.139.jpg
0,0,0,0,239,l_1745894050.356.jpg
0,0,0,0,239,l_1745894052.726.jpg
0,0,0,0,239,l_1745922479.602.jpg
0,0,0,0,239,l_1745922480.245.jpg
0,0,0,0,239,l_1745922481.412.jpg
0,0,0,0,239,l_1745922483.808.jpg
0,0,0,0,239,l_1745922485.469.jpg
0,0,0,0,239,l_1745979767.298.jpg
0,0,0,0,239,l_1745979770.734.jpg
0,0,0,0,239,l_1745979773.274.jpg
0,0,0,0,239,l_1745979776.909.jpg
0,0,0,0,239,l_1745979779.242.jpg
0,0,0,0,239,l_1745979784.637.jpg
0,0,0,0,239,l_1745979788.146.jpg
0,0,0,0,239,l_1745979791.165.jpg
0,0,0,0,239,l_1746450225.990.jpg
0,0,0,0,239,l_1746450226.273.jpg
0,0,0,0,239,l_1746450226.799.jpg
0,0,0,0,239,l_1746450227.839.jpg
0,0,0,0,239,l_1746450227.965.jpg
0,0,0,0,239,l_1746589422.236.jpg
0,0,0,0,239,l_1746589422.812.jpg
0,0,0,0,239,l_1746589423.294.jpg
0,0,0,0,239,l_1746589423.383.jpg
0,0,0,0,239,l_1746589424.942.jpg
0,0,0,0,239,l_1746589426.700.jpg
0,0,0,0,239,l_1746590327.190.jpg
0,0,0,0,239,l_1746590327.723.jpg
0,0,0,0,239,l_1746590327.966.jpg
0,0,0,0,239,l_1746591288.239.jpg
0,0,0,0,239,l_1746591297.297.jpg
0,0,0,0,239,l_1746591304.202.jpg
0,0,0,0,239,l_1746591322.724.jpg
0,0,0,0,240,l_1742870862.540.jpg
0,0,0,0,240,l_1742870862.889.jpg
0,0,0,0,240,l_1742870863.288.jpg
0,0,0,0,240,l_1742870863.660.jpg
0,0,0,0,240,l_1742870864.805.jpg
0,0,0,0,240,l_1742870865.464.jpg
0,0,0,0,240,l_1742870866.794.jpg
0,0,0,0,240,l_1744082939.894.jpg
0,0,0,0,240,l_1744082940.664.jpg
0,0,0,0,240,l_1744082940.684.jpg
0,0,0,0,240,l_1744082941.802.jpg
0,0,0,0,240,l_1744082942.945.jpg
0,0,0,0,240,l_1744083053.403.jpg
0,0,0,0,240,l_1744083054.221.jpg
0,0,0,0,240,l_1744083055.752.jpg
0,0,0,0,240,l_1744083056.203.jpg
0,0,0,0,240,l_1744083057.542.jpg
0,0,0,0,240,l_1744187274.485.jpg
0,0,0,0,240,l_1744187274.550.jpg
0,0,0,0,240,l_1744187275.257.jpg
0,0,0,0,240,l_1744187275.835.jpg
0,0,0,0,240,l_1744386813.744.jpg
0,0,0,0,240,l_1744507746.320.jpg
0,0,0,0,240,l_1744507746.493.jpg
0,0,0,0,240,l_1744507747.409.jpg
0,0,0,0,240,l_1744507747.414.jpg
0,0,0,0,240,l_1744507748.225.jpg
0,0,0,0,240,l_1744792443.146.jpg
0,0,0,0,240,l_1744792449.224.jpg
0,0,0,0,240,l_1744792457.875.jpg
0,0,0,0,240,l_1744792474.497.jpg
0,0,0,0,240,l_1744961009.836.jpg
0,0,0,0,240,l_1744961009.977.jpg
0,0,0,0,240,l_1744961011.997.jpg
0,0,0,0,240,l_1745231557.320.jpg
0,0,0,0,240,l_1745231557.803.jpg
0,0,0,0,240,l_1745231558.207.jpg
0,0,0,0,240,l_1745231559.654.jpg
0,0,0,0,240,l_1745231560.371.jpg
0,0,0,0,240,l_1745231561.723.jpg
0,0,0,0,240,l_1745380080.611.jpg
0,0,0,0,240,l_1745380082.193.jpg
0,0,0,0,240,l_1745380087.364.jpg
0,0,0,0,240,l_1745380089.467.jpg
0,0,0,0,240,l_1745380090.586.jpg
0,0,0,0,240,l_1745729155.206.jpg
0,0,0,0,240,l_1745729156.626.jpg
0,0,0,0,240,l_1745729156.967.jpg
0,0,0,0,240,l_1745729157.500.jpg
0,0,0,0,240,l_1745729157.550.jpg
0,0,0,0,240,l_1746324093.973.jpg
0,0,0,0,240,l_1746516988.212.jpg
0,0,0,0,240,l_1746516991.251.jpg
0,0,0,0,240,l_1746629210.184.jpg
0,0,0,0,240,l_1746629211.899.jpg
0,0,0,0,240,l_1746629212.213.jpg
0,0,0,0,240,l_1746629212.631.jpg
0,0,0,0,240,l_1746629213.788.jpg
0,0,0,0,241,l_1746585814.782.jpg
0,0,0,0,241,l_1708522284.747.jpg
0,0,0,0,241,l_1708522286.518.jpg
0,0,0,0,241,l_1724915094.123.jpg
0,0,0,0,241,l_1724915094.172.jpg
0,0,0,0,241,l_1724915095.414.jpg
0,0,0,0,241,l_1724915098.674.jpg
0,0,0,0,241,l_1724915099.574.jpg
0,0,0,0,241,l_1734659571.801.jpg
0,0,0,0,241,l_1734659572.747.jpg
0,0,0,0,241,l_1734659575.315.jpg
0,0,0,0,241,l_1734659576.568.jpg
0,0,0,0,241,l_1734659759.768.jpg
0,0,0,0,241,l_1739243035.289.jpg
0,0,0,0,241,l_1739243036.556.jpg
0,0,0,0,241,l_1739243036.571.jpg
0,0,0,0,241,l_1739243037.224.jpg
0,0,0,0,241,l_1739243037.391.jpg
0,0,0,0,241,l_1739243039.492.jpg
0,0,0,0,241,l_1740717682.711.jpg
0,0,0,0,241,l_1740717684.644.jpg
0,0,0,0,241,l_1740717686.500.jpg
0,0,0,0,241,l_1740717687.247.jpg
0,0,0,0,241,l_1740717688.105.jpg
0,0,0,0,241,l_1740717688.596.jpg
0,0,0,0,241,l_1740717689.877.jpg
0,0,0,0,241,l_1741663207.589.jpg
0,0,0,0,241,l_1741663208.213.jpg
0,0,0,0,241,l_1741663208.820.jpg
0,0,0,0,241,l_1741663209.274.jpg
0,0,0,0,241,l_1741763692.136.jpg
0,0,0,0,241,l_1741763693.260.jpg
0,0,0,0,241,l_1741763693.335.jpg
0,0,0,0,241,l_1741763694.959.jpg
0,0,0,0,241,l_1743858552.720.jpg
0,0,0,0,241,l_1743858553.251.jpg
0,0,0,0,241,l_1743858553.812.jpg
0,0,0,0,241,l_1743858555.466.jpg
0,0,0,0,241,l_1744272320.473.jpg
0,0,0,0,241,l_1744272321.322.jpg
0,0,0,0,241,l_1744272321.352.jpg
0,0,0,0,241,l_1744272322.335.jpg
0,0,0,0,241,l_1745220265.618.jpg
0,0,0,0,241,l_1745220266.278.jpg
0,0,0,0,241,l_1745220266.331.jpg
0,0,0,0,241,l_1745220267.185.jpg
0,0,0,0,241,l_1745220268.382.jpg
0,0,0,0,241,l_1745220269.188.jpg
0,0,0,0,241,l_1745220273.232.jpg
0,0,0,0,241,l_1745895053.659.jpg
0,0,0,0,241,l_1745895054.186.jpg
0,0,0,0,241,l_1745895054.783.jpg
0,0,0,0,241,l_1745895055.757.jpg
0,0,0,0,241,l_1745895055.797.jpg
0,0,0,0,241,l_1746344773.193.jpg
0,0,0,0,241,l_1746344774.605.jpg
0,0,0,0,241,l_1746344774.690.jpg
0,0,0,0,241,l_1746344775.589.jpg
0,0,0,0,241,l_1746344776.887.jpg
0,0,0,0,241,l_1746502642.267.jpg
0,0,0,0,241,l_1746502642.322.jpg
0,0,0,0,241,l_1746502643.290.jpg
0,0,0,0,241,l_1746585811.892.jpg
0,0,0,0,241,l_1746585812.135.jpg
0,0,0,0,241,l_1746585814.697.jpg
0,0,0,0,242,l_1726906842.889.jpg
0,0,0,0,242,l_1726906843.641.jpg
0,0,0,0,242,l_1726906844.828.jpg
0,0,0,0,242,l_1727767712.455.jpg
0,0,0,0,242,l_1727767713.415.jpg
0,0,0,0,242,l_1727767714.667.jpg
0,0,0,0,242,l_1729133771.419.jpg
0,0,0,0,242,l_1729133772.570.jpg
0,0,0,0,242,l_1731987814.jpg
0,0,0,0,242,l_1731987819.jpg
0,0,0,0,242,l_1733202065.932.jpg
0,0,0,0,242,l_1733202066.644.jpg
0,0,0,0,242,l_1733202072.187.jpg
0,0,0,0,242,l_1733805694.135.jpg
0,0,0,0,242,l_1733805695.913.jpg
0,0,0,0,242,l_1733805696.904.jpg
0,0,0,0,242,l_1737773038.946.jpg
0,0,0,0,242,l_1737773039.117.jpg
0,0,0,0,242,l_1737773040.248.jpg
0,0,0,0,242,l_1737773040.670.jpg
0,0,0,0,242,l_1738981848.870.jpg
0,0,0,0,242,l_1738981849.915.jpg
0,0,0,0,242,l_1740793354.875.jpg
0,0,0,0,242,l_1740793355.521.jpg
0,0,0,0,242,l_1740793355.815.jpg
0,0,0,0,242,l_1741750643.919.jpg
0,0,0,0,242,l_1741750644.580.jpg
0,0,0,0,242,l_1741750644.733.jpg
0,0,0,0,242,l_1741750645.156.jpg
0,0,0,0,242,l_1741750645.858.jpg
0,0,0,0,242,l_1742527752.257.jpg
0,0,0,0,242,l_1743217932.762.jpg
0,0,0,0,242,l_1743217933.473.jpg
0,0,0,0,242,l_1743217934.910.jpg
0,0,0,0,242,l_1743217935.143.jpg
0,0,0,0,242,l_1743217936.521.jpg
0,0,0,0,242,l_1743240687.744.jpg
0,0,0,0,242,l_1743240688.798.jpg
0,0,0,0,242,l_1743240689.250.jpg
0,0,0,0,242,l_1743240689.623.jpg
0,0,0,0,242,l_1743843978.520.jpg
0,0,0,0,242,l_1743843979.683.jpg
0,0,0,0,242,l_1743843980.512.jpg
0,0,0,0,242,l_1743843981.589.jpg
0,0,0,0,242,l_1743843982.636.jpg
0,0,0,0,242,l_1744386817.350.jpg
0,0,0,0,242,l_1744444770.271.jpg
0,0,0,0,242,l_1744444777.272.jpg
0,0,0,0,242,l_1744444779.181.jpg
0,0,0,0,242,l_1745074646.334.jpg
0,0,0,0,242,l_1745074647.685.jpg
0,0,0,0,242,l_1745074648.921.jpg
0,0,0,0,242,l_1745074649.913.jpg
0,0,0,0,242,l_1745074650.175.jpg
0,0,0,0,242,l_1745743198.277.jpg
0,0,0,0,242,l_1746498895.268.jpg
0,0,0,0,242,l_1746503345.136.jpg
0,0,0,0,242,l_1746503349.820.jpg
0,0,0,0,242,l_1746503350.465.jpg
0,0,0,0,242,l_1746516985.417.jpg
0,0,0,0,242,l_1746516986.642.jpg
0,0,0,0,242,l_1746516987.173.jpg
0,0,0,0,242,l_1746626051.512.jpg
0,0,0,0,242,l_1746633350.911.jpg
0,0,0,0,242,l_1746633351.173.jpg
0,0,0,0,242,l_1746633351.470.jpg
0,0,0,0,242,l_1746633352.895.jpg
0,0,0,0,242,l_1746633352.970.jpg
0,0,0,0,242,l_1746633353.642.jpg
0,0,0,0,242,l_1746633354.636.jpg
0,0,0,0,242,l_1746664071.377.jpg
0,0,0,0,242,l_1746664072.299.jpg
0,0,0,0,242,l_1746664072.772.jpg
0,0,0,0,242,l_1746774631.398.jpg
0,0,0,0,242,l_1746774633.980.jpg
0,0,0,0,242,l_1746774635.635.jpg
0,0,0,0,242,l_1746774636.959.jpg
0,0,0,0,242,l_1746778538.988.jpg
0,0,0,0,242,l_1746778539.158.jpg
0,0,0,0,242,l_1746778540.979.jpg
0,0,0,0,244,l_1733383752.500.jpg
0,0,0,0,244,l_1733383756.199.jpg
0,0,0,0,244,l_1733383760.983.jpg
0,0,0,0,244,l_1733384165.455.jpg
0,0,0,0,244,l_1736299472.919.jpg
0,0,0,0,244,l_1736299473.651.jpg
0,0,0,0,244,l_1736299474.243.jpg
0,0,0,0,244,l_1736299474.818.jpg
0,0,0,0,244,l_1736299475.238.jpg
0,0,0,0,244,l_1736299475.556.jpg
0,0,0,0,244,l_1736412800.252.jpg
0,0,0,0,244,l_1736412801.491.jpg
0,0,0,0,244,l_1736412803.856.jpg
0,0,0,0,244,l_1736412804.224.jpg
0,0,0,0,244,l_1736412805.796.jpg
0,0,0,0,244,l_1739767325.634.jpg
0,0,0,0,244,l_1739767327.663.jpg
0,0,0,0,244,l_1739767328.134.jpg
0,0,0,0,244,l_1739767330.510.jpg
0,0,0,0,244,l_1739767331.376.jpg
0,0,0,0,244,l_1740793356.202.jpg
0,0,0,0,244,l_1743491242.717.jpg
0,0,0,0,244,l_1743491243.809.jpg
0,0,0,0,244,l_1743491244.283.jpg
0,0,0,0,244,l_1743491245.559.jpg
0,0,0,0,244,l_1743491250.572.jpg
0,0,0,0,244,l_1743491251.450.jpg
0,0,0,0,244,l_1743585132.409.jpg
0,0,0,0,244,l_1743585135.546.jpg
0,0,0,0,244,l_1743585138.168.jpg
0,0,0,0,244,l_1745023984.535.jpg
0,0,0,0,244,l_1745023985.490.jpg
0,0,0,0,244,l_1745023985.612.jpg
0,0,0,0,244,l_1745023985.992.jpg
0,0,0,0,244,l_1745027063.413.jpg
0,0,0,0,244,l_1745027063.781.jpg
0,0,0,0,244,l_1745027064.460.jpg
0,0,0,0,244,l_1745027064.954.jpg
0,0,0,0,244,l_1745027065.392.jpg
0,0,0,0,244,l_1745384423.798.jpg
0,0,0,0,244,l_1745384424.788.jpg
0,0,0,0,244,l_1745384425.500.jpg
0,0,0,0,244,l_1745384426.239.jpg
0,0,0,0,244,l_1745400952.778.jpg
0,0,0,0,244,l_1745400953.137.jpg
0,0,0,0,244,l_1745400954.915.jpg
0,0,0,0,244,l_1745400955.354.jpg
0,0,0,0,244,l_1745477986.446.jpg
0,0,0,0,244,l_1745477987.250.jpg
0,0,0,0,244,l_1745477987.414.jpg
0,0,0,0,244,l_1745477990.523.jpg
0,0,0,0,244,l_1745477990.982.jpg
0,0,0,0,244,l_1745922489.193.jpg
0,0,0,0,244,l_1745922489.940.jpg
0,0,0,0,244,l_1745922490.349.jpg
0,0,0,0,244,l_1745922491.349.jpg
0,0,0,0,244,l_1745922491.450.jpg
0,0,0,0,244,l_1746010065.882.jpg
0,0,0,0,244,l_1746010066.110.jpg
0,0,0,0,244,l_1746010066.264.jpg
0,0,0,0,244,l_1746010067.794.jpg
0,0,0,0,244,l_1746010067.857.jpg
0,0,0,0,244,l_1746435533.285.jpg
0,0,0,0,244,l_1746435534.351.jpg
0,0,0,0,244,l_1746435534.408.jpg
0,0,0,0,244,l_1746498895.768.jpg
0,0,0,0,244,l_1746498896.155.jpg
0,0,0,0,244,l_1746691554.560.jpg
0,0,0,0,244,l_1746691556.264.jpg
0,0,0,0,244,l_1746691559.260.jpg
0,0,0,0,244,l_1746691562.959.jpg
0,0,0,0,244,l_1746691565.433.jpg
0,0,0,0,244,l_1746776260.123.jpg
0,0,0,0,244,l_1746776261.228.jpg
0,0,0,0,244,l_1746776261.788.jpg
0,0,0,0,244,l_1746776262.334.jpg
0,0,0,0,244,l_1746780458.237.jpg
0,0,0,0,244,l_1746780458.662.jpg
0,0,0,0,244,l_1746780459.107.jpg
0,0,0,0,244,l_1746780459.114.jpg
0,0,0,0,244,l_1746780460.538.jpg
0,0,0,0,243,l_1747321869.117.jpg
0,0,0,0,243,l_1713843311.141.jpg
0,0,0,0,243,l_1713843311.287.jpg
0,0,0,0,243,l_1713843312.681.jpg
0,0,0,0,243,l_1713843312.916.jpg
0,0,0,0,243,l_1713843315.924.jpg
0,0,0,0,243,l_1714712836.558.jpg
0,0,0,0,243,l_1714712838.685.jpg
0,0,0,0,243,l_1714712839.554.jpg
0,0,0,0,243,l_1714712840.423.jpg
0,0,0,0,243,l_1714712840.447.jpg
0,0,0,0,243,l_1714712841.479.jpg
0,0,0,0,243,l_1714712842.145.jpg
0,0,0,0,243,l_1719027275.746.jpg
0,0,0,0,243,l_1719027276.295.jpg
0,0,0,0,243,l_1719027276.598.jpg
0,0,0,0,243,l_1719027277.722.jpg
0,0,0,0,243,l_1719888268.223.jpg
0,0,0,0,243,l_1719888269.552.jpg
0,0,0,0,243,l_1719888269.955.jpg
0,0,0,0,243,l_1722312932.785.jpg
0,0,0,0,243,l_1722312932.791.jpg
0,0,0,0,243,l_1722312933.217.jpg
0,0,0,0,243,l_1729498660.893.jpg
0,0,0,0,243,l_1729498661.115.jpg
0,0,0,0,243,l_1729498662.563.jpg
0,0,0,0,243,l_1729498663.839.jpg
0,0,0,0,243,l_1729498694.870.jpg
0,0,0,0,243,l_1729498695.410.jpg
0,0,0,0,243,l_1729498695.987.jpg
0,0,0,0,243,l_1729498696.969.jpg
0,0,0,0,243,l_1729498698.482.jpg
0,0,0,0,243,l_1735527608.749.jpg
0,0,0,0,243,l_1735527610.146.jpg
0,0,0,0,243,l_1735527610.680.jpg
0,0,0,0,243,l_1740552413.855.jpg
0,0,0,0,243,l_1740552414.324.jpg
0,0,0,0,243,l_1740552415.414.jpg
0,0,0,0,243,l_1740630486.168.jpg
0,0,0,0,243,l_1740630506.137.jpg
0,0,0,0,243,l_1741151634.228.jpg
0,0,0,0,243,l_1741151634.506.jpg
0,0,0,0,243,l_1741151670.332.jpg
0,0,0,0,243,l_1741153224.264.jpg
0,0,0,0,243,l_1742487699.140.jpg
0,0,0,0,243,l_1742487699.843.jpg
0,0,0,0,243,l_1742487700.537.jpg
0,0,0,0,243,l_1742487701.114.jpg
0,0,0,0,243,l_1742487701.498.jpg
0,0,0,0,243,l_1743407917.388.jpg
0,0,0,0,243,l_1743407917.811.jpg
0,0,0,0,243,l_1743407919.891.jpg
0,0,0,0,243,l_1743407920.997.jpg
0,0,0,0,243,l_1743407921.319.jpg
0,0,0,0,243,l_1743407922.160.jpg
0,0,0,0,243,l_1744701541.481.jpg
0,0,0,0,243,l_1744701542.937.jpg
0,0,0,0,243,l_1744701543.298.jpg
0,0,0,0,243,l_1744701543.754.jpg
0,0,0,0,243,l_1744701544.214.jpg
0,0,0,0,243,l_1744701547.237.jpg
0,0,0,0,243,l_1744702386.574.jpg
0,0,0,0,243,l_1744702386.691.jpg
0,0,0,0,243,l_1744702387.137.jpg
0,0,0,0,243,l_1744702388.223.jpg
0,0,0,0,243,l_1744969157.534.jpg
0,0,0,0,243,l_1744969157.817.jpg
0,0,0,0,243,l_1744969158.229.jpg
0,0,0,0,243,l_1744969158.838.jpg
0,0,0,0,243,l_1744969159.488.jpg
0,0,0,0,243,l_1747110731.166.jpg
0,0,0,0,243,l_1747110732.102.jpg
0,0,0,0,243,l_1747110732.643.jpg
0,0,0,0,243,l_1747110733.914.jpg
0,0,0,0,243,l_1747121336.697.jpg
0,0,0,0,243,l_1747121337.503.jpg
0,0,0,0,243,l_1747121337.821.jpg
0,0,0,0,243,l_1747121338.321.jpg
0,0,0,0,243,l_1747121338.846.jpg
0,0,0,0,243,l_1747282749.243.jpg
0,0,0,0,243,l_1747282750.526.jpg
0,0,0,0,243,l_1747282751.388.jpg
0,0,0,0,243,l_1747282751.628.jpg
0,0,0,0,243,l_1747282752.949.jpg
0,0,0,0,243,l_1747282753.928.jpg
0,0,0,0,338,l_1742785161.626.jpg
0,0,0,0,338,l_1742785161.878.jpg
0,0,0,0,338,l_1742785162.759.jpg
0,0,0,0,338,l_1742785162.803.jpg
0,0,0,0,338,l_1742785163.594.jpg
0,0,0,0,338,l_1743394419.153.jpg
0,0,0,0,338,l_1743394420.486.jpg
0,0,0,0,338,l_1743394421.346.jpg
0,0,0,0,338,l_1743394421.426.jpg
0,0,0,0,338,l_1743394422.984.jpg
0,0,0,0,338,l_1743394423.277.jpg
0,0,0,0,338,l_1743571144.433.jpg
0,0,0,0,338,l_1743571146.109.jpg
0,0,0,0,338,l_1743571148.978.jpg
0,0,0,0,338,l_1743571149.962.jpg
0,0,0,0,338,l_1743825204.767.jpg
0,0,0,0,338,l_1743825210.834.jpg
0,0,0,0,338,l_1743825211.778.jpg
0,0,0,0,338,l_1744870406.672.jpg
0,0,0,0,338,l_1744870407.372.jpg
0,0,0,0,338,l_1744870407.497.jpg
0,0,0,0,338,l_1744870408.345.jpg
0,0,0,0,338,l_1744870409.831.jpg
0,0,0,0,338,l_1744880266.132.jpg
0,0,0,0,338,l_1744880266.863.jpg
0,0,0,0,338,l_1744979035.211.jpg
0,0,0,0,338,l_1744979036.979.jpg
0,0,0,0,338,l_1744979037.463.jpg
0,0,0,0,338,l_1744979037.622.jpg
0,0,0,0,338,l_1745719566.724.jpg
0,0,0,0,338,l_1745719567.983.jpg
0,0,0,0,338,l_1745719576.955.jpg
0,0,0,0,338,l_1746260391.129.jpg
0,0,0,0,338,l_1746260392.202.jpg
0,0,0,0,338,l_1746260392.242.jpg
0,0,0,0,338,l_1746260393.415.jpg
0,0,0,0,338,l_1746260393.989.jpg
0,0,0,0,338,l_1746386543.719.jpg
0,0,0,0,338,l_1746386547.355.jpg
0,0,0,0,338,l_1746386549.941.jpg
0,0,0,0,338,l_1746444607.876.jpg
0,0,0,0,338,l_1746635913.792.jpg
0,0,0,0,338,l_1746635914.189.jpg
0,0,0,0,338,l_1746635915.425.jpg
0,0,0,0,338,l_1746635917.804.jpg
0,0,0,0,338,l_1746689113.148.jpg
0,0,0,0,338,l_1746689113.238.jpg
0,0,0,0,338,l_1746689114.757.jpg
0,0,0,0,338,l_1746695048.392.jpg
0,0,0,0,338,l_1746695048.552.jpg
0,0,0,0,338,l_1746695049.894.jpg
0,0,0,0,338,l_1746695050.512.jpg
0,0,0,0,338,l_1746695050.829.jpg
0,0,0,0,338,l_1746695051.305.jpg
0,0,0,0,338,l_1746696883.916.jpg
0,0,0,0,338,l_1746696885.334.jpg
0,0,0,0,338,l_1746696885.947.jpg
0,0,0,0,338,l_1746696886.319.jpg
0,0,0,0,339,l_1739897835.550.jpg
0,0,0,0,339,l_1739897835.874.jpg
0,0,0,0,339,l_1739897836.108.jpg
0,0,0,0,339,l_1739897836.772.jpg
0,0,0,0,339,l_1739897837.761.jpg
0,0,0,0,339,l_1739897837.803.jpg
0,0,0,0,339,l_1741091766.980.jpg
0,0,0,0,339,l_1741091768.146.jpg
0,0,0,0,339,l_1741091768.365.jpg
0,0,0,0,339,l_1741091769.582.jpg
0,0,0,0,339,l_1741091780.350.jpg
0,0,0,0,339,l_1741091781.621.jpg
0,0,0,0,339,l_1742448563.851.jpg
0,0,0,0,339,l_1742448564.638.jpg
0,0,0,0,339,l_1742448564.996.jpg
0,0,0,0,339,l_1742448565.467.jpg
0,0,0,0,339,l_1742448568.803.jpg
0,0,0,0,339,l_1742779619.961.jpg
0,0,0,0,339,l_1742779620.222.jpg
0,0,0,0,339,l_1742779620.826.jpg
0,0,0,0,339,l_1742779621.590.jpg
0,0,0,0,339,l_1743391938.287.jpg
0,0,0,0,339,l_1743391939.617.jpg
0,0,0,0,339,l_1743391939.859.jpg
0,0,0,0,339,l_1743391940.559.jpg
0,0,0,0,339,l_1743391940.569.jpg
0,0,0,0,339,l_1743421245.286.jpg
0,0,0,0,339,l_1743421246.917.jpg
0,0,0,0,339,l_1743421247.866.jpg
0,0,0,0,339,l_1743421247.918.jpg
0,0,0,0,339,l_1743421248.304.jpg
0,0,0,0,339,l_1743421248.896.jpg
0,0,0,0,339,l_1743507370.100.jpg
0,0,0,0,339,l_1743507372.166.jpg
0,0,0,0,339,l_1743507375.759.jpg
0,0,0,0,339,l_1743507377.917.jpg
0,0,0,0,339,l_1743507379.851.jpg
0,0,0,0,339,l_1744086821.310.jpg
0,0,0,0,339,l_1744086821.984.jpg
0,0,0,0,339,l_1744692216.724.jpg
0,0,0,0,339,l_1744692230.325.jpg
0,0,0,0,339,l_1744692241.273.jpg
0,0,0,0,339,l_1744692248.916.jpg
0,0,0,0,339,l_1744692294.305.jpg
0,0,0,0,339,l_1744697793.314.jpg
0,0,0,0,339,l_1744697794.277.jpg
0,0,0,0,339,l_1744779071.966.jpg
0,0,0,0,339,l_1744779072.854.jpg
0,0,0,0,339,l_1744779073.282.jpg
0,0,0,0,339,l_1744779075.877.jpg
0,0,0,0,339,l_1744779076.957.jpg
0,0,0,0,339,l_1745286648.119.jpg
0,0,0,0,339,l_1745286648.642.jpg
0,0,0,0,339,l_1745286649.443.jpg
0,0,0,0,339,l_1745286650.205.jpg
0,0,0,0,339,l_1745377951.330.jpg
0,0,0,0,339,l_1745377954.124.jpg
0,0,0,0,339,l_1745377957.693.jpg
0,0,0,0,339,l_1745377960.314.jpg
0,0,0,0,339,l_1745377963.814.jpg
0,0,0,0,339,l_1745395982.556.jpg
0,0,0,0,339,l_1745395988.728.jpg
0,0,0,0,339,l_1745395991.419.jpg
0,0,0,0,339,l_1745396014.539.jpg
0,0,0,0,339,l_1745737731.644.jpg
0,0,0,0,339,l_1745737731.982.jpg
0,0,0,0,339,l_1745737732.859.jpg
0,0,0,0,339,l_1745737733.481.jpg
0,0,0,0,339,l_1745737734.765.jpg
0,0,0,0,339,l_1745765054.200.jpg
0,0,0,0,339,l_1745765055.526.jpg
0,0,0,0,339,l_1745765055.993.jpg
0,0,0,0,339,l_1745765056.443.jpg
0,0,0,0,339,l_1745765056.728.jpg
0,0,0,0,339,l_1746347861.183.jpg
0,0,0,0,339,l_1746347862.349.jpg
0,0,0,0,339,l_1746347863.938.jpg
0,0,0,0,339,l_1746420894.jpg
0,0,0,0,339,l_1746527926.492.jpg
0,0,0,0,339,l_1746527929.372.jpg
0,0,0,0,339,l_1746527932.495.jpg
0,0,0,0,339,l_1746527937.119.jpg
0,0,0,0,340,l_1714011974.709.jpg
0,0,0,0,340,l_1714011975.758.jpg
0,0,0,0,340,l_1714011977.703.jpg
0,0,0,0,340,l_1714011979.420.jpg
0,0,0,0,340,l_1714011980.349.jpg
0,0,0,0,340,l_1714011981.860.jpg
0,0,0,0,340,l_1733730624.481.jpg
0,0,0,0,340,l_1733730624.726.jpg
0,0,0,0,340,l_1738998121.617.jpg
0,0,0,0,340,l_1738998123.404.jpg
0,0,0,0,340,l_1738998123.500.jpg
0,0,0,0,340,l_1738998125.420.jpg
0,0,0,0,340,l_1741231536.550.jpg
0,0,0,0,340,l_1741231544.732.jpg
0,0,0,0,340,l_1741231546.152.jpg
0,0,0,0,340,l_1741231549.101.jpg
0,0,0,0,340,l_1741588665.564.jpg
0,0,0,0,340,l_1741588666.189.jpg
0,0,0,0,340,l_1741588667.105.jpg
0,0,0,0,340,l_1741588667.969.jpg
0,0,0,0,340,l_1741588668.153.jpg
0,0,0,0,340,l_1741588670.232.jpg
0,0,0,0,340,l_1741588670.253.jpg
0,0,0,0,340,l_1741707852.700.jpg
0,0,0,0,340,l_1741707853.208.jpg
0,0,0,0,340,l_1741707853.938.jpg
0,0,0,0,340,l_1741707854.396.jpg
0,0,0,0,340,l_1741707854.716.jpg
0,0,0,0,340,l_1741707855.537.jpg
0,0,0,0,340,l_1741707856.948.jpg
0,0,0,0,340,l_1742871187.267.jpg
0,0,0,0,340,l_1742871191.807.jpg
0,0,0,0,340,l_1742871198.544.jpg
0,0,0,0,340,l_1742871220.465.jpg
0,0,0,0,340,l_1742871221.712.jpg
0,0,0,0,340,l_1742871221.974.jpg
0,0,0,0,340,l_1743219358.148.jpg
0,0,0,0,340,l_1743219358.167.jpg
0,0,0,0,340,l_1743219359.496.jpg
0,0,0,0,340,l_1743219359.563.jpg
0,0,0,0,340,l_1743219360.210.jpg
0,0,0,0,340,l_1743940869.173.jpg
0,0,0,0,340,l_1743940870.304.jpg
0,0,0,0,340,l_1743940870.626.jpg
0,0,0,0,340,l_1743940871.697.jpg
0,0,0,0,340,l_1743940872.814.jpg
0,0,0,0,340,l_1744103977.301.jpg
0,0,0,0,340,l_1744103980.645.jpg
0,0,0,0,340,l_1744103980.901.jpg
0,0,0,0,340,l_1744103981.162.jpg
0,0,0,0,340,l_1744103981.545.jpg
0,0,0,0,340,l_1744103982.882.jpg
0,0,0,0,340,l_1744103983.600.jpg
0,0,0,0,340,l_1744187086.435.jpg
0,0,0,0,340,l_1744187087.786.jpg
0,0,0,0,340,l_1744187088.252.jpg
0,0,0,0,340,l_1744187088.441.jpg
0,0,0,0,340,l_1744187089.276.jpg
0,0,0,0,340,l_1744187089.428.jpg
0,0,0,0,340,l_1744187089.463.jpg
0,0,0,0,340,l_1744187090.639.jpg
0,0,0,0,340,l_1744792670.271.jpg
0,0,0,0,340,l_1744792670.705.jpg
0,0,0,0,340,l_1744792671.992.jpg
0,0,0,0,340,l_1744792672.508.jpg
0,0,0,0,340,l_1744859087.525.jpg
0,0,0,0,340,l_1744859090.469.jpg
0,0,0,0,340,l_1744859092.577.jpg
0,0,0,0,340,l_1745048029.580.jpg
0,0,0,0,340,l_1745048030.161.jpg
0,0,0,0,340,l_1745048030.898.jpg
0,0,0,0,340,l_1745048034.947.jpg
0,0,0,0,340,l_1745048036.214.jpg
0,0,0,0,340,l_1745382870.842.jpg
0,0,0,0,340,l_1745382871.488.jpg
0,0,0,0,340,l_1745382871.987.jpg
0,0,0,0,340,l_1745382872.467.jpg
0,0,0,0,340,l_1745382873.688.jpg
0,0,0,0,340,l_1745679636.696.jpg
0,0,0,0,340,l_1745679639.245.jpg
0,0,0,0,340,l_1745679640.325.jpg
0,0,0,0,340,l_1745679640.914.jpg
0,0,0,0,340,l_1745679641.626.jpg
0,0,0,0,340,l_1745679641.765.jpg
0,0,0,0,340,l_1745679642.486.jpg
0,0,0,0,340,m_1732845571.412.jpg
0,0,0,0,340,m_1732845572.493.jpg
0,0,0,0,340,m_1732845573.477.jpg
0,0,0,0,341,l_1733728769.219.jpg
0,0,0,0,341,l_1733728769.228.jpg
0,0,0,0,341,l_1733728770.146.jpg
0,0,0,0,341,l_1733728771.239.jpg
0,0,0,0,341,l_1733728773.839.jpg
0,0,0,0,341,l_1740988154.963.jpg
0,0,0,0,341,l_1740988155.194.jpg
0,0,0,0,341,l_1740988155.868.jpg
0,0,0,0,341,l_1740988158.325.jpg
0,0,0,0,341,l_1740988159.698.jpg
0,0,0,0,341,l_1740989673.448.jpg
0,0,0,0,341,l_1740989674.815.jpg
0,0,0,0,341,l_1740989675.114.jpg
0,0,0,0,341,l_1742972532.261.jpg
0,0,0,0,341,l_1742972532.272.jpg
0,0,0,0,341,l_1742972533.591.jpg
0,0,0,0,341,l_1742972533.735.jpg
0,0,0,0,341,l_1742973283.200.jpg
0,0,0,0,341,l_1742973283.622.jpg
0,0,0,0,341,l_1742973284.389.jpg
0,0,0,0,341,l_1742973285.922.jpg
0,0,0,0,341,l_1742973285.957.jpg
0,0,0,0,341,l_1743068903.753.jpg
0,0,0,0,341,l_1743068903.823.jpg
0,0,0,0,341,l_1743068904.155.jpg
0,0,0,0,341,l_1743068904.717.jpg
0,0,0,0,341,l_1743068905.808.jpg
0,0,0,0,341,l_1743091922.729.jpg
0,0,0,0,341,l_1743091923.134.jpg
0,0,0,0,341,l_1743091924.391.jpg
0,0,0,0,341,l_1743091924.443.jpg
0,0,0,0,341,l_1743091925.321.jpg
0,0,0,0,341,l_1743091926.164.jpg
0,0,0,0,341,l_1743091927.909.jpg
0,0,0,0,341,l_1743091928.266.jpg
0,0,0,0,341,l_1743833742.474.jpg
0,0,0,0,341,l_1743833749.763.jpg
0,0,0,0,341,l_1743833751.997.jpg
0,0,0,0,341,l_1743833752.535.jpg
0,0,0,0,341,l_1744034274.592.jpg
0,0,0,0,341,l_1744034275.608.jpg
0,0,0,0,341,l_1744034275.767.jpg
0,0,0,0,341,l_1744034276.497.jpg
0,0,0,0,341,l_1744034277.199.jpg
0,0,0,0,341,l_1744090586.889.jpg
0,0,0,0,341,l_1744090586.920.jpg
0,0,0,0,341,l_1744090587.337.jpg
0,0,0,0,341,l_1744090587.848.jpg
0,0,0,0,341,l_1744090588.435.jpg
0,0,0,0,341,l_1744090588.979.jpg
0,0,0,0,341,l_1744101113.211.jpg
0,0,0,0,341,l_1744101113.607.jpg
0,0,0,0,341,l_1744101115.852.jpg
0,0,0,0,341,l_1744101116.300.jpg
0,0,0,0,341,l_1744615840.521.jpg
0,0,0,0,341,l_1744615840.963.jpg
0,0,0,0,341,l_1744687883.542.jpg
0,0,0,0,341,l_1744687883.633.jpg
0,0,0,0,341,l_1744687884.269.jpg
0,0,0,0,341,l_1744687885.386.jpg
0,0,0,0,341,l_1744687885.937.jpg
0,0,0,0,341,l_1744687887.376.jpg
0,0,0,0,341,l_1744778679.148.jpg
0,0,0,0,341,l_1744778679.239.jpg
0,0,0,0,341,l_1744778680.236.jpg
0,0,0,0,341,l_1744778680.623.jpg
0,0,0,0,341,l_1744778681.431.jpg
0,0,0,0,341,l_1744786231.477.jpg
0,0,0,0,341,l_1744786232.423.jpg
0,0,0,0,341,l_1744786232.514.jpg
0,0,0,0,341,l_1744786233.147.jpg
0,0,0,0,341,l_1744786234.319.jpg
0,0,0,0,341,l_1744786235.966.jpg
0,0,0,0,341,l_1745420288.471.jpg
0,0,0,0,341,l_1745420289.111.jpg
0,0,0,0,341,l_1745420291.840.jpg
0,0,0,0,341,l_1745420292.171.jpg
0,0,0,0,341,l_1745420293.304.jpg
0,0,0,0,341,l_1745420294.543.jpg
0,0,0,0,341,l_1745420295.255.jpg
0,0,0,0,341,l_1745426394.781.jpg
0,0,0,0,341,l_1745426395.937.jpg
0,0,0,0,341,l_1745426396.136.jpg
0,0,0,0,341,l_1746699432.372.jpg
0,0,0,0,341,l_1746699432.965.jpg
0,0,0,0,341,l_1746699433.596.jpg
0,0,0,0,341,l_1746699436.691.jpg
0,0,0,0,341,l_1746699731.274.jpg
0,0,0,0,341,l_1746699732.768.jpg
0,0,0,0,341,l_1746699732.869.jpg
0,0,0,0,341,l_1746699733.897.jpg
0,0,0,0,342,l_1726646341.968.jpg
0,0,0,0,342,l_1726646342.663.jpg
0,0,0,0,342,l_1726646343.531.jpg
0,0,0,0,342,l_1726646345.435.jpg
0,0,0,0,342,l_1726646345.604.jpg
0,0,0,0,342,l_1727431800.891.jpg
0,0,0,0,342,l_1727431805.956.jpg
0,0,0,0,342,l_1732070658.420.jpg
0,0,0,0,342,l_1732070676.531.jpg
0,0,0,0,342,l_1734162099.893.jpg
0,0,0,0,342,l_1734162100.582.jpg
0,0,0,0,342,l_1734162101.393.jpg
0,0,0,0,342,l_1734162102.649.jpg
0,0,0,0,342,l_1735541498.287.jpg
0,0,0,0,342,l_1735541505.993.jpg
0,0,0,0,342,l_1735541513.829.jpg
0,0,0,0,342,l_1735541522.280.jpg
0,0,0,0,342,l_1735541571.446.jpg
0,0,0,0,342,l_1736230215.807.jpg
0,0,0,0,342,l_1736230216.134.jpg
0,0,0,0,342,l_1736230217.505.jpg
0,0,0,0,342,l_1738585580.672.jpg
0,0,0,0,342,l_1738585581.770.jpg
0,0,0,0,342,l_1738585581.963.jpg
0,0,0,0,342,l_1738585582.140.jpg
0,0,0,0,342,l_1739157549.112.jpg
0,0,0,0,342,l_1739157550.956.jpg
0,0,0,0,342,l_1739157552.500.jpg
0,0,0,0,342,l_1739157553.391.jpg
0,0,0,0,342,l_1739157553.671.jpg
0,0,0,0,342,l_1739157554.312.jpg
0,0,0,0,342,l_1739174736.386.jpg
0,0,0,0,342,l_1739174737.321.jpg
0,0,0,0,342,l_1739174739.206.jpg
0,0,0,0,342,l_1739174740.796.jpg
0,0,0,0,342,l_1739174743.472.jpg
0,0,0,0,342,l_1740039372.640.jpg
0,0,0,0,342,l_1740039373.594.jpg
0,0,0,0,342,l_1740039374.301.jpg
0,0,0,0,342,l_1740039374.666.jpg
0,0,0,0,342,l_1740039384.445.jpg
0,0,0,0,342,l_1740628350.485.jpg
0,0,0,0,342,l_1740628352.848.jpg
0,0,0,0,342,l_1740628352.948.jpg
0,0,0,0,342,l_1740628354.744.jpg
0,0,0,0,342,l_1740628355.749.jpg
0,0,0,0,342,l_1740981385.688.jpg
0,0,0,0,342,l_1740981386.206.jpg
0,0,0,0,342,l_1740981387.643.jpg
0,0,0,0,342,l_1740981389.532.jpg
0,0,0,0,342,l_1740981391.467.jpg
0,0,0,0,342,l_1741589588.391.jpg
0,0,0,0,342,l_1741589590.639.jpg
0,0,0,0,342,l_1741589591.549.jpg
0,0,0,0,342,l_1741589593.292.jpg
0,0,0,0,342,l_1741748617.298.jpg
0,0,0,0,342,l_1741748618.156.jpg
0,0,0,0,342,l_1741748621.882.jpg
0,0,0,0,342,l_1743498472.457.jpg
0,0,0,0,342,l_1743498473.885.jpg
0,0,0,0,342,l_1743498473.959.jpg
0,0,0,0,342,l_1743498474.975.jpg
0,0,0,0,342,l_1743498475.627.jpg
0,0,0,0,342,l_1743672681.249.jpg
0,0,0,0,342,l_1743672681.481.jpg
0,0,0,0,342,l_1743672682.111.jpg
0,0,0,0,342,l_1743672682.911.jpg
0,0,0,0,342,l_1743672683.340.jpg
0,0,0,0,342,l_1743672686.661.jpg
0,0,0,0,342,l_1743672687.539.jpg
0,0,0,0,342,l_1744454594.402.jpg
0,0,0,0,342,l_1744454595.199.jpg
0,0,0,0,342,l_1744454596.176.jpg
0,0,0,0,342,l_1744454597.323.jpg
0,0,0,0,342,l_1745030789.522.jpg
0,0,0,0,342,l_1745030792.234.jpg
0,0,0,0,342,l_1745030793.218.jpg
0,0,0,0,342,l_1745030793.383.jpg
0,0,0,0,342,l_1745030794.851.jpg
0,0,0,0,342,l_1746635955.995.jpg
0,0,0,0,342,l_1746635957.611.jpg
0,0,0,0,342,l_1746635959.771.jpg
0,0,0,0,342,l_1746635961.956.jpg
0,0,0,0,342,l_1746635963.266.jpg
0,0,0,0,343,l_1696654326.844.jpg
0,0,0,0,343,l_1696654328.972.jpg
0,0,0,0,343,l_1696654330.558.jpg
0,0,0,0,343,l_1696654332.751.jpg
0,0,0,0,343,l_1710823590.372.jpg
0,0,0,0,343,l_1710823590.436.jpg
0,0,0,0,343,l_1710823591.195.jpg
0,0,0,0,343,l_1710823591.250.jpg
0,0,0,0,343,l_1710823591.649.jpg
0,0,0,0,343,l_1710823592.628.jpg
0,0,0,0,343,l_1710823643.583.jpg
0,0,0,0,343,l_1710823643.925.jpg
0,0,0,0,343,l_1710823644.648.jpg
0,0,0,0,343,l_1731575535.769.jpg
0,0,0,0,343,l_1731575536.756.jpg
0,0,0,0,343,l_1731575537.712.jpg
0,0,0,0,343,l_1731575537.771.jpg
0,0,0,0,343,l_1731575538.780.jpg
0,0,0,0,343,l_1732870114.475.jpg
0,0,0,0,343,l_1732870116.281.jpg
0,0,0,0,343,l_1732870118.603.jpg
0,0,0,0,343,l_1732870120.617.jpg
0,0,0,0,343,l_1732870122.551.jpg
0,0,0,0,343,l_1732870222.287.jpg
0,0,0,0,343,l_1732870222.825.jpg
0,0,0,0,343,l_1732870223.414.jpg
0,0,0,0,343,l_1738998581.187.jpg
0,0,0,0,343,l_1738998581.759.jpg
0,0,0,0,343,l_1738998582.211.jpg
0,0,0,0,343,l_1738998584.511.jpg
0,0,0,0,343,l_1738998586.588.jpg
0,0,0,0,343,l_1741081731.611.jpg
0,0,0,0,343,l_1741081731.901.jpg
0,0,0,0,343,l_1741081732.314.jpg
0,0,0,0,343,l_1741081768.608.jpg
0,0,0,0,343,l_1741081769.387.jpg
0,0,0,0,343,l_1741081769.415.jpg
0,0,0,0,343,l_1741081823.515.jpg
0,0,0,0,343,l_1741081823.528.jpg
0,0,0,0,343,l_1741081824.640.jpg
0,0,0,0,343,l_1743234442.693.jpg
0,0,0,0,343,l_1743234443.626.jpg
0,0,0,0,343,l_1743234443.876.jpg
0,0,0,0,343,l_1743234444.113.jpg
0,0,0,0,343,l_1743234444.543.jpg
0,0,0,0,343,l_1743234445.576.jpg
0,0,0,0,343,l_1743234445.797.jpg
0,0,0,0,343,l_1743510117.659.jpg
0,0,0,0,343,l_1743510120.604.jpg
0,0,0,0,343,l_1743510127.360.jpg
0,0,0,0,343,l_1743510133.337.jpg
0,0,0,0,343,l_1745288883.319.jpg
0,0,0,0,343,l_1745288885.728.jpg
0,0,0,0,343,l_1745288885.772.jpg
0,0,0,0,343,l_1745288887.610.jpg
0,0,0,0,343,l_1745289847.310.jpg
0,0,0,0,343,l_1745289847.710.jpg
0,0,0,0,343,l_1745289849.322.jpg
0,0,0,0,343,l_1745289852.576.jpg
0,0,0,0,343,l_1745289854.954.jpg
0,0,0,0,343,l_1745289856.391.jpg
0,0,0,0,343,l_1745291479.273.jpg
0,0,0,0,343,l_1745291480.488.jpg
0,0,0,0,343,l_1745291481.620.jpg
0,0,0,0,343,l_1745291481.710.jpg
0,0,0,0,343,l_1745661349.640.jpg
0,0,0,0,343,l_1745661350.598.jpg
0,0,0,0,343,l_1745661351.535.jpg
0,0,0,0,343,l_1745661352.777.jpg
0,0,0,0,343,l_1745661352.862.jpg
0,0,0,0,343,l_1745661356.972.jpg
0,0,0,0,343,l_1746175058.502.jpg
0,0,0,0,343,l_1746175076.346.jpg
0,0,0,0,343,l_1746175078.170.jpg
0,0,0,0,343,l_1746175078.447.jpg
0,0,0,0,343,l_1746175095.868.jpg
0,0,0,0,344,l_1717468838.895.jpg
0,0,0,0,344,l_1717468839.485.jpg
0,0,0,0,344,l_1717468839.643.jpg
0,0,0,0,344,l_1717468842.247.jpg
0,0,0,0,344,l_1723617581.942.jpg
0,0,0,0,344,l_1723617582.594.jpg
0,0,0,0,344,l_1723617583.822.jpg
0,0,0,0,344,l_1723617584.753.jpg
0,0,0,0,344,l_1723617585.332.jpg
0,0,0,0,344,l_1727842110.618.jpg
0,0,0,0,344,l_1727842111.181.jpg
0,0,0,0,344,l_1727842111.817.jpg
0,0,0,0,344,l_1731576495.366.jpg
0,0,0,0,344,l_1731576496.600.jpg
0,0,0,0,344,l_1731576497.333.jpg
0,0,0,0,344,l_1731576497.830.jpg
0,0,0,0,344,l_1732519054.446.jpg
0,0,0,0,344,l_1732519055.382.jpg
0,0,0,0,344,l_1732519055.402.jpg
0,0,0,0,344,l_1732519056.278.jpg
0,0,0,0,344,l_1738997583.214.jpg
0,0,0,0,344,l_1738997583.586.jpg
0,0,0,0,344,l_1738997584.654.jpg
0,0,0,0,344,l_1738997585.487.jpg
0,0,0,0,344,l_1738997587.615.jpg
0,0,0,0,344,l_1738997589.228.jpg
0,0,0,0,344,l_1740551468.565.jpg
0,0,0,0,344,l_1740551470.603.jpg
0,0,0,0,344,l_1740551516.146.jpg
0,0,0,0,344,l_1740551516.202.jpg
0,0,0,0,344,l_1740551520.628.jpg
0,0,0,0,344,l_1740551523.364.jpg
0,0,0,0,344,l_1740551525.571.jpg
0,0,0,0,344,l_1740627806.523.jpg
0,0,0,0,344,l_1740627808.228.jpg
0,0,0,0,344,l_1740627808.272.jpg
0,0,0,0,344,l_1743565653.137.jpg
0,0,0,0,344,l_1743565654.288.jpg
0,0,0,0,344,l_1743565655.340.jpg
0,0,0,0,344,l_1743565655.871.jpg
0,0,0,0,344,l_1743565656.751.jpg
0,0,0,0,344,l_1744346831.125.jpg
0,0,0,0,344,l_1744346831.318.jpg
0,0,0,0,344,l_1744346831.498.jpg
0,0,0,0,344,l_1744346832.612.jpg
0,0,0,0,344,l_1744346832.881.jpg
0,0,0,0,344,l_1745480865.116.jpg
0,0,0,0,344,l_1745480866.782.jpg
0,0,0,0,344,l_1745480867.603.jpg
0,0,0,0,344,l_1745480868.561.jpg
0,0,0,0,344,l_1745480869.237.jpg
0,0,0,0,344,l_1745480869.954.jpg
0,0,0,0,344,l_1745482746.795.jpg
0,0,0,0,344,l_1745482747.772.jpg
0,0,0,0,344,l_1745482749.249.jpg
0,0,0,0,344,l_1745482750.129.jpg
0,0,0,0,344,l_1745482750.701.jpg
0,0,0,0,344,l_1746516736.733.jpg
0,0,0,0,344,l_1746516736.808.jpg
0,0,0,0,344,l_1746516738.402.jpg
0,0,0,0,344,l_1746516792.705.jpg
0,0,0,0,344,l_1746530576.711.jpg
0,0,0,0,344,l_1746530576.882.jpg
0,0,0,0,344,l_1746530578.602.jpg
0,0,0,0,344,l_1746530579.719.jpg
0,0,0,0,344,l_1746530580.199.jpg
0,0,0,0,344,l_1746530583.703.jpg
0,0,0,0,344,l_1746531942.274.jpg
0,0,0,0,344,l_1746531942.787.jpg
0,0,0,0,344,l_1746531943.401.jpg
0,0,0,0,344,l_1746531944.528.jpg
0,0,0,0,344,l_1746531945.600.jpg
0,0,0,0,344,l_1746591687.744.jpg
0,0,0,0,344,l_1746591688.168.jpg
0,0,0,0,344,l_1746591689.549.jpg
0,0,0,0,344,l_1746591803.105.jpg
0,0,0,0,344,l_1746591805.516.jpg
0,0,0,0,344,l_1746591806.727.jpg
0,0,0,0,345,l_1675329669.501.jpg
0,0,0,0,345,l_1675329670.378.jpg
0,0,0,0,345,l_1675329670.748.jpg
0,0,0,0,345,l_1675329671.184.jpg
0,0,0,0,345,l_1679361964.576.jpg
0,0,0,0,345,l_1679362001.982.jpg
0,0,0,0,345,l_1679362018.523.jpg
0,0,0,0,345,l_1679362054.247.jpg
0,0,0,0,345,l_1682391975.748.jpg
0,0,0,0,345,l_1682391976.676.jpg
0,0,0,0,345,l_1682391976.717.jpg
0,0,0,0,345,l_1682391989.838.jpg
0,0,0,0,345,l_1682392010.873.jpg
0,0,0,0,345,l_1682394047.837.jpg
0,0,0,0,345,l_1682394049.769.jpg
0,0,0,0,345,l_1682394050.768.jpg
0,0,0,0,345,l_1682394089.261.jpg
0,0,0,0,345,l_1682394089.849.jpg
0,0,0,0,345,l_1726971700.879.jpg
0,0,0,0,345,l_1726971731.326.jpg
0,0,0,0,345,l_1726971733.209.jpg
0,0,0,0,345,l_1726971736.609.jpg
0,0,0,0,345,l_1726971744.108.jpg
0,0,0,0,345,l_1726971745.649.jpg
0,0,0,0,345,l_1726971747.875.jpg
0,0,0,0,345,l_1727839941.483.jpg
0,0,0,0,345,l_1727839941.859.jpg
0,0,0,0,345,l_1727839942.972.jpg
0,0,0,0,345,l_1727839943.989.jpg
0,0,0,0,345,l_1727840062.577.jpg
0,0,0,0,345,l_1727840063.922.jpg
0,0,0,0,345,l_1727840064.201.jpg
0,0,0,0,345,l_1727840065.168.jpg
0,0,0,0,345,l_1727840066.922.jpg
0,0,0,0,345,l_1727840067.392.jpg
0,0,0,0,345,l_1727840130.474.jpg
0,0,0,0,345,l_1727840130.804.jpg
0,0,0,0,345,l_1727840131.181.jpg
0,0,0,0,345,l_1727840132.357.jpg
0,0,0,0,345,l_1731579073.685.jpg
0,0,0,0,345,l_1731579075.195.jpg
0,0,0,0,345,l_1731579075.620.jpg
0,0,0,0,345,l_1739782675.114.jpg
0,0,0,0,345,l_1739782676.954.jpg
0,0,0,0,345,l_1739782677.371.jpg
0,0,0,0,345,l_1739782678.837.jpg
0,0,0,0,345,l_1739782679.735.jpg
0,0,0,0,345,l_1739782681.332.jpg
0,0,0,0,345,l_1739782683.642.jpg
0,0,0,0,345,l_1739782685.882.jpg
0,0,0,0,345,l_1739782687.486.jpg
0,0,0,0,345,l_1739782687.555.jpg
0,0,0,0,345,l_1740468625.352.jpg
0,0,0,0,345,l_1740468626.138.jpg
0,0,0,0,345,l_1740468627.550.jpg
0,0,0,0,345,l_1740468628.404.jpg
0,0,0,0,345,l_1740468629.983.jpg
0,0,0,0,345,l_1740468630.736.jpg
0,0,0,0,345,l_1742353890.202.jpg
0,0,0,0,345,l_1742353891.685.jpg
0,0,0,0,345,l_1742353891.770.jpg
0,0,0,0,345,l_1744354904.611.jpg
0,0,0,0,345,l_1744354905.721.jpg
0,0,0,0,345,l_1744354905.978.jpg
0,0,0,0,345,l_1744354906.223.jpg
0,0,0,0,345,l_1744774009.861.jpg
0,0,0,0,345,l_1744774013.225.jpg
0,0,0,0,345,l_1744774228.475.jpg
0,0,0,0,345,l_1744774229.528.jpg
0,0,0,0,345,l_1744774230.992.jpg
0,0,0,0,345,l_1744774232.948.jpg
0,0,0,0,345,l_1744774235.135.jpg
0,0,0,0,345,l_1744774290.672.jpg
0,0,0,0,345,l_1744774290.714.jpg
0,0,0,0,345,l_1744774291.175.jpg
0,0,0,0,345,l_1744774291.221.jpg
0,0,0,0,345,l_1744774292.498.jpg
0,0,0,0,345,l_1745655729.174.jpg
0,0,0,0,345,l_1745655729.982.jpg
0,0,0,0,345,l_1745655730.884.jpg
0,0,0,0,345,l_1745655731.104.jpg
0,0,0,0,345,l_1745655732.361.jpg
0,0,0,0,345,l_1745655732.848.jpg
0,0,0,0,345,l_1745834536.384.jpg
0,0,0,0,345,l_1745834537.280.jpg
0,0,0,0,345,l_1745834538.654.jpg
0,0,0,0,345,l_1745834539.850.jpg
0,0,0,0,345,l_1745834540.989.jpg
0,0,0,0,345,l_1745834541.485.jpg
0,0,0,0,345,l_1745834542.284.jpg
0,0,0,0,345,l_1745834542.343.jpg
0,0,0,0,345,l_1745834543.533.jpg
0,0,0,0,346,l_1725634134.767.jpg
0,0,0,0,346,l_1726735400.153.jpg
0,0,0,0,346,l_1726735400.306.jpg
0,0,0,0,346,l_1726735401.951.jpg
0,0,0,0,346,l_1726735402.453.jpg
0,0,0,0,346,l_1726735402.651.jpg
0,0,0,0,346,l_1727840357.159.jpg
0,0,0,0,346,l_1727840357.555.jpg
0,0,0,0,346,l_1727840358.467.jpg
0,0,0,0,346,l_1727840358.926.jpg
0,0,0,0,346,l_1727840359.152.jpg
0,0,0,0,346,l_1727840360.512.jpg
0,0,0,0,346,l_1727840540.824.jpg
0,0,0,0,346,l_1727840543.961.jpg
0,0,0,0,346,l_1727840545.827.jpg
0,0,0,0,346,l_1727840547.756.jpg
0,0,0,0,346,l_1731646682.615.jpg
0,0,0,0,346,l_1731646686.154.jpg
0,0,0,0,346,l_1731646686.549.jpg
0,0,0,0,346,l_1733888044.263.jpg
0,0,0,0,346,l_1733888045.486.jpg
0,0,0,0,346,l_1733888045.551.jpg
0,0,0,0,346,l_1733888307.429.jpg
0,0,0,0,346,l_1733888308.129.jpg
0,0,0,0,346,l_1733888308.927.jpg
0,0,0,0,346,l_1739155458.384.jpg
0,0,0,0,346,l_1739155458.715.jpg
0,0,0,0,346,l_1739155459.158.jpg
0,0,0,0,346,l_1739847832.433.jpg
0,0,0,0,346,l_1739847835.499.jpg
0,0,0,0,346,l_1739847837.650.jpg
0,0,0,0,346,l_1739847841.364.jpg
0,0,0,0,346,l_1739847845.513.jpg
0,0,0,0,346,l_1739848326.620.jpg
0,0,0,0,346,l_1739848327.600.jpg
0,0,0,0,346,l_1739848336.228.jpg
0,0,0,0,346,l_1741941856.476.jpg
0,0,0,0,346,l_1741941858.124.jpg
0,0,0,0,346,l_1741941858.317.jpg
0,0,0,0,346,l_1741941859.195.jpg
0,0,0,0,346,l_1743751301.974.jpg
0,0,0,0,346,l_1743751301.979.jpg
0,0,0,0,346,l_1743751302.429.jpg
0,0,0,0,346,l_1743751303.668.jpg
0,0,0,0,346,l_1743751303.986.jpg
0,0,0,0,346,l_1743928775.239.jpg
0,0,0,0,346,l_1743928775.865.jpg
0,0,0,0,346,l_1743928776.434.jpg
0,0,0,0,346,l_1743928776.718.jpg
0,0,0,0,346,l_1744355345.285.jpg
0,0,0,0,346,l_1744355346.347.jpg
0,0,0,0,346,l_1744355346.908.jpg
0,0,0,0,346,l_1744355347.429.jpg
0,0,0,0,346,l_1744774369.947.jpg
0,0,0,0,346,l_1744774370.331.jpg
0,0,0,0,346,l_1744774370.765.jpg
0,0,0,0,346,l_1744774371.588.jpg
0,0,0,0,346,l_1744774428.278.jpg
0,0,0,0,346,l_1744774429.253.jpg
0,0,0,0,346,l_1744774429.271.jpg
0,0,0,0,346,l_1744774430.900.jpg
0,0,0,0,346,l_1744792582.606.jpg
0,0,0,0,346,l_1744792583.774.jpg
0,0,0,0,346,l_1744792584.174.jpg
0,0,0,0,245,l_1744962880.677.jpg
0,0,0,0,245,l_1744962875.432.jpg
0,0,0,0,245,l_1744962876.758.jpg
0,0,0,0,245,l_1744962879.494.jpg
0,0,0,0,245,l_1744962879.957.jpg
0,0,0,0,245,l_1746866460.714.jpg
0,0,0,0,245,l_1725003920.485.jpg
0,0,0,0,245,l_1725003922.320.jpg
0,0,0,0,245,l_1725003924.833.jpg
0,0,0,0,245,l_1725003926.428.jpg
0,0,0,0,245,l_1725003928.225.jpg
0,0,0,0,245,l_1730544943.915.jpg
0,0,0,0,245,l_1730544945.670.jpg
0,0,0,0,245,l_1730544947.344.jpg
0,0,0,0,245,l_1730544951.645.jpg
0,0,0,0,245,l_1730544952.650.jpg
0,0,0,0,245,l_1730544954.756.jpg
0,0,0,0,245,l_1730544957.379.jpg
0,0,0,0,245,l_1731129273.644.jpg
0,0,0,0,245,l_1731129274.691.jpg
0,0,0,0,245,l_1731129275.137.jpg
0,0,0,0,245,l_1731129275.854.jpg
0,0,0,0,245,l_1731129276.534.jpg
0,0,0,0,245,l_1731129277.434.jpg
0,0,0,0,245,l_1734017556.357.jpg
0,0,0,0,245,l_1734017557.159.jpg
0,0,0,0,245,l_1734017558.195.jpg
0,0,0,0,245,l_1734017577.765.jpg
0,0,0,0,245,l_1736844693.383.jpg
0,0,0,0,245,l_1736844696.217.jpg
0,0,0,0,245,l_1736844699.229.jpg
0,0,0,0,245,l_1736844811.543.jpg
0,0,0,0,245,l_1736844814.494.jpg
0,0,0,0,245,l_1739798713.465.jpg
0,0,0,0,245,l_1739798714.498.jpg
0,0,0,0,245,l_1739798715.555.jpg
0,0,0,0,245,l_1739798727.178.jpg
0,0,0,0,245,l_1739798741.214.jpg
0,0,0,0,245,l_1740156065.182.jpg
0,0,0,0,245,l_1740156066.762.jpg
0,0,0,0,245,l_1740156069.988.jpg
0,0,0,0,245,l_1740642038.916.jpg
0,0,0,0,245,l_1740642041.903.jpg
0,0,0,0,245,l_1740642044.213.jpg
0,0,0,0,245,l_1740642257.127.jpg
0,0,0,0,245,l_1740642260.565.jpg
0,0,0,0,245,l_1740642262.418.jpg
0,0,0,0,245,l_1740642264.128.jpg
0,0,0,0,245,l_1740642266.331.jpg
0,0,0,0,245,l_1740642268.283.jpg
0,0,0,0,245,l_1740644799.687.jpg
0,0,0,0,245,l_1740644800.436.jpg
0,0,0,0,245,l_1740644800.624.jpg
0,0,0,0,245,l_1740644801.142.jpg
0,0,0,0,245,l_1740644801.518.jpg
0,0,0,0,245,l_1740644801.580.jpg
0,0,0,0,245,l_1740650704.234.jpg
0,0,0,0,245,l_1740650705.252.jpg
0,0,0,0,245,l_1740650705.729.jpg
0,0,0,0,245,l_1740650706.656.jpg
0,0,0,0,245,l_1740650707.470.jpg
0,0,0,0,245,l_1744732087.888.jpg
0,0,0,0,245,l_1744732088.623.jpg
0,0,0,0,245,l_1744732089.591.jpg
0,0,0,0,245,l_1744732090.329.jpg
0,0,0,0,245,l_1744732090.335.jpg
0,0,0,0,245,l_1744732092.453.jpg
0,0,0,0,245,l_1744733504.995.jpg
0,0,0,0,245,l_1744733505.460.jpg
0,0,0,0,245,l_1744733507.833.jpg
0,0,0,0,245,l_1744770244.539.jpg
0,0,0,0,245,l_1744770247.280.jpg
0,0,0,0,245,l_1744770249.910.jpg
0,0,0,0,245,l_1744770250.379.jpg
0,0,0,0,245,l_1745223241.663.jpg
0,0,0,0,245,l_1745223244.549.jpg
0,0,0,0,245,l_1745223245.828.jpg
0,0,0,0,245,l_1745223246.640.jpg
0,0,0,0,245,l_1745223247.766.jpg
0,0,0,0,245,l_1745421804.897.jpg
0,0,0,0,245,l_1745421805.335.jpg
0,0,0,0,245,l_1745421806.272.jpg
0,0,0,0,245,l_1746632674.337.jpg
0,0,0,0,245,l_1746632674.599.jpg
0,0,0,0,245,l_1746632675.345.jpg
0,0,0,0,245,l_1746632675.925.jpg
0,0,0,0,245,l_1746632676.235.jpg
0,0,0,0,245,l_1746690366.410.jpg
0,0,0,0,245,l_1746690367.565.jpg
0,0,0,0,245,l_1746690368.273.jpg
0,0,0,0,245,l_1746690368.413.jpg
0,0,0,0,245,l_1746866451.899.jpg
0,0,0,0,245,l_1746866453.373.jpg
0,0,0,0,245,l_1746866455.629.jpg
0,0,0,0,245,l_1746866455.795.jpg
0,0,0,0,245,l_1746866456.809.jpg
0,0,0,0,245,l_1746866457.232.jpg
0,0,0,0,246,l_1740650337.461.jpg
0,0,0,0,246,l_1740650338.188.jpg
0,0,0,0,246,l_1740650338.800.jpg
0,0,0,0,246,l_1740650339.886.jpg
0,0,0,0,246,l_1740650336.180.jpg
0,0,0,0,246,l_1746319693.547.jpg
0,0,0,0,246,l_1731567987.623.jpg
0,0,0,0,246,l_1731567989.659.jpg
0,0,0,0,246,l_1735365007.219.jpg
0,0,0,0,246,l_1735365009.786.jpg
0,0,0,0,246,l_1735365011.755.jpg
0,0,0,0,246,l_1735365013.710.jpg
0,0,0,0,246,l_1735365016.246.jpg
0,0,0,0,246,l_1735365018.526.jpg
0,0,0,0,246,l_1736905117.288.jpg
0,0,0,0,246,l_1736905117.913.jpg
0,0,0,0,246,l_1736905118.651.jpg
0,0,0,0,246,l_1736905119.164.jpg
0,0,0,0,246,l_1736905119.370.jpg
0,0,0,0,246,l_1736905120.551.jpg
0,0,0,0,246,l_1740642441.844.jpg
0,0,0,0,246,l_1740642443.907.jpg
0,0,0,0,246,l_1740642446.173.jpg
0,0,0,0,246,l_1740642665.186.jpg
0,0,0,0,246,l_1740642665.841.jpg
0,0,0,0,246,l_1740642666.752.jpg
0,0,0,0,246,l_1740643000.167.jpg
0,0,0,0,246,l_1740643000.752.jpg
0,0,0,0,246,l_1740643002.555.jpg
0,0,0,0,246,l_1740643422.969.jpg
0,0,0,0,246,l_1740643423.156.jpg
0,0,0,0,246,l_1740643423.581.jpg
0,0,0,0,246,l_1740643424.184.jpg
0,0,0,0,246,l_1740643424.472.jpg
0,0,0,0,246,l_1740644910.508.jpg
0,0,0,0,246,l_1740644910.850.jpg
0,0,0,0,246,l_1740644911.919.jpg
0,0,0,0,246,l_1740644912.533.jpg
0,0,0,0,246,l_1740644913.839.jpg
0,0,0,0,246,l_1740644914.918.jpg
0,0,0,0,246,l_1740650212.378.jpg
0,0,0,0,246,l_1740650212.903.jpg
0,0,0,0,246,l_1740650213.271.jpg
0,0,0,0,246,l_1740650213.754.jpg
0,0,0,0,246,l_1740650214.343.jpg
0,0,0,0,246,l_1740650547.734.jpg
0,0,0,0,246,l_1740650548.781.jpg
0,0,0,0,246,l_1740650549.743.jpg
0,0,0,0,246,l_1740650549.993.jpg
0,0,0,0,246,l_1740738737.116.jpg
0,0,0,0,246,l_1740738738.909.jpg
0,0,0,0,246,l_1740738739.257.jpg
0,0,0,0,246,l_1740738739.569.jpg
0,0,0,0,246,l_1744092560.440.jpg
0,0,0,0,246,l_1744183369.277.jpg
0,0,0,0,246,l_1744183370.242.jpg
0,0,0,0,246,l_1744183370.755.jpg
0,0,0,0,246,l_1744789394.136.jpg
0,0,0,0,246,l_1744789395.786.jpg
0,0,0,0,246,l_1744789396.316.jpg
0,0,0,0,246,l_1744789396.665.jpg
0,0,0,0,246,l_1745485189.651.jpg
0,0,0,0,246,l_1745485190.557.jpg
0,0,0,0,246,l_1745485190.665.jpg
0,0,0,0,246,l_1745485191.623.jpg
0,0,0,0,246,l_1745485191.682.jpg
0,0,0,0,246,l_1745485192.231.jpg
0,0,0,0,246,l_1745556155.114.jpg
0,0,0,0,246,l_1745556156.253.jpg
0,0,0,0,246,l_1745556158.955.jpg
0,0,0,0,246,l_1746319688.335.jpg
0,0,0,0,246,l_1746319689.239.jpg
0,0,0,0,246,l_1746319690.746.jpg
0,0,0,0,246,l_1746319690.886.jpg
0,0,0,0,246,l_1746319691.800.jpg
0,0,0,0,247,l_1743783310.157.jpg
0,0,0,0,247,l_1743783310.282.jpg
0,0,0,0,247,l_1743783311.871.jpg
0,0,0,0,247,l_1743783311.874.jpg
0,0,0,0,247,l_1744272454.500.jpg
0,0,0,0,247,l_1744272455.829.jpg
0,0,0,0,247,l_1744272593.391.jpg
0,0,0,0,247,l_1744272750.651.jpg
0,0,0,0,247,l_1744272750.803.jpg
0,0,0,0,247,l_1744272751.571.jpg
0,0,0,0,247,l_1744431366.377.jpg
0,0,0,0,247,l_1744431366.683.jpg
0,0,0,0,247,l_1744431367.248.jpg
0,0,0,0,247,l_1744431368.537.jpg
0,0,0,0,247,l_1744431368.892.jpg
0,0,0,0,247,l_1745049649.608.jpg
0,0,0,0,247,l_1745049651.170.jpg
0,0,0,0,247,l_1745049652.681.jpg
0,0,0,0,247,l_1745049654.220.jpg
0,0,0,0,247,l_1745049654.696.jpg
0,0,0,0,247,l_1745055005.224.jpg
0,0,0,0,247,l_1745055006.477.jpg
0,0,0,0,247,l_1745055007.372.jpg
0,0,0,0,247,l_1745055009.811.jpg
0,0,0,0,247,l_1745059100.130.jpg
0,0,0,0,247,l_1745059113.487.jpg
0,0,0,0,247,l_1745059117.121.jpg
0,0,0,0,247,l_1745059120.222.jpg
0,0,0,0,247,l_1745059123.872.jpg
0,0,0,0,247,l_1745059126.681.jpg
0,0,0,0,247,l_1745288170.401.jpg
0,0,0,0,247,l_1745288171.117.jpg
0,0,0,0,247,l_1745288171.401.jpg
0,0,0,0,247,l_1745288172.702.jpg
0,0,0,0,247,l_1745296634.526.jpg
0,0,0,0,247,l_1745296634.607.jpg
0,0,0,0,247,l_1745296635.608.jpg
0,0,0,0,247,l_1745296635.849.jpg
0,0,0,0,247,l_1745479725.475.jpg
0,0,0,0,247,l_1745479725.512.jpg
0,0,0,0,247,l_1745479726.956.jpg
0,0,0,0,247,l_1745479726.968.jpg
0,0,0,0,247,l_1745479727.851.jpg
0,0,0,0,247,l_1745804179.237.jpg
0,0,0,0,247,l_1745804180.481.jpg
0,0,0,0,247,l_1745804180.705.jpg
0,0,0,0,247,l_1745804181.210.jpg
0,0,0,0,247,l_1745824394.769.jpg
0,0,0,0,247,l_1745824394.930.jpg
0,0,0,0,247,l_1745824395.560.jpg
0,0,0,0,247,l_1745824396.979.jpg
0,0,0,0,247,l_1745824397.401.jpg
0,0,0,0,247,l_1745824400.671.jpg
0,0,0,0,247,l_1745911962.980.jpg
0,0,0,0,247,l_1745911965.472.jpg
0,0,0,0,247,l_1745911967.769.jpg
0,0,0,0,247,l_1746343531.585.jpg
0,0,0,0,247,l_1746343531.606.jpg
0,0,0,0,247,l_1746343531.874.jpg
0,0,0,0,247,l_1746343532.539.jpg
0,0,0,0,247,l_1746343532.581.jpg
0,0,0,0,247,l_1746343533.865.jpg
0,0,0,0,247,l_1746603346.329.jpg
0,0,0,0,247,l_1746603347.404.jpg
0,0,0,0,247,l_1746603348.426.jpg
0,0,0,0,247,l_1746603349.524.jpg
0,0,0,0,247,l_1746603349.631.jpg
0,0,0,0,248,l_1741056445.203.jpg
0,0,0,0,248,l_1741056445.514.jpg
0,0,0,0,248,l_1741056446.569.jpg
0,0,0,0,248,l_1741056446.950.jpg
0,0,0,0,248,l_1741254942.876.jpg
0,0,0,0,248,l_1741254946.503.jpg
0,0,0,0,248,l_1741254947.407.jpg
0,0,0,0,248,l_1741254950.571.jpg
0,0,0,0,248,l_1741254951.189.jpg
0,0,0,0,248,l_1742631081.201.jpg
0,0,0,0,248,l_1742631086.918.jpg
0,0,0,0,248,l_1742631087.325.jpg
0,0,0,0,248,l_1742631089.903.jpg
0,0,0,0,248,l_1742631090.550.jpg
0,0,0,0,248,l_1744529286.882.jpg
0,0,0,0,248,l_1744529290.699.jpg
0,0,0,0,248,l_1744529294.782.jpg
0,0,0,0,248,l_1744529298.706.jpg
0,0,0,0,248,l_1744772105.847.jpg
0,0,0,0,248,l_1744772107.302.jpg
0,0,0,0,248,l_1744772108.327.jpg
0,0,0,0,248,l_1745828638.712.jpg
0,0,0,0,248,l_1745828641.316.jpg
0,0,0,0,248,l_1745890082.676.jpg
0,0,0,0,248,l_1745890084.339.jpg
0,0,0,0,248,l_1745890085.796.jpg
0,0,0,0,248,l_1745893333.275.jpg
0,0,0,0,248,l_1745893334.243.jpg
0,0,0,0,248,l_1745893334.954.jpg
0,0,0,0,248,l_1745893335.685.jpg
0,0,0,0,248,l_1745893337.692.jpg
0,0,0,0,248,l_1745995578.973.jpg
0,0,0,0,248,l_1745995579.424.jpg
0,0,0,0,248,l_1745995580.450.jpg
0,0,0,0,248,l_1745995581.893.jpg
0,0,0,0,248,l_1745995582.271.jpg
0,0,0,0,248,l_1745995582.339.jpg
0,0,0,0,248,l_1746589947.508.jpg
0,0,0,0,248,l_1746589947.955.jpg
0,0,0,0,248,l_1746589949.521.jpg
0,0,0,0,248,l_1746589950.921.jpg
0,0,0,0,248,l_1746602332.723.jpg
0,0,0,0,248,l_1746602332.761.jpg
0,0,0,0,248,l_1746605261.114.jpg
0,0,0,0,248,l_1746605261.759.jpg
0,0,0,0,248,l_1746605263.163.jpg
0,0,0,0,248,l_1746605263.400.jpg
0,0,0,0,248,l_1746670499.338.jpg
0,0,0,0,248,l_1746670500.408.jpg
0,0,0,0,248,l_1746670500.671.jpg
0,0,0,0,248,l_1746670501.152.jpg
0,0,0,0,248,l_1746670502.166.jpg
0,0,0,0,248,l_1746671610.997.jpg
0,0,0,0,248,l_1746671611.294.jpg
0,0,0,0,248,l_1746671611.649.jpg
0,0,0,0,248,l_1746671612.543.jpg
0,0,0,0,248,l_1746766820.505.jpg
0,0,0,0,248,l_1746766824.805.jpg
0,0,0,0,248,l_1746766828.454.jpg
0,0,0,0,248,l_1746766830.941.jpg
0,0,0,0,249,l_1734920662.885.jpg
0,0,0,0,249,l_1734920663.568.jpg
0,0,0,0,249,l_1734920664.657.jpg
0,0,0,0,249,l_1734920665.130.jpg
0,0,0,0,249,l_1734920665.978.jpg
0,0,0,0,249,l_1740124942.567.jpg
0,0,0,0,249,l_1740124943.369.jpg
0,0,0,0,249,l_1740124944.260.jpg
0,0,0,0,249,l_1740124945.837.jpg
0,0,0,0,249,l_1740124946.327.jpg
0,0,0,0,249,l_1740124947.468.jpg
0,0,0,0,249,l_1740131859.598.jpg
0,0,0,0,249,l_1740131860.196.jpg
0,0,0,0,249,l_1740131860.276.jpg
0,0,0,0,249,l_1740131860.410.jpg
0,0,0,0,249,l_1740131861.319.jpg
0,0,0,0,249,l_1740131861.989.jpg
0,0,0,0,249,l_1740206469.815.jpg
0,0,0,0,249,l_1740206491.988.jpg
0,0,0,0,249,l_1740206493.713.jpg
0,0,0,0,249,l_1740206494.334.jpg
0,0,0,0,249,l_1741921440.731.jpg
0,0,0,0,249,l_1741921441.106.jpg
0,0,0,0,249,l_1741921443.427.jpg
0,0,0,0,249,l_1741921450.927.jpg
0,0,0,0,249,l_1742805089.601.jpg
0,0,0,0,249,l_1742805089.799.jpg
0,0,0,0,249,l_1742805090.704.jpg
0,0,0,0,249,l_1742805091.909.jpg
0,0,0,0,249,l_1742805092.292.jpg
0,0,0,0,249,l_1744125199.209.jpg
0,0,0,0,249,l_1744125200.712.jpg
0,0,0,0,249,l_1744125201.675.jpg
0,0,0,0,249,l_1744125201.910.jpg
0,0,0,0,249,l_1744125202.107.jpg
0,0,0,0,249,l_1744255569.533.jpg
0,0,0,0,249,l_1744255570.844.jpg
0,0,0,0,249,l_1744255574.747.jpg
0,0,0,0,249,l_1744255578.895.jpg
0,0,0,0,249,l_1745201295.489.jpg
0,0,0,0,249,l_1745201295.641.jpg
0,0,0,0,249,l_1745201302.949.jpg
0,0,0,0,249,l_1745235098.143.jpg
0,0,0,0,249,l_1745235098.808.jpg
0,0,0,0,249,l_1745235099.586.jpg
0,0,0,0,249,l_1745638793.197.jpg
0,0,0,0,249,l_1745638793.658.jpg
0,0,0,0,249,l_1745638794.124.jpg
0,0,0,0,249,l_1745638794.864.jpg
0,0,0,0,249,l_1745638795.692.jpg
0,0,0,0,249,l_1745855234.206.jpg
0,0,0,0,249,l_1745855234.741.jpg
0,0,0,0,249,l_1745855235.217.jpg
0,0,0,0,249,l_1746260874.728.jpg
0,0,0,0,249,l_1746260875.957.jpg
0,0,0,0,249,l_1746260876.338.jpg
0,0,0,0,249,l_1746260876.437.jpg
0,0,0,0,249,l_1746260877.254.jpg
0,0,0,0,249,l_1746260877.528.jpg
0,0,0,0,249,l_1746343040.209.jpg
0,0,0,0,249,l_1746343040.814.jpg
0,0,0,0,249,l_1746343041.589.jpg
0,0,0,0,249,l_1746343042.470.jpg
0,0,0,0,249,l_1746343042.840.jpg
0,0,0,0,249,l_1746444222.506.jpg
0,0,0,0,249,l_1746444223.189.jpg
0,0,0,0,249,l_1746444223.478.jpg
0,0,0,0,249,l_1746444224.463.jpg
0,0,0,0,249,l_1746444224.620.jpg
0,0,0,0,249,l_1746608160.522.jpg
0,0,0,0,249,l_1746608161.345.jpg
0,0,0,0,249,l_1746608163.424.jpg
0,0,0,0,249,l_1746608163.999.jpg
0,0,0,0,249,l_1746608165.492.jpg
0,0,0,0,250,l_1731396938.923.jpg
0,0,0,0,250,l_1731396939.247.jpg
0,0,0,0,250,l_1731396942.530.jpg
0,0,0,0,250,l_1731396946.477.jpg
0,0,0,0,250,l_1731396947.391.jpg
0,0,0,0,250,l_1736037898.196.jpg
0,0,0,0,250,l_1736037912.519.jpg
0,0,0,0,250,l_1736037919.470.jpg
0,0,0,0,250,l_1736037926.230.jpg
0,0,0,0,250,l_1736388379.262.jpg
0,0,0,0,250,l_1736388380.529.jpg
0,0,0,0,250,l_1736388380.688.jpg
0,0,0,0,250,l_1736388381.668.jpg
0,0,0,0,250,l_1736388381.804.jpg
0,0,0,0,250,l_1736388384.255.jpg
0,0,0,0,250,l_1740636178.727.jpg
0,0,0,0,250,l_1740636178.795.jpg
0,0,0,0,250,l_1740636179.349.jpg
0,0,0,0,250,l_1745032486.843.jpg
0,0,0,0,250,l_1745032490.383.jpg
0,0,0,0,250,l_1745032494.646.jpg
0,0,0,0,250,l_1745032500.297.jpg
0,0,0,0,250,l_1745032503.283.jpg
0,0,0,0,250,l_1745385689.873.jpg
0,0,0,0,250,l_1745385692.726.jpg
0,0,0,0,250,l_1745385692.812.jpg
0,0,0,0,250,l_1745385693.123.jpg
0,0,0,0,250,l_1745385694.255.jpg
0,0,0,0,250,l_1745385694.999.jpg
0,0,0,0,250,l_1745385695.446.jpg
0,0,0,0,250,l_1745670685.420.jpg
0,0,0,0,250,l_1745670687.561.jpg
0,0,0,0,250,l_1745670688.345.jpg
0,0,0,0,250,l_1745670689.253.jpg
0,0,0,0,250,l_1745670689.286.jpg
0,0,0,0,250,l_1745670690.877.jpg
0,0,0,0,250,l_1745670691.958.jpg
0,0,0,0,250,l_1745936167.366.jpg
0,0,0,0,250,l_1745936168.937.jpg
0,0,0,0,250,l_1745936169.415.jpg
0,0,0,0,250,l_1745936170.483.jpg
0,0,0,0,250,l_1745936171.595.jpg
0,0,0,0,250,l_1746368962.860.jpg
0,0,0,0,250,l_1746368963.297.jpg
0,0,0,0,250,l_1746368964.744.jpg
0,0,0,0,250,l_1746368964.922.jpg
0,0,0,0,250,l_1746606355.897.jpg
0,0,0,0,250,l_1746611621.463.jpg
0,0,0,0,250,l_1746611621.627.jpg
0,0,0,0,250,l_1746611622.422.jpg
0,0,0,0,250,l_1746611622.624.jpg
0,0,0,0,250,l_1746611623.131.jpg
0,0,0,0,250,l_1746611623.866.jpg
0,0,0,0,250,l_1746611944.290.jpg
0,0,0,0,250,l_1746611944.904.jpg
0,0,0,0,250,l_1746611945.686.jpg
0,0,0,0,250,l_1746611949.186.jpg
0,0,0,0,251,l_1747364198.463.jpg
0,0,0,0,251,l_1727617908.675.jpg
0,0,0,0,251,l_1727617909.214.jpg
0,0,0,0,251,l_1727617909.986.jpg
0,0,0,0,251,l_1727617910.881.jpg
0,0,0,0,251,l_1727617911.500.jpg
0,0,0,0,251,l_1734064989.170.jpg
0,0,0,0,251,l_1734064992.296.jpg
0,0,0,0,251,l_1734064996.635.jpg
0,0,0,0,251,l_1737788767.215.jpg
0,0,0,0,251,l_1737788767.285.jpg
0,0,0,0,251,l_1737788768.275.jpg
0,0,0,0,251,l_1737788770.562.jpg
0,0,0,0,251,l_1737788771.306.jpg
0,0,0,0,251,l_1737788771.464.jpg
0,0,0,0,251,l_1737788772.786.jpg
0,0,0,0,251,l_1741252483.144.jpg
0,0,0,0,251,l_1741252486.914.jpg
0,0,0,0,251,l_1741252490.912.jpg
0,0,0,0,251,l_1741252491.107.jpg
0,0,0,0,251,l_1741580968.875.jpg
0,0,0,0,251,l_1741580969.125.jpg
0,0,0,0,251,l_1741580970.307.jpg
0,0,0,0,251,l_1741580970.761.jpg
0,0,0,0,251,l_1741580972.321.jpg
0,0,0,0,251,l_1742649621.708.jpg
0,0,0,0,251,l_1742649622.426.jpg
0,0,0,0,251,l_1742649624.675.jpg
0,0,0,0,251,l_1742649625.857.jpg
0,0,0,0,251,l_1743096499.302.jpg
0,0,0,0,251,l_1743096500.855.jpg
0,0,0,0,251,l_1743096500.981.jpg
0,0,0,0,251,l_1743096501.511.jpg
0,0,0,0,251,l_1743096501.930.jpg
0,0,0,0,251,l_1743130320.255.jpg
0,0,0,0,251,l_1743130324.554.jpg
0,0,0,0,251,l_1743130326.127.jpg
0,0,0,0,251,l_1743130327.972.jpg
0,0,0,0,251,l_1743130328.934.jpg
0,0,0,0,251,l_1743407850.598.jpg
0,0,0,0,251,l_1743407850.844.jpg
0,0,0,0,251,l_1743407851.211.jpg
0,0,0,0,251,l_1743407851.935.jpg
0,0,0,0,251,l_1743407852.271.jpg
0,0,0,0,251,l_1743773614.415.jpg
0,0,0,0,251,l_1743773615.703.jpg
0,0,0,0,251,l_1743773615.895.jpg
0,0,0,0,251,l_1743773616.471.jpg
0,0,0,0,251,l_1744122503.441.jpg
0,0,0,0,251,l_1744122504.908.jpg
0,0,0,0,251,l_1744122519.382.jpg
0,0,0,0,251,l_1744122521.427.jpg
0,0,0,0,251,l_1744122524.664.jpg
0,0,0,0,251,l_1744152661.399.jpg
0,0,0,0,251,l_1744152662.654.jpg
0,0,0,0,251,l_1744152663.511.jpg
0,0,0,0,251,l_1744152663.590.jpg
0,0,0,0,251,l_1744360444.715.jpg
0,0,0,0,251,l_1744360446.721.jpg
0,0,0,0,251,l_1744360458.554.jpg
0,0,0,0,251,l_1744729608.865.jpg
0,0,0,0,251,l_1744729608.960.jpg
0,0,0,0,251,l_1744729609.853.jpg
0,0,0,0,251,l_1744729610.750.jpg
0,0,0,0,251,l_1746605666.390.jpg
0,0,0,0,251,l_1746605666.855.jpg
0,0,0,0,251,l_1746605667.392.jpg
0,0,0,0,251,l_1746605667.748.jpg
0,0,0,0,251,l_1746605668.899.jpg
0,0,0,0,251,l_1746762953.196.jpg
0,0,0,0,251,l_1746762955.557.jpg
0,0,0,0,251,l_1746762957.368.jpg
0,0,0,0,251,l_1746762959.581.jpg
0,0,0,0,251,l_1746781502.727.jpg
0,0,0,0,251,l_1746781503.707.jpg
0,0,0,0,251,l_1746781504.727.jpg
0,0,0,0,251,l_1746781509.758.jpg
0,0,0,0,251,l_1747279008.172.jpg
0,0,0,0,251,l_1747279008.637.jpg
0,0,0,0,251,l_1747279010.140.jpg
0,0,0,0,251,l_1747279010.332.jpg
0,0,0,0,251,l_1747279012.426.jpg
0,0,0,0,251,l_1747279013.870.jpg
0,0,0,0,251,l_1747282488.273.jpg
0,0,0,0,251,l_1747282490.716.jpg
0,0,0,0,251,l_1747282492.465.jpg
0,0,0,0,251,l_1747282494.997.jpg
0,0,0,0,251,l_1747282496.566.jpg
0,0,0,0,251,l_1747282498.833.jpg
0,0,0,0,251,l_1747364196.568.jpg
0,0,0,0,251,l_1747364196.747.jpg
0,0,0,0,251,l_1747364197.752.jpg
0,0,0,0,252,l_1711513691.436.jpg
0,0,0,0,252,l_1711513694.115.jpg
0,0,0,0,252,l_1711513697.199.jpg
0,0,0,0,252,l_1711513702.129.jpg
0,0,0,0,252,l_1711513705.546.jpg
0,0,0,0,252,l_1741020612.608.jpg
0,0,0,0,252,l_1741707195.407.jpg
0,0,0,0,252,l_1741707196.748.jpg
0,0,0,0,252,l_1741707197.188.jpg
0,0,0,0,252,l_1741707198.484.jpg
0,0,0,0,252,l_1743847618.676.jpg
0,0,0,0,252,l_1743847619.208.jpg
0,0,0,0,252,l_1743847620.119.jpg
0,0,0,0,252,l_1743847620.247.jpg
0,0,0,0,252,l_1743910257.434.jpg
0,0,0,0,252,l_1743910261.389.jpg
0,0,0,0,252,l_1743910265.282.jpg
0,0,0,0,252,l_1743910268.240.jpg
0,0,0,0,252,l_1743910271.376.jpg
0,0,0,0,252,l_1744272459.867.jpg
0,0,0,0,252,l_1744272460.421.jpg
0,0,0,0,252,l_1744272590.596.jpg
0,0,0,0,252,l_1744278056.984.jpg
0,0,0,0,252,l_1744278057.992.jpg
0,0,0,0,252,l_1744278058.283.jpg
0,0,0,0,252,l_1744278060.381.jpg
0,0,0,0,252,l_1744278064.975.jpg
0,0,0,0,252,l_1744744590.887.jpg
0,0,0,0,252,l_1744744592.203.jpg
0,0,0,0,252,l_1744744597.925.jpg
0,0,0,0,252,l_1744744600.132.jpg
0,0,0,0,252,l_1744744607.180.jpg
0,0,0,0,252,l_1744744610.250.jpg
0,0,0,0,252,l_1744744611.758.jpg
0,0,0,0,252,l_1745074392.671.jpg
0,0,0,0,252,l_1745074393.249.jpg
0,0,0,0,252,l_1745074395.682.jpg
0,0,0,0,252,l_1745074396.680.jpg
0,0,0,0,252,l_1745196833.919.jpg
0,0,0,0,252,l_1745196834.413.jpg
0,0,0,0,252,l_1745196838.448.jpg
0,0,0,0,252,l_1745196839.277.jpg
0,0,0,0,252,l_1745196839.730.jpg
0,0,0,0,252,l_1745196840.758.jpg
0,0,0,0,252,l_1745374576.680.jpg
0,0,0,0,252,l_1745374577.920.jpg
0,0,0,0,252,l_1745374578.578.jpg
0,0,0,0,252,l_1745374579.239.jpg
0,0,0,0,252,l_1745408647.468.jpg
0,0,0,0,252,l_1745408648.280.jpg
0,0,0,0,252,l_1745408648.524.jpg
0,0,0,0,252,l_1745575377.449.jpg
0,0,0,0,252,l_1745575378.146.jpg
0,0,0,0,252,l_1745575378.270.jpg
0,0,0,0,252,l_1745575379.589.jpg
0,0,0,0,252,l_1745575379.816.jpg
0,0,0,0,252,l_1745827846.500.jpg
0,0,0,0,252,l_1745827846.774.jpg
0,0,0,0,252,l_1745827847.482.jpg
0,0,0,0,252,l_1745827848.576.jpg
0,0,0,0,252,l_1745911966.434.jpg
0,0,0,0,252,l_1746427324.869.jpg
0,0,0,0,252,l_1746427325.140.jpg
0,0,0,0,252,l_1746427326.473.jpg
0,0,0,0,252,l_1746427326.984.jpg
0,0,0,0,252,l_1746427327.461.jpg
0,0,0,0,252,l_1746427327.886.jpg
0,0,0,0,252,l_1746437210.410.jpg
0,0,0,0,252,l_1746437212.468.jpg
0,0,0,0,252,l_1746437214.136.jpg
0,0,0,0,252,l_1746437216.179.jpg
0,0,0,0,252,l_1746437217.938.jpg
0,0,0,0,252,l_1746611714.138.jpg
0,0,0,0,252,l_1746611715.529.jpg
0,0,0,0,252,l_1746611717.721.jpg
0,0,0,0,252,l_1746611718.427.jpg
0,0,0,0,252,l_1746678378.312.jpg
0,0,0,0,252,l_1746678379.919.jpg
0,0,0,0,252,l_1746678380.123.jpg
0,0,0,0,252,l_1746678380.283.jpg
0,0,0,0,252,l_1746678381.450.jpg
0,0,0,0,252,l_1746678381.997.jpg
0,0,0,0,252,l_1746678382.438.jpg
0,0,0,0,252,l_1746678383.221.jpg
0,0,0,0,252,l_1746696966.561.jpg
0,0,0,0,252,l_1746696968.213.jpg
0,0,0,0,252,l_1746696969.678.jpg
0,0,0,0,252,l_1746709475.587.jpg
0,0,0,0,252,l_1746709476.620.jpg
0,0,0,0,252,l_1746709477.445.jpg
0,0,0,0,252,l_1746709478.722.jpg
0,0,0,0,252,l_1746709479.340.jpg
0,0,0,0,252,l_1746709480.700.jpg
0,0,0,0,253,l_1740554327.793.jpg
0,0,0,0,253,l_1740554332.569.jpg
0,0,0,0,253,l_1740554333.468.jpg
0,0,0,0,253,l_1740554338.545.jpg
0,0,0,0,253,l_1740554338.707.jpg
0,0,0,0,253,l_1740554339.666.jpg
0,0,0,0,253,l_1741139263.684.jpg
0,0,0,0,253,l_1741139266.642.jpg
0,0,0,0,253,l_1741139269.468.jpg
0,0,0,0,253,l_1741139278.134.jpg
0,0,0,0,253,l_1741162966.338.jpg
0,0,0,0,253,l_1741162966.615.jpg
0,0,0,0,253,l_1741162967.228.jpg
0,0,0,0,253,l_1741162968.755.jpg
0,0,0,0,253,l_1741162968.947.jpg
0,0,0,0,253,l_1741162969.746.jpg
0,0,0,0,253,l_1741162970.730.jpg
0,0,0,0,253,l_1741251022.274.jpg
0,0,0,0,253,l_1741317777.676.jpg
0,0,0,0,253,l_1741317778.388.jpg
0,0,0,0,253,l_1741317778.872.jpg
0,0,0,0,253,l_1741317779.494.jpg
0,0,0,0,253,l_1742365460.316.jpg
0,0,0,0,253,l_1742365461.896.jpg
0,0,0,0,253,l_1742365462.300.jpg
0,0,0,0,253,l_1742365462.790.jpg
0,0,0,0,253,l_1742365463.261.jpg
0,0,0,0,253,l_1743912401.964.jpg
0,0,0,0,253,l_1743912402.153.jpg
0,0,0,0,253,l_1743912403.163.jpg
0,0,0,0,253,l_1743912404.346.jpg
0,0,0,0,253,l_1743912404.644.jpg
0,0,0,0,253,l_1744379126.328.jpg
0,0,0,0,253,l_1744379128.742.jpg
0,0,0,0,253,l_1744379129.523.jpg
0,0,0,0,253,l_1744439559.708.jpg
0,0,0,0,253,l_1744439559.813.jpg
0,0,0,0,253,l_1744439560.380.jpg
0,0,0,0,253,l_1744776965.858.jpg
0,0,0,0,253,l_1744776967.953.jpg
0,0,0,0,253,l_1744776968.539.jpg
0,0,0,0,253,l_1744776969.481.jpg
0,0,0,0,253,l_1744776970.608.jpg
0,0,0,0,253,l_1744776971.472.jpg
0,0,0,0,253,l_1744776972.356.jpg
0,0,0,0,253,l_1745028442.966.jpg
0,0,0,0,253,l_1745028443.595.jpg
0,0,0,0,253,l_1745028444.198.jpg
0,0,0,0,253,l_1745028445.187.jpg
0,0,0,0,253,l_1745047753.996.jpg
0,0,0,0,253,l_1745047754.121.jpg
0,0,0,0,253,l_1745047755.774.jpg
0,0,0,0,253,l_1745047758.265.jpg
0,0,0,0,253,l_1745047759.305.jpg
0,0,0,0,253,l_1745493197.190.jpg
0,0,0,0,253,l_1745493198.754.jpg
0,0,0,0,253,l_1745493199.774.jpg
0,0,0,0,253,l_1745493200.408.jpg
0,0,0,0,253,l_1745493201.853.jpg
0,0,0,0,253,l_1745926251.210.jpg
0,0,0,0,253,l_1745926253.716.jpg
0,0,0,0,253,l_1745926255.870.jpg
0,0,0,0,253,l_1745926256.865.jpg
0,0,0,0,253,l_1746515771.342.jpg
0,0,0,0,253,l_1746515772.864.jpg
0,0,0,0,253,l_1746515774.507.jpg
0,0,0,0,253,l_1746515781.947.jpg
0,0,0,0,253,l_1746695920.310.jpg
0,0,0,0,253,l_1746695921.162.jpg
0,0,0,0,253,l_1746695921.851.jpg
0,0,0,0,253,l_1746759802.379.jpg
0,0,0,0,253,l_1746759803.746.jpg
0,0,0,0,253,l_1746759803.819.jpg
0,0,0,0,253,l_1746759804.272.jpg
0,0,0,0,253,l_1746759804.867.jpg
0,0,0,0,254,l_1739372205.354.jpg
0,0,0,0,254,l_1739372207.529.jpg
0,0,0,0,254,l_1739372209.298.jpg
0,0,0,0,254,l_1739372210.132.jpg
0,0,0,0,254,l_1739372212.239.jpg
0,0,0,0,254,l_1739372221.685.jpg
0,0,0,0,254,l_1744161958.638.jpg
0,0,0,0,254,l_1744161969.376.jpg
0,0,0,0,254,l_1744161974.772.jpg
0,0,0,0,254,l_1744161981.683.jpg
0,0,0,0,254,l_1744537627.905.jpg
0,0,0,0,254,l_1744537630.285.jpg
0,0,0,0,254,l_1744537633.162.jpg
0,0,0,0,254,l_1744537635.935.jpg
0,0,0,0,254,l_1744680543.643.jpg
0,0,0,0,254,l_1744680543.702.jpg
0,0,0,0,254,l_1744680544.151.jpg
0,0,0,0,254,l_1744680544.601.jpg
0,0,0,0,254,l_1744680544.723.jpg
0,0,0,0,254,l_1744680545.200.jpg
0,0,0,0,254,l_1744863801.142.jpg
0,0,0,0,254,l_1744863807.941.jpg
0,0,0,0,254,l_1744863813.815.jpg
0,0,0,0,254,l_1744863818.466.jpg
0,0,0,0,254,l_1744863818.550.jpg
0,0,0,0,254,l_1744863825.493.jpg
0,0,0,0,254,l_1745224588.536.jpg
0,0,0,0,254,l_1745224589.823.jpg
0,0,0,0,254,l_1745224590.209.jpg
0,0,0,0,254,l_1745224590.673.jpg
0,0,0,0,254,l_1745224591.989.jpg
0,0,0,0,254,l_1745327647.781.jpg
0,0,0,0,254,l_1745327650.941.jpg
0,0,0,0,254,l_1745327652.355.jpg
0,0,0,0,254,l_1745327654.549.jpg
0,0,0,0,254,l_1745327656.546.jpg
0,0,0,0,254,l_1745327658.960.jpg
0,0,0,0,254,l_1745327661.261.jpg
0,0,0,0,254,l_1745574991.144.jpg
0,0,0,0,254,l_1745574991.719.jpg
0,0,0,0,254,l_1745574992.175.jpg
0,0,0,0,254,l_1745574993.263.jpg
0,0,0,0,254,l_1745574993.829.jpg
0,0,0,0,254,l_1745829912.449.jpg
0,0,0,0,254,l_1745829913.399.jpg
0,0,0,0,254,l_1745829914.165.jpg
0,0,0,0,254,l_1745829914.787.jpg
0,0,0,0,254,l_1745829915.985.jpg
0,0,0,0,254,l_1745829916.364.jpg
0,0,0,0,254,l_1746324082.659.jpg
0,0,0,0,254,l_1746324084.957.jpg
0,0,0,0,254,l_1746324085.751.jpg
0,0,0,0,254,l_1746324094.959.jpg
0,0,0,0,254,l_1746591556.293.jpg
0,0,0,0,254,l_1746591556.608.jpg
0,0,0,0,254,l_1746591557.228.jpg
0,0,0,0,254,l_1746591558.489.jpg
0,0,0,0,254,l_1746626047.522.jpg
0,0,0,0,254,l_1746626048.137.jpg
0,0,0,0,254,l_1746626049.387.jpg
0,0,0,0,254,l_1746626050.460.jpg
0,0,0,0,254,l_1746668992.843.jpg
0,0,0,0,254,l_1746668998.233.jpg
0,0,0,0,254,l_1746668998.808.jpg
0,0,0,0,254,l_1746687702.668.jpg
0,0,0,0,254,l_1746687703.622.jpg
0,0,0,0,254,l_1746687703.897.jpg
0,0,0,0,254,l_1746687704.614.jpg
0,0,0,0,254,l_1746687706.701.jpg
0,0,0,0,254,l_1746755808.484.jpg
0,0,0,0,254,l_1746755809.914.jpg
0,0,0,0,254,l_1746755810.229.jpg
0,0,0,0,254,l_1746755810.424.jpg
0,0,0,0,254,l_1746755811.999.jpg
0,0,0,0,254,l_1746764062.966.jpg
0,0,0,0,254,l_1746764066.431.jpg
0,0,0,0,254,l_1746764066.663.jpg
0,0,0,0,254,l_1746764069.561.jpg
0,0,0,0,255,l_1747456952.657.jpg
0,0,0,0,255,l_1719971278.514.jpg
0,0,0,0,255,l_1719971280.834.jpg
0,0,0,0,255,l_1719971281.874.jpg
0,0,0,0,255,l_1719971283.924.jpg
0,0,0,0,255,l_1719971287.801.jpg
0,0,0,0,255,l_1733368517.554.jpg
0,0,0,0,255,l_1733368517.680.jpg
0,0,0,0,255,l_1733368518.937.jpg
0,0,0,0,255,l_1733368519.232.jpg
0,0,0,0,255,l_1733368519.925.jpg
0,0,0,0,255,l_1733368520.608.jpg
0,0,0,0,255,l_1736738100.986.jpg
0,0,0,0,255,l_1736738101.983.jpg
0,0,0,0,255,l_1736738102.933.jpg
0,0,0,0,255,l_1736738104.844.jpg
0,0,0,0,255,l_1736738105.440.jpg
0,0,0,0,255,l_1740678392.800.jpg
0,0,0,0,255,l_1740678393.575.jpg
0,0,0,0,255,l_1740678394.622.jpg
0,0,0,0,255,l_1740678394.975.jpg
0,0,0,0,255,l_1740678395.337.jpg
0,0,0,0,255,l_1741054610.855.jpg
0,0,0,0,255,l_1741054611.243.jpg
0,0,0,0,255,l_1741054611.849.jpg
0,0,0,0,255,l_1741054613.955.jpg
0,0,0,0,255,l_1741054615.948.jpg
0,0,0,0,255,l_1741054617.695.jpg
0,0,0,0,255,l_1741054619.939.jpg
0,0,0,0,255,l_1742439041.276.jpg
0,0,0,0,255,l_1742439042.779.jpg
0,0,0,0,255,l_1742439043.409.jpg
0,0,0,0,255,l_1742439048.230.jpg
0,0,0,0,255,l_1743749352.833.jpg
0,0,0,0,255,l_1743749380.529.jpg
0,0,0,0,255,l_1743749380.931.jpg
0,0,0,0,255,l_1743749389.373.jpg
0,0,0,0,255,l_1744264671.740.jpg
0,0,0,0,255,l_1744264673.406.jpg
0,0,0,0,255,l_1744264676.160.jpg
0,0,0,0,255,l_1744689411.139.jpg
0,0,0,0,255,l_1744689413.298.jpg
0,0,0,0,255,l_1744689419.679.jpg
0,0,0,0,255,l_1744712499.884.jpg
0,0,0,0,255,l_1744712502.927.jpg
0,0,0,0,255,l_1744712508.407.jpg
0,0,0,0,255,l_1744712524.829.jpg
0,0,0,0,255,l_1744712561.985.jpg
0,0,0,0,255,l_1744856952.466.jpg
0,0,0,0,255,l_1744856953.582.jpg
0,0,0,0,255,l_1744856956.928.jpg
0,0,0,0,255,l_1744856958.920.jpg
0,0,0,0,255,l_1744856959.739.jpg
0,0,0,0,255,l_1745036888.648.jpg
0,0,0,0,255,l_1745036889.630.jpg
0,0,0,0,255,l_1745036890.221.jpg
0,0,0,0,255,l_1745375060.746.jpg
0,0,0,0,255,l_1745375064.659.jpg
0,0,0,0,255,l_1745375071.298.jpg
0,0,0,0,255,l_1745375078.618.jpg
0,0,0,0,255,l_1745375080.355.jpg
0,0,0,0,255,l_1745375081.964.jpg
0,0,0,0,255,l_1745456291.225.jpg
0,0,0,0,255,l_1745456291.926.jpg
0,0,0,0,255,l_1745456292.310.jpg
0,0,0,0,255,l_1745456293.245.jpg
0,0,0,0,255,l_1745456293.693.jpg
0,0,0,0,255,l_1745456297.143.jpg
0,0,0,0,255,l_1745659039.609.jpg
0,0,0,0,255,l_1745659045.672.jpg
0,0,0,0,255,l_1745659048.230.jpg
0,0,0,0,255,l_1745659049.515.jpg
0,0,0,0,255,l_1745659049.832.jpg
0,0,0,0,255,l_1745659050.319.jpg
0,0,0,0,255,l_1746285392.202.jpg
0,0,0,0,255,l_1746285392.715.jpg
0,0,0,0,255,l_1746285393.712.jpg
0,0,0,0,255,l_1746764196.533.jpg
0,0,0,0,255,l_1746764199.680.jpg
0,0,0,0,255,l_1746764201.704.jpg
0,0,0,0,255,l_1746764203.185.jpg
0,0,0,0,255,l_1746764205.462.jpg
0,0,0,0,255,l_1746764207.386.jpg
0,0,0,0,255,l_1747118955.192.jpg
0,0,0,0,255,l_1747118955.854.jpg
0,0,0,0,255,l_1747118956.577.jpg
0,0,0,0,255,l_1747118959.380.jpg
0,0,0,0,255,l_1747195781.330.jpg
0,0,0,0,255,l_1747195785.278.jpg
0,0,0,0,255,l_1747195790.841.jpg
0,0,0,0,255,l_1747195794.387.jpg
0,0,0,0,255,l_1747456945.132.jpg
0,0,0,0,255,l_1747456946.388.jpg
0,0,0,0,255,l_1747456951.643.jpg
0,0,0,0,256,l_1734663372.309.jpg
0,0,0,0,256,l_1734663372.793.jpg
0,0,0,0,256,l_1734663373.257.jpg
0,0,0,0,256,l_1739790000.648.jpg
0,0,0,0,256,l_1739790001.226.jpg
0,0,0,0,256,l_1739790001.279.jpg
0,0,0,0,256,l_1739790004.962.jpg
0,0,0,0,256,l_1740111966.631.jpg
0,0,0,0,256,l_1740111967.780.jpg
0,0,0,0,256,l_1740111968.546.jpg
0,0,0,0,256,l_1740111970.311.jpg
0,0,0,0,256,l_1740111971.353.jpg
0,0,0,0,256,l_1740111971.409.jpg
0,0,0,0,256,l_1741073325.863.jpg
0,0,0,0,256,l_1741073326.158.jpg
0,0,0,0,256,l_1741073326.746.jpg
0,0,0,0,256,l_1741316184.207.jpg
0,0,0,0,256,l_1741316184.572.jpg
0,0,0,0,256,l_1741316185.842.jpg
0,0,0,0,256,l_1741316185.906.jpg
0,0,0,0,256,l_1741316186.179.jpg
0,0,0,0,256,l_1741676664.968.jpg
0,0,0,0,256,l_1741676664.975.jpg
0,0,0,0,256,l_1741676665.997.jpg
0,0,0,0,256,l_1741676666.792.jpg
0,0,0,0,256,l_1741676667.748.jpg
0,0,0,0,256,l_1742190987.771.jpg
0,0,0,0,256,l_1742190988.563.jpg
0,0,0,0,256,l_1742190989.756.jpg
0,0,0,0,256,l_1742190994.405.jpg
0,0,0,0,256,l_1742190995.411.jpg
0,0,0,0,256,l_1742790613.505.jpg
0,0,0,0,256,l_1742790613.761.jpg
0,0,0,0,256,l_1742790614.816.jpg
0,0,0,0,256,l_1742790615.209.jpg
0,0,0,0,256,l_1742790615.386.jpg
0,0,0,0,256,l_1742790616.947.jpg
0,0,0,0,256,l_1742790617.972.jpg
0,0,0,0,256,l_1743493970.768.jpg
0,0,0,0,256,l_1743493972.111.jpg
0,0,0,0,256,l_1743493973.278.jpg
0,0,0,0,256,l_1743493975.182.jpg
0,0,0,0,256,l_1743493977.493.jpg
0,0,0,0,256,l_1743848387.251.jpg
0,0,0,0,256,l_1743848387.655.jpg
0,0,0,0,256,l_1743848388.983.jpg
0,0,0,0,256,l_1743848391.325.jpg
0,0,0,0,256,l_1743848391.908.jpg
0,0,0,0,256,l_1744083081.747.jpg
0,0,0,0,256,l_1744083082.256.jpg
0,0,0,0,256,l_1744083082.327.jpg
0,0,0,0,256,l_1744083083.856.jpg
0,0,0,0,256,l_1744083084.214.jpg
0,0,0,0,256,l_1744083085.957.jpg
0,0,0,0,256,l_1744172371.648.jpg
0,0,0,0,256,l_1744172371.891.jpg
0,0,0,0,256,l_1744172374.378.jpg
0,0,0,0,256,l_1744172376.918.jpg
0,0,0,0,256,l_1744431341.422.jpg
0,0,0,0,256,l_1744431344.309.jpg
0,0,0,0,256,l_1744431347.249.jpg
0,0,0,0,256,l_1744431349.178.jpg
0,0,0,0,256,l_1744431378.557.jpg
0,0,0,0,256,l_1744615988.926.jpg
0,0,0,0,256,l_1744615989.463.jpg
0,0,0,0,256,l_1744615989.771.jpg
0,0,0,0,256,l_1744615992.811.jpg
0,0,0,0,256,l_1744615992.909.jpg
0,0,0,0,256,l_1745831670.902.jpg
0,0,0,0,256,l_1745831671.748.jpg
0,0,0,0,256,l_1745831673.598.jpg
0,0,0,0,256,l_1745831673.649.jpg
0,0,0,0,256,l_1745831674.802.jpg
0,0,0,0,256,l_1746021019.188.jpg
0,0,0,0,256,l_1746021020.116.jpg
0,0,0,0,256,l_1746021021.492.jpg
0,0,0,0,256,l_1746021022.345.jpg
0,0,0,0,256,l_1746253467.608.jpg
0,0,0,0,256,l_1746253467.808.jpg
0,0,0,0,256,l_1746253468.121.jpg
0,0,0,0,256,l_1746253468.946.jpg
0,0,0,0,256,l_1746253469.655.jpg
0,0,0,0,256,l_1746279704.247.jpg
0,0,0,0,256,l_1746279704.299.jpg
0,0,0,0,256,l_1746442868.379.jpg
0,0,0,0,256,l_1746442869.847.jpg
0,0,0,0,256,l_1746442869.909.jpg
0,0,0,0,256,l_1746442870.119.jpg
0,0,0,0,256,l_1746442870.228.jpg
0,0,0,0,268,l_1746866210.173.jpg
0,0,0,0,268,l_1734698649.155.jpg
0,0,0,0,268,l_1734698649.916.jpg
0,0,0,0,268,l_1734698650.973.jpg
0,0,0,0,268,l_1734698651.169.jpg
0,0,0,0,268,l_1734698651.853.jpg
0,0,0,0,268,l_1734698652.548.jpg
0,0,0,0,268,l_1740803233.694.jpg
0,0,0,0,268,l_1740803233.896.jpg
0,0,0,0,268,l_1740803234.762.jpg
0,0,0,0,268,l_1740803238.945.jpg
0,0,0,0,268,l_1741140440.510.jpg
0,0,0,0,268,l_1741140440.743.jpg
0,0,0,0,268,l_1741140441.926.jpg
0,0,0,0,268,l_1741140446.730.jpg
0,0,0,0,268,l_1741140447.822.jpg
0,0,0,0,268,l_1741140448.781.jpg
0,0,0,0,268,l_1741230770.191.jpg
0,0,0,0,268,l_1741230771.645.jpg
0,0,0,0,268,l_1741230771.988.jpg
0,0,0,0,268,l_1741230772.687.jpg
0,0,0,0,268,l_1741230772.844.jpg
0,0,0,0,268,l_1741834224.878.jpg
0,0,0,0,268,l_1741834224.960.jpg
0,0,0,0,268,l_1741834225.786.jpg
0,0,0,0,268,l_1741834226.350.jpg
0,0,0,0,268,l_1741834226.506.jpg
0,0,0,0,268,l_1742444715.182.jpg
0,0,0,0,268,l_1742444715.979.jpg
0,0,0,0,268,l_1742444716.496.jpg
0,0,0,0,268,l_1742444717.264.jpg
0,0,0,0,268,l_1742444717.851.jpg
0,0,0,0,268,l_1742449188.424.jpg
0,0,0,0,268,l_1742449188.975.jpg
0,0,0,0,268,l_1742449190.293.jpg
0,0,0,0,268,l_1742449191.815.jpg
0,0,0,0,268,l_1742449191.868.jpg
0,0,0,0,268,l_1742449193.415.jpg
0,0,0,0,268,l_1742449194.794.jpg
0,0,0,0,268,l_1742449195.792.jpg
0,0,0,0,268,l_1742631494.877.jpg
0,0,0,0,268,l_1742631495.519.jpg
0,0,0,0,268,l_1742631496.691.jpg
0,0,0,0,268,l_1742631497.964.jpg
0,0,0,0,268,l_1742631498.157.jpg
0,0,0,0,268,l_1743733794.219.jpg
0,0,0,0,268,l_1743733795.561.jpg
0,0,0,0,268,l_1743733798.227.jpg
0,0,0,0,268,l_1743991263.717.jpg
0,0,0,0,268,l_1743991264.862.jpg
0,0,0,0,268,l_1743991265.286.jpg
0,0,0,0,268,l_1743991265.974.jpg
0,0,0,0,268,l_1743991266.607.jpg
0,0,0,0,268,l_1743991267.255.jpg
0,0,0,0,268,l_1745394847.790.jpg
0,0,0,0,268,l_1745394850.773.jpg
0,0,0,0,268,l_1745394851.520.jpg
0,0,0,0,268,l_1745895195.954.jpg
0,0,0,0,268,l_1745895197.409.jpg
0,0,0,0,268,l_1745895199.418.jpg
0,0,0,0,268,l_1745895202.570.jpg
0,0,0,0,268,l_1745895203.982.jpg
0,0,0,0,268,l_1746600835.555.jpg
0,0,0,0,268,l_1746600835.606.jpg
0,0,0,0,268,l_1746600836.251.jpg
0,0,0,0,268,l_1746600836.777.jpg
0,0,0,0,268,l_1746852819.414.jpg
0,0,0,0,268,l_1746852820.371.jpg
0,0,0,0,268,l_1746852820.565.jpg
0,0,0,0,268,l_1746852824.274.jpg
0,0,0,0,268,l_1746866171.718.jpg
0,0,0,0,268,l_1746866172.145.jpg
0,0,0,0,268,l_1746866210.115.jpg
0,0,0,0,269,l_1746858550.422.jpg
0,0,0,0,269,l_1715744656.136.jpg
0,0,0,0,269,l_1715744656.744.jpg
0,0,0,0,269,l_1715744657.998.jpg
0,0,0,0,269,l_1715744658.771.jpg
0,0,0,0,269,l_1715744659.336.jpg
0,0,0,0,269,l_1715744659.792.jpg
0,0,0,0,269,l_1720756416.339.jpg
0,0,0,0,269,l_1720756417.678.jpg
0,0,0,0,269,l_1720756418.264.jpg
0,0,0,0,269,l_1720756418.680.jpg
0,0,0,0,269,l_1720756419.259.jpg
0,0,0,0,269,l_1720756419.878.jpg
0,0,0,0,269,l_1734010780.109.jpg
0,0,0,0,269,l_1734010781.553.jpg
0,0,0,0,269,l_1734010781.888.jpg
0,0,0,0,269,l_1734010782.482.jpg
0,0,0,0,269,l_1736051782.867.jpg
0,0,0,0,269,l_1736051783.298.jpg
0,0,0,0,269,l_1736051783.306.jpg
0,0,0,0,269,l_1736051784.835.jpg
0,0,0,0,269,l_1736051784.881.jpg
0,0,0,0,269,l_1738987870.613.jpg
0,0,0,0,269,l_1738987876.539.jpg
0,0,0,0,269,l_1738987886.479.jpg
0,0,0,0,269,l_1738987888.625.jpg
0,0,0,0,269,l_1738987890.528.jpg
0,0,0,0,269,l_1738987892.806.jpg
0,0,0,0,269,l_1742609047.844.jpg
0,0,0,0,269,l_1742609047.907.jpg
0,0,0,0,269,l_1742609049.234.jpg
0,0,0,0,269,l_1742609057.676.jpg
0,0,0,0,269,l_1742609058.662.jpg
0,0,0,0,269,l_1742609058.940.jpg
0,0,0,0,269,l_1742642267.201.jpg
0,0,0,0,269,l_1742642267.585.jpg
0,0,0,0,269,l_1742642268.493.jpg
0,0,0,0,269,l_1742642268.666.jpg
0,0,0,0,269,l_1742642268.840.jpg
0,0,0,0,269,l_1742642269.631.jpg
0,0,0,0,269,l_1742975197.329.jpg
0,0,0,0,269,l_1742975197.374.jpg
0,0,0,0,269,l_1742975198.171.jpg
0,0,0,0,269,l_1742975201.752.jpg
0,0,0,0,269,l_1744603427.882.jpg
0,0,0,0,269,l_1744603448.784.jpg
0,0,0,0,269,l_1744603453.303.jpg
0,0,0,0,269,l_1744603459.157.jpg
0,0,0,0,269,l_1744603464.911.jpg
0,0,0,0,269,l_1744603526.493.jpg
0,0,0,0,269,l_1744691217.207.jpg
0,0,0,0,269,l_1744691309.790.jpg
0,0,0,0,269,l_1744691312.301.jpg
0,0,0,0,269,l_1744691323.598.jpg
0,0,0,0,269,l_1744691378.735.jpg
0,0,0,0,269,l_1745037326.339.jpg
0,0,0,0,269,l_1745037327.160.jpg
0,0,0,0,269,l_1745037327.318.jpg
0,0,0,0,269,l_1745037329.276.jpg
0,0,0,0,269,l_1745285741.200.jpg
0,0,0,0,269,l_1745285741.846.jpg
0,0,0,0,269,l_1745285743.160.jpg
0,0,0,0,269,l_1745285744.890.jpg
0,0,0,0,269,l_1745285745.362.jpg
0,0,0,0,269,l_1745377391.383.jpg
0,0,0,0,269,l_1745377391.697.jpg
0,0,0,0,269,l_1745377392.730.jpg
0,0,0,0,269,l_1745377392.916.jpg
0,0,0,0,269,l_1745377393.346.jpg
0,0,0,0,269,l_1745377393.507.jpg
0,0,0,0,269,l_1745655139.151.jpg
0,0,0,0,269,l_1745655651.893.jpg
0,0,0,0,269,l_1745655659.103.jpg
0,0,0,0,269,l_1745655666.483.jpg
0,0,0,0,269,l_1745655671.929.jpg
0,0,0,0,269,l_1745655755.478.jpg
0,0,0,0,269,l_1746507779.527.jpg
0,0,0,0,269,l_1746507784.414.jpg
0,0,0,0,269,l_1746507792.743.jpg
0,0,0,0,269,l_1746507799.354.jpg
0,0,0,0,269,l_1746507804.973.jpg
0,0,0,0,269,l_1746670147.155.jpg
0,0,0,0,269,l_1746670148.290.jpg
0,0,0,0,269,l_1746670148.863.jpg
0,0,0,0,269,l_1746670149.712.jpg
0,0,0,0,269,l_1746670150.105.jpg
0,0,0,0,269,l_1746858548.884.jpg
0,0,0,0,269,l_1746858549.495.jpg
0,0,0,0,269,l_1746858549.619.jpg
0,0,0,0,269,l_1746858550.181.jpg
0,0,0,0,270,l_1746868828.827.jpg
0,0,0,0,270,l_1727944842.302.jpg
0,0,0,0,270,l_1727944843.154.jpg
0,0,0,0,270,l_1727944843.523.jpg
0,0,0,0,270,l_1727944844.931.jpg
0,0,0,0,270,l_1727944845.925.jpg
0,0,0,0,270,l_1732692003.153.jpg
0,0,0,0,270,l_1732692004.191.jpg
0,0,0,0,270,l_1732692004.621.jpg
0,0,0,0,270,l_1732692005.168.jpg
0,0,0,0,270,l_1732692007.885.jpg
0,0,0,0,270,l_1732692008.569.jpg
0,0,0,0,270,l_1740614445.470.jpg
0,0,0,0,270,l_1740614446.266.jpg
0,0,0,0,270,l_1740614447.374.jpg
0,0,0,0,270,l_1740614448.263.jpg
0,0,0,0,270,l_1740614448.292.jpg
0,0,0,0,270,l_1740614449.677.jpg
0,0,0,0,270,l_1740725139.349.jpg
0,0,0,0,270,l_1740725139.477.jpg
0,0,0,0,270,l_1740725140.666.jpg
0,0,0,0,270,l_1740725140.905.jpg
0,0,0,0,270,l_1741100116.479.jpg
0,0,0,0,270,l_1741100117.652.jpg
0,0,0,0,270,l_1741100118.756.jpg
0,0,0,0,270,l_1741100119.558.jpg
0,0,0,0,270,l_1741100120.539.jpg
0,0,0,0,270,l_1741100121.584.jpg
0,0,0,0,270,l_1741100121.603.jpg
0,0,0,0,270,l_1743169371.907.jpg
0,0,0,0,270,l_1743169372.350.jpg
0,0,0,0,270,l_1743169372.664.jpg
0,0,0,0,270,l_1743222227.259.jpg
0,0,0,0,270,l_1743222227.825.jpg
0,0,0,0,270,l_1743222228.853.jpg
0,0,0,0,270,l_1743222229.440.jpg
0,0,0,0,270,l_1743222230.427.jpg
0,0,0,0,270,l_1743398966.620.jpg
0,0,0,0,270,l_1743398969.507.jpg
0,0,0,0,270,l_1743398971.546.jpg
0,0,0,0,270,l_1743398976.131.jpg
0,0,0,0,270,l_1743554697.641.jpg
0,0,0,0,270,l_1743554698.918.jpg
0,0,0,0,270,l_1743554699.599.jpg
0,0,0,0,270,l_1744441993.497.jpg
0,0,0,0,270,l_1744441994.532.jpg
0,0,0,0,270,l_1744441994.926.jpg
0,0,0,0,270,l_1744441995.428.jpg
0,0,0,0,270,l_1744441995.653.jpg
0,0,0,0,270,l_1745476642.481.jpg
0,0,0,0,270,l_1745476643.315.jpg
0,0,0,0,270,l_1745476644.170.jpg
0,0,0,0,270,l_1745476644.535.jpg
0,0,0,0,270,l_1745476645.640.jpg
0,0,0,0,270,l_1746411617.107.jpg
0,0,0,0,270,l_1746411625.748.jpg
0,0,0,0,270,l_1746411626.283.jpg
0,0,0,0,270,l_1746411641.566.jpg
0,0,0,0,270,l_1746417531.976.jpg
0,0,0,0,270,l_1746417533.591.jpg
0,0,0,0,270,l_1746417536.582.jpg
0,0,0,0,270,l_1746417539.217.jpg
0,0,0,0,270,l_1746417545.732.jpg
0,0,0,0,270,l_1746418311.355.jpg
0,0,0,0,270,l_1746418314.802.jpg
0,0,0,0,270,l_1746418316.888.jpg
0,0,0,0,270,l_1746418318.492.jpg
0,0,0,0,270,l_1746418319.966.jpg
0,0,0,0,270,l_1746675942.544.jpg
0,0,0,0,270,l_1746675947.105.jpg
0,0,0,0,270,l_1746675952.396.jpg
0,0,0,0,270,l_1746675955.420.jpg
0,0,0,0,270,l_1746675960.368.jpg
0,0,0,0,270,l_1746675964.878.jpg
0,0,0,0,270,l_1746868827.203.jpg
0,0,0,0,270,l_1746868827.445.jpg
0,0,0,0,270,l_1746868828.641.jpg
0,0,0,0,273,l_1746867057.521.jpg
0,0,0,0,273,l_1689214625.894.jpg
0,0,0,0,273,l_1689214626.565.jpg
0,0,0,0,273,l_1689214627.101.jpg
0,0,0,0,273,l_1689214629.885.jpg
0,0,0,0,273,l_1689214630.375.jpg
0,0,0,0,273,l_1689305627.963.jpg
0,0,0,0,273,l_1689305638.530.jpg
0,0,0,0,273,l_1689305639.198.jpg
0,0,0,0,273,l_1689305640.704.jpg
0,0,0,0,273,l_1689305641.278.jpg
0,0,0,0,273,l_1689305642.347.jpg
0,0,0,0,273,l_1689305643.534.jpg
0,0,0,0,273,l_1689305644.976.jpg
0,0,0,0,273,l_1703749216.582.jpg
0,0,0,0,273,l_1703749217.663.jpg
0,0,0,0,273,l_1703749218.578.jpg
0,0,0,0,273,l_1703749221.315.jpg
0,0,0,0,273,l_1703749224.330.jpg
0,0,0,0,273,l_1703749226.326.jpg
0,0,0,0,273,l_1703749228.808.jpg
0,0,0,0,273,l_1704422775.490.jpg
0,0,0,0,273,l_1704422803.370.jpg
0,0,0,0,273,l_1704422815.163.jpg
0,0,0,0,273,l_1704422852.229.jpg
0,0,0,0,273,l_1704422854.154.jpg
0,0,0,0,273,l_1732152408.220.jpg
0,0,0,0,273,l_1732152408.872.jpg
0,0,0,0,273,l_1732152409.998.jpg
0,0,0,0,273,l_1732181026.272.jpg
0,0,0,0,273,l_1732181026.580.jpg
0,0,0,0,273,l_1732181029.733.jpg
0,0,0,0,273,l_1732181030.355.jpg
0,0,0,0,273,l_1732181031.176.jpg
0,0,0,0,273,l_1732181032.845.jpg
0,0,0,0,273,l_1732181033.874.jpg
0,0,0,0,273,l_1740561159.281.jpg
0,0,0,0,273,l_1740561160.207.jpg
0,0,0,0,273,l_1740561163.665.jpg
0,0,0,0,273,l_1740642647.108.jpg
0,0,0,0,273,l_1740642648.453.jpg
0,0,0,0,273,l_1740642650.484.jpg
0,0,0,0,273,l_1743669237.760.jpg
0,0,0,0,273,l_1743669237.968.jpg
0,0,0,0,273,l_1743669238.181.jpg
0,0,0,0,273,l_1743669238.199.jpg
0,0,0,0,273,l_1743669239.589.jpg
0,0,0,0,273,l_1744206995.605.jpg
0,0,0,0,273,l_1744206996.114.jpg
0,0,0,0,273,l_1744206996.181.jpg
0,0,0,0,273,l_1744810971.111.jpg
0,0,0,0,273,l_1744810971.188.jpg
0,0,0,0,273,l_1745307844.670.jpg
0,0,0,0,273,l_1745307844.724.jpg
0,0,0,0,273,l_1745307845.514.jpg
0,0,0,0,273,l_1745307845.783.jpg
0,0,0,0,273,l_1745307846.260.jpg
0,0,0,0,273,l_1746015271.128.jpg
0,0,0,0,273,l_1746015272.767.jpg
0,0,0,0,273,l_1746015274.787.jpg
0,0,0,0,273,l_1746015276.278.jpg
0,0,0,0,273,l_1746015277.901.jpg
0,0,0,0,273,l_1746360568.511.jpg
0,0,0,0,273,l_1746360570.103.jpg
0,0,0,0,273,l_1746360572.650.jpg
0,0,0,0,273,l_1746360573.183.jpg
0,0,0,0,273,l_1746360573.832.jpg
0,0,0,0,273,l_1746522739.174.jpg
0,0,0,0,273,l_1746522741.367.jpg
0,0,0,0,273,l_1746522742.235.jpg
0,0,0,0,273,l_1746522744.900.jpg
0,0,0,0,273,l_1746522754.313.jpg
0,0,0,0,273,l_1746711508.828.jpg
0,0,0,0,273,l_1746711509.369.jpg
0,0,0,0,273,l_1746711509.919.jpg
0,0,0,0,273,l_1746711510.286.jpg
0,0,0,0,273,l_1746711510.742.jpg
0,0,0,0,273,l_1746867056.589.jpg
0,0,0,0,272,l_1694510223.956.jpg
0,0,0,0,272,l_1694510205.544.jpg
0,0,0,0,272,l_1694510220.665.jpg
0,0,0,0,272,l_1694510222.856.jpg
0,0,0,0,272,l_1742091207.147.jpg
0,0,0,0,272,l_1742091204.100.jpg
0,0,0,0,272,l_1742091204.722.jpg
0,0,0,0,272,l_1742091205.436.jpg
0,0,0,0,272,l_1630049364.767.jpg
0,0,0,0,272,l_1630049364.652.jpg
0,0,0,0,272,l_1630049362.755.jpg
0,0,0,0,272,l_1630049362.136.jpg
0,0,0,0,272,l_1630049362.837.jpg
0,0,0,0,272,l_1744965498.248.jpg
0,0,0,0,272,l_1744965503.670.jpg
0,0,0,0,272,l_1744965505.869.jpg
0,0,0,0,272,l_1744965508.885.jpg
0,0,0,0,272,l_1744965510.477.jpg
0,0,0,0,272,l_1744087458.226.jpg
0,0,0,0,272,l_1744087449.521.jpg
0,0,0,0,272,l_1744087450.535.jpg
0,0,0,0,272,l_1744087455.106.jpg
0,0,0,0,272,l_1744087452.849.jpg
0,0,0,0,272,l_1745378938.564.jpg
0,0,0,0,272,l_1745378939.184.jpg
0,0,0,0,272,l_1745378940.776.jpg
0,0,0,0,272,l_1745378941.665.jpg
0,0,0,0,272,l_1742091204.100 (1).jpg
0,0,0,0,272,l_1742091204.722 (1).jpg
0,0,0,0,272,l_1742091205.436 (1).jpg
0,0,0,0,272,l_1742091207.147 (1).jpg
0,0,0,0,272,l_1742829465.939.jpg
0,0,0,0,272,l_1745238070.543.jpg
0,0,0,0,272,l_1745238067.849.jpg
0,0,0,0,272,l_1745238066.646.jpg
0,0,0,0,272,l_1742695475.867.jpg
0,0,0,0,272,l_1742695476.813.jpg
0,0,0,0,272,l_1742695535.265.jpg
0,0,0,0,272,l_1742358211.109.jpg
0,0,0,0,272,l_1742358210.696.jpg
0,0,0,0,272,l_1742358210.141.jpg
0,0,0,0,272,l_1742358212.237.jpg
0,0,0,0,272,l_1742358212.703.jpg
0,0,0,0,272,l_1742358215.120.jpg
0,0,0,0,272,l_1739968100.692.jpg
0,0,0,0,272,l_1739968101.834.jpg
0,0,0,0,272,l_1739968102.537.jpg
0,0,0,0,272,l_1742880823.104.jpg
0,0,0,0,272,l_1742880824.586.jpg
0,0,0,0,272,l_1742880825.468.jpg
0,0,0,0,272,l_1743676815.926.jpg
0,0,0,0,272,l_1743676803.904.jpg
0,0,0,0,272,l_1743676805.421.jpg
0,0,0,0,272,l_1746428973.209.jpg
0,0,0,0,272,l_1746428975.518.jpg
0,0,0,0,272,l_1746428978.491.jpg
0,0,0,0,271,l_1746680461.579.jpg
0,0,0,0,271,l_1715335094.515.jpg
0,0,0,0,271,l_1715335094.895.jpg
0,0,0,0,271,l_1715335095.567.jpg
0,0,0,0,271,l_1735117063.273.jpg
0,0,0,0,271,l_1735117065.671.jpg
0,0,0,0,271,l_1735117067.644.jpg
0,0,0,0,271,l_1735117068.163.jpg
0,0,0,0,271,l_1735117070.104.jpg
0,0,0,0,271,l_1739959056.664.jpg
0,0,0,0,271,l_1739959062.173.jpg
0,0,0,0,271,l_1739959063.370.jpg
0,0,0,0,271,l_1739959063.685.jpg
0,0,0,0,271,l_1740469487.781.jpg
0,0,0,0,271,l_1740469494.811.jpg
0,0,0,0,271,l_1740469494.833.jpg
0,0,0,0,271,l_1740469495.346.jpg
0,0,0,0,271,l_1740559093.654.jpg
0,0,0,0,271,l_1740559094.832.jpg
0,0,0,0,271,l_1740559099.620.jpg
0,0,0,0,271,l_1740559100.270.jpg
0,0,0,0,271,l_1740559100.831.jpg
0,0,0,0,271,l_1741662367.772.jpg
0,0,0,0,271,l_1741662375.491.jpg
0,0,0,0,271,l_1741662375.726.jpg
0,0,0,0,271,l_1741662376.369.jpg
0,0,0,0,271,l_1744774849.430.jpg
0,0,0,0,271,l_1744774850.657.jpg
0,0,0,0,271,l_1744774851.215.jpg
0,0,0,0,271,l_1744774887.169.jpg
0,0,0,0,271,l_1745639361.406.jpg
0,0,0,0,271,l_1745639362.731.jpg
0,0,0,0,271,l_1745639378.688.jpg
0,0,0,0,271,l_1745639379.150.jpg
0,0,0,0,271,l_1745643393.790.jpg
0,0,0,0,271,l_1745643393.893.jpg
0,0,0,0,271,l_1745643394.350.jpg
0,0,0,0,271,l_1745643394.844.jpg
0,0,0,0,271,l_1745643395.680.jpg
0,0,0,0,271,l_1745643396.128.jpg
0,0,0,0,271,l_1745761528.584.jpg
0,0,0,0,271,l_1745761528.949.jpg
0,0,0,0,271,l_1745761529.233.jpg
0,0,0,0,271,l_1745761530.218.jpg
0,0,0,0,271,l_1745901501.157.jpg
0,0,0,0,271,l_1745901501.332.jpg
0,0,0,0,271,l_1745901502.831.jpg
0,0,0,0,271,l_1745901503.362.jpg
0,0,0,0,271,l_1745901503.561.jpg
0,0,0,0,271,l_1746149056.534.jpg
0,0,0,0,271,l_1746149057.217.jpg
0,0,0,0,271,l_1746149057.624.jpg
0,0,0,0,271,l_1746149058.457.jpg
0,0,0,0,271,l_1746149058.484.jpg
0,0,0,0,271,l_1746149059.870.jpg
0,0,0,0,271,l_1746152881.882.jpg
0,0,0,0,271,l_1746152882.512.jpg
0,0,0,0,271,l_1746152885.206.jpg
0,0,0,0,271,l_1746152885.734.jpg
0,0,0,0,271,l_1746166057.522.jpg
0,0,0,0,271,l_1746166057.661.jpg
0,0,0,0,271,l_1746166058.858.jpg
0,0,0,0,271,l_1746416802.435.jpg
0,0,0,0,271,l_1746416802.451.jpg
0,0,0,0,271,l_1746416803.734.jpg
0,0,0,0,271,l_1746416805.770.jpg
0,0,0,0,271,l_1746669828.349.jpg
0,0,0,0,271,l_1746669828.476.jpg
0,0,0,0,271,l_1746669829.469.jpg
0,0,0,0,271,l_1746680459.440.jpg
0,0,0,0,271,l_1746680460.197.jpg
0,0,0,0,271,l_1746680460.649.jpg
0,0,0,0,271,l_1746680461.288.jpg
0,0,0,0,274,l_1746763319.889.jpg
0,0,0,0,274,l_1680858892.293.jpg
0,0,0,0,274,l_1680858892.332.jpg
0,0,0,0,274,l_1680858892.755.jpg
0,0,0,0,274,l_1680858893.167.jpg
0,0,0,0,274,l_1680858893.734.jpg
0,0,0,0,274,l_1736515848.262.jpg
0,0,0,0,274,l_1736515850.420.jpg
0,0,0,0,274,l_1736515851.219.jpg
0,0,0,0,274,l_1736515852.440.jpg
0,0,0,0,274,l_1741591840.334.jpg
0,0,0,0,274,l_1741591840.829.jpg
0,0,0,0,274,l_1741591841.150.jpg
0,0,0,0,274,l_1741591841.831.jpg
0,0,0,0,274,l_1741591842.887.jpg
0,0,0,0,274,l_1741592953.920.jpg
0,0,0,0,274,l_1741592954.878.jpg
0,0,0,0,274,l_1741592955.543.jpg
0,0,0,0,274,l_1741592958.136.jpg
0,0,0,0,274,l_1742285443.920.jpg
0,0,0,0,274,l_1742285444.676.jpg
0,0,0,0,274,l_1742285444.911.jpg
0,0,0,0,274,l_1742285445.862.jpg
0,0,0,0,274,l_1742285446.482.jpg
0,0,0,0,274,l_1742285447.577.jpg
0,0,0,0,274,l_1742393207.382.jpg
0,0,0,0,274,l_1742393208.484.jpg
0,0,0,0,274,l_1742393208.623.jpg
0,0,0,0,274,l_1742393209.544.jpg
0,0,0,0,274,l_1742393210.898.jpg
0,0,0,0,274,l_1742393211.152.jpg
0,0,0,0,274,l_1742393211.688.jpg
0,0,0,0,274,l_1743737045.172.jpg
0,0,0,0,274,l_1743737048.663.jpg
0,0,0,0,274,l_1743737050.916.jpg
0,0,0,0,274,l_1743737061.142.jpg
0,0,0,0,274,l_1743737064.479.jpg
0,0,0,0,274,l_1744619091.855.jpg
0,0,0,0,274,l_1744619092.369.jpg
0,0,0,0,274,l_1744619092.407.jpg
0,0,0,0,274,l_1744885574.140.jpg
0,0,0,0,274,l_1744885575.240.jpg
0,0,0,0,274,l_1744885575.804.jpg
0,0,0,0,274,l_1744885576.659.jpg
0,0,0,0,274,l_1744885576.769.jpg
0,0,0,0,274,l_1744885577.943.jpg
0,0,0,0,274,l_1744950285.819.jpg
0,0,0,0,274,l_1744950285.883.jpg
0,0,0,0,274,l_1744950286.322.jpg
0,0,0,0,274,l_1744950286.844.jpg
0,0,0,0,274,l_1744950287.959.jpg
0,0,0,0,274,l_1744950288.846.jpg
0,0,0,0,274,l_1745288265.371.jpg
0,0,0,0,274,l_1745288266.786.jpg
0,0,0,0,274,l_1745288266.823.jpg
0,0,0,0,274,l_1745288267.597.jpg
0,0,0,0,274,l_1746426715.723.jpg
0,0,0,0,274,l_1746426716.990.jpg
0,0,0,0,274,l_1746426718.955.jpg
0,0,0,0,274,l_1746426719.130.jpg
0,0,0,0,274,l_1746426721.120.jpg
0,0,0,0,274,l_1746501170.110.jpg
0,0,0,0,274,l_1746501170.193.jpg
0,0,0,0,274,l_1746501175.667.jpg
0,0,0,0,274,l_1746763315.668.jpg
0,0,0,0,274,l_1746763317.797.jpg
0,0,0,0,274,l_1746763317.899.jpg
0,0,0,0,274,l_1746763318.165.jpg
0,0,0,0,202,l_1694661410.238.jpg
0,0,0,0,202,l_1694661411.195.jpg
0,0,0,0,202,l_1694661413.628.jpg
0,0,0,0,202,l_1694661686.565.jpg
0,0,0,0,202,l_1694661689.993.jpg
0,0,0,0,202,l_1718092161.101.jpg
0,0,0,0,202,l_1718092162.239.jpg
0,0,0,0,202,l_1718092165.869.jpg
0,0,0,0,202,l_1719560404.583.jpg
0,0,0,0,202,l_1721193197.144.jpg
0,0,0,0,202,l_1721193198.782.jpg
0,0,0,0,202,l_1721193198.894.jpg
0,0,0,0,202,l_1721193199.583.jpg
0,0,0,0,202,l_1723279530.828.jpg
0,0,0,0,202,l_1723279530.896.jpg
0,0,0,0,202,l_1723279531.154.jpg
0,0,0,0,202,l_1723279535.421.jpg
0,0,0,0,202,l_1723279824.297.jpg
0,0,0,0,202,l_1723279824.866.jpg
0,0,0,0,202,l_1723626312.920.jpg
0,0,0,0,202,l_1723626313.221.jpg
0,0,0,0,202,l_1723626386.635.jpg
0,0,0,0,202,l_1725871296.820.jpg
0,0,0,0,202,l_1725871300.853.jpg
0,0,0,0,202,l_1725871301.443.jpg
0,0,0,0,202,l_1725871301.696.jpg
0,0,0,0,202,l_1725871304.637.jpg
0,0,0,0,202,l_1725871757.754.jpg
0,0,0,0,202,l_1725871769.498.jpg
0,0,0,0,202,l_1725871770.855.jpg
0,0,0,0,202,l_1725939982.809.jpg
0,0,0,0,202,l_1725939984.570.jpg
0,0,0,0,202,l_1725939988.345.jpg
0,0,0,0,202,l_1728552447.663.jpg
0,0,0,0,202,l_1730791597.137.jpg
0,0,0,0,202,l_1730791598.676.jpg
0,0,0,0,202,l_1730791599.980.jpg
0,0,0,0,202,l_1732072220.241.jpg
0,0,0,0,202,l_1732072222.473.jpg
0,0,0,0,202,l_1732080210.690.jpg
0,0,0,0,202,l_1732080211.879.jpg
0,0,0,0,202,l_1732081968.500.jpg
0,0,0,0,202,l_1732081971.578.jpg
0,0,0,0,202,l_1732081973.539.jpg
0,0,0,0,202,l_1732081976.438.jpg
0,0,0,0,202,l_1732081979.695.jpg
0,0,0,0,202,l_1732081983.522.jpg
0,0,0,0,202,l_1734602028.189.jpg
0,0,0,0,202,l_1734602029.573.jpg
0,0,0,0,202,l_1734602030.150.jpg
0,0,0,0,202,l_1734602030.155.jpg
0,0,0,0,202,l_1734602032.138.jpg
0,0,0,0,202,l_1735885781.512.jpg
0,0,0,0,202,l_1735885784.667.jpg
0,0,0,0,202,l_1735885786.592.jpg
0,0,0,0,202,l_1735885788.538.jpg
0,0,0,0,202,l_1735885790.344.jpg
0,0,0,0,202,l_1736299686.833.jpg
0,0,0,0,202,l_1736299688.500.jpg
0,0,0,0,202,l_1736299690.959.jpg
0,0,0,0,202,l_1745216561.940.jpg
0,0,0,0,202,l_1745216562.758.jpg
0,0,0,0,202,l_1745216563.139.jpg
0,0,0,0,202,l_1745216564.743.jpg
0,0,0,0,202,l_1745216565.688.jpg
0,0,0,0,202,l_1745216565.768.jpg
0,0,0,0,202,l_1678420574.285.jpg
0,0,0,0,202,l_1678420577.633.jpg
0,0,0,0,202,l_1678420578.194.jpg
0,0,0,0,202,l_1678420578.545.jpg
0,0,0,0,202,l_1678420579.427.jpg
0,0,0,0,202,l_1694493279.467.jpg
0,0,0,0,202,l_1694493280.877.jpg
0,0,0,0,202,l_1694493281.655.jpg
0,0,0,0,202,l_1694493431.478.jpg
0,0,0,0,202,l_1694493432.128.jpg
0,0,0,0,202,l_1694493432.807.jpg
0,0,0,0,202,l_1694493433.973.jpg
0,0,0,0,202,l_1727428445.919.jpg
0,0,0,0,202,l_1727428447.813.jpg
0,0,0,0,202,l_1727428454.191.jpg
0,0,0,0,202,l_1727428455.715.jpg
0,0,0,0,202,l_1727430230.195.jpg
0,0,0,0,203,l_1747018997.639.jpg
0,0,0,0,203,l_1694658335.203.jpg
0,0,0,0,203,l_1694658335.328.jpg
0,0,0,0,203,l_1694658335.465.jpg
0,0,0,0,203,l_1694658336.723.jpg
0,0,0,0,203,l_1694658998.620.jpg
0,0,0,0,203,l_1694658998.859.jpg
0,0,0,0,203,l_1694658999.771.jpg
0,0,0,0,203,l_1694658999.898.jpg
0,0,0,0,203,l_1725855112.614.jpg
0,0,0,0,203,l_1725855113.460.jpg
0,0,0,0,203,l_1725855116.495.jpg
0,0,0,0,203,l_1725855118.241.jpg
0,0,0,0,203,l_1732068072.332.jpg
0,0,0,0,203,l_1732068073.359.jpg
0,0,0,0,203,l_1732068073.956.jpg
0,0,0,0,203,l_1732068074.698.jpg
0,0,0,0,203,l_1732068079.181.jpg
0,0,0,0,203,l_1732068079.744.jpg
0,0,0,0,203,l_1732081250.178.jpg
0,0,0,0,203,l_1732081250.792.jpg
0,0,0,0,203,l_1732081252.654.jpg
0,0,0,0,203,l_1732081253.441.jpg
0,0,0,0,203,l_1734574221.725.jpg
0,0,0,0,203,l_1734574221.758.jpg
0,0,0,0,203,l_1734574222.421.jpg
0,0,0,0,203,l_1734916910.821.jpg
0,0,0,0,203,l_1734916910.925.jpg
0,0,0,0,203,l_1734916912.659.jpg
0,0,0,0,203,l_1734916938.599.jpg
0,0,0,0,203,l_1735880323.479.jpg
0,0,0,0,203,l_1735880323.709.jpg
0,0,0,0,203,l_1735880324.229.jpg
0,0,0,0,203,l_1735880324.449.jpg
0,0,0,0,203,l_1735880325.794.jpg
0,0,0,0,203,l_1735880326.540.jpg
0,0,0,0,203,l_1735880326.814.jpg
0,0,0,0,203,l_1735880327.253.jpg
0,0,0,0,203,l_1736849419.610.jpg
0,0,0,0,203,l_1736849419.750.jpg
0,0,0,0,203,l_1736849420.267.jpg
0,0,0,0,203,l_1736849421.226.jpg
0,0,0,0,203,l_1736849421.865.jpg
0,0,0,0,203,l_1740979761.633.jpg
0,0,0,0,203,l_1740979761.804.jpg
0,0,0,0,203,l_1740979762.500.jpg
0,0,0,0,203,l_1740979763.653.jpg
0,0,0,0,203,l_1741175019.631.jpg
0,0,0,0,203,l_1741274442.689.jpg
0,0,0,0,203,l_1741274443.244.jpg
0,0,0,0,203,l_1741274443.245.jpg
0,0,0,0,203,l_1741274444.942.jpg
0,0,0,0,203,l_1744639313.500.jpg
0,0,0,0,203,l_1744639314.690.jpg
0,0,0,0,203,l_1744639314.915.jpg
0,0,0,0,203,l_1744639315.178.jpg
0,0,0,0,203,l_1744639316.832.jpg
0,0,0,0,203,l_1744690104.118.jpg
0,0,0,0,203,l_1744690104.836.jpg
0,0,0,0,203,l_1744690105.213.jpg
0,0,0,0,203,l_1744690106.858.jpg
0,0,0,0,203,l_1744690127.393.jpg
0,0,0,0,203,l_1744690127.413.jpg
0,0,0,0,203,l_1744971671.494.jpg
0,0,0,0,203,l_1744971672.896.jpg
0,0,0,0,203,l_1744971673.638.jpg
0,0,0,0,203,l_1744971674.531.jpg
0,0,0,0,203,l_1744971675.875.jpg
0,0,0,0,203,l_1744971677.382.jpg
0,0,0,0,203,l_1746428017.911.jpg
0,0,0,0,203,l_1746428018.175.jpg
0,0,0,0,203,l_1746428018.667.jpg
0,0,0,0,203,l_1746428019.902.jpg
0,0,0,0,203,l_1746428020.889.jpg
0,0,0,0,203,l_1746760856.256.jpg
0,0,0,0,203,l_1746765579.246.jpg
0,0,0,0,203,l_1746765579.502.jpg
0,0,0,0,203,l_1746765580.379.jpg
0,0,0,0,203,l_1747018995.161.jpg
0,0,0,0,203,l_1747018996.411.jpg
0,0,0,0,203,l_1747018997.525.jpg
0,0,0,0,204,l_1747017246.721.jpg
0,0,0,0,204,l_1678422405.412.jpg
0,0,0,0,204,l_1678422405.746.jpg
0,0,0,0,204,l_1678422405.937.jpg
0,0,0,0,204,l_1678422406.589.jpg
0,0,0,0,204,l_1678422407.499.jpg
0,0,0,0,204,l_1694661906.195.jpg
0,0,0,0,204,l_1694661906.391.jpg
0,0,0,0,204,l_1694661906.629.jpg
0,0,0,0,204,l_1730886299.828.jpg
0,0,0,0,204,l_1730886300.320.jpg
0,0,0,0,204,l_1730886301.957.jpg
0,0,0,0,204,l_1730886302.336.jpg
0,0,0,0,204,l_1739700855.626.jpg
0,0,0,0,204,l_1739700855.922.jpg
0,0,0,0,204,l_1739700856.809.jpg
0,0,0,0,204,l_1739700857.202.jpg
0,0,0,0,204,l_1739700858.102.jpg
0,0,0,0,204,l_1740986302.121.jpg
0,0,0,0,204,l_1740986303.757.jpg
0,0,0,0,204,l_1740986303.920.jpg
0,0,0,0,204,l_1740986304.459.jpg
0,0,0,0,204,l_1741345742.639.jpg
0,0,0,0,204,l_1741345748.845.jpg
0,0,0,0,204,l_1741345754.508.jpg
0,0,0,0,204,l_1741345760.668.jpg
0,0,0,0,204,l_1741345766.700.jpg
0,0,0,0,204,l_1741450608.392.jpg
0,0,0,0,204,l_1741450609.852.jpg
0,0,0,0,204,l_1741450625.221.jpg
0,0,0,0,204,l_1741450628.514.jpg
0,0,0,0,204,l_1742179733.310.jpg
0,0,0,0,204,l_1742179734.605.jpg
0,0,0,0,204,l_1742179736.632.jpg
0,0,0,0,204,l_1742179737.513.jpg
0,0,0,0,204,l_1742353378.603.jpg
0,0,0,0,204,l_1742353380.592.jpg
0,0,0,0,204,l_1742353382.467.jpg
0,0,0,0,204,l_1742353384.352.jpg
0,0,0,0,204,l_1742526205.168.jpg
0,0,0,0,204,l_1742526206.867.jpg
0,0,0,0,204,l_1742526212.732.jpg
0,0,0,0,204,l_1742526213.714.jpg
0,0,0,0,204,l_1742526214.198.jpg
0,0,0,0,204,l_1742526215.655.jpg
0,0,0,0,204,l_1744195065.320.jpg
0,0,0,0,204,l_1744195066.141.jpg
0,0,0,0,204,l_1744195066.394.jpg
0,0,0,0,204,l_1744195067.459.jpg
0,0,0,0,204,l_1744207950.289.jpg
0,0,0,0,204,l_1744207951.718.jpg
0,0,0,0,204,l_1744207952.152.jpg
0,0,0,0,204,l_1744207952.295.jpg
0,0,0,0,204,l_1744207953.976.jpg
0,0,0,0,204,l_1744458597.139.jpg
0,0,0,0,204,l_1744458597.957.jpg
0,0,0,0,204,l_1744458598.719.jpg
0,0,0,0,204,l_1744458598.989.jpg
0,0,0,0,204,l_1744942886.413.jpg
0,0,0,0,204,l_1744942886.552.jpg
0,0,0,0,204,l_1744942887.773.jpg
0,0,0,0,204,l_1744942887.920.jpg
0,0,0,0,204,l_1744944198.260.jpg
0,0,0,0,204,l_1744944198.979.jpg
0,0,0,0,204,l_1744944199.247.jpg
0,0,0,0,204,l_1744944200.548.jpg
0,0,0,0,204,l_1744944200.760.jpg
0,0,0,0,204,l_1745319454.456.jpg
0,0,0,0,204,l_1745319455.726.jpg
0,0,0,0,204,l_1745319458.148.jpg
0,0,0,0,204,l_1745319460.191.jpg
0,0,0,0,204,l_1745319461.570.jpg
0,0,0,0,204,l_1745319462.382.jpg
0,0,0,0,204,l_1746443213.243.jpg
0,0,0,0,204,l_1746443215.124.jpg
0,0,0,0,204,l_1746443216.309.jpg
0,0,0,0,204,l_1746443218.249.jpg
0,0,0,0,204,l_1746443222.507.jpg
0,0,0,0,204,l_1746443224.258.jpg
0,0,0,0,204,l_1746443226.194.jpg
0,0,0,0,204,l_1746443227.111.jpg
0,0,0,0,204,l_1746443228.458.jpg
0,0,0,0,204,l_1746461565.402.jpg
0,0,0,0,204,l_1746461565.460.jpg
0,0,0,0,204,l_1746461565.468.jpg
0,0,0,0,204,l_1746461566.416.jpg
0,0,0,0,204,l_1746892491.233.jpg
0,0,0,0,204,l_1746892491.254.jpg
0,0,0,0,204,l_1746892492.283.jpg
0,0,0,0,204,l_1746892493.427.jpg
0,0,0,0,204,l_1746892493.722.jpg
0,0,0,0,204,l_1747017241.466.jpg
0,0,0,0,204,l_1747017241.731.jpg
0,0,0,0,204,l_1747017242.141.jpg
0,0,0,0,204,l_1747017244.805.jpg
0,0,0,0,205,l_1747019716.992.jpg
0,0,0,0,205,l_1694659575.648.jpg
0,0,0,0,205,l_1694659576.487.jpg
0,0,0,0,205,l_1732083740.453.jpg
0,0,0,0,205,l_1732083741.967.jpg
0,0,0,0,205,l_1734598344.276.jpg
0,0,0,0,205,l_1734598345.548.jpg
0,0,0,0,205,l_1734598347.784.jpg
0,0,0,0,205,l_1734598349.239.jpg
0,0,0,0,205,l_1734598351.199.jpg
0,0,0,0,205,l_1739267395.337.jpg
0,0,0,0,205,l_1739267395.592.jpg
0,0,0,0,205,l_1739267396.408.jpg
0,0,0,0,205,l_1739267397.175.jpg
0,0,0,0,205,l_1739267397.792.jpg
0,0,0,0,205,l_1739267400.127.jpg
0,0,0,0,205,l_1739501273.306.jpg
0,0,0,0,205,l_1739501277.215.jpg
0,0,0,0,205,l_1739501291.471.jpg
0,0,0,0,205,l_1739676508.869.jpg
0,0,0,0,205,l_1739676509.375.jpg
0,0,0,0,205,l_1739676509.504.jpg
0,0,0,0,205,l_1739676510.753.jpg
0,0,0,0,205,l_1739676511.916.jpg
0,0,0,0,205,l_1739676512.408.jpg
0,0,0,0,205,l_1739676513.739.jpg
0,0,0,0,205,l_1740370951.792.jpg
0,0,0,0,205,l_1740984049.585.jpg
0,0,0,0,205,l_1740984050.538.jpg
0,0,0,0,205,l_1740984050.724.jpg
0,0,0,0,205,l_1740984051.284.jpg
0,0,0,0,205,l_1741080196.606.jpg
0,0,0,0,205,l_1741080197.595.jpg
0,0,0,0,205,l_1741080197.645.jpg
0,0,0,0,205,l_1741080198.675.jpg
0,0,0,0,205,l_1741592525.681.jpg
0,0,0,0,205,l_1741592530.579.jpg
0,0,0,0,205,l_1741592532.877.jpg
0,0,0,0,205,l_1741664012.498.jpg
0,0,0,0,205,l_1741664020.600.jpg
0,0,0,0,205,l_1741664029.346.jpg
0,0,0,0,205,l_1741664055.108.jpg
0,0,0,0,205,l_1743040831.569.jpg
0,0,0,0,205,l_1743040832.553.jpg
0,0,0,0,205,l_1743040832.994.jpg
0,0,0,0,205,l_1743040833.186.jpg
0,0,0,0,205,l_1743040833.289.jpg
0,0,0,0,205,l_1743040833.404.jpg
0,0,0,0,205,l_1732083742.570.jpg
0,0,0,0,205,l_1744856412.945.jpg
0,0,0,0,205,l_1744856413.428.jpg
0,0,0,0,205,l_1744856413.617.jpg
0,0,0,0,205,l_1744856414.809.jpg
0,0,0,0,205,l_1744856415.243.jpg
0,0,0,0,205,l_1745223553.877.jpg
0,0,0,0,205,l_1745223555.948.jpg
0,0,0,0,205,l_1745223567.922.jpg
0,0,0,0,205,l_1745223570.566.jpg
0,0,0,0,205,l_1745478882.730.jpg
0,0,0,0,205,l_1745478884.266.jpg
0,0,0,0,205,l_1745478885.829.jpg
0,0,0,0,205,l_1745478886.546.jpg
0,0,0,0,205,l_1745478887.318.jpg
0,0,0,0,205,l_1746354442.350.jpg
0,0,0,0,205,l_1746354442.366.jpg
0,0,0,0,205,l_1746354443.598.jpg
0,0,0,0,205,l_1746354444.317.jpg
0,0,0,0,205,l_1746354444.852.jpg
0,0,0,0,205,l_1747019694.954.jpg
0,0,0,0,205,l_1747019699.443.jpg
0,0,0,0,205,l_1747019706.679.jpg
0,0,0,0,205,l_1747019711.623.jpg
0,0,0,0,206,l_1746789686.620.jpg
0,0,0,0,206,l_1746789688.515.jpg
0,0,0,0,206,l_1678422407.866.jpg
0,0,0,0,206,l_1694661075.538.jpg
0,0,0,0,206,l_1694661079.841.jpg
0,0,0,0,206,l_1694661151.294.jpg
0,0,0,0,206,l_1694661151.899.jpg
0,0,0,0,206,l_1694661225.326.jpg
0,0,0,0,206,l_1694661226.541.jpg
0,0,0,0,206,l_1694661226.984.jpg
0,0,0,0,206,l_1694661231.377.jpg
0,0,0,0,206,l_1694661232.974.jpg
0,0,0,0,206,l_1700706896.711.jpg
0,0,0,0,206,l_1700706897.435.jpg
0,0,0,0,206,l_1700706897.728.jpg
0,0,0,0,206,l_1700706899.169.jpg
0,0,0,0,206,l_1700706900.621.jpg
0,0,0,0,206,l_1718090113.834.jpg
0,0,0,0,206,l_1718090115.282.jpg
0,0,0,0,206,l_1718090115.348.jpg
0,0,0,0,206,l_1718090116.671.jpg
0,0,0,0,206,l_1723625674.591.jpg
0,0,0,0,206,l_1723625674.650.jpg
0,0,0,0,206,l_1723625675.502.jpg
0,0,0,0,206,l_1723625676.658.jpg
0,0,0,0,206,l_1723625676.790.jpg
0,0,0,0,206,l_1727431189.349.jpg
0,0,0,0,206,l_1727431190.744.jpg
0,0,0,0,206,l_1727431191.953.jpg
0,0,0,0,206,l_1727431192.525.jpg
0,0,0,0,206,l_1728034221.111.jpg
0,0,0,0,206,l_1728034222.472.jpg
0,0,0,0,206,l_1728034223.335.jpg
0,0,0,0,206,l_1728552801.540.jpg
0,0,0,0,206,l_1728552802.203.jpg
0,0,0,0,206,l_1728552802.944.jpg
0,0,0,0,206,l_1728552803.383.jpg
0,0,0,0,206,l_1730171433.865.jpg
0,0,0,0,206,l_1730171434.673.jpg
0,0,0,0,206,l_1730171434.795.jpg
0,0,0,0,206,l_1730171438.627.jpg
0,0,0,0,206,l_1730171438.721.jpg
0,0,0,0,206,l_1730443446.306.jpg
0,0,0,0,206,l_1730443447.127.jpg
0,0,0,0,206,l_1730443447.943.jpg
0,0,0,0,206,l_1730443448.611.jpg
0,0,0,0,206,l_1730443448.943.jpg
0,0,0,0,206,l_1731316053.159.jpg
0,0,0,0,206,l_1731316054.534.jpg
0,0,0,0,206,l_1731316054.693.jpg
0,0,0,0,206,l_1740368544.750.jpg
0,0,0,0,206,l_1740368546.514.jpg
0,0,0,0,206,l_1740368553.199.jpg
0,0,0,0,206,l_1740368553.784.jpg
0,0,0,0,206,l_1740536586.609.jpg
0,0,0,0,206,l_1740536588.339.jpg
0,0,0,0,206,l_1740536588.823.jpg
0,0,0,0,206,l_1740536589.722.jpg
0,0,0,0,206,l_1740536590.476.jpg
0,0,0,0,206,l_1740536591.870.jpg
0,0,0,0,206,l_1741074828.120.jpg
0,0,0,0,206,l_1741074830.572.jpg
0,0,0,0,206,l_1741074831.174.jpg
0,0,0,0,206,l_1743395493.944.jpg
0,0,0,0,206,l_1743395494.490.jpg
0,0,0,0,206,l_1743395494.497.jpg
0,0,0,0,206,l_1743395496.942.jpg
0,0,0,0,206,l_1743395497.814.jpg
0,0,0,0,206,l_1746667106.167.jpg
0,0,0,0,206,l_1746667108.251.jpg
0,0,0,0,206,l_1746667109.370.jpg
0,0,0,0,206,l_1746667109.747.jpg
0,0,0,0,206,l_1746667109.820.jpg
0,0,0,0,206,l_1746416857.478.jpg
0,0,0,0,206,l_1746416853.439.jpg
0,0,0,0,206,l_1746416854.554.jpg
0,0,0,0,206,l_1746416854.894.jpg
0,0,0,0,206,l_1746416855.936.jpg
0,0,0,0,206,l_1746416856.365.jpg
0,0,0,0,206,l_1746416856.868.jpg
0,0,0,0,207,l_1741060279.738.jpg
0,0,0,0,207,l_1741060276.287.jpg
0,0,0,0,207,l_1741060277.397.jpg
0,0,0,0,207,l_1741060277.829.jpg
0,0,0,0,207,l_1741060278.781.jpg
0,0,0,0,207,l_1678423396.703.jpg
0,0,0,0,207,l_1678423396.803.jpg
0,0,0,0,207,l_1678423397.222.jpg
0,0,0,0,207,l_1678423397.305.jpg
0,0,0,0,207,l_1678423398.943.jpg
0,0,0,0,207,l_1678423399.245.jpg
0,0,0,0,207,l_1678423399.968.jpg
0,0,0,0,207,l_1722215276.599.jpg
0,0,0,0,207,l_1722215278.132.jpg
0,0,0,0,207,l_1722215279.186.jpg
0,0,0,0,207,l_1722215281.468.jpg
0,0,0,0,207,l_1722215282.834.jpg
0,0,0,0,207,l_1728553241.294.jpg
0,0,0,0,207,l_1728553241.935.jpg
0,0,0,0,207,l_1728553242.372.jpg
0,0,0,0,207,l_1728553242.506.jpg
0,0,0,0,207,l_1728553244.545.jpg
0,0,0,0,207,l_1728553244.861.jpg
0,0,0,0,207,l_1728553245.157.jpg
0,0,0,0,207,l_1733803748.472.jpg
0,0,0,0,207,l_1733803750.485.jpg
0,0,0,0,207,l_1733803751.172.jpg
0,0,0,0,207,l_1733803751.568.jpg
0,0,0,0,207,l_1733803752.526.jpg
0,0,0,0,207,l_1735448221.780.jpg
0,0,0,0,207,l_1735448222.738.jpg
0,0,0,0,207,l_1735448224.624.jpg
0,0,0,0,207,l_1735448224.952.jpg
0,0,0,0,207,l_1735448225.620.jpg
0,0,0,0,207,l_1736271167.982.jpg
0,0,0,0,207,l_1736271168.137.jpg
0,0,0,0,207,l_1736271168.955.jpg
0,0,0,0,207,l_1736271169.893.jpg
0,0,0,0,207,l_1736271169.932.jpg
0,0,0,0,207,l_1740743315.923.jpg
0,0,0,0,207,l_1740743316.731.jpg
0,0,0,0,207,l_1740743316.974.jpg
0,0,0,0,207,l_1740743317.136.jpg
0,0,0,0,207,l_1740743318.403.jpg
0,0,0,0,207,l_1740811220.260.jpg
0,0,0,0,207,l_1740811220.956.jpg
0,0,0,0,207,l_1740811221.948.jpg
0,0,0,0,207,l_1740811222.309.jpg
0,0,0,0,207,l_1740811222.364.jpg
0,0,0,0,207,l_1740827303.431.jpg
0,0,0,0,207,l_1740827303.638.jpg
0,0,0,0,207,l_1740827304.160.jpg
0,0,0,0,207,l_1740827305.134.jpg
0,0,0,0,207,l_1740827305.554.jpg
0,0,0,0,207,l_1740827306.198.jpg
0,0,0,0,207,l_1741074890.544.jpg
0,0,0,0,207,l_1741074892.785.jpg
0,0,0,0,207,l_1741074894.970.jpg
0,0,0,0,207,l_1741074896.249.jpg
0,0,0,0,207,l_1741074898.293.jpg
0,0,0,0,207,l_1741074900.562.jpg
0,0,0,0,207,l_1741781473.850.jpg
0,0,0,0,207,l_1741781474.180.jpg
0,0,0,0,207,l_1741781475.591.jpg
0,0,0,0,207,l_1741781476.977.jpg
0,0,0,0,207,l_1741783570.477.jpg
0,0,0,0,207,l_1741783571.647.jpg
0,0,0,0,207,l_1741783571.706.jpg
0,0,0,0,207,l_1741783572.800.jpg
0,0,0,0,207,l_1744243627.563.jpg
0,0,0,0,207,l_1744243628.304.jpg
0,0,0,0,207,l_1744243628.645.jpg
0,0,0,0,207,l_1744243629.498.jpg
0,0,0,0,207,l_1744243630.115.jpg
0,0,0,0,207,l_1744243630.208.jpg
0,0,0,0,207,l_1744243630.314.jpg
0,0,0,0,207,l_1744243631.374.jpg
0,0,0,0,207,l_1744707579.880.jpg
0,0,0,0,207,l_1744707581.745.jpg
0,0,0,0,207,l_1744707582.391.jpg
0,0,0,0,207,l_1744707583.993.jpg
0,0,0,0,207,l_1744707584.636.jpg
0,0,0,0,207,l_1744707585.745.jpg
0,0,0,0,207,l_1746636865.932.jpg
0,0,0,0,207,l_1746636868.792.jpg
0,0,0,0,207,l_1746636872.553.jpg
0,0,0,0,207,l_1746636875.875.jpg
0,0,0,0,207,l_1746636895.343.jpg
0,0,0,0,207,l_1746976549.197.jpg
0,0,0,0,207,l_1746976549.676.jpg
0,0,0,0,207,l_1746976550.161.jpg
0,0,0,0,207,l_1746976550.795.jpg
0,0,0,0,207,l_1746976564.419.jpg
0,0,0,0,207,l_1746977685.933.jpg
0,0,0,0,207,l_1746977686.681.jpg
0,0,0,0,207,l_1746977686.943.jpg
0,0,0,0,207,l_1746977687.383.jpg
0,0,0,0,207,l_1746977947.176.jpg
0,0,0,0,208,l_1747020653.385.jpg
0,0,0,0,208,l_1723771512.798.jpg
0,0,0,0,208,l_1723771537.217.jpg
0,0,0,0,208,l_1723771538.865.jpg
0,0,0,0,208,l_1727431308.882.jpg
0,0,0,0,208,l_1727431309.140.jpg
0,0,0,0,208,l_1727431316.244.jpg
0,0,0,0,208,l_1727431386.853.jpg
0,0,0,0,208,l_1727431387.312.jpg
0,0,0,0,208,l_1727431387.852.jpg
0,0,0,0,208,l_1727431390.288.jpg
0,0,0,0,208,l_1727431393.628.jpg
0,0,0,0,208,l_1727431395.507.jpg
0,0,0,0,208,l_1728031461.137.jpg
0,0,0,0,208,l_1728031461.332.jpg
0,0,0,0,208,l_1728031462.731.jpg
0,0,0,0,208,l_1728031463.248.jpg
0,0,0,0,208,l_1728031464.496.jpg
0,0,0,0,208,l_1728031465.891.jpg
0,0,0,0,208,l_1728031465.987.jpg
0,0,0,0,208,l_1733716185.994.jpg
0,0,0,0,208,l_1733716186.911.jpg
0,0,0,0,208,l_1737022181.783.jpg
0,0,0,0,208,l_1737022182.497.jpg
0,0,0,0,208,l_1737022182.642.jpg
0,0,0,0,208,l_1737022185.405.jpg
0,0,0,0,208,l_1739248541.948.jpg
0,0,0,0,208,l_1739255768.974.jpg
0,0,0,0,208,l_1739255770.184.jpg
0,0,0,0,208,l_1739255770.603.jpg
0,0,0,0,208,l_1739255772.362.jpg
0,0,0,0,208,l_1739255773.504.jpg
0,0,0,0,208,l_1739255775.737.jpg
0,0,0,0,208,l_1739259797.596.jpg
0,0,0,0,208,l_1739259802.619.jpg
0,0,0,0,208,l_1739259804.675.jpg
0,0,0,0,208,l_1739259810.420.jpg
0,0,0,0,208,l_1739259812.541.jpg
0,0,0,0,208,l_1739259814.314.jpg
0,0,0,0,208,l_1739260985.336.jpg
0,0,0,0,208,l_1739260985.672.jpg
0,0,0,0,208,l_1739260986.920.jpg
0,0,0,0,208,l_1739261989.188.jpg
0,0,0,0,208,l_1739261989.580.jpg
0,0,0,0,208,l_1739261990.273.jpg
0,0,0,0,208,l_1739261991.441.jpg
0,0,0,0,208,l_1739261991.597.jpg
0,0,0,0,208,l_1741493628.304.jpg
0,0,0,0,208,l_1741493629.892.jpg
0,0,0,0,208,l_1741493630.411.jpg
0,0,0,0,208,l_1741493631.911.jpg
0,0,0,0,208,l_1741493946.252.jpg
0,0,0,0,208,l_1741493946.421.jpg
0,0,0,0,208,l_1741493947.428.jpg
0,0,0,0,208,l_1741493948.419.jpg
0,0,0,0,208,l_1741493948.935.jpg
0,0,0,0,208,l_1741493949.747.jpg
0,0,0,0,208,l_1743497719.872.jpg
0,0,0,0,208,l_1743497720.592.jpg
0,0,0,0,208,l_1743497721.581.jpg
0,0,0,0,208,l_1743497722.483.jpg
0,0,0,0,208,l_1743497723.258.jpg
0,0,0,0,208,l_1744163143.571.jpg
0,0,0,0,208,l_1744163143.984.jpg
0,0,0,0,208,l_1744388366.117.jpg
0,0,0,0,208,l_1744388367.578.jpg
0,0,0,0,208,l_1744388367.998.jpg
0,0,0,0,208,l_1744388368.431.jpg
0,0,0,0,208,l_1746601315.718.jpg
0,0,0,0,208,l_1746601316.854.jpg
0,0,0,0,208,l_1747020647.326.jpg
0,0,0,0,208,l_1747020648.937.jpg
0,0,0,0,208,l_1747020652.195.jpg
0,0,0,0,209,l_1746514346.572.jpg
0,0,0,0,209,l_1605509371.117.jpg
0,0,0,0,209,l_1605509371.735.jpg
0,0,0,0,209,l_1678094511.596.jpg
0,0,0,0,209,l_1678094511.642.jpg
0,0,0,0,209,l_1678094512.310.jpg
0,0,0,0,209,l_1678094512.527.jpg
0,0,0,0,209,l_1678094513.245.jpg
0,0,0,0,209,l_1678094513.705.jpg
0,0,0,0,209,l_1694660131.878.jpg
0,0,0,0,209,l_1694660131.905.jpg
0,0,0,0,209,l_1694660132.666.jpg
0,0,0,0,209,l_1694660132.755.jpg
0,0,0,0,209,l_1694660133.320.jpg
0,0,0,0,209,l_1698630589.630.jpg
0,0,0,0,209,l_1698630595.273.jpg
0,0,0,0,209,l_1700707377.450.jpg
0,0,0,0,209,l_1700707378.303.jpg
0,0,0,0,209,l_1700707378.643.jpg
0,0,0,0,209,l_1700707379.682.jpg
0,0,0,0,209,l_1700707381.960.jpg
0,0,0,0,209,l_1700707429.382.jpg
0,0,0,0,209,l_1700707430.429.jpg
0,0,0,0,209,l_1721781286.150.jpg
0,0,0,0,209,l_1721781287.268.jpg
0,0,0,0,209,l_1721781287.703.jpg
0,0,0,0,209,l_1721781288.552.jpg
0,0,0,0,209,l_1721781288.881.jpg
0,0,0,0,209,l_1721781291.936.jpg
0,0,0,0,209,l_1733738554.457.jpg
0,0,0,0,209,l_1733738555.119.jpg
0,0,0,0,209,l_1733738555.513.jpg
0,0,0,0,209,l_1733738630.472.jpg
0,0,0,0,209,l_1737444992.383.jpg
0,0,0,0,209,l_1737444993.351.jpg
0,0,0,0,209,l_1737444993.944.jpg
0,0,0,0,209,l_1737445069.991.jpg
0,0,0,0,209,l_1739432903.180.jpg
0,0,0,0,209,l_1739432920.499.jpg
0,0,0,0,209,l_1739432920.537.jpg
0,0,0,0,209,l_1739432935.261.jpg
0,0,0,0,209,l_1739433012.173.jpg
0,0,0,0,209,l_1739880651.449.jpg
0,0,0,0,209,l_1739880651.602.jpg
0,0,0,0,209,l_1742002196.837.jpg
0,0,0,0,209,l_1742002197.823.jpg
0,0,0,0,209,l_1742002198.332.jpg
0,0,0,0,209,l_1742002198.777.jpg
0,0,0,0,209,l_1742002199.157.jpg
0,0,0,0,209,l_1742002200.107.jpg
0,0,0,0,209,l_1743214178.517.jpg
0,0,0,0,209,l_1743214179.794.jpg
0,0,0,0,209,l_1743214180.314.jpg
0,0,0,0,209,l_1744874549.626.jpg
0,0,0,0,209,l_1744874550.814.jpg
0,0,0,0,209,l_1744874551.265.jpg
0,0,0,0,209,l_1744874552.156.jpg
0,0,0,0,209,l_1744874552.976.jpg
0,0,0,0,209,l_1745832537.906.jpg
0,0,0,0,209,l_1745832538.583.jpg
0,0,0,0,209,l_1745832539.581.jpg
0,0,0,0,209,l_1745832539.691.jpg
0,0,0,0,209,l_1745832540.588.jpg
0,0,0,0,209,l_1745899689.132.jpg
0,0,0,0,209,l_1745899689.610.jpg
0,0,0,0,209,l_1745899691.109.jpg
0,0,0,0,209,l_1745899692.236.jpg
0,0,0,0,209,l_1746068470.742.jpg
0,0,0,0,209,l_1746068471.468.jpg
0,0,0,0,209,l_1746068471.901.jpg
0,0,0,0,209,l_1746068472.789.jpg
0,0,0,0,209,l_1746514344.752.jpg
0,0,0,0,209,l_1746514345.137.jpg
0,0,0,0,209,l_1746514345.338.jpg
0,0,0,0,210,l_1745574173.506.jpg
0,0,0,0,210,l_1682673719.463.jpg
0,0,0,0,210,l_1682673720.724.jpg
0,0,0,0,210,l_1682673720.795.jpg
0,0,0,0,210,l_1682673722.407.jpg
0,0,0,0,210,l_1682673723.328.jpg
0,0,0,0,210,l_1682673784.682.jpg
0,0,0,0,210,l_1682673784.794.jpg
0,0,0,0,210,l_1694659733.710.jpg
0,0,0,0,210,l_1694659734.588.jpg
0,0,0,0,210,l_1694659736.114.jpg
0,0,0,0,210,l_1694659856.394.jpg
0,0,0,0,210,l_1694659856.793.jpg
0,0,0,0,210,l_1694659856.913.jpg
0,0,0,0,210,l_1700706456.330.jpg
0,0,0,0,210,l_1700706457.649.jpg
0,0,0,0,210,l_1700706458.263.jpg
0,0,0,0,210,l_1700706460.195.jpg
0,0,0,0,210,l_1700706461.602.jpg
0,0,0,0,210,l_1700706461.687.jpg
0,0,0,0,210,l_1700706462.948.jpg
0,0,0,0,210,l_1700706463.187.jpg
0,0,0,0,210,l_1700706463.599.jpg
0,0,0,0,210,l_1709889088.381.jpg
0,0,0,0,210,l_1709889088.567.jpg
0,0,0,0,210,l_1709889089.164.jpg
0,0,0,0,210,l_1709889089.765.jpg
0,0,0,0,210,l_1709889089.813.jpg
0,0,0,0,210,l_1713855325.200.jpg
0,0,0,0,210,l_1713855325.565.jpg
0,0,0,0,210,l_1713855326.139.jpg
0,0,0,0,210,l_1713855326.243.jpg
0,0,0,0,210,l_1713855327.945.jpg
0,0,0,0,210,l_1713857873.895.jpg
0,0,0,0,210,l_1713858205.496.jpg
0,0,0,0,210,l_1713858224.824.jpg
0,0,0,0,210,l_1713858239.114.jpg
0,0,0,0,210,l_1713863731.282.jpg
0,0,0,0,210,l_1713863732.196.jpg
0,0,0,0,210,l_1713863732.921.jpg
0,0,0,0,210,l_1713863733.416.jpg
0,0,0,0,210,l_1713867937.271.jpg
0,0,0,0,210,l_1713867939.122.jpg
0,0,0,0,210,l_1713867940.594.jpg
0,0,0,0,210,l_1713867941.982.jpg
0,0,0,0,210,l_1713867942.968.jpg
0,0,0,0,210,l_1713867958.563.jpg
0,0,0,0,210,l_1713948353.554.jpg
0,0,0,0,210,l_1723457608.109.jpg
0,0,0,0,210,l_1723457621.453.jpg
0,0,0,0,210,l_1723457624.757.jpg
0,0,0,0,210,l_1723457625.712.jpg
0,0,0,0,210,l_1730896527.566.jpg
0,0,0,0,210,l_1730896527.787.jpg
0,0,0,0,210,l_1730896528.253.jpg
0,0,0,0,210,l_1730896529.607.jpg
0,0,0,0,210,l_1737335836.238.jpg
0,0,0,0,210,l_1737335836.444.jpg
0,0,0,0,210,l_1737335837.592.jpg
0,0,0,0,210,l_1737335838.209.jpg
0,0,0,0,210,l_1737335838.582.jpg
0,0,0,0,210,l_1743161398.358.jpg
0,0,0,0,210,l_1743161398.665.jpg
0,0,0,0,210,l_1743161401.536.jpg
0,0,0,0,210,l_1743214897.707.jpg
0,0,0,0,210,l_1743214898.706.jpg
0,0,0,0,210,l_1743409297.447.jpg
0,0,0,0,210,l_1743409298.175.jpg
0,0,0,0,210,l_1743409299.736.jpg
0,0,0,0,210,l_1744857858.445.jpg
0,0,0,0,210,l_1744857859.800.jpg
0,0,0,0,210,l_1744857860.831.jpg
0,0,0,0,210,l_1744872545.149.jpg
0,0,0,0,210,l_1744872545.634.jpg
0,0,0,0,210,l_1745574171.404.jpg
0,0,0,0,210,l_1745574172.358.jpg
0,0,0,0,210,l_1745574172.787.jpg
0,0,0,0,211,l_1746068473.325.jpg
0,0,0,0,211,l_1694659160.228.jpg
0,0,0,0,211,l_1694659160.363.jpg
0,0,0,0,211,l_1694659160.642.jpg
0,0,0,0,211,l_1694659161.328.jpg
0,0,0,0,211,l_1700705970.445.jpg
0,0,0,0,211,l_1700705971.166.jpg
0,0,0,0,211,l_1700705971.849.jpg
0,0,0,0,211,l_1700705972.812.jpg
0,0,0,0,211,l_1700706623.865.jpg
0,0,0,0,211,l_1700706624.267.jpg
0,0,0,0,211,l_1700706626.410.jpg
0,0,0,0,211,l_1725854490.771.jpg
0,0,0,0,211,l_1725854491.423.jpg
0,0,0,0,211,l_1725854494.868.jpg
0,0,0,0,211,l_1725854495.599.jpg
0,0,0,0,211,l_1728553650.417.jpg
0,0,0,0,211,l_1728553650.830.jpg
0,0,0,0,211,l_1728553653.432.jpg
0,0,0,0,211,l_1728553654.816.jpg
0,0,0,0,211,l_1728553655.694.jpg
0,0,0,0,211,l_1732071257.392.jpg
0,0,0,0,211,l_1732071259.686.jpg
0,0,0,0,211,l_1732071260.224.jpg
0,0,0,0,211,l_1732071332.878.jpg
0,0,0,0,211,l_1732071367.146.jpg
0,0,0,0,211,l_1733727122.209.jpg
0,0,0,0,211,l_1733727125.492.jpg
0,0,0,0,211,l_1733727127.193.jpg
0,0,0,0,211,l_1733727128.539.jpg
0,0,0,0,211,l_1733727212.978.jpg
0,0,0,0,211,l_1739257981.382.jpg
0,0,0,0,211,l_1739257982.629.jpg
0,0,0,0,211,l_1739257983.317.jpg
0,0,0,0,211,l_1739257983.564.jpg
0,0,0,0,211,l_1739257984.637.jpg
0,0,0,0,211,l_1739258060.241.jpg
0,0,0,0,211,l_1741258696.194.jpg
0,0,0,0,211,l_1741258697.748.jpg
0,0,0,0,211,l_1741258699.457.jpg
0,0,0,0,211,l_1741258702.140.jpg
0,0,0,0,211,l_1741258708.892.jpg
0,0,0,0,211,l_1741779293.351.jpg
0,0,0,0,211,l_1741779294.218.jpg
0,0,0,0,211,l_1741779294.555.jpg
0,0,0,0,211,l_1741779295.268.jpg
0,0,0,0,211,l_1741779295.273.jpg
0,0,0,0,211,l_1743671044.838.jpg
0,0,0,0,211,l_1743671045.565.jpg
0,0,0,0,211,l_1743671046.751.jpg
0,0,0,0,211,l_1743671047.830.jpg
0,0,0,0,211,l_1743671048.908.jpg
0,0,0,0,211,l_1743671215.679.jpg
0,0,0,0,211,l_1743671216.838.jpg
0,0,0,0,211,l_1743671217.666.jpg
0,0,0,0,211,l_1743671217.722.jpg
0,0,0,0,211,l_1743671218.275.jpg
0,0,0,0,211,l_1743774745.584.jpg
0,0,0,0,211,l_1743774745.735.jpg
0,0,0,0,211,l_1743774748.499.jpg
0,0,0,0,211,l_1743774751.587.jpg
0,0,0,0,211,l_1743774753.334.jpg
0,0,0,0,211,l_1743774754.620.jpg
0,0,0,0,211,l_1745546503.754.jpg
0,0,0,0,211,l_1745546504.467.jpg
0,0,0,0,211,l_1745546504.829.jpg
0,0,0,0,211,l_1745546505.144.jpg
0,0,0,0,211,l_1745546505.754.jpg
0,0,0,0,211,l_1745546506.183.jpg
0,0,0,0,211,l_1745546507.293.jpg
0,0,0,0,212,l_1746840726.962.jpg
0,0,0,0,212,l_1708574210.525.jpg
0,0,0,0,212,l_1708574212.653.jpg
0,0,0,0,212,l_1708574214.695.jpg
0,0,0,0,212,l_1708574216.101.jpg
0,0,0,0,212,l_1708574209.153.jpg
0,0,0,0,212,l_1708574218.361.jpg
0,0,0,0,212,l_1733211273.419.jpg
0,0,0,0,212,l_1733211274.237.jpg
0,0,0,0,212,l_1733211276.861.jpg
0,0,0,0,212,l_1733211277.596.jpg
0,0,0,0,212,l_1741359285.663.jpg
0,0,0,0,212,l_1741359286.144.jpg
0,0,0,0,212,l_1741359291.826.jpg
0,0,0,0,212,l_1741359292.127.jpg
0,0,0,0,212,l_1741359293.982.jpg
0,0,0,0,212,l_1741359294.360.jpg
0,0,0,0,212,l_1742265358.917.jpg
0,0,0,0,212,l_1742265359.169.jpg
0,0,0,0,212,l_1742265359.695.jpg
0,0,0,0,212,l_1742265360.765.jpg
0,0,0,0,212,l_1742265361.768.jpg
0,0,0,0,212,l_1742265366.831.jpg
0,0,0,0,212,l_1743286263.690.jpg
0,0,0,0,212,l_1743286265.660.jpg
0,0,0,0,212,l_1743286267.699.jpg
0,0,0,0,212,l_1743761098.352.jpg
0,0,0,0,212,l_1743761098.648.jpg
0,0,0,0,212,l_1743761099.559.jpg
0,0,0,0,212,l_1743761099.971.jpg
0,0,0,0,212,l_1744255262.465.jpg
0,0,0,0,212,l_1744255263.655.jpg
0,0,0,0,212,l_1744255269.663.jpg
0,0,0,0,212,l_1744255274.587.jpg
0,0,0,0,212,l_1744255275.587.jpg
0,0,0,0,212,l_1744358051.703.jpg
0,0,0,0,212,l_1744358052.438.jpg
0,0,0,0,212,l_1744358053.292.jpg
0,0,0,0,212,l_1744358055.205.jpg
0,0,0,0,212,l_1744358055.472.jpg
0,0,0,0,212,l_1744358057.623.jpg
0,0,0,0,212,l_1744693590.414.jpg
0,0,0,0,212,l_1744693692.641.jpg
0,0,0,0,212,l_1744693694.800.jpg
0,0,0,0,212,l_1744693695.204.jpg
0,0,0,0,212,l_1744693714.710.jpg
0,0,0,0,212,l_1744878878.728.jpg
0,0,0,0,212,l_1744878880.978.jpg
0,0,0,0,212,l_1744878881.326.jpg
0,0,0,0,212,l_1745386750.409.jpg
0,0,0,0,212,l_1745386751.472.jpg
0,0,0,0,212,l_1745386752.133.jpg
0,0,0,0,212,l_1745640419.510.jpg
0,0,0,0,212,l_1745640420.699.jpg
0,0,0,0,212,l_1745640421.645.jpg
0,0,0,0,212,l_1745640422.622.jpg
0,0,0,0,212,l_1745640426.428.jpg
0,0,0,0,212,l_1745815299.744.jpg
0,0,0,0,212,l_1745815300.820.jpg
0,0,0,0,212,l_1745815302.417.jpg
0,0,0,0,212,l_1745815304.191.jpg
0,0,0,0,212,l_1745815305.192.jpg
0,0,0,0,212,l_1746840699.782.jpg
0,0,0,0,212,l_1746840707.291.jpg
0,0,0,0,213,l_1746843707.158.jpg
0,0,0,0,213,l_1731032863.372.jpg
0,0,0,0,213,l_1731032865.542.jpg
0,0,0,0,213,l_1731032867.321.jpg
0,0,0,0,213,l_1731032869.503.jpg
0,0,0,0,213,l_1735360405.906.jpg
0,0,0,0,213,l_1735360407.264.jpg
0,0,0,0,213,l_1735360407.870.jpg
0,0,0,0,213,l_1735360408.291.jpg
0,0,0,0,213,l_1735360409.534.jpg
0,0,0,0,213,l_1735360410.127.jpg
0,0,0,0,213,l_1735360411.623.jpg
0,0,0,0,213,l_1736915427.745.jpg
0,0,0,0,213,l_1736915428.455.jpg
0,0,0,0,213,l_1736915429.540.jpg
0,0,0,0,213,l_1736915430.941.jpg
0,0,0,0,213,l_1736915431.239.jpg
0,0,0,0,213,l_1743222613.427.jpg
0,0,0,0,213,l_1743222626.460.jpg
0,0,0,0,213,l_1743222637.947.jpg
0,0,0,0,213,l_1743222645.930.jpg
0,0,0,0,213,l_1743643588.498.jpg
0,0,0,0,213,l_1743643588.900.jpg
0,0,0,0,213,l_1743643589.235.jpg
0,0,0,0,213,l_1743643594.457.jpg
0,0,0,0,213,l_1743643594.964.jpg
0,0,0,0,213,l_1743643600.235.jpg
0,0,0,0,213,l_1744095734.636.jpg
0,0,0,0,213,l_1744095742.221.jpg
0,0,0,0,213,l_1744095750.947.jpg
0,0,0,0,213,l_1744095761.205.jpg
0,0,0,0,213,l_1744260453.513.jpg
0,0,0,0,213,l_1744260453.816.jpg
0,0,0,0,213,l_1744260454.504.jpg
0,0,0,0,213,l_1744260454.903.jpg
0,0,0,0,213,l_1744346199.706.jpg
0,0,0,0,213,l_1744346218.248.jpg
0,0,0,0,213,l_1744346235.506.jpg
0,0,0,0,213,l_1744346251.774.jpg
0,0,0,0,213,l_1744630925.733.jpg
0,0,0,0,213,l_1744630926.224.jpg
0,0,0,0,213,l_1744630926.606.jpg
0,0,0,0,213,l_1744630927.127.jpg
0,0,0,0,213,l_1745413174.359.jpg
0,0,0,0,213,l_1745413177.373.jpg
0,0,0,0,213,l_1745413181.805.jpg
0,0,0,0,213,l_1745830481.155.jpg
0,0,0,0,213,l_1745830482.546.jpg
0,0,0,0,213,l_1745830483.101.jpg
0,0,0,0,213,l_1745830483.962.jpg
0,0,0,0,213,l_1745830484.108.jpg
0,0,0,0,213,l_1745830484.968.jpg
0,0,0,0,213,l_1746530936.712.jpg
0,0,0,0,213,l_1746530938.792.jpg
0,0,0,0,213,l_1746530939.390.jpg
0,0,0,0,213,l_1746530939.511.jpg
0,0,0,0,213,l_1746843706.975.jpg
0,0,0,0,214,l_1744129950.714.jpg
0,0,0,0,214,l_1741761073.796.jpg
0,0,0,0,214,l_1741761074.309.jpg
0,0,0,0,214,l_1741761074.364.jpg
0,0,0,0,214,l_1741761075.829.jpg
0,0,0,0,214,l_1744129934.886.jpg
0,0,0,0,214,l_1744129937.439.jpg
0,0,0,0,214,l_1740969251.347.jpg
0,0,0,0,214,l_1740969253.773.jpg
0,0,0,0,214,l_1740969254.236.jpg
0,0,0,0,214,l_1743245179.538.jpg
0,0,0,0,214,l_1743245182.512.jpg
0,0,0,0,214,l_1743245183.944.jpg
0,0,0,0,214,l_1743245184.826.jpg
0,0,0,0,214,l_1743245186.289.jpg
0,0,0,0,214,l_1743742129.461.jpg
0,0,0,0,214,l_1743742130.384.jpg
0,0,0,0,214,l_1743742131.798.jpg
0,0,0,0,214,l_1743742131.803.jpg
0,0,0,0,214,l_1743742135.753.jpg
0,0,0,0,214,l_1743770369.327.jpg
0,0,0,0,214,l_1743770369.789.jpg
0,0,0,0,214,l_1743770370.334.jpg
0,0,0,0,214,l_1743770371.963.jpg
0,0,0,0,214,l_1743770372.672.jpg
0,0,0,0,214,l_1743770373.269.jpg
0,0,0,0,214,l_1743770373.920.jpg
0,0,0,0,214,l_1744196268.938.jpg
0,0,0,0,214,l_1744196269.804.jpg
0,0,0,0,214,l_1744196269.908.jpg
0,0,0,0,214,l_1744196270.681.jpg
0,0,0,0,214,l_1744196271.482.jpg
0,0,0,0,214,l_1744729399.494.jpg
0,0,0,0,214,l_1744729399.748.jpg
0,0,0,0,214,l_1744729400.185.jpg
0,0,0,0,214,l_1744729400.911.jpg
0,0,0,0,214,l_1744729405.903.jpg
0,0,0,0,214,l_1744730018.204.jpg
0,0,0,0,214,l_1744730018.242.jpg
0,0,0,0,214,l_1744730019.358.jpg
0,0,0,0,214,l_1744730019.396.jpg
0,0,0,0,214,l_1744730020.880.jpg
0,0,0,0,214,l_1744818181.216.jpg
0,0,0,0,214,l_1744818182.841.jpg
0,0,0,0,214,l_1744818183.225.jpg
0,0,0,0,214,l_1744818183.799.jpg
0,0,0,0,214,l_1744818184.771.jpg
0,0,0,0,214,l_1744818187.279.jpg
0,0,0,0,214,l_1745036392.331.jpg
0,0,0,0,214,l_1745036392.957.jpg
0,0,0,0,214,l_1745036393.877.jpg
0,0,0,0,214,l_1745036396.764.jpg
0,0,0,0,214,l_1746271219.955.jpg
0,0,0,0,214,l_1746271220.973.jpg
0,0,0,0,214,l_1746271222.652.jpg
0,0,0,0,214,l_1746271224.424.jpg
0,0,0,0,214,l_1746685764.985.jpg
0,0,0,0,214,l_1746685765.451.jpg
0,0,0,0,214,l_1746685769.373.jpg
0,0,0,0,214,l_1746685771.496.jpg
0,0,0,0,214,l_1746703335.226.jpg
0,0,0,0,214,l_1746703335.269.jpg
0,0,0,0,214,l_1746703337.580.jpg
0,0,0,0,214,l_1746703339.199.jpg
0,0,0,0,214,l_1747032685.217.jpg
0,0,0,0,214,l_1747032685.616.jpg
0,0,0,0,214,l_1747032686.588.jpg
0,0,0,0,214,l_1747095873.926.jpg
0,0,0,0,214,l_1747095874.480.jpg
0,0,0,0,214,l_1747274223.820.jpg
0,0,0,0,214,l_1747274224.108.jpg
0,0,0,0,214,l_1747274224.260.jpg
0,0,0,0,214,l_1747310675.623.jpg
0,0,0,0,214,l_1747310676.563.jpg
0,0,0,0,214,l_1747310676.912.jpg
0,0,0,0,214,l_1747310678.973.jpg
0,0,0,0,214,l_1747380029.220.jpg
0,0,0,0,214,l_1747380030.541.jpg
0,0,0,0,214,l_1747380032.816.jpg
0,0,0,0,214,l_1747380033.889.jpg
0,0,0,0,215,l_1747099516.863.jpg
0,0,0,0,215,l_1739744088.977.jpg
0,0,0,0,215,l_1739744092.693.jpg
0,0,0,0,215,l_1739744095.537.jpg
0,0,0,0,215,l_1739744098.151.jpg
0,0,0,0,215,l_1739744102.960.jpg
0,0,0,0,215,l_1739744106.487.jpg
0,0,0,0,215,l_1740044381.157.jpg
0,0,0,0,215,l_1740044382.299.jpg
0,0,0,0,215,l_1740044499.921.jpg
0,0,0,0,215,l_1740044500.123.jpg
0,0,0,0,215,l_1740044501.211.jpg
0,0,0,0,215,l_1740044504.660.jpg
0,0,0,0,215,l_1740044505.205.jpg
0,0,0,0,215,l_1742189695.473.jpg
0,0,0,0,215,l_1742289186.330.jpg
0,0,0,0,215,l_1742289189.221.jpg
0,0,0,0,215,l_1742289191.479.jpg
0,0,0,0,215,l_1742289193.442.jpg
0,0,0,0,215,l_1742289194.191.jpg
0,0,0,0,215,l_1742430852.647.jpg
0,0,0,0,215,l_1742430858.506.jpg
0,0,0,0,215,l_1742430859.395.jpg
0,0,0,0,215,l_1742458820.458.jpg
0,0,0,0,215,l_1742459748.445.jpg
0,0,0,0,215,l_1742459748.529.jpg
0,0,0,0,215,l_1742459749.790.jpg
0,0,0,0,215,l_1743739817.401.jpg
0,0,0,0,215,l_1743739818.690.jpg
0,0,0,0,215,l_1743739818.694.jpg
0,0,0,0,215,l_1743739819.944.jpg
0,0,0,0,215,l_1744108040.598.jpg
0,0,0,0,215,l_1744108040.817.jpg
0,0,0,0,215,l_1744108041.945.jpg
0,0,0,0,215,l_1744108042.411.jpg
0,0,0,0,215,l_1744108042.558.jpg
0,0,0,0,215,l_1745568172.198.jpg
0,0,0,0,215,l_1745568410.407.jpg
0,0,0,0,215,l_1745568412.420.jpg
0,0,0,0,215,l_1745568414.375.jpg
0,0,0,0,215,l_1745568416.548.jpg
0,0,0,0,215,l_1746153982.951.jpg
0,0,0,0,215,l_1746153983.699.jpg
0,0,0,0,215,l_1746153984.303.jpg
0,0,0,0,215,l_1746153985.245.jpg
0,0,0,0,215,l_1746153985.378.jpg
0,0,0,0,215,l_1746846187.760.jpg
0,0,0,0,215,l_1746887394.306.jpg
0,0,0,0,215,l_1746887395.203.jpg
0,0,0,0,215,l_1747018360.jpg
0,0,0,0,215,l_1747099511.852.jpg
0,0,0,0,215,l_1747099513.166.jpg
0,0,0,0,215,l_1747099513.330.jpg
0,0,0,0,216,l_1747117080.558.jpg
0,0,0,0,216,l_1721552158.775.jpg
0,0,0,0,216,l_1721552159.631.jpg
0,0,0,0,216,l_1721552161.383.jpg
0,0,0,0,216,l_1721552164.646.jpg
0,0,0,0,216,l_1734593804.508.jpg
0,0,0,0,216,l_1734593804.819.jpg
0,0,0,0,216,l_1734593805.588.jpg
0,0,0,0,216,l_1734593806.486.jpg
0,0,0,0,216,l_1734593809.360.jpg
0,0,0,0,216,l_1734927968.361.jpg
0,0,0,0,216,l_1734927969.488.jpg
0,0,0,0,216,l_1734927970.743.jpg
0,0,0,0,216,l_1734927971.918.jpg
0,0,0,0,216,l_1736430629.836.jpg
0,0,0,0,216,l_1736430630.447.jpg
0,0,0,0,216,l_1736430630.985.jpg
0,0,0,0,216,l_1736430631.392.jpg
0,0,0,0,216,l_1736430633.314.jpg
0,0,0,0,216,l_1736430633.986.jpg
0,0,0,0,216,l_1737103655.630.jpg
0,0,0,0,216,l_1737103656.405.jpg
0,0,0,0,216,l_1737103656.508.jpg
0,0,0,0,216,l_1737103656.753.jpg
0,0,0,0,216,l_1743131424.585.jpg
0,0,0,0,216,l_1743131425.411.jpg
0,0,0,0,216,l_1743131426.235.jpg
0,0,0,0,216,l_1743131426.457.jpg
0,0,0,0,216,l_1743131427.286.jpg
0,0,0,0,216,l_1743131427.775.jpg
0,0,0,0,216,l_1743131429.109.jpg
0,0,0,0,216,l_1743131429.206.jpg
0,0,0,0,216,l_1743131430.609.jpg
0,0,0,0,216,l_1743739820.867.jpg
0,0,0,0,216,l_1743739821.516.jpg
0,0,0,0,216,l_1743739823.137.jpg
0,0,0,0,216,l_1744108041.536.jpg
0,0,0,0,216,l_1744108043.138.jpg
0,0,0,0,216,l_1744108044.620.jpg
0,0,0,0,216,l_1744108044.875.jpg
0,0,0,0,216,l_1745033014.387.jpg
0,0,0,0,216,l_1745033014.584.jpg
0,0,0,0,216,l_1745033015.224.jpg
0,0,0,0,216,l_1745033015.756.jpg
0,0,0,0,216,l_1745196726.957.jpg
0,0,0,0,216,l_1745196739.760.jpg
0,0,0,0,216,l_1745196739.812.jpg
0,0,0,0,216,l_1745196740.504.jpg
0,0,0,0,216,l_1745196740.670.jpg
0,0,0,0,216,l_1745228069.460.jpg
0,0,0,0,216,l_1745228069.933.jpg
0,0,0,0,216,l_1745228069.937.jpg
0,0,0,0,216,l_1745228070.664.jpg
0,0,0,0,216,l_1745228071.521.jpg
0,0,0,0,216,l_1745554319.244.jpg
0,0,0,0,216,l_1745554337.506.jpg
0,0,0,0,216,l_1745554344.164.jpg
0,0,0,0,216,l_1745554345.344.jpg
0,0,0,0,216,l_1745554345.917.jpg
0,0,0,0,216,l_1745775284.198.jpg
0,0,0,0,216,l_1745775285.639.jpg
0,0,0,0,216,l_1746261081.166.jpg
0,0,0,0,216,l_1746261083.147.jpg
0,0,0,0,216,l_1746261085.364.jpg
0,0,0,0,216,l_1746261088.948.jpg
0,0,0,0,216,l_1746261091.581.jpg
0,0,0,0,216,l_1746261094.357.jpg
0,0,0,0,216,l_1746261100.890.jpg
0,0,0,0,216,l_1746608133.387.jpg
0,0,0,0,216,l_1746608134.121.jpg
0,0,0,0,216,l_1746608135.628.jpg
0,0,0,0,216,l_1746608136.335.jpg
0,0,0,0,216,l_1747023872.812.jpg
0,0,0,0,216,l_1747023873.846.jpg
0,0,0,0,216,l_1747042143.584.jpg
0,0,0,0,216,l_1747042144.230.jpg
0,0,0,0,216,l_1747042148.899.jpg
0,0,0,0,216,l_1747042149.619.jpg
0,0,0,0,216,l_1747103005.932.jpg
0,0,0,0,216,l_1747117078.653.jpg
0,0,0,0,216,l_1747117079.918.jpg
0,0,0,0,217,l_1745888179.928.jpg
0,0,0,0,217,l_1745552540.348.jpg
0,0,0,0,217,l_1745552564.514.jpg
0,0,0,0,217,l_1745552565.863.jpg
0,0,0,0,217,l_1745552565.910.jpg
0,0,0,0,217,l_1745552566.644.jpg
0,0,0,0,217,l_1745552569.236.jpg
0,0,0,0,217,l_1745552646.148.jpg
0,0,0,0,217,l_1745888176.397.jpg
0,0,0,0,217,l_1745888176.881.jpg
0,0,0,0,217,l_1745888178.850.jpg
0,0,0,0,217,l_1747281840.368.jpg
0,0,0,0,217,l_1747384398.922.jpg
0,0,0,0,217,l_1747384398.959.jpg
0,0,0,0,217,l_1747384399.980.jpg
0,0,0,0,217,l_1747384406.236.jpg
0,0,0,0,217,l_1747384409.387.jpg
0,0,0,0,217,l_1747384410.308.jpg
0,0,0,0,217,l_1722926655.468.jpg
0,0,0,0,217,l_1722926656.959.jpg
0,0,0,0,217,l_1722926657.900.jpg
0,0,0,0,217,l_1722926658.730.jpg
0,0,0,0,217,l_1722926659.104.jpg
0,0,0,0,217,l_1733211403.718.jpg
0,0,0,0,217,l_1733211404.650.jpg
0,0,0,0,217,l_1733211405.740.jpg
0,0,0,0,217,l_1733211406.895.jpg
0,0,0,0,217,l_1737078896.214.jpg
0,0,0,0,217,l_1737078899.229.jpg
0,0,0,0,217,l_1737078902.577.jpg
0,0,0,0,217,l_1737078905.437.jpg
0,0,0,0,217,l_1739342802.978.jpg
0,0,0,0,217,l_1739342802.986.jpg
0,0,0,0,217,l_1739342805.480.jpg
0,0,0,0,217,l_1739342805.628.jpg
0,0,0,0,217,l_1739671693.247.jpg
0,0,0,0,217,l_1739671693.749.jpg
0,0,0,0,217,l_1739671694.992.jpg
0,0,0,0,217,l_1739671695.566.jpg
0,0,0,0,217,l_1739671695.926.jpg
0,0,0,0,217,l_1741066841.403.jpg
0,0,0,0,217,l_1741066841.778.jpg
0,0,0,0,217,l_1741066842.232.jpg
0,0,0,0,217,l_1741244113.374.jpg
0,0,0,0,217,l_1741244113.800.jpg
0,0,0,0,217,l_1741244114.229.jpg
0,0,0,0,217,l_1741244114.453.jpg
0,0,0,0,217,l_1741411707.515.jpg
0,0,0,0,217,l_1741411708.379.jpg
0,0,0,0,217,l_1741411710.911.jpg
0,0,0,0,217,l_1741411712.264.jpg
0,0,0,0,217,l_1741411713.773.jpg
0,0,0,0,217,l_1741573645.506.jpg
0,0,0,0,217,l_1741573648.320.jpg
0,0,0,0,217,l_1741573648.758.jpg
0,0,0,0,217,l_1741573649.384.jpg
0,0,0,0,217,l_1741573650.408.jpg
0,0,0,0,217,l_1741573652.782.jpg
0,0,0,0,217,l_1743030342.156.jpg
0,0,0,0,217,l_1743030345.517.jpg
0,0,0,0,217,l_1743030349.430.jpg
0,0,0,0,217,l_1743030352.446.jpg
0,0,0,0,217,l_1744622420.113.jpg
0,0,0,0,217,l_1744622426.954.jpg
0,0,0,0,217,l_1744865135.192.jpg
0,0,0,0,217,l_1744865136.123.jpg
0,0,0,0,217,l_1744865139.870.jpg
0,0,0,0,217,l_1744865140.446.jpg
0,0,0,0,217,l_1744865141.368.jpg
0,0,0,0,217,l_1745245807.214.jpg
0,0,0,0,217,l_1745245808.231.jpg
0,0,0,0,217,l_1745245808.423.jpg
0,0,0,0,217,l_1745245809.244.jpg
0,0,0,0,217,l_1745664457.744.jpg
0,0,0,0,217,l_1745664461.105.jpg
0,0,0,0,217,l_1745897342.419.jpg
0,0,0,0,217,l_1745897343.519.jpg
0,0,0,0,217,l_1745897344.309.jpg
0,0,0,0,217,l_1745897344.501.jpg
0,0,0,0,217,l_1745897345.272.jpg
0,0,0,0,217,l_1746364631.211.jpg
0,0,0,0,217,l_1746364632.950.jpg
0,0,0,0,217,l_1746364633.173.jpg
0,0,0,0,217,l_1746364633.916.jpg
0,0,0,0,217,l_1746787267.963.jpg
0,0,0,0,217,l_1746787268.508.jpg
0,0,0,0,217,l_1746787269.532.jpg
0,0,0,0,217,l_1747281837.575.jpg
0,0,0,0,217,l_1747281837.720.jpg
0,0,0,0,217,l_1747281838.961.jpg
0,0,0,0,217,l_1747281839.785.jpg
0,0,0,0,218,l_1741876930.809.jpg
0,0,0,0,218,l_1741876927.582.jpg
0,0,0,0,218,l_1741876928.959.jpg
0,0,0,0,218,l_1741876929.518.jpg
0,0,0,0,218,l_1747185591.716.jpg
0,0,0,0,218,l_1703287376.363.jpg
0,0,0,0,218,l_1703287377.176.jpg
0,0,0,0,218,l_1703287377.805.jpg
0,0,0,0,218,l_1703287381.864.jpg
0,0,0,0,218,l_1734615732.560.jpg
0,0,0,0,218,l_1734615733.854.jpg
0,0,0,0,218,l_1734615734.445.jpg
0,0,0,0,218,l_1734615735.866.jpg
0,0,0,0,218,l_1737769500.862.jpg
0,0,0,0,218,l_1737769502.844.jpg
0,0,0,0,218,l_1737769504.715.jpg
0,0,0,0,218,l_1741942624.177.jpg
0,0,0,0,218,l_1741942624.896.jpg
0,0,0,0,218,l_1741942626.177.jpg
0,0,0,0,218,l_1741942627.805.jpg
0,0,0,0,218,l_1741942628.912.jpg
0,0,0,0,218,l_1743729994.200.jpg
0,0,0,0,218,l_1743729995.324.jpg
0,0,0,0,218,l_1743729996.231.jpg
0,0,0,0,218,l_1743729997.196.jpg
0,0,0,0,218,l_1743729998.265.jpg
0,0,0,0,218,l_1744158090.206.jpg
0,0,0,0,218,l_1744158094.456.jpg
0,0,0,0,218,l_1744158097.305.jpg
0,0,0,0,218,l_1744158101.811.jpg
0,0,0,0,218,l_1744158105.101.jpg
0,0,0,0,218,l_1745224616.356.jpg
0,0,0,0,218,l_1745224617.487.jpg
0,0,0,0,218,l_1745224618.200.jpg
0,0,0,0,218,l_1745225928.604.jpg
0,0,0,0,218,l_1745225933.245.jpg
0,0,0,0,218,l_1745225937.909.jpg
0,0,0,0,218,l_1745225941.248.jpg
0,0,0,0,218,l_1745234117.301.jpg
0,0,0,0,218,l_1745234118.114.jpg
0,0,0,0,218,l_1745234118.706.jpg
0,0,0,0,218,l_1745234120.647.jpg
0,0,0,0,218,l_1745234121.881.jpg
0,0,0,0,218,l_1745284883.932.jpg
0,0,0,0,218,l_1745284883.950.jpg
0,0,0,0,218,l_1745284884.799.jpg
0,0,0,0,218,l_1745284884.833.jpg
0,0,0,0,218,l_1745381785.720.jpg
0,0,0,0,218,l_1745381786.410.jpg
0,0,0,0,218,l_1745381787.158.jpg
0,0,0,0,218,l_1745381788.539.jpg
0,0,0,0,218,l_1745381791.590.jpg
0,0,0,0,218,l_1745487757.210.jpg
0,0,0,0,218,l_1745487757.298.jpg
0,0,0,0,218,l_1745487758.244.jpg
0,0,0,0,218,l_1745487758.668.jpg
0,0,0,0,218,l_1745487759.265.jpg
0,0,0,0,218,l_1745651466.182.jpg
0,0,0,0,218,l_1745651467.397.jpg
0,0,0,0,218,l_1745651467.653.jpg
0,0,0,0,218,l_1745651468.836.jpg
0,0,0,0,218,l_1745651468.972.jpg
0,0,0,0,218,l_1745651469.704.jpg
0,0,0,0,218,l_1746160923.599.jpg
0,0,0,0,218,l_1746160924.403.jpg
0,0,0,0,218,l_1746160925.468.jpg
0,0,0,0,218,l_1746160926.252.jpg
0,0,0,0,218,l_1746160926.502.jpg
0,0,0,0,218,l_1746585044.721.jpg
0,0,0,0,218,l_1746585054.985.jpg
0,0,0,0,218,l_1746585065.564.jpg
0,0,0,0,218,l_1746585079.679.jpg
0,0,0,0,218,l_1746585093.549.jpg
0,0,0,0,218,l_1746585104.997.jpg
0,0,0,0,218,l_1746762360.346.jpg
0,0,0,0,218,l_1746762363.312.jpg
0,0,0,0,218,l_1746762365.812.jpg
0,0,0,0,218,l_1746762366.566.jpg
0,0,0,0,218,l_1746762369.954.jpg
0,0,0,0,218,l_1747024120.988.jpg
0,0,0,0,218,l_1747024121.234.jpg
0,0,0,0,218,l_1747024122.876.jpg
0,0,0,0,218,l_1747048381.674.jpg
0,0,0,0,218,l_1747048382.308.jpg
0,0,0,0,218,l_1747048384.272.jpg
0,0,0,0,218,l_1747048385.639.jpg
0,0,0,0,218,l_1747048386.973.jpg
0,0,0,0,218,l_1747048387.131.jpg
0,0,0,0,218,l_1747185590.967.jpg
0,0,0,0,219,l_1747117734.212.jpg
0,0,0,0,219,l_1679646207.230.jpg
0,0,0,0,219,l_1679646207.895.jpg
0,0,0,0,219,l_1679646208.338.jpg
0,0,0,0,219,l_1679646208.626.jpg
0,0,0,0,219,l_1679646210.793.jpg
0,0,0,0,219,l_1702971502.970.jpg
0,0,0,0,219,l_1702971507.873.jpg
0,0,0,0,219,l_1702971508.260.jpg
0,0,0,0,219,l_1702971508.932.jpg
0,0,0,0,219,l_1702971509.292.jpg
0,0,0,0,219,l_1741347924.779.jpg
0,0,0,0,219,l_1741347939.571.jpg
0,0,0,0,219,l_1741347955.843.jpg
0,0,0,0,219,l_1741347973.696.jpg
0,0,0,0,219,l_1741347992.186.jpg
0,0,0,0,219,l_1741347995.263.jpg
0,0,0,0,219,l_1741871247.969.jpg
0,0,0,0,219,l_1741871250.549.jpg
0,0,0,0,219,l_1744432276.479.jpg
0,0,0,0,219,l_1744432277.682.jpg
0,0,0,0,219,l_1745028895.397.jpg
0,0,0,0,219,l_1745028896.423.jpg
0,0,0,0,219,l_1745028897.286.jpg
0,0,0,0,219,l_1745913816.122.jpg
0,0,0,0,219,l_1745913819.601.jpg
0,0,0,0,219,l_1745913822.332.jpg
0,0,0,0,219,l_1745913825.717.jpg
0,0,0,0,219,l_1745913838.277.jpg
0,0,0,0,219,l_1746159794.948.jpg
0,0,0,0,219,l_1746159795.113.jpg
0,0,0,0,219,l_1746159797.874.jpg
0,0,0,0,219,l_1746159799.735.jpg
0,0,0,0,219,l_1746159801.329.jpg
0,0,0,0,219,l_1746445176.410.jpg
0,0,0,0,219,l_1746445176.851.jpg
0,0,0,0,219,l_1746445177.104.jpg
0,0,0,0,219,l_1746445177.337.jpg
0,0,0,0,219,l_1746445178.199.jpg
0,0,0,0,219,l_1746514993.606.jpg
0,0,0,0,219,l_1746514993.997.jpg
0,0,0,0,219,l_1746514994.118.jpg
0,0,0,0,219,l_1746514994.620.jpg
0,0,0,0,219,l_1746610006.460.jpg
0,0,0,0,219,l_1746610007.158.jpg
0,0,0,0,219,l_1746610008.514.jpg
0,0,0,0,219,l_1746610008.931.jpg
0,0,0,0,219,l_1746610011.188.jpg
0,0,0,0,219,l_1747040045.792.jpg
0,0,0,0,219,l_1747040046.280.jpg
0,0,0,0,219,l_1747040046.531.jpg
0,0,0,0,219,l_1747040047.348.jpg
0,0,0,0,219,l_1747040052.179.jpg
0,0,0,0,219,l_1747117731.423.jpg
0,0,0,0,219,l_1747117731.784.jpg
0,0,0,0,219,l_1747117733.461.jpg
0,0,0,0,220,l_1747129017.277.jpg
0,0,0,0,220,l_1645412019.531.jpg
0,0,0,0,220,l_1645412020.338.jpg
0,0,0,0,220,l_1645412020.798.jpg
0,0,0,0,220,l_1645412022.539.jpg
0,0,0,0,220,l_1661848810.jpg
0,0,0,0,220,l_1661848822.jpg
0,0,0,0,220,l_1661848829.jpg
0,0,0,0,220,l_1661848836.jpg
0,0,0,0,220,l_1661848844.jpg
0,0,0,0,220,l_1661848851.jpg
0,0,0,0,220,l_1710854419.395.jpg
0,0,0,0,220,l_1710854425.271.jpg
0,0,0,0,220,l_1710854433.225.jpg
0,0,0,0,220,l_1739876517.186.jpg
0,0,0,0,220,l_1739876517.498.jpg
0,0,0,0,220,l_1741750069.615.jpg
0,0,0,0,220,l_1741750070.260.jpg
0,0,0,0,220,l_1741750071.678.jpg
0,0,0,0,220,l_1741750074.251.jpg
0,0,0,0,220,l_1741750074.775.jpg
0,0,0,0,220,l_1741750075.502.jpg
0,0,0,0,220,l_1741926707.781.jpg
0,0,0,0,220,l_1741926708.286.jpg
0,0,0,0,220,l_1741926708.507.jpg
0,0,0,0,220,l_1742963135.237.jpg
0,0,0,0,220,l_1742963136.168.jpg
0,0,0,0,220,l_1742963136.721.jpg
0,0,0,0,220,l_1742963137.409.jpg
0,0,0,0,220,l_1742963138.769.jpg
0,0,0,0,220,l_1742963139.247.jpg
0,0,0,0,220,l_1742963141.122.jpg
0,0,0,0,220,l_1742963142.347.jpg
0,0,0,0,220,l_1743412566.434.jpg
0,0,0,0,220,l_1743412567.386.jpg
0,0,0,0,220,l_1743412567.860.jpg
0,0,0,0,220,l_1743412568.145.jpg
0,0,0,0,220,l_1743824302.121.jpg
0,0,0,0,220,l_1743824302.737.jpg
0,0,0,0,220,l_1743824303.872.jpg
0,0,0,0,220,l_1743824304.219.jpg
0,0,0,0,220,l_1744351087.765.jpg
0,0,0,0,220,l_1744351090.895.jpg
0,0,0,0,220,l_1744351095.848.jpg
0,0,0,0,220,l_1744432277.940.jpg
0,0,0,0,220,l_1744432278.769.jpg
0,0,0,0,220,l_1744620741.349.jpg
0,0,0,0,220,l_1744620742.731.jpg
0,0,0,0,220,l_1744620743.427.jpg
0,0,0,0,220,l_1744620746.414.jpg
0,0,0,0,220,l_1744620747.513.jpg
0,0,0,0,220,l_1744859928.338.jpg
0,0,0,0,220,l_1744859930.189.jpg
0,0,0,0,220,l_1744859931.782.jpg
0,0,0,0,220,l_1744859931.952.jpg
0,0,0,0,220,l_1744859932.554.jpg
0,0,0,0,220,l_1745983655.975.jpg
0,0,0,0,220,l_1745983669.593.jpg
0,0,0,0,220,l_1746436357.413.jpg
0,0,0,0,220,l_1746436359.385.jpg
0,0,0,0,220,l_1746436362.605.jpg
0,0,0,0,220,l_1746436362.830.jpg
0,0,0,0,220,l_1746436363.317.jpg
0,0,0,0,220,l_1746436363.887.jpg
0,0,0,0,220,l_1746436368.575.jpg
0,0,0,0,220,l_1746894333.306.jpg
0,0,0,0,220,l_1746894333.992.jpg
0,0,0,0,220,l_1746894334.861.jpg
0,0,0,0,220,l_1747129009.483.jpg
0,0,0,0,220,l_1747129009.543.jpg
0,0,0,0,221,l_1747149435.777.jpg
0,0,0,0,221,l_1724396757.403.jpg
0,0,0,0,221,l_1724396758.476.jpg
0,0,0,0,221,l_1724396758.572.jpg
0,0,0,0,221,l_1724396759.732.jpg
0,0,0,0,221,l_1724396760.836.jpg
0,0,0,0,221,l_1732525622.322.jpg
0,0,0,0,221,l_1732525626.460.jpg
0,0,0,0,221,l_1732525629.417.jpg
0,0,0,0,221,l_1732525633.170.jpg
0,0,0,0,221,l_1732525636.461.jpg
0,0,0,0,221,l_1741666058.263.jpg
0,0,0,0,221,l_1741666061.345.jpg
0,0,0,0,221,l_1741666064.861.jpg
0,0,0,0,221,l_1741666065.680.jpg
0,0,0,0,221,l_1741666067.571.jpg
0,0,0,0,221,l_1742186222.758.jpg
0,0,0,0,221,l_1742186223.200.jpg
0,0,0,0,221,l_1742186223.377.jpg
0,0,0,0,221,l_1742186224.970.jpg
0,0,0,0,221,l_1743732204.235.jpg
0,0,0,0,221,l_1743732205.814.jpg
0,0,0,0,221,l_1743732207.840.jpg
0,0,0,0,221,l_1743732208.143.jpg
0,0,0,0,221,l_1744351085.485.jpg
0,0,0,0,221,l_1744855166.825.jpg
0,0,0,0,221,l_1744855168.758.jpg
0,0,0,0,221,l_1744855169.327.jpg
0,0,0,0,221,l_1744855170.539.jpg
0,0,0,0,221,l_1744855171.227.jpg
0,0,0,0,221,l_1744855171.807.jpg
0,0,0,0,221,l_1744855172.205.jpg
0,0,0,0,221,l_1744855172.668.jpg
0,0,0,0,221,l_1744971929.584.jpg
0,0,0,0,221,l_1745542098.530.jpg
0,0,0,0,221,l_1745542098.833.jpg
0,0,0,0,221,l_1745542099.248.jpg
0,0,0,0,221,l_1745542099.692.jpg
0,0,0,0,221,l_1745542099.714.jpg
0,0,0,0,221,l_1745552008.634.jpg
0,0,0,0,221,l_1745552009.517.jpg
0,0,0,0,221,l_1745552015.536.jpg
0,0,0,0,221,l_1745552018.738.jpg
0,0,0,0,221,l_1745982103.326.jpg
0,0,0,0,221,l_1745982105.937.jpg
0,0,0,0,221,l_1745982107.937.jpg
0,0,0,0,221,l_1745998333.105.jpg
0,0,0,0,221,l_1745998335.409.jpg
0,0,0,0,221,l_1745998336.134.jpg
0,0,0,0,221,l_1745998339.672.jpg
0,0,0,0,221,l_1746423283.416.jpg
0,0,0,0,221,l_1746423285.324.jpg
0,0,0,0,221,l_1746423306.696.jpg
0,0,0,0,221,l_1746423334.133.jpg
0,0,0,0,221,l_1746608183.850.jpg
0,0,0,0,221,l_1746608184.710.jpg
0,0,0,0,221,l_1746608185.870.jpg
0,0,0,0,221,l_1746608186.220.jpg
0,0,0,0,221,l_1746608186.672.jpg
0,0,0,0,221,l_1746608187.866.jpg
0,0,0,0,221,l_1747032969.793.jpg
0,0,0,0,221,l_1747032970.720.jpg
0,0,0,0,221,l_1747032971.479.jpg
0,0,0,0,221,l_1747032971.757.jpg
0,0,0,0,221,l_1747117039.333.jpg
0,0,0,0,221,l_1747117040.337.jpg
0,0,0,0,221,l_1747117052.857.jpg
0,0,0,0,221,l_1747149431.310.jpg
0,0,0,0,221,l_1747149433.309.jpg
0,0,0,0,221,l_1747149434.700.jpg
0,0,0,0,222,l_1747127125.716.jpg
0,0,0,0,222,l_1737336123.597.jpg
0,0,0,0,222,l_1737336124.735.jpg
0,0,0,0,222,l_1737336125.935.jpg
0,0,0,0,222,l_1737336126.385.jpg
0,0,0,0,222,l_1737336127.283.jpg
0,0,0,0,222,l_1739342918.130.jpg
0,0,0,0,222,l_1739342920.435.jpg
0,0,0,0,222,l_1739342921.202.jpg
0,0,0,0,222,l_1739342921.253.jpg
0,0,0,0,222,l_1739342922.792.jpg
0,0,0,0,222,l_1739345193.351.jpg
0,0,0,0,222,l_1739345194.621.jpg
0,0,0,0,222,l_1739345194.751.jpg
0,0,0,0,222,l_1739345195.575.jpg
0,0,0,0,222,l_1739935440.541.jpg
0,0,0,0,222,l_1739935447.188.jpg
0,0,0,0,222,l_1739935449.529.jpg
0,0,0,0,222,l_1739935452.547.jpg
0,0,0,0,222,l_1739935453.657.jpg
0,0,0,0,222,l_1739935454.397.jpg
0,0,0,0,222,l_1740820348.410.jpg
0,0,0,0,222,l_1740820349.140.jpg
0,0,0,0,222,l_1740820349.807.jpg
0,0,0,0,222,l_1740820350.191.jpg
0,0,0,0,222,l_1740820350.599.jpg
0,0,0,0,222,l_1740880163.441.jpg
0,0,0,0,222,l_1740880164.652.jpg
0,0,0,0,222,l_1740880165.892.jpg
0,0,0,0,222,l_1740880165.946.jpg
0,0,0,0,222,l_1744356497.200.jpg
0,0,0,0,222,l_1744356498.295.jpg
0,0,0,0,222,l_1744356500.858.jpg
0,0,0,0,222,l_1744356502.391.jpg
0,0,0,0,222,l_1744356504.768.jpg
0,0,0,0,222,l_1744356505.293.jpg
0,0,0,0,222,l_1744446853.433.jpg
0,0,0,0,222,l_1744446854.296.jpg
0,0,0,0,222,l_1744446855.209.jpg
0,0,0,0,222,l_1744446855.889.jpg
0,0,0,0,222,l_1744446856.395.jpg
0,0,0,0,222,l_1744446857.178.jpg
0,0,0,0,222,l_1744446859.500.jpg
0,0,0,0,222,l_1744446860.506.jpg
0,0,0,0,222,l_1744857279.560.jpg
0,0,0,0,222,l_1744857282.772.jpg
0,0,0,0,222,l_1744857283.195.jpg
0,0,0,0,222,l_1744857283.983.jpg
0,0,0,0,222,l_1744857284.815.jpg
0,0,0,0,222,l_1745118531.123.jpg
0,0,0,0,222,l_1745118534.506.jpg
0,0,0,0,222,l_1745118535.403.jpg
0,0,0,0,222,l_1745118537.965.jpg
0,0,0,0,222,l_1745118539.706.jpg
0,0,0,0,222,l_1746116941.104.jpg
0,0,0,0,222,l_1746116943.230.jpg
0,0,0,0,222,l_1746116944.283.jpg
0,0,0,0,222,l_1746116947.219.jpg
0,0,0,0,222,l_1746116948.270.jpg
0,0,0,0,222,l_1746116950.746.jpg
0,0,0,0,222,l_1746116951.109.jpg
0,0,0,0,222,l_1746591050.161.jpg
0,0,0,0,222,l_1746591050.605.jpg
0,0,0,0,222,l_1746591051.995.jpg
0,0,0,0,222,l_1746591052.399.jpg
0,0,0,0,222,l_1746591065.628.jpg
0,0,0,0,222,l_1746677743.176.jpg
0,0,0,0,222,l_1746677743.997.jpg
0,0,0,0,222,l_1746677748.430.jpg
0,0,0,0,222,l_1746677748.515.jpg
0,0,0,0,222,l_1746677749.484.jpg
0,0,0,0,222,l_1746677750.475.jpg
0,0,0,0,222,l_1746704860.668.jpg
0,0,0,0,222,l_1746704862.732.jpg
0,0,0,0,222,l_1746704866.954.jpg
0,0,0,0,222,l_1746971612.166.jpg
0,0,0,0,222,l_1746971612.384.jpg
0,0,0,0,222,l_1746971613.287.jpg
0,0,0,0,222,l_1746971614.404.jpg
0,0,0,0,222,l_1746971618.434.jpg
0,0,0,0,222,l_1747025471.496.jpg
0,0,0,0,222,l_1747025472.174.jpg
0,0,0,0,222,l_1747025472.992.jpg
0,0,0,0,222,l_1747025474.760.jpg
0,0,0,0,222,l_1747025474.817.jpg
0,0,0,0,222,l_1747067485.344.jpg
0,0,0,0,222,l_1747067486.109.jpg
0,0,0,0,222,l_1747067486.159.jpg
0,0,0,0,222,l_1747067487.195.jpg
0,0,0,0,222,l_1747067487.303.jpg
0,0,0,0,222,l_1747127118.130.jpg
0,0,0,0,222,l_1747127123.190.jpg
0,0,0,0,222,l_1747127124.449.jpg
0,0,0,0,223,l_1746163715.501.jpg
0,0,0,0,223,l_1683168348.223.jpg
0,0,0,0,223,l_1683168348.345.jpg
0,0,0,0,223,l_1683168349.373.jpg
0,0,0,0,223,l_1683168349.557.jpg
0,0,0,0,223,l_1683168350.472.jpg
0,0,0,0,223,l_1739938608.705.jpg
0,0,0,0,223,l_1739938609.416.jpg
0,0,0,0,223,l_1739938610.232.jpg
0,0,0,0,223,l_1739938610.939.jpg
0,0,0,0,223,l_1739938759.136.jpg
0,0,0,0,223,l_1739938763.388.jpg
0,0,0,0,223,l_1739938765.741.jpg
0,0,0,0,223,l_1739938767.603.jpg
0,0,0,0,223,l_1740582000.366.jpg
0,0,0,0,223,l_1740582010.617.jpg
0,0,0,0,223,l_1740582015.993.jpg
0,0,0,0,223,l_1741075189.332.jpg
0,0,0,0,223,l_1741075190.376.jpg
0,0,0,0,223,l_1741075191.684.jpg
0,0,0,0,223,l_1741075192.427.jpg
0,0,0,0,223,l_1741075192.986.jpg
0,0,0,0,223,l_1741075193.483.jpg
0,0,0,0,223,l_1741529291.602.jpg
0,0,0,0,223,l_1741529292.615.jpg
0,0,0,0,223,l_1741529292.791.jpg
0,0,0,0,223,l_1741529293.171.jpg
0,0,0,0,223,l_1741529295.567.jpg
0,0,0,0,223,l_1741529369.939.jpg
0,0,0,0,223,l_1741529369.979.jpg
0,0,0,0,223,l_1741529370.409.jpg
0,0,0,0,223,l_1741529371.475.jpg
0,0,0,0,223,l_1741749164.643.jpg
0,0,0,0,223,l_1741749168.105.jpg
0,0,0,0,223,l_1741749169.180.jpg
0,0,0,0,223,l_1741749170.771.jpg
0,0,0,0,223,l_1741749171.374.jpg
0,0,0,0,223,l_1741749172.211.jpg
0,0,0,0,223,l_1741767740.201.jpg
0,0,0,0,223,l_1741767740.458.jpg
0,0,0,0,223,l_1742784389.430.jpg
0,0,0,0,223,l_1742784390.534.jpg
0,0,0,0,223,l_1742784390.817.jpg
0,0,0,0,223,l_1742784391.848.jpg
0,0,0,0,223,l_1742784392.805.jpg
0,0,0,0,223,l_1742793512.926.jpg
0,0,0,0,223,l_1742793520.160.jpg
0,0,0,0,223,l_1742793522.133.jpg
0,0,0,0,223,l_1742793525.723.jpg
0,0,0,0,223,l_1743474594.509.jpg
0,0,0,0,223,l_1743474594.833.jpg
0,0,0,0,223,l_1743474597.670.jpg
0,0,0,0,223,l_1743474597.840.jpg
0,0,0,0,223,l_1743512668.794.jpg
0,0,0,0,223,l_1743512669.678.jpg
0,0,0,0,223,l_1743512671.591.jpg
0,0,0,0,223,l_1743512673.843.jpg
0,0,0,0,223,l_1743512675.386.jpg
0,0,0,0,223,l_1743512677.748.jpg
0,0,0,0,223,l_1743512679.278.jpg
0,0,0,0,223,l_1744084440.849.jpg
0,0,0,0,223,l_1744084441.821.jpg
0,0,0,0,223,l_1744084443.610.jpg
0,0,0,0,223,l_1744084444.768.jpg
0,0,0,0,223,l_1744084445.601.jpg
0,0,0,0,223,l_1744084446.146.jpg
0,0,0,0,223,l_1745060728.680.jpg
0,0,0,0,223,l_1745060731.681.jpg
0,0,0,0,223,l_1745060734.558.jpg
0,0,0,0,223,l_1745060736.188.jpg
0,0,0,0,223,l_1745060739.948.jpg
0,0,0,0,223,l_1745060742.719.jpg
0,0,0,0,223,l_1745456211.851.jpg
0,0,0,0,223,l_1745456213.522.jpg
0,0,0,0,223,l_1745476109.838.jpg
0,0,0,0,223,l_1745476117.971.jpg
0,0,0,0,223,l_1745476123.749.jpg
0,0,0,0,223,l_1745476125.757.jpg
0,0,0,0,223,l_1745476129.287.jpg
0,0,0,0,223,l_1746163699.266.jpg
0,0,0,0,223,l_1746163703.521.jpg
0,0,0,0,223,l_1746163706.670.jpg
0,0,0,0,223,l_1746163711.380.jpg
0,0,0,0,224,l_1720756270.789.jpg
0,0,0,0,224,l_1720756271.103.jpg
0,0,0,0,224,l_1720756271.637.jpg
0,0,0,0,224,l_1725598429.395.jpg
0,0,0,0,224,l_1725598429.955.jpg
0,0,0,0,224,l_1725598430.989.jpg
0,0,0,0,224,l_1725598432.268.jpg
0,0,0,0,224,l_1729672455.482.jpg
0,0,0,0,224,l_1739178413.502.jpg
0,0,0,0,224,l_1739178414.876.jpg
0,0,0,0,224,l_1741146649.448.jpg
0,0,0,0,224,l_1741146650.244.jpg
0,0,0,0,224,l_1741146652.997.jpg
0,0,0,0,224,l_1741447497.454.jpg
0,0,0,0,224,l_1741447498.527.jpg
0,0,0,0,224,l_1743069210.910.jpg
0,0,0,0,224,l_1743069220.150.jpg
0,0,0,0,224,l_1743069222.292.jpg
0,0,0,0,224,l_1743069233.250.jpg
0,0,0,0,224,l_1743229436.666.jpg
0,0,0,0,224,l_1743229437.285.jpg
0,0,0,0,224,l_1743229437.714.jpg
0,0,0,0,224,l_1743390163.391.jpg
0,0,0,0,224,l_1743390165.357.jpg
0,0,0,0,224,l_1743390169.802.jpg
0,0,0,0,224,l_1743390171.169.jpg
0,0,0,0,224,l_1743390173.743.jpg
0,0,0,0,224,l_1743390177.712.jpg
0,0,0,0,224,l_1743736024.292.jpg
0,0,0,0,224,l_1743736026.299.jpg
0,0,0,0,224,l_1743736028.364.jpg
0,0,0,0,224,l_1744102586.338.jpg
0,0,0,0,224,l_1744784185.326.jpg
0,0,0,0,224,l_1744784186.630.jpg
0,0,0,0,224,l_1744784187.255.jpg
0,0,0,0,224,l_1744784187.933.jpg
0,0,0,0,224,l_1744784188.431.jpg
0,0,0,0,224,l_1744784191.640.jpg
0,0,0,0,224,l_1744861735.658.jpg
0,0,0,0,224,l_1744861737.187.jpg
0,0,0,0,224,l_1744861738.580.jpg
0,0,0,0,224,l_1744861741.504.jpg
0,0,0,0,224,l_1745275979.492.jpg
0,0,0,0,224,l_1745275980.308.jpg
0,0,0,0,224,l_1745275980.877.jpg
0,0,0,0,224,l_1745275982.932.jpg
0,0,0,0,224,l_1745599794.128.jpg
0,0,0,0,224,l_1745599794.546.jpg
0,0,0,0,224,l_1745599796.613.jpg
0,0,0,0,224,l_1745634001.429.jpg
0,0,0,0,224,l_1745634001.540.jpg
0,0,0,0,224,l_1745634002.607.jpg
0,0,0,0,224,l_1745654930.969.jpg
0,0,0,0,224,l_1745654932.104.jpg
0,0,0,0,224,l_1745654999.227.jpg
0,0,0,0,224,l_1745735022.697.jpg
0,0,0,0,224,l_1745735022.868.jpg
0,0,0,0,224,l_1745735023.137.jpg
0,0,0,0,224,l_1745735023.243.jpg
0,0,0,0,224,l_1745735024.366.jpg
0,0,0,0,224,l_1745815052.731.jpg
0,0,0,0,224,l_1745815054.405.jpg
0,0,0,0,224,l_1745815057.954.jpg
0,0,0,0,224,l_1746086797.645.jpg
0,0,0,0,224,l_1746086797.955.jpg
0,0,0,0,224,l_1746086798.434.jpg
0,0,0,0,224,l_1746086798.654.jpg
0,0,0,0,224,l_1746242041.653.jpg
0,0,0,0,224,l_1746242070.144.jpg
0,0,0,0,224,l_1746675780.395.jpg
0,0,0,0,224,l_1746675789.514.jpg
0,0,0,0,224,l_1746675789.932.jpg
0,0,0,0,224,l_1746762621.915.jpg
0,0,0,0,224,l_1746762622.474.jpg
0,0,0,0,224,l_1746762623.745.jpg
0,0,0,0,224,l_1747036371.387.jpg
0,0,0,0,224,l_1747036374.787.jpg
0,0,0,0,224,l_1747036377.508.jpg
0,0,0,0,224,l_1747036380.465.jpg
0,0,0,0,224,l_1747036383.191.jpg
0,0,0,0,224,l_1747036426.486.jpg
0,0,0,0,224,l_1747110811.113.jpg
0,0,0,0,224,l_1747110813.171.jpg
0,0,0,0,224,l_1747110814.804.jpg
0,0,0,0,224,l_1747110819.750.jpg
0,0,0,0,224,l_1747123464.416.jpg
0,0,0,0,224,l_1747123472.217.jpg
0,0,0,0,224,l_1747123476.736.jpg
0,0,0,0,225,l_1745899899.532.jpg
0,0,0,0,225,l_1746502187.680.jpg
0,0,0,0,225,l_1746502189.460.jpg
0,0,0,0,225,l_1746502198.698.jpg
0,0,0,0,225,l_1746502199.917.jpg
0,0,0,0,225,l_1746502569.377.jpg
0,0,0,0,225,l_1746502569.732.jpg
0,0,0,0,225,l_1746502621.337.jpg
0,0,0,0,225,l_1746502622.828.jpg
0,0,0,0,225,l_1747041953.394.jpg
0,0,0,0,225,l_1747208417.856.jpg
0,0,0,0,225,l_1747208418.874.jpg
0,0,0,0,225,l_1747208418.959.jpg
0,0,0,0,225,l_1747208419.526.jpg
0,0,0,0,225,l_1747208420.176.jpg
0,0,0,0,225,l_1747210901.306.jpg
0,0,0,0,225,l_1747210903.763.jpg
0,0,0,0,225,l_1747210904.384.jpg
0,0,0,0,225,l_1747210905.946.jpg
0,0,0,0,225,l_1747210906.648.jpg
0,0,0,0,225,l_1747210906.981.jpg
0,0,0,0,225,l_1678672857.149.jpg
0,0,0,0,225,l_1678672857.615.jpg
0,0,0,0,225,l_1678672858.841.jpg
0,0,0,0,225,l_1678672858.911.jpg
0,0,0,0,225,l_1678672859.217.jpg
0,0,0,0,225,l_1685505683.jpg
0,0,0,0,225,l_1685505689.jpg
0,0,0,0,225,l_1685505696.jpg
0,0,0,0,225,l_1685505928.jpg
0,0,0,0,225,l_1690268930.139.jpg
0,0,0,0,225,l_1690268931.627.jpg
0,0,0,0,225,l_1690268932.586.jpg
0,0,0,0,225,l_1690268932.917.jpg
0,0,0,0,225,l_1734493498.907.jpg
0,0,0,0,225,l_1734493504.303.jpg
0,0,0,0,225,l_1736405570.399.jpg
0,0,0,0,225,l_1736405571.133.jpg
0,0,0,0,225,l_1736405572.649.jpg
0,0,0,0,225,l_1736405573.145.jpg
0,0,0,0,225,l_1736405573.541.jpg
0,0,0,0,225,l_1736405574.203.jpg
0,0,0,0,225,l_1741579279.343.jpg
0,0,0,0,225,l_1741579279.902.jpg
0,0,0,0,225,l_1741579281.726.jpg
0,0,0,0,225,l_1741579282.436.jpg
0,0,0,0,225,l_1743644281.571.jpg
0,0,0,0,225,l_1743644283.804.jpg
0,0,0,0,225,l_1743644287.139.jpg
0,0,0,0,225,l_1743644290.828.jpg
0,0,0,0,225,l_1743759417.288.jpg
0,0,0,0,225,l_1743759418.566.jpg
0,0,0,0,225,l_1743759419.769.jpg
0,0,0,0,225,l_1744771963.226.jpg
0,0,0,0,225,l_1744771965.782.jpg
0,0,0,0,225,l_1744771966.331.jpg
0,0,0,0,225,l_1744772019.328.jpg
0,0,0,0,225,l_1744772020.191.jpg
0,0,0,0,225,l_1744772020.632.jpg
0,0,0,0,225,l_1744772022.649.jpg
0,0,0,0,225,l_1744772077.989.jpg
0,0,0,0,225,l_1744772080.100.jpg
0,0,0,0,225,l_1744772084.880.jpg
0,0,0,0,225,l_1744956525.906.jpg
0,0,0,0,225,l_1744956526.611.jpg
0,0,0,0,225,l_1744956527.152.jpg
0,0,0,0,225,l_1744956527.689.jpg
0,0,0,0,225,l_1744956528.478.jpg
0,0,0,0,225,l_1744956528.765.jpg
0,0,0,0,225,l_1745824972.984.jpg
0,0,0,0,225,l_1745824973.484.jpg
0,0,0,0,225,l_1745824973.979.jpg
0,0,0,0,225,l_1745824975.264.jpg
0,0,0,0,225,l_1745824975.659.jpg
0,0,0,0,225,l_1745824977.105.jpg
0,0,0,0,225,l_1745899893.464.jpg
0,0,0,0,225,l_1745899894.389.jpg
0,0,0,0,225,l_1745899896.734.jpg
0,0,0,0,225,l_1745899898.469.jpg
0,0,0,0,226,l_1736405186.199.jpg
0,0,0,0,226,l_1736405186.206.jpg
0,0,0,0,226,l_1736405187.320.jpg
0,0,0,0,226,l_1736405187.636.jpg
0,0,0,0,226,l_1736405188.683.jpg
0,0,0,0,226,l_1736405188.903.jpg
0,0,0,0,226,l_1741224715.421.jpg
0,0,0,0,226,l_1741224716.197.jpg
0,0,0,0,226,l_1741224716.429.jpg
0,0,0,0,226,l_1741224719.564.jpg
0,0,0,0,226,l_1741224719.781.jpg
0,0,0,0,226,l_1741224720.398.jpg
0,0,0,0,226,l_1741431041.376.jpg
0,0,0,0,226,l_1741431042.162.jpg
0,0,0,0,226,l_1741431043.194.jpg
0,0,0,0,226,l_1741431044.250.jpg
0,0,0,0,226,l_1741431045.404.jpg
0,0,0,0,226,l_1741749100.399.jpg
0,0,0,0,226,l_1741749100.684.jpg
0,0,0,0,226,l_1741749101.129.jpg
0,0,0,0,226,l_1741749101.611.jpg
0,0,0,0,226,l_1741749101.725.jpg
0,0,0,0,226,l_1743660359.786.jpg
0,0,0,0,226,l_1743660360.619.jpg
0,0,0,0,226,l_1743660360.831.jpg
0,0,0,0,226,l_1743660361.408.jpg
0,0,0,0,226,l_1743660361.482.jpg
0,0,0,0,226,l_1744084236.139.jpg
0,0,0,0,226,l_1744084237.439.jpg
0,0,0,0,226,l_1744084241.437.jpg
0,0,0,0,226,l_1744646687.610.jpg
0,0,0,0,226,l_1744646687.700.jpg
0,0,0,0,226,l_1744646688.949.jpg
0,0,0,0,226,l_1744646688.975.jpg
0,0,0,0,226,l_1744730035.118.jpg
0,0,0,0,226,l_1745038176.807.jpg
0,0,0,0,226,l_1745038177.363.jpg
0,0,0,0,226,l_1745038177.448.jpg
0,0,0,0,226,l_1745038177.530.jpg
0,0,0,0,226,l_1745038178.241.jpg
0,0,0,0,226,l_1745133043.161.jpg
0,0,0,0,226,l_1745133045.504.jpg
0,0,0,0,226,l_1745133047.755.jpg
0,0,0,0,226,l_1745225683.715.jpg
0,0,0,0,226,l_1745225685.976.jpg
0,0,0,0,226,l_1745225687.246.jpg
0,0,0,0,226,l_1745225688.119.jpg
0,0,0,0,226,l_1745225689.819.jpg
0,0,0,0,226,l_1745225690.967.jpg
0,0,0,0,226,l_1745225691.688.jpg
0,0,0,0,226,l_1745289711.782.jpg
0,0,0,0,226,l_1745289712.628.jpg
0,0,0,0,226,l_1745289717.953.jpg
0,0,0,0,226,l_1745651480.272.jpg
0,0,0,0,226,l_1745651480.829.jpg
0,0,0,0,226,l_1745651482.875.jpg
0,0,0,0,226,l_1745651485.615.jpg
0,0,0,0,226,l_1745651486.616.jpg
0,0,0,0,226,l_1746248202.444.jpg
0,0,0,0,226,l_1746248205.944.jpg
0,0,0,0,226,l_1746248222.791.jpg
0,0,0,0,226,l_1746248224.995.jpg
0,0,0,0,226,l_1746333492.273.jpg
0,0,0,0,226,l_1746333493.162.jpg
0,0,0,0,226,l_1746333494.651.jpg
0,0,0,0,226,l_1746333494.838.jpg
0,0,0,0,226,l_1746333495.495.jpg
0,0,0,0,226,l_1746587889.157.jpg
0,0,0,0,226,l_1746587889.584.jpg
0,0,0,0,226,l_1746587890.208.jpg
0,0,0,0,226,l_1746587891.394.jpg
0,0,0,0,226,l_1746587892.844.jpg
0,0,0,0,226,l_1746601342.979.jpg
0,0,0,0,226,l_1746601359.327.jpg
0,0,0,0,226,l_1746601377.879.jpg
0,0,0,0,226,l_1746604551.439.jpg
0,0,0,0,226,l_1746604552.993.jpg
0,0,0,0,226,l_1746604553.263.jpg
0,0,0,0,226,l_1746604553.952.jpg
0,0,0,0,226,l_1746604556.376.jpg
0,0,0,0,226,l_1746604557.615.jpg
0,0,0,0,226,l_1746676570.409.jpg
0,0,0,0,226,l_1746676575.499.jpg
0,0,0,0,226,l_1746676576.971.jpg
0,0,0,0,226,l_1746676582.630.jpg
0,0,0,0,226,l_1746676583.937.jpg
0,0,0,0,226,l_1746676584.435.jpg
0,0,0,0,226,l_1746719378.376.jpg
0,0,0,0,226,l_1746719379.746.jpg
0,0,0,0,226,l_1746719379.867.jpg
0,0,0,0,226,l_1746719385.571.jpg
0,0,0,0,227,l_1720578737.367.jpg
0,0,0,0,227,l_1720578738.355.jpg
0,0,0,0,227,l_1720578739.103.jpg
0,0,0,0,227,l_1720578739.369.jpg
0,0,0,0,227,l_1720578740.102.jpg
0,0,0,0,227,l_1720578740.633.jpg
0,0,0,0,227,l_1720578742.730.jpg
0,0,0,0,227,l_1722327107.700.jpg
0,0,0,0,227,l_1722327109.994.jpg
0,0,0,0,227,l_1722327110.903.jpg
0,0,0,0,227,l_1722327112.294.jpg
0,0,0,0,227,l_1722327112.319.jpg
0,0,0,0,227,l_1722584843.388.jpg
0,0,0,0,227,l_1722584844.220.jpg
0,0,0,0,227,l_1722584851.555.jpg
0,0,0,0,227,l_1722584960.514.jpg
0,0,0,0,227,l_1722584961.625.jpg
0,0,0,0,227,l_1722851136.555.jpg
0,0,0,0,227,l_1722851137.442.jpg
0,0,0,0,227,l_1722851139.191.jpg
0,0,0,0,227,l_1722851142.132.jpg
0,0,0,0,227,l_1722851595.145.jpg
0,0,0,0,227,l_1722851597.927.jpg
0,0,0,0,227,l_1722851604.563.jpg
0,0,0,0,227,l_1731113430.515.jpg
0,0,0,0,227,l_1731113430.760.jpg
0,0,0,0,227,l_1731113431.266.jpg
0,0,0,0,227,l_1731113432.710.jpg
0,0,0,0,227,l_1733303111.899.jpg
0,0,0,0,227,l_1733303112.451.jpg
0,0,0,0,227,l_1733303113.768.jpg
0,0,0,0,227,l_1733303115.277.jpg
0,0,0,0,227,l_1733303115.945.jpg
0,0,0,0,227,l_1733977357.579.jpg
0,0,0,0,227,l_1733977358.742.jpg
0,0,0,0,227,l_1733977359.980.jpg
0,0,0,0,227,l_1733977360.320.jpg
0,0,0,0,227,l_1733977360.696.jpg
0,0,0,0,227,l_1733977361.511.jpg
0,0,0,0,227,l_1733977361.669.jpg
0,0,0,0,227,l_1735291227.985.jpg
0,0,0,0,227,l_1735291231.630.jpg
0,0,0,0,227,l_1735291234.163.jpg
0,0,0,0,227,l_1744596900.668.jpg
0,0,0,0,227,l_1744596902.244.jpg
0,0,0,0,227,l_1744596903.506.jpg
0,0,0,0,227,l_1744596904.379.jpg
0,0,0,0,227,l_1744596904.634.jpg
0,0,0,0,227,l_1745124318.967.jpg
0,0,0,0,227,l_1745124323.240.jpg
0,0,0,0,227,l_1745124326.522.jpg
0,0,0,0,227,l_1745124329.331.jpg
0,0,0,0,227,l_1745124332.285.jpg
0,0,0,0,227,l_1745750465.387.jpg
0,0,0,0,227,l_1745750466.261.jpg
0,0,0,0,227,l_1745750466.408.jpg
0,0,0,0,227,l_1745750466.895.jpg
0,0,0,0,227,l_1746152373.134.jpg
0,0,0,0,227,l_1746446066.221.jpg
0,0,0,0,227,l_1746446067.545.jpg
0,0,0,0,227,l_1746446068.308.jpg
0,0,0,0,227,l_1746446068.688.jpg
0,0,0,0,227,l_1746585949.877.jpg
0,0,0,0,227,l_1746585950.285.jpg
0,0,0,0,227,l_1746585950.683.jpg
0,0,0,0,227,l_1746585950.701.jpg
0,0,0,0,227,l_1746585951.279.jpg
0,0,0,0,227,l_1746585951.634.jpg
0,0,0,0,227,l_1746586138.223.jpg
0,0,0,0,227,l_1746586138.791.jpg
0,0,0,0,227,l_1746586251.759.jpg
0,0,0,0,227,l_1746586252.664.jpg
0,0,0,0,227,l_1746586252.878.jpg
0,0,0,0,227,l_1746603966.719.jpg
0,0,0,0,227,l_1746603967.100.jpg
0,0,0,0,227,l_1746603967.562.jpg
0,0,0,0,227,l_1746603968.508.jpg
0,0,0,0,227,l_1747208165.209.jpg
0,0,0,0,227,l_1747208242.321.jpg
0,0,0,0,227,l_1747208249.330.jpg
0,0,0,0,227,l_1747208261.150.jpg
0,0,0,0,353,l_1729061081.411.jpg
0,0,0,0,353,l_1729061082.683.jpg
0,0,0,0,353,l_1730790363.944.jpg
0,0,0,0,353,l_1730790398.149.jpg
0,0,0,0,353,l_1730790398.213.jpg
0,0,0,0,353,l_1730790398.446.jpg
0,0,0,0,353,l_1730790399.612.jpg
0,0,0,0,353,l_1730790399.647.jpg
0,0,0,0,353,l_1730790400.962.jpg
0,0,0,0,353,l_1731597470.213.jpg
0,0,0,0,353,l_1731597471.508.jpg
0,0,0,0,353,l_1731597471.563.jpg
0,0,0,0,353,l_1731597472.787.jpg
0,0,0,0,353,l_1739776248.710.jpg
0,0,0,0,353,l_1739776249.499.jpg
0,0,0,0,353,l_1739776250.629.jpg
0,0,0,0,353,l_1739776252.706.jpg
0,0,0,0,353,l_1739776290.558.jpg
0,0,0,0,353,l_1739776291.741.jpg
0,0,0,0,353,l_1740966668.194.jpg
0,0,0,0,353,l_1740966669.378.jpg
0,0,0,0,353,l_1740966669.837.jpg
0,0,0,0,353,l_1740966670.283.jpg
0,0,0,0,353,l_1740966670.837.jpg
0,0,0,0,353,l_1741012141.497.jpg
0,0,0,0,353,l_1741012143.217.jpg
0,0,0,0,353,l_1741012145.687.jpg
0,0,0,0,353,l_1741012147.503.jpg
0,0,0,0,353,l_1741012149.856.jpg
0,0,0,0,353,l_1741012150.139.jpg
0,0,0,0,353,l_1741233172.221.jpg
0,0,0,0,353,l_1741233173.284.jpg
0,0,0,0,353,l_1741233174.839.jpg
0,0,0,0,353,l_1741233175.308.jpg
0,0,0,0,353,l_1741233176.680.jpg
0,0,0,0,353,l_1742547172.354.jpg
0,0,0,0,353,l_1742547180.876.jpg
0,0,0,0,353,l_1742547187.845.jpg
0,0,0,0,353,l_1742804487.964.jpg
0,0,0,0,353,l_1742804488.622.jpg
0,0,0,0,353,l_1742804489.470.jpg
0,0,0,0,353,l_1742804490.695.jpg
0,0,0,0,353,l_1742804494.444.jpg
0,0,0,0,353,l_1742804502.293.jpg
0,0,0,0,353,l_1742958892.974.jpg
0,0,0,0,353,l_1742958895.114.jpg
0,0,0,0,353,l_1742958896.909.jpg
0,0,0,0,353,l_1742958897.866.jpg
0,0,0,0,353,l_1743669704.556.jpg
0,0,0,0,353,l_1743669705.353.jpg
0,0,0,0,353,l_1743669706.590.jpg
0,0,0,0,353,l_1743669707.963.jpg
0,0,0,0,353,l_1743669708.592.jpg
0,0,0,0,353,l_1743669709.589.jpg
0,0,0,0,353,l_1744174081.724.jpg
0,0,0,0,353,l_1744174083.948.jpg
0,0,0,0,353,l_1744174085.402.jpg
0,0,0,0,353,l_1744174092.574.jpg
0,0,0,0,353,l_1744174093.671.jpg
0,0,0,0,353,l_1744340080.287.jpg
0,0,0,0,353,l_1744340089.993.jpg
0,0,0,0,353,l_1744340103.760.jpg
0,0,0,0,353,l_1744340113.709.jpg
0,0,0,0,353,l_1744603984.274.jpg
0,0,0,0,353,l_1744603985.665.jpg
0,0,0,0,353,l_1744603987.446.jpg
0,0,0,0,353,l_1744603989.909.jpg
0,0,0,0,353,l_1744603991.330.jpg
0,0,0,0,353,l_1744876186.257.jpg
0,0,0,0,353,l_1744876186.953.jpg
0,0,0,0,353,l_1744876187.841.jpg
0,0,0,0,353,l_1744876187.866.jpg
0,0,0,0,353,l_1744973849.682.jpg
0,0,0,0,353,l_1744973850.119.jpg
0,0,0,0,353,l_1744973850.236.jpg
0,0,0,0,353,l_1744973850.759.jpg
0,0,0,0,353,l_1744973851.965.jpg
0,0,0,0,353,l_1745061374.109.jpg
0,0,0,0,353,l_1745061375.939.jpg
0,0,0,0,353,l_1745061376.798.jpg
0,0,0,0,353,l_1745061376.993.jpg
0,0,0,0,353,l_1745061377.774.jpg
0,0,0,0,353,l_1745061377.876.jpg
0,0,0,0,353,l_1745063781.833.jpg
0,0,0,0,353,l_1745063782.126.jpg
0,0,0,0,353,l_1745063783.656.jpg
0,0,0,0,353,l_1745063784.400.jpg
0,0,0,0,353,l_1745063784.462.jpg
0,0,0,0,353,l_1746168440.585.jpg
0,0,0,0,353,l_1746168441.681.jpg
0,0,0,0,353,l_1746168442.129.jpg
0,0,0,0,353,l_1746168442.553.jpg
0,0,0,0,353,l_1746168445.321.jpg
0,0,0,0,353,l_1746170182.801.jpg
0,0,0,0,353,l_1746170183.351.jpg
0,0,0,0,353,l_1746170183.616.jpg
0,0,0,0,353,l_1746170184.378.jpg
0,0,0,0,354,l_1726736810.309.jpg
0,0,0,0,354,l_1726736827.920.jpg
0,0,0,0,354,l_1726736828.118.jpg
0,0,0,0,354,l_1726736829.683.jpg
0,0,0,0,354,l_1726736831.577.jpg
0,0,0,0,354,l_1726736831.870.jpg
0,0,0,0,354,l_1739781243.212.jpg
0,0,0,0,354,l_1739781244.320.jpg
0,0,0,0,354,l_1739781245.108.jpg
0,0,0,0,354,l_1741073057.704.jpg
0,0,0,0,354,l_1741073058.967.jpg
0,0,0,0,354,l_1741073061.100.jpg
0,0,0,0,354,l_1741073061.508.jpg
0,0,0,0,354,l_1742003778.681.jpg
0,0,0,0,354,l_1742003779.696.jpg
0,0,0,0,354,l_1742003779.954.jpg
0,0,0,0,354,l_1742003780.123.jpg
0,0,0,0,354,l_1742003781.513.jpg
0,0,0,0,354,l_1742359490.633.jpg
0,0,0,0,354,l_1742359501.499.jpg
0,0,0,0,354,l_1742359504.399.jpg
0,0,0,0,354,l_1742435201.399.jpg
0,0,0,0,354,l_1742435202.625.jpg
0,0,0,0,354,l_1742435203.825.jpg
0,0,0,0,354,l_1742435204.879.jpg
0,0,0,0,354,l_1742807627.254.jpg
0,0,0,0,354,l_1742807628.253.jpg
0,0,0,0,354,l_1742807628.302.jpg
0,0,0,0,354,l_1742807629.242.jpg
0,0,0,0,354,l_1742807630.486.jpg
0,0,0,0,354,l_1743137599.897.jpg
0,0,0,0,354,l_1743137600.214.jpg
0,0,0,0,354,l_1743137600.931.jpg
0,0,0,0,354,l_1743137601.259.jpg
0,0,0,0,354,l_1743137602.836.jpg
0,0,0,0,354,l_1744090058.702.jpg
0,0,0,0,354,l_1744090059.817.jpg
0,0,0,0,354,l_1744090060.508.jpg
0,0,0,0,354,l_1744090060.802.jpg
0,0,0,0,354,l_1744090061.634.jpg
0,0,0,0,354,l_1744090062.325.jpg
0,0,0,0,354,l_1744090063.746.jpg
0,0,0,0,354,l_1745216946.239.jpg
0,0,0,0,354,l_1745216949.657.jpg
0,0,0,0,354,l_1745216955.885.jpg
0,0,0,0,354,l_1745218381.769.jpg
0,0,0,0,354,l_1745218387.108.jpg
0,0,0,0,354,l_1745218387.678.jpg
0,0,0,0,354,l_1745218388.539.jpg
0,0,0,0,354,l_1745218389.254.jpg
0,0,0,0,355,l_1690516720.jpg
0,0,0,0,355,l_1690516727.jpg
0,0,0,0,355,l_1690516731.jpg
0,0,0,0,355,l_1690516736.jpg
0,0,0,0,355,l_1690516742.jpg
0,0,0,0,355,l_1728370419.113.jpg
0,0,0,0,355,l_1728370433.338.jpg
0,0,0,0,355,l_1728370433.885.jpg
0,0,0,0,355,l_1728370434.374.jpg
0,0,0,0,355,l_1728370435.870.jpg
0,0,0,0,355,l_1732503164.676.jpg
0,0,0,0,355,l_1732503165.143.jpg
0,0,0,0,355,l_1732503165.435.jpg
0,0,0,0,355,l_1732503166.903.jpg
0,0,0,0,355,l_1732503169.586.jpg
0,0,0,0,355,l_1732503170.633.jpg
0,0,0,0,355,l_1739848749.793.jpg
0,0,0,0,355,l_1739848752.611.jpg
0,0,0,0,355,l_1739848755.537.jpg
0,0,0,0,355,l_1739848757.119.jpg
0,0,0,0,355,l_1739848760.132.jpg
0,0,0,0,355,l_1739934773.892.jpg
0,0,0,0,355,l_1739934774.434.jpg
0,0,0,0,355,l_1739934774.810.jpg
0,0,0,0,355,l_1739934775.237.jpg
0,0,0,0,355,l_1739934776.357.jpg
0,0,0,0,355,l_1740224508.865.jpg
0,0,0,0,355,l_1740224508.899.jpg
0,0,0,0,355,l_1740224509.274.jpg
0,0,0,0,355,l_1740224509.566.jpg
0,0,0,0,355,l_1740224510.332.jpg
0,0,0,0,355,l_1740224510.482.jpg
0,0,0,0,355,l_1740224539.992.jpg
0,0,0,0,355,l_1740379670.885.jpg
0,0,0,0,355,l_1740379671.327.jpg
0,0,0,0,355,l_1740486384.764.jpg
0,0,0,0,355,l_1740554464.229.jpg
0,0,0,0,355,l_1740554471.881.jpg
0,0,0,0,355,l_1740554476.826.jpg
0,0,0,0,355,l_1740554479.265.jpg
0,0,0,0,355,l_1740584899.742.jpg
0,0,0,0,355,l_1740584900.882.jpg
0,0,0,0,355,l_1740584900.969.jpg
0,0,0,0,355,l_1740586217.196.jpg
0,0,0,0,355,l_1740586217.803.jpg
0,0,0,0,355,l_1740586218.248.jpg
0,0,0,0,355,l_1740586218.887.jpg
0,0,0,0,355,l_1744340668.876.jpg
0,0,0,0,355,l_1744340687.256.jpg
0,0,0,0,355,l_1744340696.785.jpg
0,0,0,0,355,l_1744340702.225.jpg
0,0,0,0,355,l_1744340711.664.jpg
0,0,0,0,355,l_1744373221.431.jpg
0,0,0,0,355,l_1744373223.304.jpg
0,0,0,0,355,l_1744373223.886.jpg
0,0,0,0,355,l_1744373224.648.jpg
0,0,0,0,355,l_1744373224.955.jpg
0,0,0,0,355,l_1744373225.208.jpg
0,0,0,0,355,l_1744373225.695.jpg
0,0,0,0,355,l_1745305611.255.jpg
0,0,0,0,355,l_1745305611.671.jpg
0,0,0,0,355,l_1745305612.302.jpg
0,0,0,0,355,l_1745305613.883.jpg
0,0,0,0,355,l_1745370492.393.jpg
0,0,0,0,355,l_1745370494.322.jpg
0,0,0,0,355,l_1745566768.636.jpg
0,0,0,0,355,l_1745566773.154.jpg
0,0,0,0,355,l_1745566778.230.jpg
0,0,0,0,355,l_1745566784.710.jpg
0,0,0,0,355,l_1745566790.586.jpg
0,0,0,0,355,l_1746530533.262.jpg
0,0,0,0,355,l_1746530859.456.jpg
0,0,0,0,355,l_1746531182.273.jpg
0,0,0,0,355,l_1746531183.731.jpg
0,0,0,0,355,l_1746854210.497.jpg
0,0,0,0,355,l_1746854211.217.jpg
0,0,0,0,355,l_1746854211.334.jpg
0,0,0,0,355,l_1746854211.640.jpg
0,0,0,0,355,l_1746854212.221.jpg
0,0,0,0,355,l_1747229933.686.jpg
0,0,0,0,355,l_1747229934.612.jpg
0,0,0,0,355,l_1747229935.887.jpg
0,0,0,0,355,l_1747229936.449.jpg
0,0,0,0,355,l_1747229936.980.jpg
0,0,0,0,356,l_1667271473.846.jpg
0,0,0,0,356,l_1667271474.410.jpg
0,0,0,0,356,l_1667271476.114.jpg
0,0,0,0,356,l_1667271476.362.jpg
0,0,0,0,356,l_1667271476.515.jpg
0,0,0,0,356,l_1667271477.446.jpg
0,0,0,0,356,l_1667291878.960.jpg
0,0,0,0,356,l_1672331137.jpg
0,0,0,0,356,l_1672331147.jpg
0,0,0,0,356,l_1672331151.jpg
0,0,0,0,356,l_1672331157.jpg
0,0,0,0,356,l_1672331161.jpg
0,0,0,0,356,l_1672331165.jpg
0,0,0,0,356,l_1688553195.568.jpg
0,0,0,0,356,l_1688553196.541.jpg
0,0,0,0,356,l_1688553197.956.jpg
0,0,0,0,356,l_1710483467.220.jpg
0,0,0,0,356,l_1728032677.618.jpg
0,0,0,0,356,l_1728032678.265.jpg
0,0,0,0,356,l_1728032679.141.jpg
0,0,0,0,356,l_1736066793.312.jpg
0,0,0,0,356,l_1736066793.366.jpg
0,0,0,0,356,l_1736066794.876.jpg
0,0,0,0,356,l_1736066795.610.jpg
0,0,0,0,356,l_1739763710.763.jpg
0,0,0,0,356,l_1739763712.165.jpg
0,0,0,0,356,l_1739763713.602.jpg
0,0,0,0,356,l_1739763714.487.jpg
0,0,0,0,356,l_1739763715.103.jpg
0,0,0,0,356,l_1739763716.827.jpg
0,0,0,0,356,l_1739763718.183.jpg
0,0,0,0,356,l_1739763719.702.jpg
0,0,0,0,356,l_1739851916.417.jpg
0,0,0,0,356,l_1739851919.531.jpg
0,0,0,0,356,l_1739851922.327.jpg
0,0,0,0,356,l_1739851925.517.jpg
0,0,0,0,356,l_1739851927.417.jpg
0,0,0,0,356,l_1740709604.107.jpg
0,0,0,0,356,l_1740709605.758.jpg
0,0,0,0,356,l_1740709606.274.jpg
0,0,0,0,356,l_1742867314.140.jpg
0,0,0,0,356,l_1742867336.994.jpg
0,0,0,0,356,l_1744024149.931.jpg
0,0,0,0,356,l_1744024150.587.jpg
0,0,0,0,356,l_1744024150.613.jpg
0,0,0,0,356,l_1744024151.354.jpg
0,0,0,0,356,l_1744024151.624.jpg
0,0,0,0,356,l_1745032000.879.jpg
0,0,0,0,356,l_1745032001.402.jpg
0,0,0,0,356,l_1745157724.360.jpg
0,0,0,0,356,l_1745157726.209.jpg
0,0,0,0,356,l_1745289484.303.jpg
0,0,0,0,356,l_1745289485.263.jpg
0,0,0,0,356,l_1745289486.680.jpg
0,0,0,0,356,l_1745289489.181.jpg
0,0,0,0,356,l_1745289489.272.jpg
0,0,0,0,356,l_1745378152.862.jpg
0,0,0,0,356,l_1745378153.281.jpg
0,0,0,0,356,l_1745378154.654.jpg
0,0,0,0,356,l_1745685667.558.jpg
0,0,0,0,356,l_1745685668.548.jpg
0,0,0,0,356,l_1745685669.993.jpg
0,0,0,0,356,l_1745685685.522.jpg
0,0,0,0,356,l_1745923660.389.jpg
0,0,0,0,356,l_1745923661.456.jpg
0,0,0,0,356,l_1745923662.481.jpg
0,0,0,0,356,l_1745923683.888.jpg
0,0,0,0,356,l_1746691981.653.jpg
0,0,0,0,356,l_1746691983.780.jpg
0,0,0,0,356,l_1747122982.377.jpg
0,0,0,0,356,l_1747122982.537.jpg
0,0,0,0,356,l_1747122983.798.jpg
0,0,0,0,357,l_1725698186.688.jpg
0,0,0,0,357,l_1725698187.716.jpg
0,0,0,0,357,l_1732777240.164.jpg
0,0,0,0,357,l_1732777241.410.jpg
0,0,0,0,357,l_1732777241.724.jpg
0,0,0,0,357,l_1732777241.846.jpg
0,0,0,0,357,l_1733135736.514.jpg
0,0,0,0,357,l_1733135748.398.jpg
0,0,0,0,357,l_1733135748.501.jpg
0,0,0,0,357,l_1733135749.340.jpg
0,0,0,0,357,l_1733135750.283.jpg
0,0,0,0,357,l_1733135751.794.jpg
0,0,0,0,357,l_1733239782.646.jpg
0,0,0,0,357,l_1733239783.663.jpg
0,0,0,0,357,l_1733239784.217.jpg
0,0,0,0,357,l_1733239785.909.jpg
0,0,0,0,357,l_1733239786.248.jpg
0,0,0,0,357,l_1736569401.270.jpg
0,0,0,0,357,l_1736569402.847.jpg
0,0,0,0,357,l_1736569405.445.jpg
0,0,0,0,357,l_1736569407.181.jpg
0,0,0,0,357,l_1740189094.994.jpg
0,0,0,0,357,l_1740189096.198.jpg
0,0,0,0,357,l_1740189096.226.jpg
0,0,0,0,357,l_1740189097.530.jpg
0,0,0,0,357,l_1740189098.376.jpg
0,0,0,0,357,l_1740189099.930.jpg
0,0,0,0,357,l_1740473160.719.jpg
0,0,0,0,357,l_1740473161.880.jpg
0,0,0,0,357,l_1740473163.580.jpg
0,0,0,0,357,l_1740473163.784.jpg
0,0,0,0,357,l_1740473167.780.jpg
0,0,0,0,357,l_1740815543.396.jpg
0,0,0,0,357,l_1740815543.682.jpg
0,0,0,0,357,l_1740815545.764.jpg
0,0,0,0,357,l_1740815546.538.jpg
0,0,0,0,357,l_1740815549.222.jpg
0,0,0,0,357,l_1741942456.193.jpg
0,0,0,0,357,l_1741942457.179.jpg
0,0,0,0,357,l_1741942457.693.jpg
0,0,0,0,357,l_1741942458.532.jpg
0,0,0,0,357,l_1741942459.651.jpg
0,0,0,0,357,l_1741942459.848.jpg
0,0,0,0,357,l_1742458919.194.jpg
0,0,0,0,357,l_1742458919.770.jpg
0,0,0,0,357,l_1742458920.367.jpg
0,0,0,0,357,l_1742458920.990.jpg
0,0,0,0,357,l_1742458921.663.jpg
0,0,0,0,357,l_1742461124.512.jpg
0,0,0,0,357,l_1742461125.331.jpg
0,0,0,0,357,l_1742461125.392.jpg
0,0,0,0,357,l_1742461129.451.jpg
0,0,0,0,357,l_1742461144.117.jpg
0,0,0,0,357,l_1743065695.252.jpg
0,0,0,0,357,l_1743065696.537.jpg
0,0,0,0,357,l_1743065697.376.jpg
0,0,0,0,357,l_1743065697.709.jpg
0,0,0,0,357,l_1743072119.262.jpg
0,0,0,0,357,l_1743072123.357.jpg
0,0,0,0,357,l_1743072123.497.jpg
0,0,0,0,357,l_1743072124.331.jpg
0,0,0,0,357,l_1743072124.641.jpg
0,0,0,0,357,l_1743140787.563.jpg
0,0,0,0,357,l_1743140788.694.jpg
0,0,0,0,357,l_1743140789.585.jpg
0,0,0,0,357,l_1743140789.647.jpg
0,0,0,0,357,l_1743140790.104.jpg
0,0,0,0,357,l_1743397304.768.jpg
0,0,0,0,357,l_1743397305.106.jpg
0,0,0,0,357,l_1743397305.368.jpg
0,0,0,0,357,l_1743397306.546.jpg
0,0,0,0,357,l_1743398991.698.jpg
0,0,0,0,357,l_1743398991.992.jpg
0,0,0,0,357,l_1743398992.142.jpg
0,0,0,0,357,l_1743398992.175.jpg
0,0,0,0,357,l_1743398993.989.jpg
0,0,0,0,357,l_1746175093.189.jpg
0,0,0,0,357,l_1746175093.491.jpg
0,0,0,0,357,l_1746175094.524.jpg
0,0,0,0,357,l_1746175095.104.jpg
0,0,0,0,357,l_1746175096.716.jpg
0,0,0,0,357,l_1746175097.886.jpg
0,0,0,0,357,l_1746176897.664.jpg
0,0,0,0,357,l_1746176897.856.jpg
0,0,0,0,357,l_1746176898.787.jpg
0,0,0,0,357,l_1746176947.122.jpg
0,0,0,0,357,l_1746176948.237.jpg
0,0,0,0,357,l_1746176949.589.jpg
0,0,0,0,357,l_1746436559.947.jpg
0,0,0,0,357,l_1746436561.672.jpg
0,0,0,0,357,l_1746436562.977.jpg
0,0,0,0,357,l_1746436564.310.jpg
0,0,0,0,357,l_1746436566.557.jpg
0,0,0,0,357,l_1746794986.783.jpg
0,0,0,0,357,l_1746794987.519.jpg
0,0,0,0,357,l_1746794987.537.jpg
0,0,0,0,357,l_1746794988.524.jpg
0,0,0,0,357,l_1746794989.270.jpg
0,0,0,0,357,l_1746794992.492.jpg
0,0,0,0,257,l_1595561906.843.jpg
0,0,0,0,257,l_1595561907.244.jpg
0,0,0,0,257,l_1595561908.210.jpg
0,0,0,0,257,l_1595561915.116.jpg
0,0,0,0,257,l_1621674806.568.jpg
0,0,0,0,257,l_1621674807.298.jpg
0,0,0,0,257,l_1621674808.264.jpg
0,0,0,0,257,l_1655116638.455.jpg
0,0,0,0,257,l_1655116638.476.jpg
0,0,0,0,257,l_1721962809.655.jpg
0,0,0,0,257,l_1738505231.501.jpg
0,0,0,0,257,l_1738505235.952.jpg
0,0,0,0,257,l_1744352993.847.jpg
0,0,0,0,257,l_1744353028.433.jpg
0,0,0,0,257,l_1744360107.820.jpg
0,0,0,0,257,l_1744360108.364.jpg
0,0,0,0,257,l_1744360109.230.jpg
0,0,0,0,257,l_1744360109.667.jpg
0,0,0,0,257,l_1744360111.333.jpg
0,0,0,0,257,l_1744360111.878.jpg
0,0,0,0,257,l_1746678545.309.jpg
0,0,0,0,257,l_1746678546.839.jpg
0,0,0,0,257,l_1746678549.331.jpg
0,0,0,0,257,l_1746678550.595.jpg
0,0,0,0,257,l_1746693676.642.jpg
0,0,0,0,257,l_1746693677.880.jpg
0,0,0,0,257,l_1746693679.357.jpg
0,0,0,0,257,l_1746693680.247.jpg
0,0,0,0,257,l_1746693680.829.jpg
0,0,0,0,257,l_1746772733.130.jpg
0,0,0,0,257,l_1746772736.766.jpg
0,0,0,0,257,l_1746772737.289.jpg
0,0,0,0,257,l_1746772738.864.jpg
0,0,0,0,257,l_1746775803.253.jpg
0,0,0,0,257,l_1746775804.942.jpg
0,0,0,0,257,l_1746775804.962.jpg
0,0,0,0,257,l_1747023504.814.jpg
0,0,0,0,257,l_1747023505.656.jpg
0,0,0,0,257,l_1747023505.963.jpg
0,0,0,0,257,l_1747023506.695.jpg
0,0,0,0,257,l_1747023507.497.jpg
0,0,0,0,257,l_1747023507.732.jpg
0,0,0,0,257,l_1747038575.845.jpg
0,0,0,0,257,l_1747038576.375.jpg
0,0,0,0,257,l_1747038577.680.jpg
0,0,0,0,257,l_1747103893.864.jpg
0,0,0,0,257,l_1747103894.347.jpg
0,0,0,0,257,l_1747103894.418.jpg
0,0,0,0,257,l_1747103895.549.jpg
0,0,0,0,257,l_1747103896.288.jpg
0,0,0,0,257,l_1747107963.272.jpg
0,0,0,0,257,l_1747107967.483.jpg
0,0,0,0,257,l_1747107968.734.jpg
0,0,0,0,257,l_1747107969.638.jpg
0,0,0,0,257,l_1747108249.729.jpg
0,0,0,0,257,l_1747108250.498.jpg
0,0,0,0,257,l_1747108252.892.jpg
0,0,0,0,257,l_1747108256.416.jpg
0,0,0,0,257,l_1747108259.460.jpg
0,0,0,0,257,l_1747108264.745.jpg
0,0,0,0,257,l_1747108310.912.jpg
0,0,0,0,257,l_1747110168.906.jpg
0,0,0,0,257,l_1747110169.121.jpg
0,0,0,0,257,l_1747110170.283.jpg
0,0,0,0,257,l_1747110171.861.jpg
0,0,0,0,257,l_1747110172.155.jpg
0,0,0,0,257,l_1747110172.804.jpg
0,0,0,0,257,l_1747122570.977.jpg
0,0,0,0,257,l_1747122572.227.jpg
0,0,0,0,257,l_1747122574.852.jpg
0,0,0,0,257,l_1747122575.196.jpg
0,0,0,0,257,l_1747122575.702.jpg
0,0,0,0,257,l_1747122576.229.jpg
0,0,0,0,257,l_1747196351.901.jpg
0,0,0,0,257,l_1747196352.226.jpg
0,0,0,0,257,l_1747196352.479.jpg
0,0,0,0,257,l_1747196353.321.jpg
0,0,0,0,257,l_1747196353.914.jpg
0,0,0,0,257,l_1747196354.202.jpg
0,0,0,0,257,l_1747196355.119.jpg
0,0,0,0,257,l_1747196356.453.jpg
0,0,0,0,258,l_1730801568.992.jpg
0,0,0,0,258,l_1730801569.228.jpg
0,0,0,0,258,l_1730801569.238.jpg
0,0,0,0,258,l_1730801570.171.jpg
0,0,0,0,258,l_1730801582.502.jpg
0,0,0,0,258,l_1733459161.921.jpg
0,0,0,0,258,l_1733459164.962.jpg
0,0,0,0,258,l_1733459166.421.jpg
0,0,0,0,258,l_1733459168.181.jpg
0,0,0,0,258,l_1733459170.167.jpg
0,0,0,0,258,l_1733459172.990.jpg
0,0,0,0,258,l_1733459173.365.jpg
0,0,0,0,258,l_1738502025.207.jpg
0,0,0,0,258,l_1738502026.508.jpg
0,0,0,0,258,l_1738502027.387.jpg
0,0,0,0,258,l_1738502033.106.jpg
0,0,0,0,258,l_1738502034.396.jpg
0,0,0,0,258,l_1742442263.346.jpg
0,0,0,0,258,l_1742442264.581.jpg
0,0,0,0,258,l_1742442265.483.jpg
0,0,0,0,258,l_1742451126.320.jpg
0,0,0,0,258,l_1742451129.110.jpg
0,0,0,0,258,l_1742451132.715.jpg
0,0,0,0,258,l_1742455605.963.jpg
0,0,0,0,258,l_1742455606.416.jpg
0,0,0,0,258,l_1742455606.828.jpg
0,0,0,0,258,l_1742455607.579.jpg
0,0,0,0,258,l_1742455607.909.jpg
0,0,0,0,258,l_1742722199.902.jpg
0,0,0,0,258,l_1742722258.972.jpg
0,0,0,0,258,l_1742722261.681.jpg
0,0,0,0,258,l_1742722263.406.jpg
0,0,0,0,258,l_1742722264.231.jpg
0,0,0,0,258,l_1742722266.732.jpg
0,0,0,0,258,l_1742796560.499.jpg
0,0,0,0,258,l_1742796560.965.jpg
0,0,0,0,258,l_1742796561.171.jpg
0,0,0,0,258,l_1742796561.368.jpg
0,0,0,0,258,l_1742796562.511.jpg
0,0,0,0,258,l_1742797520.281.jpg
0,0,0,0,258,l_1742797520.584.jpg
0,0,0,0,258,l_1742797521.651.jpg
0,0,0,0,258,l_1742797521.851.jpg
0,0,0,0,258,l_1742797653.705.jpg
0,0,0,0,258,l_1742797653.831.jpg
0,0,0,0,258,l_1742797654.844.jpg
0,0,0,0,258,l_1742797655.909.jpg
0,0,0,0,258,l_1742798779.875.jpg
0,0,0,0,258,l_1742798780.668.jpg
0,0,0,0,258,l_1742798780.879.jpg
0,0,0,0,258,l_1742798781.343.jpg
0,0,0,0,258,l_1742798782.637.jpg
0,0,0,0,258,l_1742870569.735.jpg
0,0,0,0,258,l_1742870569.931.jpg
0,0,0,0,258,l_1742870571.143.jpg
0,0,0,0,258,l_1742870572.617.jpg
0,0,0,0,258,l_1742870573.485.jpg
0,0,0,0,258,l_1742918910.271.jpg
0,0,0,0,258,l_1742918910.646.jpg
0,0,0,0,258,l_1742918911.420.jpg
0,0,0,0,258,l_1742918911.623.jpg
0,0,0,0,258,l_1742918912.276.jpg
0,0,0,0,258,l_1743072945.550.jpg
0,0,0,0,258,l_1743072946.313.jpg
0,0,0,0,258,l_1743072946.627.jpg
0,0,0,0,258,l_1743072946.956.jpg
0,0,0,0,258,l_1743146421.591.jpg
0,0,0,0,258,l_1743146422.757.jpg
0,0,0,0,258,l_1743146423.552.jpg
0,0,0,0,258,l_1743146424.972.jpg
0,0,0,0,258,l_1743498143.219.jpg
0,0,0,0,258,l_1743498145.612.jpg
0,0,0,0,258,l_1743498146.453.jpg
0,0,0,0,258,l_1743498147.432.jpg
0,0,0,0,258,l_1743498148.523.jpg
0,0,0,0,258,l_1743559875.522.jpg
0,0,0,0,258,l_1743559875.557.jpg
0,0,0,0,258,l_1743559878.822.jpg
0,0,0,0,258,l_1743559881.780.jpg
0,0,0,0,258,l_1744856100.217.jpg
0,0,0,0,258,l_1744856104.328.jpg
0,0,0,0,258,l_1744856105.284.jpg
0,0,0,0,258,l_1744856105.466.jpg
0,0,0,0,258,l_1746522709.922.jpg
0,0,0,0,258,l_1746522710.607.jpg
0,0,0,0,258,l_1746522711.235.jpg
0,0,0,0,258,l_1746522714.405.jpg
0,0,0,0,258,l_1746522716.321.jpg
0,0,0,0,258,l_1746522721.932.jpg
0,0,0,0,259,l_1731775774.370.jpg
0,0,0,0,259,l_1731775774.414.jpg
0,0,0,0,259,l_1731775775.831.jpg
0,0,0,0,259,l_1731775775.894.jpg
0,0,0,0,259,l_1731775776.688.jpg
0,0,0,0,259,l_1737002034.826.jpg
0,0,0,0,259,l_1737002034.932.jpg
0,0,0,0,259,l_1737002035.491.jpg
0,0,0,0,259,l_1737002038.880.jpg
0,0,0,0,259,l_1737002039.800.jpg
0,0,0,0,259,l_1738635466.922.jpg
0,0,0,0,259,l_1738635467.275.jpg
0,0,0,0,259,l_1738635467.470.jpg
0,0,0,0,259,l_1738635468.855.jpg
0,0,0,0,259,l_1738635468.920.jpg
0,0,0,0,259,l_1738635469.631.jpg
0,0,0,0,259,l_1738849395.757.jpg
0,0,0,0,259,l_1738849395.832.jpg
0,0,0,0,259,l_1738849396.178.jpg
0,0,0,0,259,l_1738849397.812.jpg
0,0,0,0,259,l_1738899775.884.jpg
0,0,0,0,259,l_1738899776.183.jpg
0,0,0,0,259,l_1738899776.623.jpg
0,0,0,0,259,l_1738899778.747.jpg
0,0,0,0,259,l_1738940588.449.jpg
0,0,0,0,259,l_1738940589.354.jpg
0,0,0,0,259,l_1738940590.918.jpg
0,0,0,0,259,l_1738940591.480.jpg
0,0,0,0,259,l_1740109209.270.jpg
0,0,0,0,259,l_1740109209.483.jpg
0,0,0,0,259,l_1740109210.877.jpg
0,0,0,0,259,l_1740109211.797.jpg
0,0,0,0,259,l_1740109211.827.jpg
0,0,0,0,259,l_1740743774.285.jpg
0,0,0,0,259,l_1740743774.300.jpg
0,0,0,0,259,l_1740743775.737.jpg
0,0,0,0,259,l_1740743780.116.jpg
0,0,0,0,259,l_1742896069.410.jpg
0,0,0,0,259,l_1742896071.365.jpg
0,0,0,0,259,l_1742896072.926.jpg
0,0,0,0,259,l_1742896075.354.jpg
0,0,0,0,259,l_1743152313.428.jpg
0,0,0,0,259,l_1743152314.201.jpg
0,0,0,0,259,l_1743152314.486.jpg
0,0,0,0,259,l_1743152315.961.jpg
0,0,0,0,259,l_1743152316.258.jpg
0,0,0,0,259,l_1743152316.809.jpg
0,0,0,0,259,l_1743477065.722.jpg
0,0,0,0,259,l_1743477066.387.jpg
0,0,0,0,259,l_1743477067.922.jpg
0,0,0,0,259,l_1743477069.958.jpg
0,0,0,0,259,l_1743477070.869.jpg
0,0,0,0,259,l_1744613792.402.jpg
0,0,0,0,259,l_1744613797.615.jpg
0,0,0,0,259,l_1744613797.872.jpg
0,0,0,0,259,l_1745539253.532.jpg
0,0,0,0,259,l_1745539254.668.jpg
0,0,0,0,259,l_1745539254.864.jpg
0,0,0,0,259,l_1745539257.894.jpg
0,0,0,0,259,l_1745539258.589.jpg
0,0,0,0,259,l_1746618840.124.jpg
0,0,0,0,259,l_1746618840.176.jpg
0,0,0,0,259,l_1746618841.919.jpg
0,0,0,0,259,l_1746618842.530.jpg
0,0,0,0,259,l_1747040992.450.jpg
0,0,0,0,259,l_1747040993.762.jpg
0,0,0,0,259,l_1747040995.673.jpg
0,0,0,0,259,l_1747040996.519.jpg
0,0,0,0,259,l_1747040997.482.jpg
0,0,0,0,259,l_1747040998.137.jpg
0,0,0,0,259,l_1747040999.397.jpg
0,0,0,0,259,l_1747042388.351.jpg
0,0,0,0,259,l_1747042389.234.jpg
0,0,0,0,259,l_1747042503.772.jpg
0,0,0,0,259,l_1747042504.342.jpg
0,0,0,0,259,l_1747042509.309.jpg
0,0,0,0,259,l_1747210104.690.jpg
0,0,0,0,259,l_1747210104.975.jpg
0,0,0,0,259,l_1747210105.141.jpg
0,0,0,0,259,l_1747210105.205.jpg
0,0,0,0,259,l_1747210108.545.jpg
0,0,0,0,259,l_1747212880.128.jpg
0,0,0,0,259,l_1747212881.832.jpg
0,0,0,0,259,l_1747212882.121.jpg
0,0,0,0,259,l_1747212883.182.jpg
0,0,0,0,260,l_1653294515.781.jpg
0,0,0,0,260,l_1653294520.937.jpg
0,0,0,0,260,l_1653294526.993.jpg
0,0,0,0,260,l_1653294554.664.jpg
0,0,0,0,260,l_1653294567.518.jpg
0,0,0,0,260,l_1653294617.834.jpg
0,0,0,0,260,l_1712391859.473.jpg
0,0,0,0,260,l_1712391862.400.jpg
0,0,0,0,260,l_1712391865.348.jpg
0,0,0,0,260,l_1712391869.457.jpg
0,0,0,0,260,l_1712391873.729.jpg
0,0,0,0,260,l_1726134085.891.jpg
0,0,0,0,260,l_1726134088.833.jpg
0,0,0,0,260,l_1726134091.916.jpg
0,0,0,0,260,l_1726134096.594.jpg
0,0,0,0,260,l_1726134100.315.jpg
0,0,0,0,260,l_1731336969.337.jpg
0,0,0,0,260,l_1731336970.680.jpg
0,0,0,0,260,l_1731336970.979.jpg
0,0,0,0,260,l_1731336976.992.jpg
0,0,0,0,260,l_1731336977.523.jpg
0,0,0,0,260,l_1732605271.837.jpg
0,0,0,0,260,l_1732605272.485.jpg
0,0,0,0,260,l_1732605272.567.jpg
0,0,0,0,260,l_1732605273.230.jpg
0,0,0,0,260,l_1736593416.550.jpg
0,0,0,0,260,l_1736593416.749.jpg
0,0,0,0,260,l_1736593417.163.jpg
0,0,0,0,260,l_1736593417.397.jpg
0,0,0,0,260,l_1736593417.684.jpg
0,0,0,0,260,l_1739156345.450.jpg
0,0,0,0,260,l_1739156347.377.jpg
0,0,0,0,260,l_1739156348.768.jpg
0,0,0,0,260,l_1739156350.303.jpg
0,0,0,0,260,l_1739156352.329.jpg
0,0,0,0,260,l_1740148497.569.jpg
0,0,0,0,260,l_1740148498.276.jpg
0,0,0,0,260,l_1740148499.998.jpg
0,0,0,0,260,l_1740148500.977.jpg
0,0,0,0,260,l_1741668615.534.jpg
0,0,0,0,260,l_1741668618.924.jpg
0,0,0,0,260,l_1741668621.556.jpg
0,0,0,0,260,l_1741668632.296.jpg
0,0,0,0,260,l_1741668634.237.jpg
0,0,0,0,260,l_1741939490.369.jpg
0,0,0,0,260,l_1741939492.326.jpg
0,0,0,0,260,l_1741939493.835.jpg
0,0,0,0,260,l_1741939497.264.jpg
0,0,0,0,260,l_1741939499.609.jpg
0,0,0,0,260,l_1742215938.166.jpg
0,0,0,0,260,l_1742215939.163.jpg
0,0,0,0,260,l_1742215940.588.jpg
0,0,0,0,260,l_1742215951.990.jpg
0,0,0,0,260,l_1742372797.641.jpg
0,0,0,0,260,l_1742372798.601.jpg
0,0,0,0,260,l_1742372799.701.jpg
0,0,0,0,260,l_1742667115.138.jpg
0,0,0,0,260,l_1742667115.555.jpg
0,0,0,0,260,l_1742667116.920.jpg
0,0,0,0,260,l_1742667118.604.jpg
0,0,0,0,260,l_1742667119.115.jpg
0,0,0,0,260,l_1744186813.116.jpg
0,0,0,0,260,l_1744186816.477.jpg
0,0,0,0,260,l_1744186817.582.jpg
0,0,0,0,260,l_1744726632.542.jpg
0,0,0,0,260,l_1744726635.195.jpg
0,0,0,0,260,l_1744726639.703.jpg
0,0,0,0,260,l_1744726701.203.jpg
0,0,0,0,260,l_1744726714.704.jpg
0,0,0,0,260,l_1746161931.185.jpg
0,0,0,0,260,l_1746161932.184.jpg
0,0,0,0,260,l_1746518050.349.jpg
0,0,0,0,260,l_1746518051.169.jpg
0,0,0,0,260,l_1746518051.439.jpg
0,0,0,0,260,l_1746518052.843.jpg
0,0,0,0,260,l_1746524107.115.jpg
0,0,0,0,260,l_1746524107.526.jpg
0,0,0,0,260,l_1746632274.822.jpg
0,0,0,0,260,l_1746632275.387.jpg
0,0,0,0,260,l_1746632277.127.jpg
0,0,0,0,260,l_1746632279.418.jpg
0,0,0,0,260,l_1746632279.444.jpg
0,0,0,0,260,l_1747192531.185.jpg
0,0,0,0,260,l_1747192531.364.jpg
0,0,0,0,260,l_1747192532.607.jpg
0,0,0,0,260,l_1747192533.655.jpg
0,0,0,0,260,l_1747192534.635.jpg
0,0,0,0,260,l_1747192535.158.jpg
0,0,0,0,260,l_1747192637.343.jpg
0,0,0,0,261,l_1582188321.jpg
0,0,0,0,261,l_1582188329.jpg
0,0,0,0,261,l_1582188343.jpg
0,0,0,0,261,l_1582188350.jpg
0,0,0,0,261,l_1582188372.jpg
0,0,0,0,261,l_1582189090.jpg
0,0,0,0,261,l_1582189092.jpg
0,0,0,0,261,l_1582189104.jpg
0,0,0,0,261,l_1582189128.jpg
0,0,0,0,261,l_1739332098.125.jpg
0,0,0,0,261,l_1739332099.764.jpg
0,0,0,0,261,l_1739332100.201.jpg
0,0,0,0,261,l_1739332100.678.jpg
0,0,0,0,261,l_1739332101.873.jpg
0,0,0,0,261,l_1740467520.130.jpg
0,0,0,0,261,l_1740467520.205.jpg
0,0,0,0,261,l_1740467525.731.jpg
0,0,0,0,261,l_1740467526.635.jpg
0,0,0,0,261,l_1740467528.593.jpg
0,0,0,0,261,l_1741778962.968.jpg
0,0,0,0,261,l_1741778963.334.jpg
0,0,0,0,261,l_1741778964.614.jpg
0,0,0,0,261,l_1741778964.642.jpg
0,0,0,0,261,l_1745546171.514.jpg
0,0,0,0,261,l_1745546172.560.jpg
0,0,0,0,261,l_1745546173.501.jpg
0,0,0,0,261,l_1745546173.786.jpg
0,0,0,0,261,l_1745546174.124.jpg
0,0,0,0,261,l_1745566535.487.jpg
0,0,0,0,261,l_1745566536.638.jpg
0,0,0,0,261,l_1745566537.483.jpg
0,0,0,0,261,l_1745566539.359.jpg
0,0,0,0,261,l_1745566541.743.jpg
0,0,0,0,261,l_1745566543.834.jpg
0,0,0,0,261,l_1745566545.259.jpg
0,0,0,0,261,l_1745806035.945.jpg
0,0,0,0,261,l_1745806037.906.jpg
0,0,0,0,261,l_1745806038.396.jpg
0,0,0,0,261,l_1745806225.493.jpg
0,0,0,0,261,l_1745806227.316.jpg
0,0,0,0,261,l_1745806228.152.jpg
0,0,0,0,261,l_1745815015.891.jpg
0,0,0,0,261,l_1745815016.373.jpg
0,0,0,0,261,l_1745815021.680.jpg
0,0,0,0,261,l_1745815023.114.jpg
0,0,0,0,261,l_1745815024.852.jpg
0,0,0,0,261,l_1745815025.187.jpg
0,0,0,0,261,l_1746163635.454.jpg
0,0,0,0,261,l_1746163637.330.jpg
0,0,0,0,261,l_1746186946.492.jpg
0,0,0,0,261,l_1746186947.419.jpg
0,0,0,0,261,l_1746186947.960.jpg
0,0,0,0,261,l_1746186948.586.jpg
0,0,0,0,261,l_1746186948.910.jpg
0,0,0,0,261,l_1746266621.122.jpg
0,0,0,0,261,l_1746266621.764.jpg
0,0,0,0,261,l_1746266842.443.jpg
0,0,0,0,261,l_1746266843.587.jpg
0,0,0,0,261,l_1746266843.981.jpg
0,0,0,0,261,l_1746434312.561.jpg
0,0,0,0,261,l_1746434313.660.jpg
0,0,0,0,261,l_1746434314.100.jpg
0,0,0,0,261,l_1746434316.761.jpg
0,0,0,0,261,l_1746579841.733.jpg
0,0,0,0,261,l_1746579849.887.jpg
0,0,0,0,261,l_1746579867.335.jpg
0,0,0,0,261,l_1746579897.926.jpg
0,0,0,0,261,l_1746604455.910.jpg
0,0,0,0,261,l_1746604456.312.jpg
0,0,0,0,261,l_1746604457.258.jpg
0,0,0,0,261,l_1746604458.641.jpg
0,0,0,0,261,l_1746670718.289.jpg
0,0,0,0,261,l_1746670720.132.jpg
0,0,0,0,261,l_1746724285.915.jpg
0,0,0,0,261,l_1747067053.329.jpg
0,0,0,0,261,l_1747067053.571.jpg
0,0,0,0,261,l_1747067054.746.jpg
0,0,0,0,261,l_1747067055.608.jpg
0,0,0,0,261,l_1747067055.953.jpg
0,0,0,0,261,l_1747126265.885.jpg
0,0,0,0,261,l_1747126266.298.jpg
0,0,0,0,261,l_1747126267.854.jpg
0,0,0,0,261,l_1747126268.861.jpg
0,0,0,0,261,l_1747126269.671.jpg
0,0,0,0,262,l_1582085733.311.jpg
0,0,0,0,262,l_1582085782.486.jpg
0,0,0,0,262,l_1582085817.506.jpg
0,0,0,0,262,l_1582085827.835.jpg
0,0,0,0,262,l_1723190637.715.jpg
0,0,0,0,262,l_1723190638.173.jpg
0,0,0,0,262,l_1732017700.724.jpg
0,0,0,0,262,l_1732017701.742.jpg
0,0,0,0,262,l_1732017702.504.jpg
0,0,0,0,262,l_1732017702.529.jpg
0,0,0,0,262,l_1733063390.267.jpg
0,0,0,0,262,l_1733063390.430.jpg
0,0,0,0,262,l_1733063391.369.jpg
0,0,0,0,262,l_1733063391.604.jpg
0,0,0,0,262,l_1734504673.722.jpg
0,0,0,0,262,l_1734504674.773.jpg
0,0,0,0,262,l_1734504675.264.jpg
0,0,0,0,262,l_1734504675.300.jpg
0,0,0,0,262,l_1739951637.205.jpg
0,0,0,0,262,l_1739951637.773.jpg
0,0,0,0,262,l_1739951638.346.jpg
0,0,0,0,262,l_1739951638.657.jpg
0,0,0,0,262,l_1739951639.575.jpg
0,0,0,0,262,l_1740644504.553.jpg
0,0,0,0,262,l_1740644505.930.jpg
0,0,0,0,262,l_1740644506.556.jpg
0,0,0,0,262,l_1740644509.361.jpg
0,0,0,0,262,l_1740644510.782.jpg
0,0,0,0,262,l_1740793975.341.jpg
0,0,0,0,262,l_1740793975.441.jpg
0,0,0,0,262,l_1740793976.228.jpg
0,0,0,0,262,l_1740793977.221.jpg
0,0,0,0,262,l_1740793978.681.jpg
0,0,0,0,262,l_1741853386.782.jpg
0,0,0,0,262,l_1741853386.853.jpg
0,0,0,0,262,l_1741853387.191.jpg
0,0,0,0,262,l_1741853388.233.jpg
0,0,0,0,262,l_1741853388.285.jpg
0,0,0,0,262,l_1741853392.503.jpg
0,0,0,0,262,l_1742615977.699.jpg
0,0,0,0,262,l_1742615979.679.jpg
0,0,0,0,262,l_1742615980.694.jpg
0,0,0,0,262,l_1742615981.347.jpg
0,0,0,0,262,l_1742615982.933.jpg
0,0,0,0,262,l_1742616324.768.jpg
0,0,0,0,262,l_1742616324.920.jpg
0,0,0,0,262,l_1742616325.612.jpg
0,0,0,0,262,l_1742616326.754.jpg
0,0,0,0,262,l_1742617702.212.jpg
0,0,0,0,262,l_1742617704.997.jpg
0,0,0,0,262,l_1742617706.540.jpg
0,0,0,0,262,l_1742617707.136.jpg
0,0,0,0,262,l_1744422003.985.jpg
0,0,0,0,262,l_1744422005.581.jpg
0,0,0,0,262,l_1744422006.622.jpg
0,0,0,0,262,l_1744422007.729.jpg
0,0,0,0,262,l_1744874762.692.jpg
0,0,0,0,262,l_1744874763.619.jpg
0,0,0,0,262,l_1744874763.683.jpg
0,0,0,0,262,l_1744874764.107.jpg
0,0,0,0,262,l_1744874764.321.jpg
0,0,0,0,262,l_1745995700.638.jpg
0,0,0,0,262,l_1746344277.742.jpg
0,0,0,0,262,l_1746344278.747.jpg
0,0,0,0,262,l_1746344279.883.jpg
0,0,0,0,262,l_1746616108.776.jpg
0,0,0,0,262,l_1746616109.527.jpg
0,0,0,0,262,l_1746616109.794.jpg
0,0,0,0,262,l_1746616110.292.jpg
0,0,0,0,262,l_1746616110.340.jpg
0,0,0,0,262,l_1746847370.393.jpg
0,0,0,0,262,l_1746847378.106.jpg
0,0,0,0,263,l_1709541768.642.jpg
0,0,0,0,263,l_1709541769.852.jpg
0,0,0,0,263,l_1709541771.233.jpg
0,0,0,0,263,l_1709541773.997.jpg
0,0,0,0,263,l_1709541774.975.jpg
0,0,0,0,263,l_1709541775.538.jpg
0,0,0,0,263,l_1709541776.888.jpg
0,0,0,0,263,l_1730174225.538.jpg
0,0,0,0,263,l_1730174362.327.jpg
0,0,0,0,263,l_1730174364.179.jpg
0,0,0,0,263,l_1730174364.773.jpg
0,0,0,0,263,l_1730174536.681.jpg
0,0,0,0,263,l_1730174538.581.jpg
0,0,0,0,263,l_1733195924.395.jpg
0,0,0,0,263,l_1733195924.769.jpg
0,0,0,0,263,l_1733195924.981.jpg
0,0,0,0,263,l_1733196144.951.jpg
0,0,0,0,263,l_1733196145.314.jpg
0,0,0,0,263,l_1733196146.735.jpg
0,0,0,0,263,l_1733196147.417.jpg
0,0,0,0,263,l_1733196147.952.jpg
0,0,0,0,263,l_1733196400.218.jpg
0,0,0,0,263,l_1733196400.421.jpg
0,0,0,0,263,l_1733196401.367.jpg
0,0,0,0,263,l_1733196401.891.jpg
0,0,0,0,263,l_1733196402.405.jpg
0,0,0,0,263,l_1733196402.851.jpg
0,0,0,0,263,l_1738663073.505.jpg
0,0,0,0,263,l_1738663073.737.jpg
0,0,0,0,263,l_1738663074.529.jpg
0,0,0,0,263,l_1738663075.393.jpg
0,0,0,0,263,l_1741266590.542.jpg
0,0,0,0,263,l_1741266591.528.jpg
0,0,0,0,263,l_1741266592.111.jpg
0,0,0,0,263,l_1741266592.160.jpg
0,0,0,0,263,l_1741614300.816.jpg
0,0,0,0,263,l_1741614300.818.jpg
0,0,0,0,263,l_1741614301.987.jpg
0,0,0,0,263,l_1741614302.119.jpg
0,0,0,0,263,l_1742359601.188.jpg
0,0,0,0,263,l_1742359602.392.jpg
0,0,0,0,263,l_1742359603.438.jpg
0,0,0,0,263,l_1742359604.117.jpg
0,0,0,0,263,l_1742437428.179.jpg
0,0,0,0,263,l_1742437429.528.jpg
0,0,0,0,263,l_1742437430.725.jpg
0,0,0,0,263,l_1742437432.737.jpg
0,0,0,0,263,l_1742437433.571.jpg
0,0,0,0,263,l_1742437434.573.jpg
0,0,0,0,263,l_1742698758.791.jpg
0,0,0,0,263,l_1742698758.873.jpg
0,0,0,0,263,l_1742698759.903.jpg
0,0,0,0,263,l_1742698760.751.jpg
0,0,0,0,263,l_1742698761.833.jpg
0,0,0,0,263,l_1742698762.398.jpg
0,0,0,0,263,l_1742895927.244.jpg
0,0,0,0,263,l_1742895929.505.jpg
0,0,0,0,263,l_1742895953.537.jpg
0,0,0,0,263,l_1742895954.106.jpg
0,0,0,0,263,l_1743683183.899.jpg
0,0,0,0,263,l_1743683184.598.jpg
0,0,0,0,263,l_1743731958.565.jpg
0,0,0,0,263,l_1743731958.894.jpg
0,0,0,0,263,l_1744328714.998.jpg
0,0,0,0,263,l_1744328715.229.jpg
0,0,0,0,263,l_1744328715.301.jpg
0,0,0,0,263,l_1744979056.150.jpg
0,0,0,0,263,l_1744979056.281.jpg
0,0,0,0,263,l_1744979056.980.jpg
0,0,0,0,263,l_1744979057.173.jpg
0,0,0,0,263,l_1745477544.153.jpg
0,0,0,0,263,l_1745477545.545.jpg
0,0,0,0,263,l_1745477546.755.jpg
0,0,0,0,263,l_1745477547.693.jpg
0,0,0,0,263,l_1745477548.871.jpg
0,0,0,0,263,l_1746581643.618.jpg
0,0,0,0,263,l_1746581650.711.jpg
0,0,0,0,263,l_1746581655.895.jpg
0,0,0,0,263,l_1746581659.780.jpg
0,0,0,0,263,l_1746581667.593.jpg
0,0,0,0,263,l_1746851621.271.jpg
0,0,0,0,263,l_1746851621.309.jpg
0,0,0,0,263,l_1746851622.207.jpg
0,0,0,0,263,l_1746851622.906.jpg
0,0,0,0,263,l_1746877325.918.jpg
0,0,0,0,263,l_1746877327.217.jpg
0,0,0,0,263,l_1746877327.516.jpg
0,0,0,0,263,l_1746877328.108.jpg
0,0,0,0,263,l_1746877328.708.jpg
0,0,0,0,263,l_1746877329.176.jpg
0,0,0,0,264,l_1731912389.744.jpg
0,0,0,0,264,l_1731912389.906.jpg
0,0,0,0,264,l_1731912390.131.jpg
0,0,0,0,264,l_1733719134.733.jpg
0,0,0,0,264,l_1733719136.919.jpg
0,0,0,0,264,l_1733719137.580.jpg
0,0,0,0,264,l_1733719138.412.jpg
0,0,0,0,264,l_1736480044.372.jpg
0,0,0,0,264,l_1736480045.666.jpg
0,0,0,0,264,l_1736480045.889.jpg
0,0,0,0,264,l_1736480046.570.jpg
0,0,0,0,264,l_1736914877.253.jpg
0,0,0,0,264,l_1736914877.345.jpg
0,0,0,0,264,l_1736914878.125.jpg
0,0,0,0,264,l_1736914879.684.jpg
0,0,0,0,264,l_1736914881.737.jpg
0,0,0,0,264,l_1736915253.470.jpg
0,0,0,0,264,l_1736915255.735.jpg
0,0,0,0,264,l_1736915257.784.jpg
0,0,0,0,264,l_1736915258.397.jpg
0,0,0,0,264,l_1736915265.779.jpg
0,0,0,0,264,l_1737366325.958.jpg
0,0,0,0,264,l_1737366326.121.jpg
0,0,0,0,264,l_1737366331.986.jpg
0,0,0,0,264,l_1738735597.505.jpg
0,0,0,0,264,l_1738740213.jpg
0,0,0,0,264,l_1740992415.102.jpg
0,0,0,0,264,l_1740992415.149.jpg
0,0,0,0,264,l_1742987909.997.jpg
0,0,0,0,264,l_1742987910.611.jpg
0,0,0,0,264,l_1743408825.854.jpg
0,0,0,0,264,l_1743408828.178.jpg
0,0,0,0,264,l_1743408829.958.jpg
0,0,0,0,264,l_1743408831.891.jpg
0,0,0,0,264,l_1743408838.156.jpg
0,0,0,0,264,l_1744002834.675.jpg
0,0,0,0,264,l_1744002834.730.jpg
0,0,0,0,264,l_1744346427.244.jpg
0,0,0,0,264,l_1744346427.789.jpg
0,0,0,0,264,l_1744346428.448.jpg
0,0,0,0,264,l_1744346429.881.jpg
0,0,0,0,264,l_1744595067.872.jpg
0,0,0,0,264,l_1744595072.855.jpg
0,0,0,0,264,l_1744595076.134.jpg
0,0,0,0,264,l_1744950488.936.jpg
0,0,0,0,264,l_1744950489.694.jpg
0,0,0,0,264,l_1744950490.160.jpg
0,0,0,0,264,l_1744950497.896.jpg
0,0,0,0,264,l_1745570054.418.jpg
0,0,0,0,264,l_1745570054.763.jpg
0,0,0,0,264,l_1747022763.106.jpg
0,0,0,0,264,l_1747022764.810.jpg
0,0,0,0,264,l_1747022766.674.jpg
0,0,0,0,264,l_1747022766.963.jpg
0,0,0,0,264,l_1747022767.925.jpg
0,0,0,0,264,l_1747041399.447.jpg
0,0,0,0,264,l_1747041400.607.jpg
0,0,0,0,264,l_1747041402.950.jpg
0,0,0,0,264,l_1747043048.171.jpg
0,0,0,0,264,l_1747043050.218.jpg
0,0,0,0,264,l_1747043053.356.jpg
0,0,0,0,264,l_1747043131.516.jpg
0,0,0,0,264,l_1747043132.531.jpg
0,0,0,0,264,l_1747043133.595.jpg
0,0,0,0,264,l_1747043138.998.jpg
0,0,0,0,265,l_1724067023.174.jpg
0,0,0,0,265,l_1724067023.503.jpg
0,0,0,0,265,l_1724067024.177.jpg
0,0,0,0,265,l_1724067024.187.jpg
0,0,0,0,265,l_1724067027.725.jpg
0,0,0,0,265,l_1725321636.268.jpg
0,0,0,0,265,l_1725321636.322.jpg
0,0,0,0,265,l_1725321638.364.jpg
0,0,0,0,265,l_1725321640.624.jpg
0,0,0,0,265,l_1725321642.535.jpg
0,0,0,0,265,l_1730801400.527.jpg
0,0,0,0,265,l_1730801400.989.jpg
0,0,0,0,265,l_1730801403.115.jpg
0,0,0,0,265,l_1730801403.891.jpg
0,0,0,0,265,l_1730801404.212.jpg
0,0,0,0,265,l_1731738829.358.jpg
0,0,0,0,265,l_1731738831.974.jpg
0,0,0,0,265,l_1731738832.408.jpg
0,0,0,0,265,l_1731738834.208.jpg
0,0,0,0,265,l_1731738845.958.jpg
0,0,0,0,265,l_1733373042.428.jpg
0,0,0,0,265,l_1733373043.704.jpg
0,0,0,0,265,l_1733373044.312.jpg
0,0,0,0,265,l_1738733767.948.jpg
0,0,0,0,265,l_1738733769.358.jpg
0,0,0,0,265,l_1738733770.941.jpg
0,0,0,0,265,l_1739978932.791.jpg
0,0,0,0,265,l_1739978932.945.jpg
0,0,0,0,265,l_1739978933.316.jpg
0,0,0,0,265,l_1739978938.257.jpg
0,0,0,0,265,l_1739978938.480.jpg
0,0,0,0,265,l_1740218395.309.jpg
0,0,0,0,265,l_1740218396.747.jpg
0,0,0,0,265,l_1740218397.835.jpg
0,0,0,0,265,l_1740901125.621.jpg
0,0,0,0,265,l_1740901129.337.jpg
0,0,0,0,265,l_1740901133.985.jpg
0,0,0,0,265,l_1740901136.129.jpg
0,0,0,0,265,l_1741325879.225.jpg
0,0,0,0,265,l_1741325879.462.jpg
0,0,0,0,265,l_1741325883.121.jpg
0,0,0,0,265,l_1741325883.287.jpg
0,0,0,0,265,l_1742011550.401.jpg
0,0,0,0,265,l_1742011550.764.jpg
0,0,0,0,265,l_1742011551.367.jpg
0,0,0,0,265,l_1742011552.574.jpg
0,0,0,0,265,l_1742011553.930.jpg
0,0,0,0,265,l_1743639550.793.jpg
0,0,0,0,265,l_1743639550.855.jpg
0,0,0,0,265,l_1743639552.584.jpg
0,0,0,0,265,l_1743731532.277.jpg
0,0,0,0,265,l_1743731532.941.jpg
0,0,0,0,265,l_1743731533.600.jpg
0,0,0,0,265,l_1743731535.482.jpg
0,0,0,0,265,l_1743731535.803.jpg
0,0,0,0,265,l_1743731536.253.jpg
0,0,0,0,265,l_1745722468.635.jpg
0,0,0,0,265,l_1745722469.114.jpg
0,0,0,0,265,l_1745722469.484.jpg
0,0,0,0,265,l_1745722470.564.jpg
0,0,0,0,265,l_1745806138.213.jpg
0,0,0,0,265,l_1745806139.638.jpg
0,0,0,0,265,l_1745806140.385.jpg
0,0,0,0,265,l_1745806143.292.jpg
0,0,0,0,265,l_1745806143.387.jpg
0,0,0,0,265,l_1745806810.289.jpg
0,0,0,0,265,l_1745806812.992.jpg
0,0,0,0,265,l_1745806813.151.jpg
0,0,0,0,265,l_1746337966.648.jpg
0,0,0,0,265,l_1746337966.913.jpg
0,0,0,0,265,l_1746337967.143.jpg
0,0,0,0,265,l_1746876338.539.jpg
0,0,0,0,265,l_1746876339.785.jpg
0,0,0,0,265,l_1746876339.867.jpg
0,0,0,0,265,l_1746876340.162.jpg
0,0,0,0,265,l_1746876340.491.jpg
0,0,0,0,265,l_1746876340.967.jpg
0,0,0,0,265,l_1747207954.746.jpg
0,0,0,0,265,l_1747207956.359.jpg
0,0,0,0,266,l_1730966440.359.jpg
0,0,0,0,266,l_1730966445.151.jpg
0,0,0,0,266,l_1730966446.335.jpg
0,0,0,0,266,l_1730966447.640.jpg
0,0,0,0,266,l_1730966449.992.jpg
0,0,0,0,266,l_1736585186.153.jpg
0,0,0,0,266,l_1736585187.696.jpg
0,0,0,0,266,l_1736585188.258.jpg
0,0,0,0,266,l_1736585189.179.jpg
0,0,0,0,266,l_1736585189.559.jpg
0,0,0,0,266,l_1739966620.115.jpg
0,0,0,0,266,l_1739966621.128.jpg
0,0,0,0,266,l_1739966622.897.jpg
0,0,0,0,266,l_1739966624.819.jpg
0,0,0,0,266,l_1739966626.885.jpg
0,0,0,0,266,l_1741919932.930.jpg
0,0,0,0,266,l_1742528686.921.jpg
0,0,0,0,266,l_1742528687.247.jpg
0,0,0,0,266,l_1742528687.794.jpg
0,0,0,0,266,l_1742528689.379.jpg
0,0,0,0,266,l_1742528689.824.jpg
0,0,0,0,266,l_1742869983.366.jpg
0,0,0,0,266,l_1742869986.557.jpg
0,0,0,0,266,l_1742869986.715.jpg
0,0,0,0,266,l_1742869989.817.jpg
0,0,0,0,266,l_1742869994.557.jpg
0,0,0,0,266,l_1745393156.414.jpg
0,0,0,0,266,l_1745393156.652.jpg
0,0,0,0,266,l_1745393157.959.jpg
0,0,0,0,266,l_1745393158.369.jpg
0,0,0,0,266,l_1745393158.574.jpg
0,0,0,0,266,l_1745393159.986.jpg
0,0,0,0,266,l_1745393241.859.jpg
0,0,0,0,266,l_1745829499.359.jpg
0,0,0,0,266,l_1745829500.112.jpg
0,0,0,0,266,l_1745829500.682.jpg
0,0,0,0,266,l_1745829501.555.jpg
0,0,0,0,266,l_1745829502.195.jpg
0,0,0,0,266,l_1745829503.340.jpg
0,0,0,0,266,l_1745829504.645.jpg
0,0,0,0,266,l_1746164660.168.jpg
0,0,0,0,266,l_1746164661.260.jpg
0,0,0,0,266,l_1746164662.643.jpg
0,0,0,0,266,l_1746164666.801.jpg
0,0,0,0,266,l_1746426452.848.jpg
0,0,0,0,266,l_1746426453.608.jpg
0,0,0,0,266,l_1746426455.963.jpg
0,0,0,0,266,l_1746426456.427.jpg
0,0,0,0,266,l_1746431213.285.jpg
0,0,0,0,266,l_1746431215.938.jpg
0,0,0,0,266,l_1746540675.840.jpg
0,0,0,0,266,l_1746540676.219.jpg
0,0,0,0,266,l_1746540677.517.jpg
0,0,0,0,266,l_1746540687.366.jpg
0,0,0,0,266,l_1746606429.840.jpg
0,0,0,0,266,l_1746606431.458.jpg
0,0,0,0,266,l_1746606432.726.jpg
0,0,0,0,266,l_1746606433.151.jpg
0,0,0,0,266,l_1746606434.348.jpg
0,0,0,0,266,l_1746948235.700.jpg
0,0,0,0,266,l_1746948236.529.jpg
0,0,0,0,266,l_1746948240.497.jpg
0,0,0,0,266,l_1746948373.585.jpg
0,0,0,0,266,l_1746948373.696.jpg
0,0,0,0,266,l_1746948374.512.jpg
0,0,0,0,266,l_1746948374.779.jpg
0,0,0,0,266,l_1746948375.295.jpg
0,0,0,0,266,l_1747022998.532.jpg
0,0,0,0,266,l_1747023052.861.jpg
0,0,0,0,266,l_1747023053.559.jpg
0,0,0,0,266,l_1747023072.448.jpg
0,0,0,0,266,l_1747041712.948.jpg
0,0,0,0,266,l_1747041715.589.jpg
0,0,0,0,266,l_1747041717.593.jpg
0,0,0,0,266,l_1747042615.901.jpg
0,0,0,0,266,l_1747042616.175.jpg
0,0,0,0,266,l_1747042617.441.jpg
0,0,0,0,266,l_1747042620.191.jpg
0,0,0,0,266,l_1747042687.104.jpg
0,0,0,0,266,l_1747042791.133.jpg
0,0,0,0,266,l_1747042791.815.jpg
0,0,0,0,266,l_1747042792.280.jpg
0,0,0,0,266,l_1747042794.391.jpg
0,0,0,0,266,l_1747214657.434.jpg
0,0,0,0,266,l_1747214658.576.jpg
0,0,0,0,266,l_1747214658.803.jpg
0,0,0,0,266,l_1747214659.740.jpg
0,0,0,0,266,l_1747214660.255.jpg
0,0,0,0,266,l_1747214661.159.jpg
0,0,0,0,267,l_1729134228.504.jpg
0,0,0,0,267,l_1729134229.471.jpg
0,0,0,0,267,l_1729134230.250.jpg
0,0,0,0,267,l_1729134230.866.jpg
0,0,0,0,267,l_1737011299.516.jpg
0,0,0,0,267,l_1737011304.890.jpg
0,0,0,0,267,l_1737011309.170.jpg
0,0,0,0,267,l_1737011344.891.jpg
0,0,0,0,267,l_1738640456.428.jpg
0,0,0,0,267,l_1739940688.300.jpg
0,0,0,0,267,l_1739940689.330.jpg
0,0,0,0,267,l_1739940690.190.jpg
0,0,0,0,267,l_1739940691.429.jpg
0,0,0,0,267,l_1739940692.453.jpg
0,0,0,0,267,l_1739940693.493.jpg
0,0,0,0,267,l_1739940695.675.jpg
0,0,0,0,267,l_1739940754.183.jpg
0,0,0,0,267,l_1740712845.225.jpg
0,0,0,0,267,l_1740712846.558.jpg
0,0,0,0,267,l_1740712847.532.jpg
0,0,0,0,267,l_1740712852.940.jpg
0,0,0,0,267,l_1740712853.977.jpg
0,0,0,0,267,l_1742194386.437.jpg
0,0,0,0,267,l_1742194387.497.jpg
0,0,0,0,267,l_1742194388.153.jpg
0,0,0,0,267,l_1742194388.863.jpg
0,0,0,0,267,l_1742194390.212.jpg
0,0,0,0,267,l_1743258519.799.jpg
0,0,0,0,267,l_1743258520.529.jpg
0,0,0,0,267,l_1743557015.133.jpg
0,0,0,0,267,l_1743557015.926.jpg
0,0,0,0,267,l_1743647260.210.jpg
0,0,0,0,267,l_1743647264.119.jpg
0,0,0,0,267,l_1743647266.705.jpg
0,0,0,0,267,l_1743647267.867.jpg
0,0,0,0,267,l_1743647270.655.jpg
0,0,0,0,267,l_1744355822.905.jpg
0,0,0,0,267,l_1744355824.919.jpg
0,0,0,0,267,l_1744355825.636.jpg
0,0,0,0,267,l_1744355826.210.jpg
0,0,0,0,267,l_1744356337.987.jpg
0,0,0,0,267,l_1744356342.320.jpg
0,0,0,0,267,l_1744356342.978.jpg
0,0,0,0,267,l_1744356343.602.jpg
0,0,0,0,267,l_1744356344.982.jpg
0,0,0,0,267,l_1744884262.290.jpg
0,0,0,0,267,l_1744884262.946.jpg
0,0,0,0,267,l_1744884263.132.jpg
0,0,0,0,267,l_1744884263.497.jpg
0,0,0,0,267,l_1744884264.395.jpg
0,0,0,0,267,l_1744884264.808.jpg
0,0,0,0,267,l_1745294399.257.jpg
0,0,0,0,267,l_1745294401.676.jpg
0,0,0,0,267,l_1745294405.313.jpg
0,0,0,0,267,l_1745294448.484.jpg
0,0,0,0,267,l_1745733330.805.jpg
0,0,0,0,267,l_1745733331.171.jpg
0,0,0,0,267,l_1745733331.461.jpg
0,0,0,0,267,l_1745733332.316.jpg
0,0,0,0,267,l_1745733332.669.jpg
0,0,0,0,267,l_1745733333.393.jpg
0,0,0,0,267,l_1746411328.767.jpg
0,0,0,0,267,l_1746411332.129.jpg
0,0,0,0,267,l_1746411332.787.jpg
0,0,0,0,267,l_1746850583.754.jpg
0,0,0,0,267,l_1747033939.142.jpg
0,0,0,0,267,l_1747033939.610.jpg
0,0,0,0,267,l_1747033940.145.jpg
0,0,0,0,267,l_1747033940.246.jpg
0,0,0,0,267,l_1747033942.119.jpg
0,0,0,0,267,l_1747034115.311.jpg
0,0,0,0,267,l_1747034115.781.jpg
0,0,0,0,267,l_1747034116.374.jpg
0,0,0,0,267,l_1747034116.847.jpg
0,0,0,0,267,l_1747034117.746.jpg
0,0,0,0,267,l_1747034120.990.jpg
0,0,0,0,267,l_1747061818.959.jpg
0,0,0,0,267,l_1747061819.226.jpg
0,0,0,0,267,l_1747061819.760.jpg
0,0,0,0,267,l_1747061820.586.jpg
0,0,0,0,267,l_1747061820.905.jpg
0,0,0,0,267,l_1747061821.311.jpg
0,0,0,0,267,l_1747099126.412.jpg
0,0,0,0,267,l_1747099127.860.jpg
0,0,0,0,267,l_1747099128.357.jpg
0,0,0,0,267,l_1747099128.898.jpg
0,0,0,0,267,l_1747099129.258.jpg
0,0,0,0,267,l_1747215352.248.jpg
0,0,0,0,267,l_1747215353.833.jpg
0,0,0,0,275,l_1721719235.776.jpg
0,0,0,0,275,l_1721719237.378.jpg
0,0,0,0,275,l_1721719238.448.jpg
0,0,0,0,275,l_1721719238.856.jpg
0,0,0,0,275,l_1721719239.642.jpg
0,0,0,0,275,l_1738890882.206.jpg
0,0,0,0,275,l_1738890883.194.jpg
0,0,0,0,275,l_1738890884.171.jpg
0,0,0,0,275,l_1738890884.923.jpg
0,0,0,0,275,l_1738890886.804.jpg
0,0,0,0,275,l_1738890887.694.jpg
0,0,0,0,275,l_1740859121.455.jpg
0,0,0,0,275,l_1740859122.202.jpg
0,0,0,0,275,l_1740859123.896.jpg
0,0,0,0,275,l_1740859134.710.jpg
0,0,0,0,275,l_1740859135.923.jpg
0,0,0,0,275,l_1741590376.237.jpg
0,0,0,0,275,l_1741590376.994.jpg
0,0,0,0,275,l_1741590377.913.jpg
0,0,0,0,275,l_1741590378.845.jpg
0,0,0,0,275,l_1741590379.105.jpg
0,0,0,0,275,l_1741919812.228.jpg
0,0,0,0,275,l_1741919813.142.jpg
0,0,0,0,275,l_1741919814.763.jpg
0,0,0,0,275,l_1741919815.241.jpg
0,0,0,0,275,l_1741919816.182.jpg
0,0,0,0,275,l_1741919817.353.jpg
0,0,0,0,275,l_1743767076.390.jpg
0,0,0,0,275,l_1743767077.458.jpg
0,0,0,0,275,l_1743767077.527.jpg
0,0,0,0,275,l_1743767078.649.jpg
0,0,0,0,275,l_1743767078.992.jpg
0,0,0,0,275,l_1744624461.777.jpg
0,0,0,0,275,l_1744624462.615.jpg
0,0,0,0,275,l_1744969381.637.jpg
0,0,0,0,275,l_1744969385.889.jpg
0,0,0,0,275,l_1744969388.320.jpg
0,0,0,0,275,l_1744969391.310.jpg
0,0,0,0,275,l_1744969394.897.jpg
0,0,0,0,275,l_1744969397.172.jpg
0,0,0,0,275,l_1745384297.356.jpg
0,0,0,0,275,l_1745384298.158.jpg
0,0,0,0,275,l_1745384299.354.jpg
0,0,0,0,275,l_1745384300.534.jpg
0,0,0,0,275,l_1745384301.329.jpg
0,0,0,0,275,l_1746667918.278.jpg
0,0,0,0,275,l_1746667918.746.jpg
0,0,0,0,275,l_1746667919.736.jpg
0,0,0,0,275,l_1746667919.791.jpg
0,0,0,0,275,l_1746758229.792.jpg
0,0,0,0,275,l_1746758230.466.jpg
0,0,0,0,275,l_1746758230.894.jpg
0,0,0,0,275,l_1746758232.182.jpg
0,0,0,0,275,l_1746758233.127.jpg
0,0,0,0,275,l_1746758234.425.jpg
0,0,0,0,275,l_1746759420.474.jpg
0,0,0,0,275,l_1746759421.393.jpg
0,0,0,0,275,l_1746759424.483.jpg
0,0,0,0,275,l_1746759425.552.jpg
0,0,0,0,275,l_1746802576.212.jpg
0,0,0,0,275,l_1746802576.794.jpg
0,0,0,0,275,l_1747041047.121.jpg
0,0,0,0,275,l_1747041048.825.jpg
0,0,0,0,275,l_1747041049.576.jpg
0,0,0,0,275,l_1747041052.102.jpg
0,0,0,0,275,l_1747041053.750.jpg
0,0,0,0,275,l_1747041055.765.jpg
0,0,0,0,275,l_1747041056.255.jpg
0,0,0,0,275,l_1747132882.441.jpg
0,0,0,0,275,l_1747132909.743.jpg
0,0,0,0,275,l_1747132929.731.jpg
0,0,0,0,275,l_1747132930.450.jpg
0,0,0,0,275,l_1747132931.498.jpg
0,0,0,0,275,l_1747185044.891.jpg
0,0,0,0,275,l_1747185045.909.jpg
0,0,0,0,275,l_1747185046.832.jpg
0,0,0,0,275,l_1747185047.812.jpg
0,0,0,0,275,l_1747185048.441.jpg
0,0,0,0,275,l_1747218479.451.jpg
0,0,0,0,275,l_1747218480.617.jpg
0,0,0,0,275,l_1747218481.223.jpg
0,0,0,0,275,l_1747218481.700.jpg
0,0,0,0,275,l_1747218486.492.jpg
0,0,0,0,275,l_1747219319.902.jpg
0,0,0,0,275,l_1747219320.167.jpg
0,0,0,0,275,l_1747219320.857.jpg
0,0,0,0,275,l_1747219321.996.jpg
0,0,0,0,275,l_1747219323.592.jpg
0,0,0,0,275,l_1747219323.719.jpg
0,0,0,0,275,l_1747219513.622.jpg
0,0,0,0,275,l_1747219515.914.jpg
0,0,0,0,275,l_1747219516.683.jpg
0,0,0,0,275,l_1747219686.487.jpg
0,0,0,0,275,l_1747219688.198.jpg
0,0,0,0,275,l_1747219689.751.jpg
0,0,0,0,275,l_1747219691.816.jpg
0,0,0,0,276,l_1740372406.938.jpg
0,0,0,0,276,l_1740372407.656.jpg
0,0,0,0,276,l_1740372407.827.jpg
0,0,0,0,276,l_1740372408.101.jpg
0,0,0,0,276,l_1740372409.468.jpg
0,0,0,0,276,l_1740372410.976.jpg
0,0,0,0,276,l_1740629694.125.jpg
0,0,0,0,276,l_1740629694.846.jpg
0,0,0,0,276,l_1740629695.166.jpg
0,0,0,0,276,l_1740629695.271.jpg
0,0,0,0,276,l_1740629696.194.jpg
0,0,0,0,276,l_1741746228.449.jpg
0,0,0,0,276,l_1741746230.825.jpg
0,0,0,0,276,l_1741746232.158.jpg
0,0,0,0,276,l_1741746234.442.jpg
0,0,0,0,276,l_1741746236.141.jpg
0,0,0,0,276,l_1742007808.190.jpg
0,0,0,0,276,l_1742007812.698.jpg
0,0,0,0,276,l_1742007815.869.jpg
0,0,0,0,276,l_1742650937.583.jpg
0,0,0,0,276,l_1742650939.822.jpg
0,0,0,0,276,l_1742650941.305.jpg
0,0,0,0,276,l_1742650943.758.jpg
0,0,0,0,276,l_1742650951.101.jpg
0,0,0,0,276,l_1743150268.360.jpg
0,0,0,0,276,l_1743150269.158.jpg
0,0,0,0,276,l_1743150270.711.jpg
0,0,0,0,276,l_1743150271.382.jpg
0,0,0,0,276,l_1743150272.938.jpg
0,0,0,0,276,l_1743590527.526.jpg
0,0,0,0,276,l_1743590528.205.jpg
0,0,0,0,276,l_1743590528.706.jpg
0,0,0,0,276,l_1743590529.801.jpg
0,0,0,0,276,l_1743590530.100.jpg
0,0,0,0,276,l_1744587375.446.jpg
0,0,0,0,276,l_1744587376.987.jpg
0,0,0,0,276,l_1744794817.127.jpg
0,0,0,0,276,l_1744794818.592.jpg
0,0,0,0,276,l_1744794819.584.jpg
0,0,0,0,276,l_1744794820.580.jpg
0,0,0,0,276,l_1744794822.720.jpg
0,0,0,0,276,l_1744856728.266.jpg
0,0,0,0,276,l_1744856729.394.jpg
0,0,0,0,276,l_1744856729.948.jpg
0,0,0,0,276,l_1744856730.894.jpg
0,0,0,0,276,l_1745050945.982.jpg
0,0,0,0,276,l_1745050948.302.jpg
0,0,0,0,276,l_1745050950.213.jpg
0,0,0,0,276,l_1745050964.129.jpg
0,0,0,0,276,l_1745475673.639.jpg
0,0,0,0,276,l_1745475673.900.jpg
0,0,0,0,276,l_1745475677.480.jpg
0,0,0,0,276,l_1745475677.743.jpg
0,0,0,0,276,l_1745555668.547.jpg
0,0,0,0,276,l_1745555669.671.jpg
0,0,0,0,276,l_1745555670.286.jpg
0,0,0,0,276,l_1745555670.551.jpg
0,0,0,0,276,l_1745834170.806.jpg
0,0,0,0,276,l_1745834171.536.jpg
0,0,0,0,276,l_1745834175.754.jpg
0,0,0,0,276,l_1745910193.709.jpg
0,0,0,0,276,l_1745910194.873.jpg
0,0,0,0,276,l_1745910195.165.jpg
0,0,0,0,276,l_1745910196.419.jpg
0,0,0,0,276,l_1745910198.808.jpg
0,0,0,0,276,l_1746525219.798.jpg
0,0,0,0,276,l_1746525221.841.jpg
0,0,0,0,276,l_1746525221.957.jpg
0,0,0,0,276,l_1746525222.103.jpg
0,0,0,0,276,l_1746697130.724.jpg
0,0,0,0,276,l_1746697131.549.jpg
0,0,0,0,276,l_1746697131.875.jpg
0,0,0,0,276,l_1746697132.320.jpg
0,0,0,0,276,l_1746697132.356.jpg
0,0,0,0,276,l_1746764158.328.jpg
0,0,0,0,276,l_1746764159.273.jpg
0,0,0,0,276,l_1746764160.279.jpg
0,0,0,0,276,l_1746764161.767.jpg
0,0,0,0,276,l_1746764163.445.jpg
0,0,0,0,276,l_1746963411.495.jpg
0,0,0,0,276,l_1746963414.829.jpg
0,0,0,0,276,l_1746963416.133.jpg
0,0,0,0,276,l_1746963420.243.jpg
0,0,0,0,276,l_1746963421.616.jpg
0,0,0,0,276,l_1747216340.734.jpg
0,0,0,0,276,l_1747216341.507.jpg
0,0,0,0,276,l_1747216342.151.jpg
0,0,0,0,276,l_1747216342.851.jpg
0,0,0,0,277,l_1723727938.618.jpg
0,0,0,0,277,l_1723727941.979.jpg
0,0,0,0,277,l_1723727944.684.jpg
0,0,0,0,277,l_1723727946.544.jpg
0,0,0,0,277,l_1723727949.215.jpg
0,0,0,0,277,l_1732755868.940.jpg
0,0,0,0,277,l_1732755869.420.jpg
0,0,0,0,277,l_1732755869.585.jpg
0,0,0,0,277,l_1732755871.481.jpg
0,0,0,0,277,l_1732755872.323.jpg
0,0,0,0,277,l_1732755872.480.jpg
0,0,0,0,277,l_1733285097.285.jpg
0,0,0,0,277,l_1733285097.974.jpg
0,0,0,0,277,l_1733285098.414.jpg
0,0,0,0,277,l_1734402317.290.jpg
0,0,0,0,277,l_1734402319.844.jpg
0,0,0,0,277,l_1734402323.117.jpg
0,0,0,0,277,l_1734402330.883.jpg
0,0,0,0,277,l_1734402332.535.jpg
0,0,0,0,277,l_1734422824.901.jpg
0,0,0,0,277,l_1734422832.541.jpg
0,0,0,0,277,l_1734422834.815.jpg
0,0,0,0,277,l_1734664953.469.jpg
0,0,0,0,277,l_1734664953.611.jpg
0,0,0,0,277,l_1734664954.489.jpg
0,0,0,0,277,l_1734664954.662.jpg
0,0,0,0,277,l_1734664955.758.jpg
0,0,0,0,277,l_1737965958.457.jpg
0,0,0,0,277,l_1737965959.542.jpg
0,0,0,0,277,l_1737965959.717.jpg
0,0,0,0,277,l_1737965960.407.jpg
0,0,0,0,277,l_1737965960.589.jpg
0,0,0,0,277,l_1738636291.260.jpg
0,0,0,0,277,l_1738636291.998.jpg
0,0,0,0,277,l_1738636292.168.jpg
0,0,0,0,277,l_1738636292.677.jpg
0,0,0,0,277,l_1738636293.235.jpg
0,0,0,0,277,l_1738636294.505.jpg
0,0,0,0,277,l_1740538912.888.jpg
0,0,0,0,277,l_1740538923.745.jpg
0,0,0,0,277,l_1740538935.624.jpg
0,0,0,0,277,l_1740538937.884.jpg
0,0,0,0,277,l_1741060537.803.jpg
0,0,0,0,277,l_1741060538.716.jpg
0,0,0,0,277,l_1741060541.496.jpg
0,0,0,0,277,l_1741060542.488.jpg
0,0,0,0,277,l_1741089496.158.jpg
0,0,0,0,277,l_1741089496.837.jpg
0,0,0,0,277,l_1741089497.182.jpg
0,0,0,0,277,l_1741089500.247.jpg
0,0,0,0,277,l_1742183448.321.jpg
0,0,0,0,277,l_1742183450.325.jpg
0,0,0,0,277,l_1742183456.818.jpg
0,0,0,0,277,l_1742183457.630.jpg
0,0,0,0,277,l_1742183556.545.jpg
0,0,0,0,277,l_1742183557.892.jpg
0,0,0,0,277,l_1742183563.831.jpg
0,0,0,0,277,l_1742183564.246.jpg
0,0,0,0,277,l_1742183564.984.jpg
0,0,0,0,277,l_1742183637.336.jpg
0,0,0,0,277,l_1742183639.911.jpg
0,0,0,0,277,l_1742183640.727.jpg
0,0,0,0,277,l_1742183641.810.jpg
0,0,0,0,277,l_1742183643.949.jpg
0,0,0,0,277,l_1742382051.820.jpg
0,0,0,0,277,l_1742382052.660.jpg
0,0,0,0,277,l_1742382053.215.jpg
0,0,0,0,277,l_1742607233.437.jpg
0,0,0,0,277,l_1742607247.780.jpg
0,0,0,0,277,l_1744458942.832.jpg
0,0,0,0,277,l_1744458943.261.jpg
0,0,0,0,277,l_1744458944.114.jpg
0,0,0,0,277,l_1744458944.502.jpg
0,0,0,0,277,l_1745027839.108.jpg
0,0,0,0,277,l_1745027839.275.jpg
0,0,0,0,277,l_1745027840.118.jpg
0,0,0,0,277,l_1745027843.763.jpg
0,0,0,0,277,l_1745310327.638.jpg
0,0,0,0,277,l_1745310329.142.jpg
0,0,0,0,277,l_1745310330.952.jpg
0,0,0,0,277,l_1745310331.849.jpg
0,0,0,0,277,l_1745310332.201.jpg
0,0,0,0,277,l_1746773889.483.jpg
0,0,0,0,277,l_1746773889.816.jpg
0,0,0,0,277,l_1746773892.138.jpg
0,0,0,0,277,l_1746773892.471.jpg
0,0,0,0,277,l_1746773893.898.jpg
0,0,0,0,277,l_1746773893.980.jpg
0,0,0,0,278,l_1709808341.199.jpg
0,0,0,0,278,l_1709808346.914.jpg
0,0,0,0,278,l_1709808348.758.jpg
0,0,0,0,278,l_1709808350.707.jpg
0,0,0,0,278,l_1721205179.530.jpg
0,0,0,0,278,l_1721205179.909.jpg
0,0,0,0,278,l_1721205180.792.jpg
0,0,0,0,278,l_1721205183.254.jpg
0,0,0,0,278,l_1721205183.822.jpg
0,0,0,0,278,l_1721723824.613.jpg
0,0,0,0,278,l_1721723824.746.jpg
0,0,0,0,278,l_1721723825.453.jpg
0,0,0,0,278,l_1721723825.638.jpg
0,0,0,0,278,l_1721723826.589.jpg
0,0,0,0,278,l_1733468038.511.jpg
0,0,0,0,278,l_1733468038.521.jpg
0,0,0,0,278,l_1738810540.941.jpg
0,0,0,0,278,l_1738810546.715.jpg
0,0,0,0,278,l_1738810548.416.jpg
0,0,0,0,278,l_1738894600.711.jpg
0,0,0,0,278,l_1738894602.676.jpg
0,0,0,0,278,l_1738894603.239.jpg
0,0,0,0,278,l_1738894608.535.jpg
0,0,0,0,278,l_1741576930.764.jpg
0,0,0,0,278,l_1741576930.924.jpg
0,0,0,0,278,l_1741576931.367.jpg
0,0,0,0,278,l_1741576932.874.jpg
0,0,0,0,278,l_1741576933.345.jpg
0,0,0,0,278,l_1743688785.487.jpg
0,0,0,0,278,l_1743688786.104.jpg
0,0,0,0,278,l_1743688787.665.jpg
0,0,0,0,278,l_1743688788.676.jpg
0,0,0,0,278,l_1743688789.808.jpg
0,0,0,0,278,l_1743688789.820.jpg
0,0,0,0,278,l_1745630327.511.jpg
0,0,0,0,278,l_1745630327.888.jpg
0,0,0,0,278,l_1745630329.719.jpg
0,0,0,0,278,l_1745630329.812.jpg
0,0,0,0,278,l_1745630331.270.jpg
0,0,0,0,278,l_1746521343.153.jpg
0,0,0,0,278,l_1746521344.826.jpg
0,0,0,0,278,l_1746521344.912.jpg
0,0,0,0,278,l_1746521345.203.jpg
0,0,0,0,278,l_1746521346.908.jpg
0,0,0,0,278,l_1746522139.695.jpg
0,0,0,0,278,l_1746522140.636.jpg
0,0,0,0,278,l_1746522141.837.jpg
0,0,0,0,278,l_1746522141.974.jpg
0,0,0,0,278,l_1746522338.896.jpg
0,0,0,0,278,l_1746522339.834.jpg
0,0,0,0,278,l_1746522340.628.jpg
0,0,0,0,278,l_1746694726.719.jpg
0,0,0,0,278,l_1746694727.618.jpg
0,0,0,0,278,l_1746694727.847.jpg
0,0,0,0,278,l_1746782868.512.jpg
0,0,0,0,278,l_1746782869.357.jpg
0,0,0,0,278,l_1746782869.465.jpg
0,0,0,0,278,l_1746782870.834.jpg
0,0,0,0,278,l_1746782874.774.jpg
0,0,0,0,278,l_1746860292.933.jpg
0,0,0,0,278,l_1746860293.136.jpg
0,0,0,0,278,l_1746860294.563.jpg
0,0,0,0,278,l_1746860295.519.jpg
0,0,0,0,278,l_1746860295.858.jpg
0,0,0,0,278,l_1747014599.558.jpg
0,0,0,0,278,l_1747014600.835.jpg
0,0,0,0,278,l_1747014600.998.jpg
0,0,0,0,278,l_1747014601.475.jpg
0,0,0,0,278,l_1747185019.455.jpg
0,0,0,0,278,l_1747185019.504.jpg
0,0,0,0,278,l_1747185024.262.jpg
0,0,0,0,278,l_1747185024.857.jpg
0,0,0,0,278,l_1747207753.301.jpg
0,0,0,0,278,l_1747207755.328.jpg
0,0,0,0,278,l_1747207757.539.jpg
0,0,0,0,279,l_1733192472.339.jpg
0,0,0,0,279,l_1733192474.538.jpg
0,0,0,0,279,l_1733192476.245.jpg
0,0,0,0,279,l_1733192477.385.jpg
0,0,0,0,279,l_1733192478.426.jpg
0,0,0,0,279,l_1733192478.706.jpg
0,0,0,0,279,l_1733192480.522.jpg
0,0,0,0,279,l_1734072440.359.jpg
0,0,0,0,279,l_1734072442.634.jpg
0,0,0,0,279,l_1734072442.935.jpg
0,0,0,0,279,l_1734072444.926.jpg
0,0,0,0,279,l_1734072467.520.jpg
0,0,0,0,279,l_1734072468.572.jpg
0,0,0,0,279,l_1735784430.789.jpg
0,0,0,0,279,l_1735784431.552.jpg
0,0,0,0,279,l_1735784432.393.jpg
0,0,0,0,279,l_1735784434.765.jpg
0,0,0,0,279,l_1735784438.551.jpg
0,0,0,0,279,l_1736216469.118.jpg
0,0,0,0,279,l_1736216471.811.jpg
0,0,0,0,279,l_1736216473.629.jpg
0,0,0,0,279,l_1736216474.974.jpg
0,0,0,0,279,l_1736216475.208.jpg
0,0,0,0,279,l_1736233373.539.jpg
0,0,0,0,279,l_1736233374.764.jpg
0,0,0,0,279,l_1736233377.446.jpg
0,0,0,0,279,l_1736233378.104.jpg
0,0,0,0,279,l_1736997382.559.jpg
0,0,0,0,279,l_1736997388.614.jpg
0,0,0,0,279,l_1736997393.297.jpg
0,0,0,0,279,l_1736997395.325.jpg
0,0,0,0,279,l_1736997401.946.jpg
0,0,0,0,279,l_1741236616.602.jpg
0,0,0,0,279,l_1741236617.363.jpg
0,0,0,0,279,l_1741236618.437.jpg
0,0,0,0,279,l_1741236621.186.jpg
0,0,0,0,279,l_1741406653.924.jpg
0,0,0,0,279,l_1741406655.662.jpg
0,0,0,0,279,l_1741406656.996.jpg
0,0,0,0,279,l_1741406657.946.jpg
0,0,0,0,279,l_1741406658.610.jpg
0,0,0,0,279,l_1741406659.593.jpg
0,0,0,0,279,l_1742217096.322.jpg
0,0,0,0,279,l_1742217098.687.jpg
0,0,0,0,279,l_1742217100.933.jpg
0,0,0,0,279,l_1743809965.720.jpg
0,0,0,0,279,l_1743809966.732.jpg
0,0,0,0,279,l_1743809967.539.jpg
0,0,0,0,279,l_1744565557.155.jpg
0,0,0,0,279,l_1744565558.570.jpg
0,0,0,0,279,l_1744565559.106.jpg
0,0,0,0,279,l_1744565559.206.jpg
0,0,0,0,279,l_1744565560.565.jpg
0,0,0,0,279,l_1746204391.594.jpg
0,0,0,0,279,l_1746204391.930.jpg
0,0,0,0,279,l_1746204392.246.jpg
0,0,0,0,279,l_1746204393.256.jpg
0,0,0,0,279,l_1746204589.289.jpg
0,0,0,0,279,l_1746204590.705.jpg
0,0,0,0,279,l_1746204591.521.jpg
0,0,0,0,279,l_1746204591.883.jpg
0,0,0,0,279,l_1746516122.871.jpg
0,0,0,0,279,l_1746516123.876.jpg
0,0,0,0,279,l_1746516124.235.jpg
0,0,0,0,279,l_1746516124.822.jpg
0,0,0,0,279,l_1746516126.596.jpg
0,0,0,0,279,l_1746604150.392.jpg
0,0,0,0,279,l_1746604152.835.jpg
0,0,0,0,279,l_1746604153.874.jpg
0,0,0,0,279,l_1746604154.824.jpg
0,0,0,0,279,l_1746604213.241.jpg
0,0,0,0,279,l_1746758378.708.jpg
0,0,0,0,279,l_1746758379.837.jpg
0,0,0,0,279,l_1746758380.839.jpg
0,0,0,0,279,l_1746758381.954.jpg
0,0,0,0,279,l_1746758383.281.jpg
0,0,0,0,279,l_1746774449.802.jpg
0,0,0,0,279,l_1746774450.667.jpg
0,0,0,0,279,l_1746774451.364.jpg
0,0,0,0,279,l_1746774454.263.jpg
0,0,0,0,279,l_1746774455.373.jpg
0,0,0,0,279,l_1746866707.951.jpg
0,0,0,0,279,l_1746866711.748.jpg
0,0,0,0,279,l_1746866714.511.jpg
0,0,0,0,279,l_1746866716.345.jpg
0,0,0,0,279,l_1746866826.252.jpg
0,0,0,0,279,l_1746956393.258.jpg
0,0,0,0,279,l_1746956393.418.jpg
0,0,0,0,279,l_1746956394.757.jpg
0,0,0,0,279,l_1746956394.969.jpg
0,0,0,0,279,l_1746956395.607.jpg
0,0,0,0,279,l_1747099885.494.jpg
0,0,0,0,279,l_1747099886.107.jpg
0,0,0,0,279,l_1747099886.169.jpg
0,0,0,0,279,l_1747099887.219.jpg
0,0,0,0,279,l_1747099888.708.jpg
0,0,0,0,280,l_1659501779.379.jpg
0,0,0,0,280,l_1659501779.669.jpg
0,0,0,0,280,l_1659501780.364.jpg
0,0,0,0,280,l_1698467954.111.jpg
0,0,0,0,280,l_1698467955.798.jpg
0,0,0,0,280,l_1698467955.878.jpg
0,0,0,0,280,l_1698467956.614.jpg
0,0,0,0,280,l_1698467957.187.jpg
0,0,0,0,280,l_1704256981.625.jpg
0,0,0,0,280,l_1704256984.814.jpg
0,0,0,0,280,l_1704256990.720.jpg
0,0,0,0,280,l_1704256992.777.jpg
0,0,0,0,280,l_1731914850.149.jpg
0,0,0,0,280,l_1731914851.221.jpg
0,0,0,0,280,l_1732012837.548.jpg
0,0,0,0,280,l_1732012837.552.jpg
0,0,0,0,280,l_1732012840.236.jpg
0,0,0,0,280,l_1736932944.486.jpg
0,0,0,0,280,l_1736932944.762.jpg
0,0,0,0,280,l_1736932945.561.jpg
0,0,0,0,280,l_1736932945.613.jpg
0,0,0,0,280,l_1740373301.272.jpg
0,0,0,0,280,l_1740373302.570.jpg
0,0,0,0,280,l_1740373303.679.jpg
0,0,0,0,280,l_1740373304.782.jpg
0,0,0,0,280,l_1740373402.567.jpg
0,0,0,0,280,l_1740967857.743.jpg
0,0,0,0,280,l_1740967859.483.jpg
0,0,0,0,280,l_1740967861.465.jpg
0,0,0,0,280,l_1740967861.657.jpg
0,0,0,0,280,l_1740967862.629.jpg
0,0,0,0,280,l_1740967864.791.jpg
0,0,0,0,280,l_1742464358.606.jpg
0,0,0,0,280,l_1742464361.440.jpg
0,0,0,0,280,l_1742464362.259.jpg
0,0,0,0,280,l_1742464466.750.jpg
0,0,0,0,280,l_1745310643.475.jpg
0,0,0,0,280,l_1745310643.565.jpg
0,0,0,0,280,l_1745310644.365.jpg
0,0,0,0,280,l_1745310645.437.jpg
0,0,0,0,280,l_1745310645.692.jpg
0,0,0,0,280,l_1745563477.351.jpg
0,0,0,0,280,l_1745563478.209.jpg
0,0,0,0,280,l_1745563480.872.jpg
0,0,0,0,280,l_1745563483.924.jpg
0,0,0,0,280,l_1745669274.169.jpg
0,0,0,0,280,l_1745669274.466.jpg
0,0,0,0,280,l_1745669275.134.jpg
0,0,0,0,280,l_1745669276.177.jpg
0,0,0,0,280,l_1745669277.891.jpg
0,0,0,0,280,l_1746186041.345.jpg
0,0,0,0,280,l_1746186044.774.jpg
0,0,0,0,280,l_1746186046.295.jpg
0,0,0,0,280,l_1746186048.929.jpg
0,0,0,0,280,l_1746186050.723.jpg
0,0,0,0,280,l_1746186053.980.jpg
0,0,0,0,280,l_1746230563.143.jpg
0,0,0,0,280,l_1746230563.333.jpg
0,0,0,0,280,l_1746230564.329.jpg
0,0,0,0,280,l_1746230564.750.jpg
0,0,0,0,280,l_1746230565.744.jpg
0,0,0,0,280,l_1746410862.333.jpg
0,0,0,0,280,l_1746410864.742.jpg
0,0,0,0,280,l_1746410869.906.jpg
0,0,0,0,280,l_1746410872.987.jpg
0,0,0,0,280,l_1746418838.830.jpg
0,0,0,0,280,l_1746418839.195.jpg
0,0,0,0,280,l_1746418843.714.jpg
0,0,0,0,280,l_1746418844.554.jpg
0,0,0,0,280,l_1746418845.478.jpg
0,0,0,0,280,l_1746511628.107.jpg
0,0,0,0,280,l_1746511628.182.jpg
0,0,0,0,280,l_1746511629.278.jpg
0,0,0,0,280,l_1746511629.658.jpg
0,0,0,0,280,l_1746511630.535.jpg
0,0,0,0,280,l_1746511630.770.jpg
0,0,0,0,280,l_1746751920.424.jpg
0,0,0,0,280,l_1746751922.431.jpg
0,0,0,0,280,l_1746751923.604.jpg
0,0,0,0,280,l_1746751923.729.jpg
0,0,0,0,280,l_1746751926.851.jpg
0,0,0,0,280,l_1746765749.857.jpg
0,0,0,0,280,l_1746765750.354.jpg
0,0,0,0,280,l_1746765752.203.jpg
0,0,0,0,280,l_1746765753.190.jpg
0,0,0,0,280,l_1746765754.826.jpg
0,0,0,0,281,l_1717492132.583.jpg
0,0,0,0,281,l_1717492132.840.jpg
0,0,0,0,281,l_1717492133.142.jpg
0,0,0,0,281,l_1717492133.586.jpg
0,0,0,0,281,l_1717492134.716.jpg
0,0,0,0,281,l_1717492135.527.jpg
0,0,0,0,281,l_1720256142.873.jpg
0,0,0,0,281,l_1720256143.881.jpg
0,0,0,0,281,l_1720256144.598.jpg
0,0,0,0,281,l_1720256145.394.jpg
0,0,0,0,281,l_1720256146.175.jpg
0,0,0,0,281,l_1739604150.680.jpg
0,0,0,0,281,l_1739604151.236.jpg
0,0,0,0,281,l_1739604154.975.jpg
0,0,0,0,281,l_1739604156.287.jpg
0,0,0,0,281,l_1740148059.124.jpg
0,0,0,0,281,l_1740148059.366.jpg
0,0,0,0,281,l_1740148060.977.jpg
0,0,0,0,281,l_1740148061.506.jpg
0,0,0,0,281,l_1740148062.919.jpg
0,0,0,0,281,l_1741313773.414.jpg
0,0,0,0,281,l_1741313775.195.jpg
0,0,0,0,281,l_1741313779.767.jpg
0,0,0,0,281,l_1741313784.494.jpg
0,0,0,0,281,l_1741503409.215.jpg
0,0,0,0,281,l_1741503409.851.jpg
0,0,0,0,281,l_1741503410.441.jpg
0,0,0,0,281,l_1741503414.649.jpg
0,0,0,0,281,l_1742316911.921.jpg
0,0,0,0,281,l_1742316912.596.jpg
0,0,0,0,281,l_1742316912.956.jpg
0,0,0,0,281,l_1742316913.167.jpg
0,0,0,0,281,l_1742316913.218.jpg
0,0,0,0,281,l_1742545431.119.jpg
0,0,0,0,281,l_1742545433.202.jpg
0,0,0,0,281,l_1742545434.369.jpg
0,0,0,0,281,l_1742545437.644.jpg
0,0,0,0,281,l_1742545440.808.jpg
0,0,0,0,281,l_1742725459.588.jpg
0,0,0,0,281,l_1742725459.692.jpg
0,0,0,0,281,l_1742725460.992.jpg
0,0,0,0,281,l_1742725461.818.jpg
0,0,0,0,281,l_1742725461.970.jpg
0,0,0,0,281,l_1742784891.706.jpg
0,0,0,0,281,l_1742784894.511.jpg
0,0,0,0,281,l_1742784902.862.jpg
0,0,0,0,281,l_1742880380.569.jpg
0,0,0,0,281,l_1742880386.661.jpg
0,0,0,0,281,l_1742880396.289.jpg
0,0,0,0,281,l_1742880404.497.jpg
0,0,0,0,281,l_1742880407.889.jpg
0,0,0,0,281,l_1743251482.229.jpg
0,0,0,0,281,l_1743251483.303.jpg
0,0,0,0,281,l_1743251484.506.jpg
0,0,0,0,281,l_1743251484.525.jpg
0,0,0,0,281,l_1743251488.446.jpg
0,0,0,0,281,l_1743387285.722.jpg
0,0,0,0,281,l_1743387289.184.jpg
0,0,0,0,281,l_1743387292.267.jpg
0,0,0,0,281,l_1743387310.647.jpg
0,0,0,0,281,l_1743387314.704.jpg
0,0,0,0,281,l_1744460338.178.jpg
0,0,0,0,281,l_1744460339.280.jpg
0,0,0,0,281,l_1744460339.624.jpg
0,0,0,0,281,l_1745315088.369.jpg
0,0,0,0,281,l_1745315088.813.jpg
0,0,0,0,281,l_1745315089.765.jpg
0,0,0,0,281,l_1745315090.159.jpg
0,0,0,0,281,l_1745315090.744.jpg
0,0,0,0,281,l_1745315091.731.jpg
0,0,0,0,281,l_1745371461.533.jpg
0,0,0,0,281,l_1745371464.621.jpg
0,0,0,0,281,l_1745371466.265.jpg
0,0,0,0,281,l_1745371469.644.jpg
0,0,0,0,281,l_1745371472.642.jpg
0,0,0,0,281,l_1745499683.353.jpg
0,0,0,0,281,l_1745499685.271.jpg
0,0,0,0,281,l_1745499690.626.jpg
0,0,0,0,281,l_1746418560.165.jpg
0,0,0,0,281,l_1746418561.958.jpg
0,0,0,0,281,l_1746418567.225.jpg
0,0,0,0,281,l_1746418568.675.jpg
0,0,0,0,281,l_1746418569.525.jpg
0,0,0,0,281,l_1746418569.575.jpg
0,0,0,0,281,l_1746579064.359.jpg
0,0,0,0,281,l_1746579064.666.jpg
0,0,0,0,281,l_1746846019.160.jpg
0,0,0,0,281,l_1746846020.627.jpg
0,0,0,0,281,l_1746846020.631.jpg
0,0,0,0,281,l_1746846020.898.jpg
0,0,0,0,281,l_1746846021.191.jpg
0,0,0,0,282,l_1733986807.284.jpg
0,0,0,0,282,l_1733986809.953.jpg
0,0,0,0,282,l_1733986816.294.jpg
0,0,0,0,282,l_1733986821.406.jpg
0,0,0,0,282,l_1736216532.488.jpg
0,0,0,0,282,l_1736216540.717.jpg
0,0,0,0,282,l_1736216555.419.jpg
0,0,0,0,282,l_1736216569.497.jpg
0,0,0,0,282,l_1736216574.778.jpg
0,0,0,0,282,l_1736477093.500.jpg
0,0,0,0,282,l_1736477093.744.jpg
0,0,0,0,282,l_1736477094.323.jpg
0,0,0,0,282,l_1736477094.815.jpg
0,0,0,0,282,l_1736477095.296.jpg
0,0,0,0,282,l_1736477097.371.jpg
0,0,0,0,282,l_1736572003.553.jpg
0,0,0,0,282,l_1736572004.653.jpg
0,0,0,0,282,l_1736572004.999.jpg
0,0,0,0,282,l_1736572006.302.jpg
0,0,0,0,282,l_1736572007.560.jpg
0,0,0,0,282,l_1736734874.491.jpg
0,0,0,0,282,l_1736734874.928.jpg
0,0,0,0,282,l_1736734876.293.jpg
0,0,0,0,282,l_1736734881.995.jpg
0,0,0,0,282,l_1736734882.300.jpg
0,0,0,0,282,l_1739500026.702.jpg
0,0,0,0,282,l_1740762919.599.jpg
0,0,0,0,282,l_1740762961.661.jpg
0,0,0,0,282,l_1741311778.869.jpg
0,0,0,0,282,l_1741311779.304.jpg
0,0,0,0,282,l_1741311779.911.jpg
0,0,0,0,282,l_1741311779.995.jpg
0,0,0,0,282,l_1741507654.126.jpg
0,0,0,0,282,l_1741507655.669.jpg
0,0,0,0,282,l_1741507655.762.jpg
0,0,0,0,282,l_1741507656.818.jpg
0,0,0,0,282,l_1741507657.435.jpg
0,0,0,0,282,l_1741507657.911.jpg
0,0,0,0,282,l_1742206949.667.jpg
0,0,0,0,282,l_1742206950.865.jpg
0,0,0,0,282,l_1742206950.984.jpg
0,0,0,0,282,l_1742608363.577.jpg
0,0,0,0,282,l_1742608364.321.jpg
0,0,0,0,282,l_1742608365.965.jpg
0,0,0,0,282,l_1743004470.890.jpg
0,0,0,0,282,l_1743004471.800.jpg
0,0,0,0,282,l_1743004472.139.jpg
0,0,0,0,282,l_1743004472.336.jpg
0,0,0,0,282,l_1743004473.703.jpg
0,0,0,0,282,l_1743153179.800.jpg
0,0,0,0,282,l_1743153181.793.jpg
0,0,0,0,282,l_1743153182.108.jpg
0,0,0,0,282,l_1743153187.151.jpg
0,0,0,0,282,l_1743153190.908.jpg
0,0,0,0,282,l_1744097084.350.jpg
0,0,0,0,282,l_1744097084.982.jpg
0,0,0,0,282,l_1744097085.893.jpg
0,0,0,0,282,l_1744950100.913.jpg
0,0,0,0,282,l_1744950103.817.jpg
0,0,0,0,282,l_1744950104.187.jpg
0,0,0,0,282,l_1745062979.584.jpg
0,0,0,0,282,l_1745062980.612.jpg
0,0,0,0,282,l_1745062980.712.jpg
0,0,0,0,282,l_1745062981.749.jpg
0,0,0,0,282,l_1745062982.190.jpg
0,0,0,0,282,l_1745463641.745.jpg
0,0,0,0,282,l_1745463641.936.jpg
0,0,0,0,282,l_1745463642.366.jpg
0,0,0,0,282,l_1745463642.671.jpg
0,0,0,0,282,l_1745463643.128.jpg
0,0,0,0,282,l_1745463643.712.jpg
0,0,0,0,282,l_1746589846.641.jpg
0,0,0,0,282,l_1746589847.157.jpg
0,0,0,0,282,l_1746589848.770.jpg
0,0,0,0,282,l_1746589849.158.jpg
0,0,0,0,282,l_1746589849.659.jpg
0,0,0,0,282,l_1746762333.635.jpg
0,0,0,0,282,l_1746762335.122.jpg
0,0,0,0,282,l_1746762335.905.jpg
0,0,0,0,283,l_1732524581.560.jpg
0,0,0,0,283,l_1732524582.895.jpg
0,0,0,0,283,l_1732524588.815.jpg
0,0,0,0,283,l_1732524592.591.jpg
0,0,0,0,283,l_1732524596.174.jpg
0,0,0,0,283,l_1732524615.170.jpg
0,0,0,0,283,l_1734436453.752.jpg
0,0,0,0,283,l_1734436476.862.jpg
0,0,0,0,283,l_1734436483.898.jpg
0,0,0,0,283,l_1734436488.320.jpg
0,0,0,0,283,l_1736414098.271.jpg
0,0,0,0,283,l_1736414099.280.jpg
0,0,0,0,283,l_1736414099.996.jpg
0,0,0,0,283,l_1736414102.203.jpg
0,0,0,0,283,l_1736414103.314.jpg
0,0,0,0,283,l_1736414104.610.jpg
0,0,0,0,283,l_1736414105.648.jpg
0,0,0,0,283,l_1736784808.561.jpg
0,0,0,0,283,l_1736784809.157.jpg
0,0,0,0,283,l_1736784811.389.jpg
0,0,0,0,283,l_1736784813.216.jpg
0,0,0,0,283,l_1736784813.895.jpg
0,0,0,0,283,l_1739153043.330.jpg
0,0,0,0,283,l_1739153045.200.jpg
0,0,0,0,283,l_1739153048.647.jpg
0,0,0,0,283,l_1739956596.167.jpg
0,0,0,0,283,l_1739956596.649.jpg
0,0,0,0,283,l_1739956598.779.jpg
0,0,0,0,283,l_1739956600.153.jpg
0,0,0,0,283,l_1739956602.582.jpg
0,0,0,0,283,l_1739956612.241.jpg
0,0,0,0,283,l_1741320094.340.jpg
0,0,0,0,283,l_1741320095.252.jpg
0,0,0,0,283,l_1741320096.214.jpg
0,0,0,0,283,l_1741320097.813.jpg
0,0,0,0,283,l_1741320098.612.jpg
0,0,0,0,283,l_1741320099.897.jpg
0,0,0,0,283,l_1741320099.943.jpg
0,0,0,0,283,l_1742321593.626.jpg
0,0,0,0,283,l_1742321595.236.jpg
0,0,0,0,283,l_1742321595.625.jpg
0,0,0,0,283,l_1742321599.161.jpg
0,0,0,0,283,l_1742700784.230.jpg
0,0,0,0,283,l_1742700784.602.jpg
0,0,0,0,283,l_1742700785.709.jpg
0,0,0,0,283,l_1742700785.861.jpg
0,0,0,0,283,l_1744098132.746.jpg
0,0,0,0,283,l_1744098139.884.jpg
0,0,0,0,283,l_1744098141.516.jpg
0,0,0,0,283,l_1744098142.665.jpg
0,0,0,0,283,l_1744098152.990.jpg
0,0,0,0,283,l_1744565377.711.jpg
0,0,0,0,283,l_1744565377.867.jpg
0,0,0,0,283,l_1744565377.932.jpg
0,0,0,0,283,l_1744565378.288.jpg
0,0,0,0,283,l_1744620597.779.jpg
0,0,0,0,283,l_1744620598.344.jpg
0,0,0,0,283,l_1744620598.791.jpg
0,0,0,0,283,l_1744620598.932.jpg
0,0,0,0,283,l_1744620637.547.jpg
0,0,0,0,283,l_1746584802.385.jpg
0,0,0,0,283,l_1746584802.743.jpg
0,0,0,0,283,l_1746584803.676.jpg
0,0,0,0,283,l_1746584803.827.jpg
0,0,0,0,283,l_1746584804.442.jpg
0,0,0,0,283,l_1746584804.483.jpg
0,0,0,0,283,l_1746678194.406.jpg
0,0,0,0,283,l_1746678194.501.jpg
0,0,0,0,283,l_1746678195.639.jpg
0,0,0,0,283,l_1746678195.810.jpg
0,0,0,0,283,l_1746678201.163.jpg
0,0,0,0,283,l_1746678203.450.jpg
0,0,0,0,283,l_1747043530.276.jpg
0,0,0,0,283,l_1747043531.291.jpg
0,0,0,0,283,l_1747043532.507.jpg
0,0,0,0,283,l_1747043533.723.jpg
0,0,0,0,283,l_1747043534.100.jpg
0,0,0,0,283,l_1747043800.107.jpg
0,0,0,0,283,l_1747043800.810.jpg
0,0,0,0,283,l_1747043801.383.jpg
0,0,0,0,283,l_1747043801.401.jpg
0,0,0,0,283,l_1747043801.856.jpg
0,0,0,0,283,l_1747069868.761.jpg
0,0,0,0,283,l_1747069869.433.jpg
0,0,0,0,283,l_1747069870.379.jpg
0,0,0,0,283,l_1747069870.979.jpg
0,0,0,0,283,l_1747121306.762.jpg
0,0,0,0,283,l_1747121307.597.jpg
0,0,0,0,283,l_1747121307.900.jpg
0,0,0,0,283,l_1747121308.320.jpg
0,0,0,0,283,l_1747121308.920.jpg
0,0,0,0,283,l_1747155543.280.jpg
0,0,0,0,283,l_1747155544.496.jpg
0,0,0,0,283,l_1747155544.530.jpg
0,0,0,0,283,l_1747155545.739.jpg
0,0,0,0,283,l_1747155545.936.jpg
0,0,0,0,283,l_1747219350.487.jpg
0,0,0,0,283,l_1747219350.560.jpg
0,0,0,0,283,l_1747219351.570.jpg
0,0,0,0,283,l_1747219352.893.jpg
0,0,0,0,284,l_1725601926.696.jpg
0,0,0,0,284,l_1725601927.122.jpg
0,0,0,0,284,l_1725601927.245.jpg
0,0,0,0,284,l_1725602246.291.jpg
0,0,0,0,284,l_1725602246.658.jpg
0,0,0,0,284,l_1725602247.430.jpg
0,0,0,0,284,l_1725602248.116.jpg
0,0,0,0,284,l_1732328426.843.jpg
0,0,0,0,284,l_1732605185.189.jpg
0,0,0,0,284,l_1732605185.348.jpg
0,0,0,0,284,l_1732605186.596.jpg
0,0,0,0,284,l_1733815652.868.jpg
0,0,0,0,284,l_1733815653.960.jpg
0,0,0,0,284,l_1733815655.408.jpg
0,0,0,0,284,l_1733986920.760.jpg
0,0,0,0,284,l_1733986921.909.jpg
0,0,0,0,284,l_1733986923.872.jpg
0,0,0,0,284,l_1733986950.148.jpg
0,0,0,0,284,l_1739266423.952.jpg
0,0,0,0,284,l_1739266424.274.jpg
0,0,0,0,284,l_1739266425.611.jpg
0,0,0,0,284,l_1742347948.377.jpg
0,0,0,0,284,l_1742347948.535.jpg
0,0,0,0,284,l_1742347949.288.jpg
0,0,0,0,284,l_1742347950.768.jpg
0,0,0,0,284,l_1743319806.135.jpg
0,0,0,0,284,l_1743319807.677.jpg
0,0,0,0,284,l_1743319815.217.jpg
0,0,0,0,284,l_1743319817.828.jpg
0,0,0,0,284,l_1743590406.996.jpg
0,0,0,0,284,l_1743590407.246.jpg
0,0,0,0,284,l_1743590407.275.jpg
0,0,0,0,284,l_1744095118.808.jpg
0,0,0,0,284,l_1744095118.981.jpg
0,0,0,0,284,l_1744095119.543.jpg
0,0,0,0,284,l_1744095120.338.jpg
0,0,0,0,284,l_1744095120.749.jpg
0,0,0,0,284,l_1744095121.645.jpg
0,0,0,0,284,l_1744454364.573.jpg
0,0,0,0,284,l_1744454366.142.jpg
0,0,0,0,284,l_1744454366.215.jpg
0,0,0,0,284,l_1744454367.343.jpg
0,0,0,0,284,l_1744454368.410.jpg
0,0,0,0,284,l_1744454391.390.jpg
0,0,0,0,284,l_1744857150.631.jpg
0,0,0,0,284,l_1744857151.238.jpg
0,0,0,0,284,l_1744857151.973.jpg
0,0,0,0,284,l_1744857152.326.jpg
0,0,0,0,284,l_1744857152.785.jpg
0,0,0,0,284,l_1745204778.100.jpg
0,0,0,0,284,l_1745204779.393.jpg
0,0,0,0,284,l_1745204780.528.jpg
0,0,0,0,284,l_1745204780.945.jpg
0,0,0,0,284,l_1745204782.243.jpg
0,0,0,0,284,l_1745310833.177.jpg
0,0,0,0,284,l_1745310834.238.jpg
0,0,0,0,284,l_1745310839.457.jpg
0,0,0,0,284,l_1745310839.964.jpg
0,0,0,0,284,l_1746419185.203.jpg
0,0,0,0,284,l_1746419185.548.jpg
0,0,0,0,284,l_1746419199.171.jpg
0,0,0,0,284,l_1746419200.505.jpg
0,0,0,0,284,l_1747121446.113.jpg
0,0,0,0,284,l_1747121446.157.jpg
0,0,0,0,284,l_1747121446.925.jpg
0,0,0,0,284,l_1747121448.932.jpg
0,0,0,0,284,l_1747188135.644.jpg
0,0,0,0,284,l_1747188135.851.jpg
0,0,0,0,284,l_1747188136.439.jpg
0,0,0,0,284,l_1747192818.533.jpg
0,0,0,0,284,l_1747192819.414.jpg
0,0,0,0,284,l_1747192820.208.jpg
0,0,0,0,284,l_1747192820.988.jpg
0,0,0,0,284,l_1747192821.315.jpg
0,0,0,0,285,l_1709003401.730.jpg
0,0,0,0,285,l_1709003402.386.jpg
0,0,0,0,285,l_1709003403.710.jpg
0,0,0,0,285,l_1709003404.939.jpg
0,0,0,0,285,l_1709003405.546.jpg
0,0,0,0,285,l_1715074878.577.jpg
0,0,0,0,285,l_1715074881.837.jpg
0,0,0,0,285,l_1715074881.851.jpg
0,0,0,0,285,l_1730368133.437.jpg
0,0,0,0,285,l_1730368134.772.jpg
0,0,0,0,285,l_1730368134.827.jpg
0,0,0,0,285,l_1734492428.364.jpg
0,0,0,0,285,l_1734492429.391.jpg
0,0,0,0,285,l_1734492429.894.jpg
0,0,0,0,285,l_1734492853.519.jpg
0,0,0,0,285,l_1734492853.572.jpg
0,0,0,0,285,l_1734660088.755.jpg
0,0,0,0,285,l_1734660090.773.jpg
0,0,0,0,285,l_1734660092.771.jpg
0,0,0,0,285,l_1734660094.769.jpg
0,0,0,0,285,l_1744595916.602.jpg
0,0,0,0,285,l_1744595917.260.jpg
0,0,0,0,285,l_1744595918.105.jpg
0,0,0,0,285,l_1744595918.287.jpg
0,0,0,0,285,l_1744595919.801.jpg
0,0,0,0,285,l_1744595920.539.jpg
0,0,0,0,285,l_1746671961.491.jpg
0,0,0,0,285,l_1746671962.152.jpg
0,0,0,0,285,l_1746671963.348.jpg
0,0,0,0,285,l_1746672552.895.jpg
0,0,0,0,285,l_1746672554.104.jpg
0,0,0,0,285,l_1746672554.570.jpg
0,0,0,0,285,l_1746672555.742.jpg
0,0,0,0,285,l_1746673156.755.jpg
0,0,0,0,285,l_1746673157.191.jpg
0,0,0,0,285,l_1746673157.789.jpg
0,0,0,0,285,l_1746673337.173.jpg
0,0,0,0,285,l_1746673337.500.jpg
0,0,0,0,285,l_1746673338.409.jpg
0,0,0,0,285,l_1746673338.866.jpg
0,0,0,0,285,l_1746673628.503.jpg
0,0,0,0,285,l_1746673628.987.jpg
0,0,0,0,285,l_1746673629.526.jpg
0,0,0,0,285,l_1746673824.753.jpg
0,0,0,0,285,l_1746673824.791.jpg
0,0,0,0,285,l_1746673825.422.jpg
0,0,0,0,285,l_1746673825.760.jpg
0,0,0,0,285,l_1746673825.892.jpg
0,0,0,0,285,l_1746689505.161.jpg
0,0,0,0,285,l_1746689506.798.jpg
0,0,0,0,285,l_1746689507.407.jpg
0,0,0,0,285,l_1746689507.463.jpg
0,0,0,0,285,l_1746689508.232.jpg
0,0,0,0,285,l_1746689618.562.jpg
0,0,0,0,285,l_1746689618.842.jpg
0,0,0,0,285,l_1746689619.190.jpg
0,0,0,0,285,l_1746689620.439.jpg
0,0,0,0,285,l_1746689621.201.jpg
0,0,0,0,285,l_1746691417.505.jpg
0,0,0,0,285,l_1746691417.880.jpg
0,0,0,0,285,l_1747214942.311.jpg
0,0,0,0,285,l_1747214943.670.jpg
0,0,0,0,285,l_1747214944.421.jpg
0,0,0,0,285,l_1747214947.193.jpg
0,0,0,0,285,l_1747215845.248.jpg
0,0,0,0,285,l_1747215858.598.jpg
0,0,0,0,285,l_1747215860.459.jpg
0,0,0,0,285,l_1747215862.288.jpg
0,0,0,0,285,l_1747215864.990.jpg
0,0,0,0,285,l_1747216198.507.jpg
0,0,0,0,285,l_1747216198.700.jpg
0,0,0,0,285,l_1747216199.219.jpg
0,0,0,0,285,l_1747216199.665.jpg
0,0,0,0,285,l_1747216200.251.jpg
0,0,0,0,285,l_1747219419.741.jpg
0,0,0,0,285,l_1747219420.152.jpg
0,0,0,0,285,l_1747219420.843.jpg
0,0,0,0,285,l_1747219421.570.jpg
0,0,0,0,285,l_1747219421.643.jpg
0,0,0,0,285,l_1747219422.823.jpg
0,0,0,0,286,l_1704766874.916.jpg
0,0,0,0,286,l_1704766875.748.jpg
0,0,0,0,286,l_1704766876.982.jpg
0,0,0,0,286,l_1704766877.714.jpg
0,0,0,0,286,l_1704766877.937.jpg
0,0,0,0,286,l_1709608892.524.jpg
0,0,0,0,286,l_1709608893.929.jpg
0,0,0,0,286,l_1709608894.880.jpg
0,0,0,0,286,l_1709609021.280.jpg
0,0,0,0,286,l_1709609021.778.jpg
0,0,0,0,286,l_1709609022.148.jpg
0,0,0,0,286,l_1709609022.299.jpg
0,0,0,0,286,l_1709609023.601.jpg
0,0,0,0,286,l_1709609023.991.jpg
0,0,0,0,286,l_1734075471.916.jpg
0,0,0,0,286,l_1734075472.217.jpg
0,0,0,0,286,l_1734075514.784.jpg
0,0,0,0,286,l_1734075514.819.jpg
0,0,0,0,286,l_1734075515.219.jpg
0,0,0,0,286,l_1734075515.788.jpg
0,0,0,0,286,l_1734075555.846.jpg
0,0,0,0,286,l_1734075556.140.jpg
0,0,0,0,286,l_1734075587.126.jpg
0,0,0,0,286,l_1734075587.778.jpg
0,0,0,0,286,l_1734075588.678.jpg
0,0,0,0,286,l_1734075591.202.jpg
0,0,0,0,286,l_1734075592.865.jpg
0,0,0,0,286,l_1744876120.781.jpg
0,0,0,0,286,l_1744876121.547.jpg
0,0,0,0,286,l_1744876123.885.jpg
0,0,0,0,286,l_1744876124.964.jpg
0,0,0,0,286,l_1744876126.394.jpg
0,0,0,0,286,l_1745809768.267.jpg
0,0,0,0,286,l_1745809769.792.jpg
0,0,0,0,286,l_1745809770.430.jpg
0,0,0,0,286,l_1746515593.627.jpg
0,0,0,0,286,l_1746515596.304.jpg
0,0,0,0,286,l_1746515599.885.jpg
0,0,0,0,286,l_1746515603.286.jpg
0,0,0,0,286,l_1746691523.671.jpg
0,0,0,0,286,l_1746691526.709.jpg
0,0,0,0,286,l_1746691551.438.jpg
0,0,0,0,286,l_1746691553.890.jpg
0,0,0,0,286,l_1746691593.400.jpg
0,0,0,0,286,l_1746691596.355.jpg
0,0,0,0,286,l_1746691628.916.jpg
0,0,0,0,286,l_1746691629.602.jpg
0,0,0,0,286,l_1746691630.492.jpg
0,0,0,0,286,l_1746691630.960.jpg
0,0,0,0,286,l_1746691778.933.jpg
0,0,0,0,286,l_1746691779.578.jpg
0,0,0,0,286,l_1746691781.511.jpg
0,0,0,0,286,l_1746691785.908.jpg
0,0,0,0,286,l_1746691843.874.jpg
0,0,0,0,286,l_1746691844.918.jpg
0,0,0,0,286,l_1746691845.709.jpg
0,0,0,0,286,l_1746691846.472.jpg
0,0,0,0,286,l_1746691872.674.jpg
0,0,0,0,286,l_1746691874.719.jpg
0,0,0,0,286,l_1746691875.343.jpg
0,0,0,0,286,l_1746691876.881.jpg
0,0,0,0,286,l_1746691912.712.jpg
0,0,0,0,286,l_1746691913.302.jpg
0,0,0,0,286,l_1746691913.466.jpg
0,0,0,0,286,l_1746691914.837.jpg
0,0,0,0,286,l_1746691915.474.jpg
0,0,0,0,286,l_1746691962.274.jpg
0,0,0,0,286,l_1746691963.745.jpg
0,0,0,0,286,l_1746691964.149.jpg
0,0,0,0,286,l_1746691965.127.jpg
0,0,0,0,286,l_1746691965.606.jpg
0,0,0,0,286,l_1746691993.928.jpg
0,0,0,0,286,l_1746691994.666.jpg
0,0,0,0,286,l_1746691995.678.jpg
0,0,0,0,286,l_1746691996.482.jpg
0,0,0,0,286,l_1746691996.513.jpg
0,0,0,0,287,l_1694142869.274.jpg
0,0,0,0,287,l_1694142869.348.jpg
0,0,0,0,287,l_1694142869.691.jpg
0,0,0,0,287,l_1694142870.285.jpg
0,0,0,0,287,l_1694142870.788.jpg
0,0,0,0,287,l_1730367945.983.jpg
0,0,0,0,287,l_1730367946.707.jpg
0,0,0,0,287,l_1730367986.210.jpg
0,0,0,0,287,l_1730367986.763.jpg
0,0,0,0,287,l_1730367987.542.jpg
0,0,0,0,287,l_1730367988.306.jpg
0,0,0,0,287,l_1730368012.532.jpg
0,0,0,0,287,l_1730368013.472.jpg
0,0,0,0,287,l_1730368014.622.jpg
0,0,0,0,287,l_1730368014.785.jpg
0,0,0,0,287,l_1730368015.973.jpg
0,0,0,0,287,l_1733733146.824.jpg
0,0,0,0,287,l_1733733147.581.jpg
0,0,0,0,287,l_1733733148.987.jpg
0,0,0,0,287,l_1734689465.992.jpg
0,0,0,0,287,l_1734689466.659.jpg
0,0,0,0,287,l_1734689467.497.jpg
0,0,0,0,287,l_1734689469.917.jpg
0,0,0,0,287,l_1734689470.354.jpg
0,0,0,0,287,l_1734689471.221.jpg
0,0,0,0,287,l_1741938914.783.jpg
0,0,0,0,287,l_1741938915.390.jpg
0,0,0,0,287,l_1741938915.485.jpg
0,0,0,0,287,l_1741938916.125.jpg
0,0,0,0,287,l_1743647330.597.jpg
0,0,0,0,287,l_1743647331.690.jpg
0,0,0,0,287,l_1743647334.460.jpg
0,0,0,0,287,l_1743647335.545.jpg
0,0,0,0,287,l_1743647336.148.jpg
0,0,0,0,287,l_1744866185.870.jpg
0,0,0,0,287,l_1744866186.604.jpg
0,0,0,0,287,l_1744866186.940.jpg
0,0,0,0,287,l_1744866189.346.jpg
0,0,0,0,287,l_1744866190.421.jpg
0,0,0,0,287,l_1745462133.739.jpg
0,0,0,0,287,l_1745462135.290.jpg
0,0,0,0,287,l_1745462136.976.jpg
0,0,0,0,287,l_1745462139.594.jpg
0,0,0,0,287,l_1745462140.165.jpg
0,0,0,0,287,l_1745649917.698.jpg
0,0,0,0,287,l_1745649919.830.jpg
0,0,0,0,287,l_1745649920.675.jpg
0,0,0,0,287,l_1745649922.885.jpg
0,0,0,0,287,l_1745649925.150.jpg
0,0,0,0,287,l_1746069005.555.jpg
0,0,0,0,287,l_1746069012.152.jpg
0,0,0,0,287,l_1746069013.113.jpg
0,0,0,0,287,l_1746069013.961.jpg
0,0,0,0,287,l_1746674506.275.jpg
0,0,0,0,287,l_1746674506.839.jpg
0,0,0,0,287,l_1746689902.330.jpg
0,0,0,0,287,l_1746689902.859.jpg
0,0,0,0,287,l_1746689903.250.jpg
0,0,0,0,287,l_1746690279.275.jpg
0,0,0,0,287,l_1746690279.412.jpg
0,0,0,0,287,l_1746690279.729.jpg
0,0,0,0,287,l_1746690899.580.jpg
0,0,0,0,287,l_1746690899.799.jpg
0,0,0,0,287,l_1746690900.356.jpg
0,0,0,0,287,l_1746690900.966.jpg
0,0,0,0,287,l_1746691027.755.jpg
0,0,0,0,287,l_1746691028.549.jpg
0,0,0,0,287,l_1746691029.881.jpg
0,0,0,0,287,l_1746691030.458.jpg
0,0,0,0,287,l_1746691119.332.jpg
0,0,0,0,287,l_1746691120.125.jpg
0,0,0,0,287,l_1746691120.477.jpg
0,0,0,0,287,l_1746691244.609.jpg
0,0,0,0,287,l_1746691245.203.jpg
0,0,0,0,287,l_1746691245.206.jpg
0,0,0,0,287,l_1746691246.249.jpg
0,0,0,0,287,l_1746691324.512.jpg
0,0,0,0,287,l_1746691325.177.jpg
0,0,0,0,287,l_1746691325.338.jpg
0,0,0,0,287,l_1746691326.598.jpg
0,0,0,0,287,l_1746691326.933.jpg
0,0,0,0,288,l_1641523778.891.jpg
0,0,0,0,288,l_1641523779.136.jpg
0,0,0,0,288,l_1641523779.622.jpg
0,0,0,0,288,l_1671701907.jpg
0,0,0,0,288,l_1671701911.jpg
0,0,0,0,288,l_1671701918.jpg
0,0,0,0,288,l_1671701924.jpg
0,0,0,0,288,l_1722235178.503.jpg
0,0,0,0,288,l_1722235181.494.jpg
0,0,0,0,288,l_1739528408.764.jpg
0,0,0,0,288,l_1739528409.963.jpg
0,0,0,0,288,l_1739528410.862.jpg
0,0,0,0,288,l_1739528411.125.jpg
0,0,0,0,288,l_1739528411.587.jpg
0,0,0,0,288,l_1739585974.899.jpg
0,0,0,0,288,l_1739585975.665.jpg
0,0,0,0,288,l_1739585975.869.jpg
0,0,0,0,288,l_1740989723.808.jpg
0,0,0,0,288,l_1740989724.291.jpg
0,0,0,0,288,l_1740989724.399.jpg
0,0,0,0,288,l_1740989726.320.jpg
0,0,0,0,288,l_1741112057.439.jpg
0,0,0,0,288,l_1741112057.677.jpg
0,0,0,0,288,l_1741112058.235.jpg
0,0,0,0,288,l_1741112059.765.jpg
0,0,0,0,288,l_1742831694.657.jpg
0,0,0,0,288,l_1742831695.687.jpg
0,0,0,0,288,l_1742831695.955.jpg
0,0,0,0,288,l_1742831696.586.jpg
0,0,0,0,288,l_1742831696.976.jpg
0,0,0,0,288,l_1742831699.954.jpg
0,0,0,0,288,l_1742875830.492.jpg
0,0,0,0,288,l_1742875832.730.jpg
0,0,0,0,288,l_1742875833.743.jpg
0,0,0,0,288,l_1742875833.758.jpg
0,0,0,0,288,l_1743410878.109.jpg
0,0,0,0,288,l_1743410885.993.jpg
0,0,0,0,288,l_1743410886.884.jpg
0,0,0,0,288,l_1745114646.170.jpg
0,0,0,0,288,l_1745114647.207.jpg
0,0,0,0,288,l_1745114647.841.jpg
0,0,0,0,288,l_1745114648.418.jpg
0,0,0,0,288,l_1745384028.478.jpg
0,0,0,0,288,l_1745384028.830.jpg
0,0,0,0,288,l_1745384029.853.jpg
0,0,0,0,288,l_1745384030.357.jpg
0,0,0,0,288,l_1745384031.178.jpg
0,0,0,0,288,l_1745384031.884.jpg
0,0,0,0,288,l_1745384032.261.jpg
0,0,0,0,288,l_1745658908.316.jpg
0,0,0,0,288,l_1745658909.822.jpg
0,0,0,0,288,l_1745658910.273.jpg
0,0,0,0,288,l_1745815900.873.jpg
0,0,0,0,288,l_1745815900.882.jpg
0,0,0,0,288,l_1745815901.198.jpg
0,0,0,0,288,l_1745815901.711.jpg
0,0,0,0,288,l_1745815902.680.jpg
0,0,0,0,288,l_1745896747.662.jpg
0,0,0,0,288,l_1745896748.331.jpg
0,0,0,0,288,l_1745896749.927.jpg
0,0,0,0,288,l_1745896750.616.jpg
0,0,0,0,288,l_1745896750.807.jpg
0,0,0,0,288,l_1745896752.588.jpg
0,0,0,0,288,l_1746584994.145.jpg
0,0,0,0,288,l_1746584994.438.jpg
0,0,0,0,288,l_1746585022.657.jpg
0,0,0,0,288,l_1747204892.999.jpg
0,0,0,0,288,l_1747204894.932.jpg
0,0,0,0,288,l_1747204895.556.jpg
0,0,0,0,288,l_1747204898.370.jpg
0,0,0,0,288,l_1747206569.288.jpg
0,0,0,0,288,l_1747206570.416.jpg
0,0,0,0,288,l_1747206571.760.jpg
0,0,0,0,288,l_1747206572.546.jpg
0,0,0,0,288,l_1747222548.572.jpg
0,0,0,0,288,l_1747222550.873.jpg
0,0,0,0,288,l_1747222552.949.jpg
0,0,0,0,288,l_1747222556.667.jpg
0,0,0,0,288,l_1747222558.674.jpg
0,0,0,0,288,l_1747225223.567.jpg
0,0,0,0,288,l_1747225224.475.jpg
0,0,0,0,288,l_1747225224.623.jpg
0,0,0,0,288,l_1747225225.555.jpg
0,0,0,0,288,l_1747225226.707.jpg
0,0,0,0,288,l_1747225227.852.jpg
0,0,0,0,289,l_1734592841.548.jpg
0,0,0,0,289,l_1734592843.816.jpg
0,0,0,0,289,l_1734592845.779.jpg
0,0,0,0,289,l_1734592847.990.jpg
0,0,0,0,289,l_1734592848.778.jpg
0,0,0,0,289,l_1737365165.701.jpg
0,0,0,0,289,l_1737365166.360.jpg
0,0,0,0,289,l_1737365168.697.jpg
0,0,0,0,289,l_1737365170.668.jpg
0,0,0,0,289,l_1737365171.584.jpg
0,0,0,0,289,l_1737365172.688.jpg
0,0,0,0,289,l_1739758827.477.jpg
0,0,0,0,289,l_1739758892.984.jpg
0,0,0,0,289,l_1739758895.651.jpg
0,0,0,0,289,l_1739758899.926.jpg
0,0,0,0,289,l_1740558878.379.jpg
0,0,0,0,289,l_1740558880.380.jpg
0,0,0,0,289,l_1740558880.551.jpg
0,0,0,0,289,l_1740558881.540.jpg
0,0,0,0,289,l_1740908755.508.jpg
0,0,0,0,289,l_1740908755.801.jpg
0,0,0,0,289,l_1740908756.813.jpg
0,0,0,0,289,l_1740908756.815.jpg
0,0,0,0,289,l_1741240399.651.jpg
0,0,0,0,289,l_1741240401.954.jpg
0,0,0,0,289,l_1741240405.324.jpg
0,0,0,0,289,l_1741240408.991.jpg
0,0,0,0,289,l_1741502483.319.jpg
0,0,0,0,289,l_1741502484.860.jpg
0,0,0,0,289,l_1741502488.138.jpg
0,0,0,0,289,l_1741502489.433.jpg
0,0,0,0,289,l_1741502490.407.jpg
0,0,0,0,289,l_1742295570.367.jpg
0,0,0,0,289,l_1742295571.813.jpg
0,0,0,0,289,l_1742295571.840.jpg
0,0,0,0,289,l_1742295572.205.jpg
0,0,0,0,289,l_1742295572.991.jpg
0,0,0,0,289,l_1742295574.772.jpg
0,0,0,0,289,l_1742697634.256.jpg
0,0,0,0,289,l_1742697637.392.jpg
0,0,0,0,289,l_1742697640.395.jpg
0,0,0,0,289,l_1744280018.500.jpg
0,0,0,0,289,l_1744334553.830.jpg
0,0,0,0,289,l_1744334554.800.jpg
0,0,0,0,289,l_1744678940.496.jpg
0,0,0,0,289,l_1744678948.608.jpg
0,0,0,0,289,l_1744678949.715.jpg
0,0,0,0,289,l_1744678952.678.jpg
0,0,0,0,289,l_1745030084.857.jpg
0,0,0,0,289,l_1745030085.345.jpg
0,0,0,0,289,l_1745030085.660.jpg
0,0,0,0,289,l_1745030086.659.jpg
0,0,0,0,289,l_1745030089.169.jpg
0,0,0,0,289,l_1745119236.631.jpg
0,0,0,0,289,l_1745119236.733.jpg
0,0,0,0,289,l_1745119237.359.jpg
0,0,0,0,289,l_1745119237.667.jpg
0,0,0,0,289,l_1745119240.775.jpg
0,0,0,0,289,l_1745506891.516.jpg
0,0,0,0,289,l_1745506893.110.jpg
0,0,0,0,289,l_1745506894.712.jpg
0,0,0,0,289,l_1745506896.392.jpg
0,0,0,0,289,l_1745506898.233.jpg
0,0,0,0,289,l_1745506898.417.jpg
0,0,0,0,289,l_1746161088.120.jpg
0,0,0,0,289,l_1746161088.574.jpg
0,0,0,0,289,l_1746161089.914.jpg
0,0,0,0,289,l_1746161090.430.jpg
0,0,0,0,289,l_1746161091.777.jpg
0,0,0,0,289,l_1746426917.911.jpg
0,0,0,0,289,l_1746426921.465.jpg
0,0,0,0,289,l_1746426924.274.jpg
0,0,0,0,289,l_1746426929.325.jpg
0,0,0,0,289,l_1746438186.297.jpg
0,0,0,0,289,l_1746438187.385.jpg
0,0,0,0,289,l_1746438187.973.jpg
0,0,0,0,289,l_1746438190.850.jpg
0,0,0,0,289,l_1746686841.704.jpg
0,0,0,0,289,l_1746686842.291.jpg
0,0,0,0,289,l_1746686845.786.jpg
0,0,0,0,289,l_1746686847.755.jpg
0,0,0,0,289,l_1746686848.660.jpg
0,0,0,0,289,l_1746878594.659.jpg
0,0,0,0,289,l_1746878595.194.jpg
0,0,0,0,289,l_1746878596.771.jpg
0,0,0,0,289,l_1746878596.850.jpg
0,0,0,0,289,l_1746976715.541.jpg
0,0,0,0,289,l_1746976717.688.jpg
0,0,0,0,289,l_1746976727.881.jpg
0,0,0,0,290,l_1738827912.689.jpg
0,0,0,0,290,l_1738827914.214.jpg
0,0,0,0,290,l_1738827917.390.jpg
0,0,0,0,290,l_1738827919.208.jpg
0,0,0,0,290,l_1738827922.437.jpg
0,0,0,0,290,l_1738827923.352.jpg
0,0,0,0,290,l_1738827925.858.jpg
0,0,0,0,290,l_1741685127.475.jpg
0,0,0,0,290,l_1741685129.864.jpg
0,0,0,0,290,l_1741685135.120.jpg
0,0,0,0,290,l_1741685227.721.jpg
0,0,0,0,290,l_1741685266.908.jpg
0,0,0,0,290,l_1742638351.248.jpg
0,0,0,0,290,l_1742638366.776.jpg
0,0,0,0,290,l_1742638382.300.jpg
0,0,0,0,290,l_1742638395.141.jpg
0,0,0,0,290,l_1742960868.145.jpg
0,0,0,0,290,l_1742960869.139.jpg
0,0,0,0,290,l_1742960870.320.jpg
0,0,0,0,290,l_1742960871.534.jpg
0,0,0,0,290,l_1744105924.558.jpg
0,0,0,0,290,l_1744105926.914.jpg
0,0,0,0,290,l_1744105927.946.jpg
0,0,0,0,290,l_1744105931.404.jpg
0,0,0,0,290,l_1744105932.440.jpg
0,0,0,0,290,l_1744258880.467.jpg
0,0,0,0,290,l_1744258880.481.jpg
0,0,0,0,290,l_1744258881.919.jpg
0,0,0,0,290,l_1744258882.103.jpg
0,0,0,0,290,l_1744258883.551.jpg
0,0,0,0,290,l_1744448739.615.jpg
0,0,0,0,290,l_1744448739.730.jpg
0,0,0,0,290,l_1744448740.119.jpg
0,0,0,0,290,l_1744792596.160.jpg
0,0,0,0,290,l_1744792597.748.jpg
0,0,0,0,290,l_1744792598.997.jpg
0,0,0,0,290,l_1744792599.731.jpg
0,0,0,0,290,l_1744872289.182.jpg
0,0,0,0,290,l_1744872291.824.jpg
0,0,0,0,290,l_1744872295.515.jpg
0,0,0,0,290,l_1744872297.410.jpg
0,0,0,0,290,l_1744938809.727.jpg
0,0,0,0,290,l_1744938810.231.jpg
0,0,0,0,290,l_1744938811.109.jpg
0,0,0,0,290,l_1744938811.206.jpg
0,0,0,0,290,l_1744938813.465.jpg
0,0,0,0,290,l_1744938830.324.jpg
0,0,0,0,290,l_1745028882.320.jpg
0,0,0,0,290,l_1745203691.899.jpg
0,0,0,0,290,l_1745203692.778.jpg
0,0,0,0,290,l_1745206023.817.jpg
0,0,0,0,290,l_1745206024.193.jpg
0,0,0,0,290,l_1745206024.440.jpg
0,0,0,0,290,l_1745206025.259.jpg
0,0,0,0,290,l_1745206025.401.jpg
0,0,0,0,290,l_1745232760.787.jpg
0,0,0,0,290,l_1745232761.387.jpg
0,0,0,0,290,l_1745232761.894.jpg
0,0,0,0,290,l_1745232762.155.jpg
0,0,0,0,290,l_1745467854.193.jpg
0,0,0,0,290,l_1745467856.602.jpg
0,0,0,0,290,l_1745467858.111.jpg
0,0,0,0,290,l_1745468112.514.jpg
0,0,0,0,290,l_1746429410.546.jpg
0,0,0,0,290,l_1746429429.135.jpg
0,0,0,0,290,l_1746429441.424.jpg
0,0,0,0,290,l_1746585409.527.jpg
0,0,0,0,290,l_1746585409.936.jpg
0,0,0,0,290,l_1746585410.795.jpg
0,0,0,0,290,l_1746585411.403.jpg
0,0,0,0,290,l_1746585412.104.jpg
0,0,0,0,290,l_1746628821.159.jpg
0,0,0,0,290,l_1746628821.690.jpg
0,0,0,0,290,l_1746628822.558.jpg
0,0,0,0,290,l_1746628823.666.jpg
0,0,0,0,290,l_1746683508.964.jpg
0,0,0,0,290,l_1746683509.687.jpg
0,0,0,0,290,l_1746683510.718.jpg
0,0,0,0,290,l_1746683511.926.jpg
0,0,0,0,290,l_1746841408.813.jpg
0,0,0,0,290,l_1746841410.809.jpg
0,0,0,0,290,l_1746841410.818.jpg
0,0,0,0,291,l_1734768192.207.jpg
0,0,0,0,291,l_1734768193.629.jpg
0,0,0,0,291,l_1734768197.701.jpg
0,0,0,0,291,l_1740073735.792.jpg
0,0,0,0,291,l_1741792081.487.jpg
0,0,0,0,291,l_1741792082.511.jpg
0,0,0,0,291,l_1741792084.846.jpg
0,0,0,0,291,l_1741792086.248.jpg
0,0,0,0,291,l_1741792086.686.jpg
0,0,0,0,291,l_1743155447.127.jpg
0,0,0,0,291,l_1743155448.336.jpg
0,0,0,0,291,l_1743155448.489.jpg
0,0,0,0,291,l_1743155449.965.jpg
0,0,0,0,291,l_1743404136.993.jpg
0,0,0,0,291,l_1743404137.314.jpg
0,0,0,0,291,l_1743404137.660.jpg
0,0,0,0,291,l_1743404138.571.jpg
0,0,0,0,291,l_1743404139.430.jpg
0,0,0,0,291,l_1743407093.144.jpg
0,0,0,0,291,l_1743407096.607.jpg
0,0,0,0,291,l_1743407098.194.jpg
0,0,0,0,291,l_1743407100.403.jpg
0,0,0,0,291,l_1743407105.484.jpg
0,0,0,0,291,l_1743407107.883.jpg
0,0,0,0,291,l_1743407111.408.jpg
0,0,0,0,291,l_1743734872.220.jpg
0,0,0,0,291,l_1743734874.985.jpg
0,0,0,0,291,l_1743734875.378.jpg
0,0,0,0,291,l_1744137432.330.jpg
0,0,0,0,291,l_1744137434.581.jpg
0,0,0,0,291,l_1744137436.220.jpg
0,0,0,0,291,l_1744137438.275.jpg
0,0,0,0,291,l_1744334916.512.jpg
0,0,0,0,291,l_1744334916.740.jpg
0,0,0,0,291,l_1744334917.416.jpg
0,0,0,0,291,l_1744334920.442.jpg
0,0,0,0,291,l_1744334944.378.jpg
0,0,0,0,291,l_1744334956.351.jpg
0,0,0,0,291,l_1744788914.192.jpg
0,0,0,0,291,l_1744788914.531.jpg
0,0,0,0,291,l_1744788916.501.jpg
0,0,0,0,291,l_1744880839.218.jpg
0,0,0,0,291,l_1744880840.696.jpg
0,0,0,0,291,l_1744880841.163.jpg
0,0,0,0,291,l_1744880841.425.jpg
0,0,0,0,291,l_1744880842.257.jpg
0,0,0,0,291,l_1744880842.963.jpg
0,0,0,0,291,l_1744880843.256.jpg
0,0,0,0,291,l_1744880843.631.jpg
0,0,0,0,291,l_1744880844.161.jpg
0,0,0,0,291,l_1744880844.712.jpg
0,0,0,0,291,l_1744945715.165.jpg
0,0,0,0,291,l_1744945716.486.jpg
0,0,0,0,291,l_1744945717.115.jpg
0,0,0,0,291,l_1744945717.336.jpg
0,0,0,0,291,l_1744945718.627.jpg
0,0,0,0,291,l_1745223009.850.jpg
0,0,0,0,291,l_1745305815.248.jpg
0,0,0,0,291,l_1745305817.434.jpg
0,0,0,0,291,l_1745305819.373.jpg
0,0,0,0,291,l_1745646937.395.jpg
0,0,0,0,291,l_1745646937.741.jpg
0,0,0,0,291,l_1745646938.203.jpg
0,0,0,0,291,l_1745646939.251.jpg
0,0,0,0,291,l_1745646939.674.jpg
0,0,0,0,291,l_1746283830.971.jpg
0,0,0,0,291,l_1746283833.132.jpg
0,0,0,0,291,l_1746412830.597.jpg
0,0,0,0,291,l_1746412832.271.jpg
0,0,0,0,291,l_1746412833.569.jpg
0,0,0,0,291,l_1746539796.377.jpg
0,0,0,0,291,l_1746539797.129.jpg
0,0,0,0,291,l_1746539799.295.jpg
0,0,0,0,291,l_1746539802.892.jpg
0,0,0,0,291,l_1746677833.330.jpg
0,0,0,0,291,l_1746677836.928.jpg
0,0,0,0,291,l_1746677838.149.jpg
0,0,0,0,292,l_1740559414.819.jpg
0,0,0,0,292,l_1740559417.820.jpg
0,0,0,0,292,l_1740559419.163.jpg
0,0,0,0,292,l_1740559535.410.jpg
0,0,0,0,292,l_1740559920.376.jpg
0,0,0,0,292,l_1741311712.256.jpg
0,0,0,0,292,l_1741311713.556.jpg
0,0,0,0,292,l_1741311714.222.jpg
0,0,0,0,292,l_1741311717.743.jpg
0,0,0,0,292,l_1741412518.410.jpg
0,0,0,0,292,l_1741412520.952.jpg
0,0,0,0,292,l_1741412521.101.jpg
0,0,0,0,292,l_1742461338.756.jpg
0,0,0,0,292,l_1742461338.930.jpg
0,0,0,0,292,l_1742461339.649.jpg
0,0,0,0,292,l_1742461339.748.jpg
0,0,0,0,292,l_1742963139.537.jpg
0,0,0,0,292,l_1742963140.826.jpg
0,0,0,0,292,l_1742963141.689.jpg
0,0,0,0,292,l_1742963142.536.jpg
0,0,0,0,292,l_1743050809.151.jpg
0,0,0,0,292,l_1743139325.376.jpg
0,0,0,0,292,l_1743663600.544.jpg
0,0,0,0,292,l_1743663604.706.jpg
0,0,0,0,292,l_1743663607.680.jpg
0,0,0,0,292,l_1743663609.796.jpg
0,0,0,0,292,l_1743663610.335.jpg
0,0,0,0,292,l_1743663640.635.jpg
0,0,0,0,292,l_1743671085.118.jpg
0,0,0,0,292,l_1743671086.813.jpg
0,0,0,0,292,l_1743671087.433.jpg
0,0,0,0,292,l_1743671087.943.jpg
0,0,0,0,292,l_1743671088.642.jpg
0,0,0,0,292,l_1743671110.791.jpg
0,0,0,0,292,l_1743685549.348.jpg
0,0,0,0,292,l_1743685549.989.jpg
0,0,0,0,292,l_1743685554.359.jpg
0,0,0,0,292,l_1743685557.382.jpg
0,0,0,0,292,l_1744113926.370.jpg
0,0,0,0,292,l_1744113927.513.jpg
0,0,0,0,292,l_1745382225.929.jpg
0,0,0,0,292,l_1745382226.607.jpg
0,0,0,0,292,l_1745382226.861.jpg
0,0,0,0,292,l_1745382227.209.jpg
0,0,0,0,292,l_1745382227.998.jpg
0,0,0,0,292,l_1745635433.389.jpg
0,0,0,0,292,l_1745635443.204.jpg
0,0,0,0,292,l_1745635471.659.jpg
0,0,0,0,292,l_1745635473.367.jpg
0,0,0,0,292,l_1745635475.731.jpg
0,0,0,0,292,l_1745742811.411.jpg
0,0,0,0,292,l_1745742812.539.jpg
0,0,0,0,292,l_1745742812.703.jpg
0,0,0,0,292,l_1745742813.607.jpg
0,0,0,0,292,l_1745742814.216.jpg
0,0,0,0,292,l_1745838939.481.jpg
0,0,0,0,292,l_1745838940.881.jpg
0,0,0,0,292,l_1745838941.612.jpg
0,0,0,0,292,l_1745838942.666.jpg
0,0,0,0,292,l_1745838943.583.jpg
0,0,0,0,292,l_1747018003.988.jpg
0,0,0,0,292,l_1747018004.938.jpg
0,0,0,0,292,l_1747018005.798.jpg
0,0,0,0,292,l_1747018007.266.jpg
0,0,0,0,292,l_1747018008.389.jpg
0,0,0,0,292,l_1747205866.927.jpg
0,0,0,0,292,l_1747205882.526.jpg
0,0,0,0,292,l_1747205884.218.jpg
0,0,0,0,292,l_1747205885.302.jpg
0,0,0,0,293,l_1736407900.341.jpg
0,0,0,0,293,l_1736407901.933.jpg
0,0,0,0,293,l_1736407902.222.jpg
0,0,0,0,293,l_1736407902.588.jpg
0,0,0,0,293,l_1736407903.609.jpg
0,0,0,0,293,l_1736407903.864.jpg
0,0,0,0,293,l_1738749941.417.jpg
0,0,0,0,293,l_1738749941.771.jpg
0,0,0,0,293,l_1738825113.556.jpg
0,0,0,0,293,l_1738825113.694.jpg
0,0,0,0,293,l_1738825114.627.jpg
0,0,0,0,293,l_1738825114.840.jpg
0,0,0,0,293,l_1740627464.509.jpg
0,0,0,0,293,l_1740627464.763.jpg
0,0,0,0,293,l_1740627467.894.jpg
0,0,0,0,293,l_1740627469.576.jpg
0,0,0,0,293,l_1740627469.695.jpg
0,0,0,0,293,l_1741249135.161.jpg
0,0,0,0,293,l_1741249135.270.jpg
0,0,0,0,293,l_1741249137.585.jpg
0,0,0,0,293,l_1741249139.158.jpg
0,0,0,0,293,l_1741249139.527.jpg
0,0,0,0,293,l_1741249140.268.jpg
0,0,0,0,293,l_1742456982.811.jpg
0,0,0,0,293,l_1742456998.505.jpg
0,0,0,0,293,l_1742615484.640.jpg
0,0,0,0,293,l_1742615484.834.jpg
0,0,0,0,293,l_1742615485.110.jpg
0,0,0,0,293,l_1742615545.334.jpg
0,0,0,0,293,l_1742615596.347.jpg
0,0,0,0,293,l_1742615969.638.jpg
0,0,0,0,293,l_1742616063.577.jpg
0,0,0,0,293,l_1742616706.434.jpg
0,0,0,0,293,l_1743412902.828.jpg
0,0,0,0,293,l_1743412903.142.jpg
0,0,0,0,293,l_1743412905.513.jpg
0,0,0,0,293,l_1743412906.264.jpg
0,0,0,0,293,l_1743412908.578.jpg
0,0,0,0,293,l_1744181389.619.jpg
0,0,0,0,293,l_1744181390.427.jpg
0,0,0,0,293,l_1744181391.174.jpg
0,0,0,0,293,l_1744181391.988.jpg
0,0,0,0,293,l_1744181392.754.jpg
0,0,0,0,293,l_1744624383.158.jpg
0,0,0,0,293,l_1744624386.147.jpg
0,0,0,0,293,l_1744624389.365.jpg
0,0,0,0,293,l_1744624416.603.jpg
0,0,0,0,293,l_1745131796.343.jpg
0,0,0,0,293,l_1745131797.427.jpg
0,0,0,0,293,l_1745131797.480.jpg
0,0,0,0,293,l_1745131798.142.jpg
0,0,0,0,293,l_1745131799.107.jpg
0,0,0,0,293,l_1745391339.159.jpg
0,0,0,0,293,l_1745391339.625.jpg
0,0,0,0,293,l_1745391340.342.jpg
0,0,0,0,293,l_1745391340.659.jpg
0,0,0,0,293,l_1745648061.227.jpg
0,0,0,0,293,l_1745648062.474.jpg
0,0,0,0,293,l_1745648063.971.jpg
0,0,0,0,293,l_1745648066.255.jpg
0,0,0,0,293,l_1745648076.201.jpg
0,0,0,0,293,l_1746429145.440.jpg
0,0,0,0,293,l_1746429146.450.jpg
0,0,0,0,293,l_1746429146.731.jpg
0,0,0,0,293,l_1746429146.864.jpg
0,0,0,0,293,l_1746429147.200.jpg
0,0,0,0,293,l_1746429147.610.jpg
0,0,0,0,293,l_1746533026.140.jpg
0,0,0,0,293,l_1746533026.164.jpg
0,0,0,0,293,l_1746533027.270.jpg
0,0,0,0,293,l_1746533027.958.jpg
0,0,0,0,293,l_1746543011.259.jpg
0,0,0,0,293,l_1746543011.290.jpg
0,0,0,0,293,l_1746543012.393.jpg
0,0,0,0,293,l_1746543013.217.jpg
0,0,0,0,293,l_1746543013.255.jpg
0,0,0,0,293,l_1746543016.795.jpg
0,0,0,0,293,l_1746616738.381.jpg
0,0,0,0,293,l_1746616739.117.jpg
0,0,0,0,293,l_1746616739.978.jpg
0,0,0,0,293,l_1746616740.656.jpg
0,0,0,0,293,l_1746671426.263.jpg
0,0,0,0,293,l_1746671428.652.jpg
0,0,0,0,293,l_1746671430.774.jpg
0,0,0,0,293,l_1746782465.811.jpg
0,0,0,0,293,l_1746782466.558.jpg
0,0,0,0,293,l_1746782467.942.jpg
0,0,0,0,293,l_1747104840.320.jpg
0,0,0,0,293,l_1747104841.323.jpg
0,0,0,0,293,l_1747104844.418.jpg
0,0,0,0,293,l_1747104870.461.jpg
0,0,0,0,293,l_1747217730.499.jpg
0,0,0,0,293,l_1747217731.733.jpg
0,0,0,0,293,l_1747217732.878.jpg
0,0,0,0,293,l_1747217733.582.jpg
0,0,0,0,294,l_1735532322.650.jpg
0,0,0,0,294,l_1735532324.652.jpg
0,0,0,0,294,l_1735532327.864.jpg
0,0,0,0,294,l_1735532333.866.jpg
0,0,0,0,294,l_1735532336.492.jpg
0,0,0,0,294,l_1735549389.862.jpg
0,0,0,0,294,l_1735549390.614.jpg
0,0,0,0,294,l_1735549390.918.jpg
0,0,0,0,294,l_1735549391.575.jpg
0,0,0,0,294,l_1735549392.608.jpg
0,0,0,0,294,l_1739785129.593.jpg
0,0,0,0,294,l_1739785133.476.jpg
0,0,0,0,294,l_1739785136.588.jpg
0,0,0,0,294,l_1739785162.116.jpg
0,0,0,0,294,l_1739931588.266.jpg
0,0,0,0,294,l_1739931588.320.jpg
0,0,0,0,294,l_1739931589.552.jpg
0,0,0,0,294,l_1741438281.683.jpg
0,0,0,0,294,l_1741438283.283.jpg
0,0,0,0,294,l_1741438285.646.jpg
0,0,0,0,294,l_1741438286.958.jpg
0,0,0,0,294,l_1741438288.213.jpg
0,0,0,0,294,l_1741438291.522.jpg
0,0,0,0,294,l_1741833528.156.jpg
0,0,0,0,294,l_1741833533.506.jpg
0,0,0,0,294,l_1743389371.762.jpg
0,0,0,0,294,l_1743389379.455.jpg
0,0,0,0,294,l_1743389382.695.jpg
0,0,0,0,294,l_1743389385.515.jpg
0,0,0,0,294,l_1743521050.660.jpg
0,0,0,0,294,l_1743521051.275.jpg
0,0,0,0,294,l_1743521052.419.jpg
0,0,0,0,294,l_1744099686.156.jpg
0,0,0,0,294,l_1744099689.955.jpg
0,0,0,0,294,l_1744099698.535.jpg
0,0,0,0,294,l_1744099701.262.jpg
0,0,0,0,294,l_1744615658.942.jpg
0,0,0,0,294,l_1744615660.793.jpg
0,0,0,0,294,l_1744615662.175.jpg
0,0,0,0,294,l_1744615664.886.jpg
0,0,0,0,294,l_1744615666.784.jpg
0,0,0,0,294,l_1744615668.822.jpg
0,0,0,0,294,l_1744615670.804.jpg
0,0,0,0,294,l_1744882076.984.jpg
0,0,0,0,294,l_1744882084.443.jpg
0,0,0,0,294,l_1744882089.228.jpg
0,0,0,0,294,l_1744882093.542.jpg
0,0,0,0,294,l_1744882096.466.jpg
0,0,0,0,294,l_1745038022.803.jpg
0,0,0,0,294,l_1745038023.521.jpg
0,0,0,0,294,l_1745205386.792.jpg
0,0,0,0,294,l_1745205391.639.jpg
0,0,0,0,294,l_1745205396.618.jpg
0,0,0,0,294,l_1745228061.841.jpg
0,0,0,0,294,l_1745228062.141.jpg
0,0,0,0,294,l_1745545911.612.jpg
0,0,0,0,294,l_1745545912.439.jpg
0,0,0,0,294,l_1745545914.426.jpg
0,0,0,0,294,l_1745545916.602.jpg
0,0,0,0,294,l_1745546047.191.jpg
0,0,0,0,294,l_1745546068.930.jpg
0,0,0,0,294,l_1745849416.750.jpg
0,0,0,0,294,l_1745849425.923.jpg
0,0,0,0,294,l_1745849426.454.jpg
0,0,0,0,294,l_1745849426.515.jpg
0,0,0,0,294,l_1746453192.864.jpg
0,0,0,0,294,l_1746453193.551.jpg
0,0,0,0,294,l_1746518341.995.jpg
0,0,0,0,294,l_1746518344.210.jpg
0,0,0,0,294,l_1746518346.799.jpg
0,0,0,0,294,l_1746518350.856.jpg
0,0,0,0,294,l_1746518352.779.jpg
0,0,0,0,294,l_1746518353.843.jpg
0,0,0,0,294,l_1746518357.170.jpg
0,0,0,0,294,l_1747126819.173.jpg
0,0,0,0,294,l_1747126820.871.jpg
0,0,0,0,294,l_1747126821.920.jpg
0,0,0,0,294,l_1747126822.217.jpg
0,0,0,0,294,l_1747146747.483.jpg
0,0,0,0,294,l_1747146748.109.jpg
0,0,0,0,294,l_1747146749.218.jpg
0,0,0,0,295,l_1738893236.255.jpg
0,0,0,0,295,l_1738893236.854.jpg
0,0,0,0,295,l_1739177800.707.jpg
0,0,0,0,295,l_1739177801.447.jpg
0,0,0,0,295,l_1739177801.496.jpg
0,0,0,0,295,l_1739177805.961.jpg
0,0,0,0,295,l_1740648645.774.jpg
0,0,0,0,295,l_1740648645.852.jpg
0,0,0,0,295,l_1740648646.444.jpg
0,0,0,0,295,l_1740648646.684.jpg
0,0,0,0,295,l_1740648647.212.jpg
0,0,0,0,295,l_1741078670.337.jpg
0,0,0,0,295,l_1741078671.607.jpg
0,0,0,0,295,l_1741078672.986.jpg
0,0,0,0,295,l_1741078673.338.jpg
0,0,0,0,295,l_1741078673.789.jpg
0,0,0,0,295,l_1741228830.493.jpg
0,0,0,0,295,l_1741228831.723.jpg
0,0,0,0,295,l_1741228831.995.jpg
0,0,0,0,295,l_1741833982.112.jpg
0,0,0,0,295,l_1741833991.411.jpg
0,0,0,0,295,l_1741834032.162.jpg
0,0,0,0,295,l_1741834037.621.jpg
0,0,0,0,295,l_1742209853.536.jpg
0,0,0,0,295,l_1742209858.460.jpg
0,0,0,0,295,l_1742209862.183.jpg
0,0,0,0,295,l_1742209868.600.jpg
0,0,0,0,295,l_1742209872.931.jpg
0,0,0,0,295,l_1742287584.346.jpg
0,0,0,0,295,l_1742287585.996.jpg
0,0,0,0,295,l_1742287586.362.jpg
0,0,0,0,295,l_1742287588.140.jpg
0,0,0,0,295,l_1743064458.198.jpg
0,0,0,0,295,l_1743064461.684.jpg
0,0,0,0,295,l_1743064462.544.jpg
0,0,0,0,295,l_1743064464.376.jpg
0,0,0,0,295,l_1743064466.767.jpg
0,0,0,0,295,l_1743064468.306.jpg
0,0,0,0,295,l_1743064470.978.jpg
0,0,0,0,295,l_1743064473.448.jpg
0,0,0,0,295,l_1743093401.502.jpg
0,0,0,0,295,l_1743093402.284.jpg
0,0,0,0,295,l_1743093403.435.jpg
0,0,0,0,295,l_1743093404.267.jpg
0,0,0,0,295,l_1743136195.491.jpg
0,0,0,0,295,l_1743136196.336.jpg
0,0,0,0,295,l_1743136196.544.jpg
0,0,0,0,295,l_1743136199.306.jpg
0,0,0,0,295,l_1743136199.911.jpg
0,0,0,0,295,l_1743232892.982.jpg
0,0,0,0,295,l_1743232893.486.jpg
0,0,0,0,295,l_1743232895.169.jpg
0,0,0,0,295,l_1743232897.922.jpg
0,0,0,0,295,l_1743232899.154.jpg
0,0,0,0,295,l_1743232975.455.jpg
0,0,0,0,295,l_1743406769.574.jpg
0,0,0,0,295,l_1743406770.510.jpg
0,0,0,0,295,l_1743406770.732.jpg
0,0,0,0,295,l_1743406774.270.jpg
0,0,0,0,295,l_1743406775.909.jpg
0,0,0,0,295,l_1743666957.809.jpg
0,0,0,0,295,l_1743666958.534.jpg
0,0,0,0,295,l_1743666960.223.jpg
0,0,0,0,295,l_1743666966.614.jpg
0,0,0,0,295,l_1743666967.469.jpg
0,0,0,0,295,l_1743666968.584.jpg
0,0,0,0,295,l_1743666969.496.jpg
0,0,0,0,295,l_1743666970.294.jpg
0,0,0,0,295,l_1744335640.921.jpg
0,0,0,0,295,l_1744335641.228.jpg
0,0,0,0,295,l_1744335641.792.jpg
0,0,0,0,295,l_1744335642.329.jpg
0,0,0,0,295,l_1744335688.448.jpg
0,0,0,0,295,l_1744944374.524.jpg
0,0,0,0,295,l_1744944375.295.jpg
0,0,0,0,295,l_1744944378.339.jpg
0,0,0,0,295,l_1745492125.938.jpg
0,0,0,0,295,l_1745492128.675.jpg
0,0,0,0,295,l_1745492131.839.jpg
0,0,0,0,295,l_1745492133.142.jpg
0,0,0,0,295,l_1745492134.942.jpg
0,0,0,0,295,l_1747024984.479.jpg
0,0,0,0,295,l_1747024985.759.jpg
0,0,0,0,295,l_1747024986.114.jpg
0,0,0,0,295,l_1747024987.252.jpg
0,0,0,0,295,l_1747042245.284.jpg
0,0,0,0,295,l_1747042246.337.jpg
0,0,0,0,295,l_1747127980.575.jpg
0,0,0,0,295,l_1747127981.282.jpg
0,0,0,0,295,l_1747127981.903.jpg
0,0,0,0,295,l_1747127984.350.jpg
0,0,0,0,295,l_1747127984.699.jpg
0,0,0,0,296,l_1726823390.600.jpg
0,0,0,0,296,l_1726823390.620.jpg
0,0,0,0,296,l_1726823392.398.jpg
0,0,0,0,296,l_1726823392.648.jpg
0,0,0,0,296,l_1726823422.420.jpg
0,0,0,0,296,l_1727791647.192.jpg
0,0,0,0,296,l_1727791648.407.jpg
0,0,0,0,296,l_1727791649.863.jpg
0,0,0,0,296,l_1727791652.275.jpg
0,0,0,0,296,l_1730782948.407.jpg
0,0,0,0,296,l_1730782948.980.jpg
0,0,0,0,296,l_1730782949.586.jpg
0,0,0,0,296,l_1730962628.146.jpg
0,0,0,0,296,l_1730962628.647.jpg
0,0,0,0,296,l_1730962629.681.jpg
0,0,0,0,296,l_1730962630.333.jpg
0,0,0,0,296,l_1730962630.537.jpg
0,0,0,0,296,l_1733151770.390.jpg
0,0,0,0,296,l_1733151771.288.jpg
0,0,0,0,296,l_1733151771.893.jpg
0,0,0,0,296,l_1733151774.982.jpg
0,0,0,0,296,l_1733888666.689.jpg
0,0,0,0,296,l_1733888667.757.jpg
0,0,0,0,296,l_1733888668.264.jpg
0,0,0,0,296,l_1733888668.508.jpg
0,0,0,0,296,l_1733888669.121.jpg
0,0,0,0,296,l_1733888671.384.jpg
0,0,0,0,296,l_1733888674.954.jpg
0,0,0,0,296,l_1736993850.368.jpg
0,0,0,0,296,l_1737079836.598.jpg
0,0,0,0,296,l_1737079836.906.jpg
0,0,0,0,296,l_1737079837.144.jpg
0,0,0,0,296,l_1737079837.519.jpg
0,0,0,0,296,l_1739335715.265.jpg
0,0,0,0,296,l_1739335716.151.jpg
0,0,0,0,296,l_1739335716.309.jpg
0,0,0,0,296,l_1741772162.264.jpg
0,0,0,0,296,l_1741772163.967.jpg
0,0,0,0,296,l_1741929036.787.jpg
0,0,0,0,296,l_1741929037.687.jpg
0,0,0,0,296,l_1741929037.841.jpg
0,0,0,0,296,l_1741929081.926.jpg
0,0,0,0,296,l_1743406678.774.jpg
0,0,0,0,296,l_1743406696.413.jpg
0,0,0,0,296,l_1743406698.951.jpg
0,0,0,0,296,l_1743406701.687.jpg
0,0,0,0,296,l_1743406702.809.jpg
0,0,0,0,296,l_1744253217.252.jpg
0,0,0,0,296,l_1744253219.405.jpg
0,0,0,0,296,l_1744253221.903.jpg
0,0,0,0,296,l_1744360538.247.jpg
0,0,0,0,296,l_1745584725.325.jpg
0,0,0,0,296,l_1745584725.935.jpg
0,0,0,0,296,l_1745584726.450.jpg
0,0,0,0,296,l_1745584753.695.jpg
0,0,0,0,296,l_1746500344.416.jpg
0,0,0,0,296,l_1746500345.324.jpg
0,0,0,0,296,l_1746500346.299.jpg
0,0,0,0,296,l_1746500346.567.jpg
0,0,0,0,296,l_1746500350.100.jpg
0,0,0,0,296,l_1746600754.212.jpg
0,0,0,0,296,l_1746600755.683.jpg
0,0,0,0,296,l_1746600756.690.jpg
0,0,0,0,296,l_1746600757.264.jpg
0,0,0,0,296,l_1746600758.252.jpg
0,0,0,0,296,l_1746600759.233.jpg
0,0,0,0,296,l_1746627524.587.jpg
0,0,0,0,296,l_1746627525.108.jpg
0,0,0,0,296,l_1746627526.751.jpg
0,0,0,0,296,l_1746627529.934.jpg
0,0,0,0,296,l_1746627530.267.jpg
0,0,0,0,296,l_1746693212.430.jpg
0,0,0,0,296,l_1746693213.131.jpg
0,0,0,0,296,l_1746693213.172.jpg
0,0,0,0,296,l_1746693214.503.jpg
0,0,0,0,296,l_1746693224.659.jpg
0,0,0,0,296,l_1746975030.137.jpg
0,0,0,0,296,l_1746975030.465.jpg
0,0,0,0,296,l_1746975031.871.jpg
0,0,0,0,296,l_1747210463.299.jpg
0,0,0,0,296,l_1747210464.972.jpg
0,0,0,0,296,l_1747210465.796.jpg
0,0,0,0,296,l_1747210776.541.jpg
0,0,0,0,296,l_1747210780.620.jpg
0,0,0,0,296,l_1747210786.318.jpg
0,0,0,0,296,l_1747210786.968.jpg
0,0,0,0,296,l_1747210787.743.jpg
0,0,0,0,297,l_1709365574.307.jpg
0,0,0,0,297,l_1709365575.278.jpg
0,0,0,0,297,l_1709365575.862.jpg
0,0,0,0,297,l_1709365576.645.jpg
0,0,0,0,297,l_1710921818.912.jpg
0,0,0,0,297,l_1710921819.394.jpg
0,0,0,0,297,l_1710921820.358.jpg
0,0,0,0,297,l_1710921820.874.jpg
0,0,0,0,297,l_1716860768.411.jpg
0,0,0,0,297,l_1716860772.501.jpg
0,0,0,0,297,l_1723003648.861.jpg
0,0,0,0,297,l_1723003649.455.jpg
0,0,0,0,297,l_1723003649.987.jpg
0,0,0,0,297,l_1739599118.833.jpg
0,0,0,0,297,l_1739599119.281.jpg
0,0,0,0,297,l_1739599119.801.jpg
0,0,0,0,297,l_1739599120.511.jpg
0,0,0,0,297,l_1740225105.957.jpg
0,0,0,0,297,l_1740225106.557.jpg
0,0,0,0,297,l_1740225107.265.jpg
0,0,0,0,297,l_1740225117.241.jpg
0,0,0,0,297,l_1741109974.498.jpg
0,0,0,0,297,l_1741109974.515.jpg
0,0,0,0,297,l_1741109977.980.jpg
0,0,0,0,297,l_1741109980.469.jpg
0,0,0,0,297,l_1741110153.674.jpg
0,0,0,0,297,l_1741110156.472.jpg
0,0,0,0,297,l_1741110162.875.jpg
0,0,0,0,297,l_1741110417.265.jpg
0,0,0,0,297,l_1741110418.520.jpg
0,0,0,0,297,l_1741110420.294.jpg
0,0,0,0,297,l_1741110420.484.jpg
0,0,0,0,297,l_1741110421.489.jpg
0,0,0,0,297,l_1743154730.347.jpg
0,0,0,0,297,l_1743154731.467.jpg
0,0,0,0,297,l_1743154732.703.jpg
0,0,0,0,297,l_1743154733.428.jpg
0,0,0,0,297,l_1743154734.527.jpg
0,0,0,0,297,l_1743405423.479.jpg
0,0,0,0,297,l_1743405439.341.jpg
0,0,0,0,297,l_1743405445.637.jpg
0,0,0,0,297,l_1743405449.768.jpg
0,0,0,0,297,l_1744533537.319.jpg
0,0,0,0,297,l_1744533561.433.jpg
0,0,0,0,297,l_1744533562.601.jpg
0,0,0,0,297,l_1744533562.730.jpg
0,0,0,0,297,l_1744533563.796.jpg
0,0,0,0,297,l_1744766536.938.jpg
0,0,0,0,297,l_1744766537.513.jpg
0,0,0,0,297,l_1744766538.392.jpg
0,0,0,0,297,l_1744766539.825.jpg
0,0,0,0,297,l_1744784492.517.jpg
0,0,0,0,297,l_1744784493.323.jpg
0,0,0,0,297,l_1744784493.755.jpg
0,0,0,0,297,l_1745223295.828.jpg
0,0,0,0,297,l_1745223297.851.jpg
0,0,0,0,297,l_1745223298.679.jpg
0,0,0,0,297,l_1745223299.423.jpg
0,0,0,0,297,l_1745223315.799.jpg
0,0,0,0,297,l_1746771921.540.jpg
0,0,0,0,297,l_1746771921.785.jpg
0,0,0,0,297,l_1746771922.999.jpg
0,0,0,0,297,l_1746771977.582.jpg
0,0,0,0,297,l_1746771977.961.jpg
0,0,0,0,297,l_1746771978.750.jpg
0,0,0,0,297,l_1746771978.991.jpg
0,0,0,0,297,l_1746772019.295.jpg
0,0,0,0,297,l_1746772019.655.jpg
0,0,0,0,297,l_1746772021.434.jpg
0,0,0,0,297,l_1746772025.975.jpg
0,0,0,0,297,l_1746813202.717.jpg
0,0,0,0,297,l_1746813203.158.jpg
0,0,0,0,297,l_1746813204.567.jpg
0,0,0,0,297,l_1746813205.140.jpg
0,0,0,0,297,l_1746813205.459.jpg
0,0,0,0,297,l_1746813207.298.jpg
0,0,0,0,297,l_1746957121.922.jpg
0,0,0,0,297,l_1746957123.803.jpg
0,0,0,0,297,l_1746957124.749.jpg
0,0,0,0,297,l_1746957125.386.jpg
0,0,0,0,297,l_1746957126.223.jpg
0,0,0,0,298,l_1717558118.875.jpg
0,0,0,0,298,l_1717558119.530.jpg
0,0,0,0,298,l_1717558119.577.jpg
0,0,0,0,298,l_1725864840.681.jpg
0,0,0,0,298,l_1725864840.866.jpg
0,0,0,0,298,l_1725864841.620.jpg
0,0,0,0,298,l_1725864842.522.jpg
0,0,0,0,298,l_1725864849.845.jpg
0,0,0,0,298,l_1732849706.826.jpg
0,0,0,0,298,l_1734058706.793.jpg
0,0,0,0,298,l_1734058707.566.jpg
0,0,0,0,298,l_1734058708.632.jpg
0,0,0,0,298,l_1734058709.587.jpg
0,0,0,0,298,l_1734058710.315.jpg
0,0,0,0,298,l_1739985803.426.jpg
0,0,0,0,298,l_1739985804.271.jpg
0,0,0,0,298,l_1739985804.566.jpg
0,0,0,0,298,l_1739985805.197.jpg
0,0,0,0,298,l_1739985806.517.jpg
0,0,0,0,298,l_1739986108.526.jpg
0,0,0,0,298,l_1739986109.919.jpg
0,0,0,0,298,l_1739986110.899.jpg
0,0,0,0,298,l_1739986111.128.jpg
0,0,0,0,298,l_1739986112.666.jpg
0,0,0,0,298,l_1739986113.923.jpg
0,0,0,0,298,l_1740733248.887.jpg
0,0,0,0,298,l_1740733249.834.jpg
0,0,0,0,298,l_1740733250.137.jpg
0,0,0,0,298,l_1740733250.936.jpg
0,0,0,0,298,l_1740985224.203.jpg
0,0,0,0,298,l_1740985225.171.jpg
0,0,0,0,298,l_1740985227.209.jpg
0,0,0,0,298,l_1742031831.136.jpg
0,0,0,0,298,l_1742031831.657.jpg
0,0,0,0,298,l_1742031833.517.jpg
0,0,0,0,298,l_1743818048.280.jpg
0,0,0,0,298,l_1743818049.402.jpg
0,0,0,0,298,l_1743818049.713.jpg
0,0,0,0,298,l_1744791170.207.jpg
0,0,0,0,298,l_1744791172.699.jpg
0,0,0,0,298,l_1745547198.200.jpg
0,0,0,0,298,l_1745547200.221.jpg
0,0,0,0,298,l_1745547200.811.jpg
0,0,0,0,298,l_1745547207.712.jpg
0,0,0,0,298,l_1745660048.639.jpg
0,0,0,0,298,l_1745660048.745.jpg
0,0,0,0,298,l_1745660049.826.jpg
0,0,0,0,298,l_1745660057.778.jpg
0,0,0,0,298,l_1745660057.919.jpg
0,0,0,0,298,l_1745660178.361.jpg
0,0,0,0,298,l_1745660180.733.jpg
0,0,0,0,298,l_1745660181.977.jpg
0,0,0,0,298,l_1745660182.776.jpg
0,0,0,0,298,l_1745660186.925.jpg
0,0,0,0,298,l_1745660188.775.jpg
0,0,0,0,298,l_1745660189.955.jpg
0,0,0,0,298,l_1745660189.999.jpg
0,0,0,0,298,l_1745660190.693.jpg
0,0,0,0,298,l_1745660246.140.jpg
0,0,0,0,298,l_1745660247.414.jpg
0,0,0,0,298,l_1745660247.829.jpg
0,0,0,0,298,l_1745660248.879.jpg
0,0,0,0,298,l_1745660249.632.jpg
0,0,0,0,298,l_1746185889.106.jpg
0,0,0,0,298,l_1746185891.314.jpg
0,0,0,0,298,l_1746416608.868.jpg
0,0,0,0,298,l_1746416609.236.jpg
0,0,0,0,298,l_1746416609.260.jpg
0,0,0,0,298,l_1746416610.294.jpg
0,0,0,0,298,l_1746416610.412.jpg
0,0,0,0,298,l_1746677149.780.jpg
0,0,0,0,298,l_1746677150.280.jpg
0,0,0,0,298,l_1746677151.659.jpg
0,0,0,0,298,l_1746677151.804.jpg
0,0,0,0,298,l_1746784754.300.jpg
0,0,0,0,298,l_1746784755.201.jpg
0,0,0,0,298,l_1746784755.765.jpg
0,0,0,0,298,l_1746784756.507.jpg
0,0,0,0,298,l_1747219442.143.jpg
0,0,0,0,298,l_1747219443.272.jpg
0,0,0,0,298,l_1747219444.430.jpg
0,0,0,0,298,l_1747219445.531.jpg
0,0,0,0,299,l_1733105873.337.jpg
0,0,0,0,299,l_1733105874.149.jpg
0,0,0,0,299,l_1733105878.716.jpg
0,0,0,0,299,l_1733112062.833.jpg
0,0,0,0,299,l_1733112064.297.jpg
0,0,0,0,299,l_1733112065.498.jpg
0,0,0,0,299,l_1733112067.877.jpg
0,0,0,0,299,l_1734058071.944.jpg
0,0,0,0,299,l_1734058072.562.jpg
0,0,0,0,299,l_1734058073.479.jpg
0,0,0,0,299,l_1734058073.953.jpg
0,0,0,0,299,l_1739865119.133.jpg
0,0,0,0,299,l_1739865132.400.jpg
0,0,0,0,299,l_1739865144.485.jpg
0,0,0,0,299,l_1741613135.511.jpg
0,0,0,0,299,l_1741613136.188.jpg
0,0,0,0,299,l_1741613137.459.jpg
0,0,0,0,299,l_1741613137.745.jpg
0,0,0,0,299,l_1741613138.399.jpg
0,0,0,0,299,l_1741613138.574.jpg
0,0,0,0,299,l_1742006975.444.jpg
0,0,0,0,299,l_1742006975.727.jpg
0,0,0,0,299,l_1742006976.718.jpg
0,0,0,0,299,l_1742006976.773.jpg
0,0,0,0,299,l_1742006977.200.jpg
0,0,0,0,299,l_1743937461.336.jpg
0,0,0,0,299,l_1743937462.258.jpg
0,0,0,0,299,l_1743937462.454.jpg
0,0,0,0,299,l_1743937463.569.jpg
0,0,0,0,299,l_1743937463.753.jpg
0,0,0,0,299,l_1745219306.563.jpg
0,0,0,0,299,l_1745219308.532.jpg
0,0,0,0,299,l_1745219311.929.jpg
0,0,0,0,299,l_1745219315.760.jpg
0,0,0,0,299,l_1745219318.920.jpg
0,0,0,0,299,l_1745289966.131.jpg
0,0,0,0,299,l_1745289969.333.jpg
0,0,0,0,299,l_1745289971.183.jpg
0,0,0,0,299,l_1745289971.245.jpg
0,0,0,0,299,l_1745289972.608.jpg
0,0,0,0,299,l_1745472577.606.jpg
0,0,0,0,299,l_1745472578.224.jpg
0,0,0,0,299,l_1745472579.169.jpg
0,0,0,0,299,l_1745472582.497.jpg
0,0,0,0,299,l_1745472582.556.jpg
0,0,0,0,299,l_1745989576.942.jpg
0,0,0,0,299,l_1745989577.114.jpg
0,0,0,0,299,l_1745989577.997.jpg
0,0,0,0,299,l_1745989578.319.jpg
0,0,0,0,299,l_1745989578.606.jpg
0,0,0,0,299,l_1745989579.553.jpg
0,0,0,0,299,l_1745989580.761.jpg
0,0,0,0,299,l_1746509387.580.jpg
0,0,0,0,299,l_1746509391.514.jpg
0,0,0,0,299,l_1746509394.507.jpg
0,0,0,0,299,l_1746509398.597.jpg
0,0,0,0,299,l_1746509407.137.jpg
0,0,0,0,299,l_1746699601.409.jpg
0,0,0,0,299,l_1746699602.217.jpg
0,0,0,0,299,l_1746699604.412.jpg
0,0,0,0,299,l_1746701867.174.jpg
0,0,0,0,299,l_1746701868.224.jpg
0,0,0,0,299,l_1746701869.124.jpg
0,0,0,0,299,l_1746701869.877.jpg
0,0,0,0,299,l_1746701870.235.jpg
0,0,0,0,299,l_1746701870.805.jpg
0,0,0,0,299,l_1747038910.228.jpg
0,0,0,0,299,l_1747038911.418.jpg
0,0,0,0,299,l_1747038912.479.jpg
0,0,0,0,299,l_1747038913.564.jpg
0,0,0,0,299,l_1747038914.707.jpg
0,0,0,0,299,l_1747038916.711.jpg
0,0,0,0,299,l_1747038917.252.jpg
0,0,0,0,299,l_1747190966.951.jpg
0,0,0,0,299,l_1747190968.232.jpg
0,0,0,0,299,l_1747190970.341.jpg
0,0,0,0,299,l_1747190973.837.jpg
0,0,0,0,299,l_1747195328.725.jpg
0,0,0,0,299,l_1747195329.234.jpg
0,0,0,0,299,l_1747195330.206.jpg
0,0,0,0,299,l_1747195330.354.jpg
0,0,0,0,299,l_1747195331.370.jpg
0,0,0,0,299,l_1747204419.262.jpg
0,0,0,0,299,l_1747204419.483.jpg
0,0,0,0,299,l_1747204420.278.jpg
0,0,0,0,299,l_1747204421.747.jpg
0,0,0,0,299,l_1747204425.908.jpg
0,0,0,0,299,l_1747215162.319.jpg
0,0,0,0,299,l_1747215163.496.jpg
0,0,0,0,299,l_1747215163.626.jpg
0,0,0,0,299,l_1747215164.466.jpg
0,0,0,0,299,l_1747215165.521.jpg
0,0,0,0,299,l_1747219518.623.jpg
0,0,0,0,299,l_1747219520.554.jpg
0,0,0,0,299,l_1747219521.134.jpg
0,0,0,0,299,l_1747219523.290.jpg
0,0,0,0,299,l_1747219525.829.jpg
0,0,0,0,299,l_1747219526.982.jpg
0,0,0,0,300,l_1741350229.190.jpg
0,0,0,0,300,l_1741350231.886.jpg
0,0,0,0,300,l_1741350233.737.jpg
0,0,0,0,300,l_1741350235.403.jpg
0,0,0,0,300,l_1741350246.665.jpg
0,0,0,0,300,l_1743474180.163.jpg
0,0,0,0,300,l_1743474181.324.jpg
0,0,0,0,300,l_1743474182.538.jpg
0,0,0,0,300,l_1743474182.805.jpg
0,0,0,0,300,l_1743474183.596.jpg
0,0,0,0,300,l_1743474184.497.jpg
0,0,0,0,300,l_1743474187.132.jpg
0,0,0,0,300,l_1743482931.473.jpg
0,0,0,0,300,l_1743482934.386.jpg
0,0,0,0,300,l_1743482936.328.jpg
0,0,0,0,300,l_1743482937.887.jpg
0,0,0,0,300,l_1743482938.722.jpg
0,0,0,0,300,l_1743482939.507.jpg
0,0,0,0,300,l_1743490416.255.jpg
0,0,0,0,300,l_1743490418.689.jpg
0,0,0,0,300,l_1743490425.495.jpg
0,0,0,0,300,l_1743490427.852.jpg
0,0,0,0,300,l_1743494195.161.jpg
0,0,0,0,300,l_1743494195.923.jpg
0,0,0,0,300,l_1743494196.340.jpg
0,0,0,0,300,l_1743494196.357.jpg
0,0,0,0,300,l_1743494197.956.jpg
0,0,0,0,300,l_1744086811.334.jpg
0,0,0,0,300,l_1744086814.167.jpg
0,0,0,0,300,l_1744086816.741.jpg
0,0,0,0,300,l_1744086817.654.jpg
0,0,0,0,300,l_1744086820.956.jpg
0,0,0,0,300,l_1744275717.292.jpg
0,0,0,0,300,l_1744275717.461.jpg
0,0,0,0,300,l_1744275718.215.jpg
0,0,0,0,300,l_1744275718.234.jpg
0,0,0,0,300,l_1744709540.387.jpg
0,0,0,0,300,l_1744709541.717.jpg
0,0,0,0,300,l_1744709542.162.jpg
0,0,0,0,300,l_1744709546.401.jpg
0,0,0,0,300,l_1744709548.638.jpg
0,0,0,0,300,l_1744709570.430.jpg
0,0,0,0,300,l_1744709571.272.jpg
0,0,0,0,300,l_1744709571.948.jpg
0,0,0,0,300,l_1744709574.423.jpg
0,0,0,0,300,l_1744709575.830.jpg
0,0,0,0,300,l_1745988774.152.jpg
0,0,0,0,300,l_1745988775.103.jpg
0,0,0,0,300,l_1745988775.202.jpg
0,0,0,0,300,l_1745988776.966.jpg
0,0,0,0,300,l_1745988777.782.jpg
0,0,0,0,300,l_1745988807.166.jpg
0,0,0,0,300,l_1745988819.138.jpg
0,0,0,0,300,l_1745989609.109.jpg
0,0,0,0,300,l_1745989610.190.jpg
0,0,0,0,300,l_1745989610.450.jpg
0,0,0,0,300,l_1745989611.693.jpg
0,0,0,0,300,l_1746151730.926.jpg
0,0,0,0,300,l_1746151732.213.jpg
0,0,0,0,300,l_1746151733.827.jpg
0,0,0,0,300,l_1746167935.416.jpg
0,0,0,0,300,l_1746167937.533.jpg
0,0,0,0,300,l_1746167937.867.jpg
0,0,0,0,300,l_1746167938.627.jpg
0,0,0,0,300,l_1746228022.143.jpg
0,0,0,0,300,l_1746228022.164.jpg
0,0,0,0,300,l_1746228023.312.jpg
0,0,0,0,300,l_1746228023.801.jpg
0,0,0,0,300,l_1746228024.973.jpg
0,0,0,0,300,l_1746228025.315.jpg
0,0,0,0,300,l_1746591720.344.jpg
0,0,0,0,300,l_1746591721.277.jpg
0,0,0,0,300,l_1746591723.682.jpg
0,0,0,0,300,l_1746591724.734.jpg
0,0,0,0,300,l_1746591725.144.jpg
0,0,0,0,300,l_1747128807.306.jpg
0,0,0,0,300,l_1747128807.462.jpg
0,0,0,0,300,l_1747128808.585.jpg
0,0,0,0,300,l_1747128808.689.jpg
0,0,0,0,301,l_1734402869.573.jpg
0,0,0,0,301,l_1734402869.790.jpg
0,0,0,0,301,l_1734402870.616.jpg
0,0,0,0,301,l_1734402871.704.jpg
0,0,0,0,301,l_1734402872.351.jpg
0,0,0,0,301,l_1734403088.337.jpg
0,0,0,0,301,l_1734403088.600.jpg
0,0,0,0,301,l_1734403090.756.jpg
0,0,0,0,301,l_1734709619.181.jpg
0,0,0,0,301,l_1734709621.888.jpg
0,0,0,0,301,l_1734709622.696.jpg
0,0,0,0,301,l_1734709623.638.jpg
0,0,0,0,301,l_1734709624.261.jpg
0,0,0,0,301,l_1734709625.329.jpg
0,0,0,0,301,l_1734709634.128.jpg
0,0,0,0,301,l_1735806566.357.jpg
0,0,0,0,301,l_1735806566.938.jpg
0,0,0,0,301,l_1735806567.422.jpg
0,0,0,0,301,l_1735806568.209.jpg
0,0,0,0,301,l_1735806568.249.jpg
0,0,0,0,301,l_1735806571.142.jpg
0,0,0,0,301,l_1736757889.113.jpg
0,0,0,0,301,l_1736757895.793.jpg
0,0,0,0,301,l_1736757899.589.jpg
0,0,0,0,301,l_1736757901.745.jpg
0,0,0,0,301,l_1736757903.958.jpg
0,0,0,0,301,l_1741167155.899.jpg
0,0,0,0,301,l_1741167160.598.jpg
0,0,0,0,301,l_1741167163.156.jpg
0,0,0,0,301,l_1741167166.386.jpg
0,0,0,0,301,l_1741167169.487.jpg
0,0,0,0,301,l_1743403760.224.jpg
0,0,0,0,301,l_1743403760.304.jpg
0,0,0,0,301,l_1743403762.738.jpg
0,0,0,0,301,l_1743403764.485.jpg
0,0,0,0,301,l_1743403765.414.jpg
0,0,0,0,301,l_1743403766.875.jpg
0,0,0,0,301,l_1743408448.172.jpg
0,0,0,0,301,l_1743408448.879.jpg
0,0,0,0,301,l_1743408449.743.jpg
0,0,0,0,301,l_1743408450.452.jpg
0,0,0,0,301,l_1743408451.340.jpg
0,0,0,0,301,l_1743590548.168.jpg
0,0,0,0,301,l_1743590548.211.jpg
0,0,0,0,301,l_1743590548.335.jpg
0,0,0,0,301,l_1743590549.442.jpg
0,0,0,0,301,l_1743590550.940.jpg
0,0,0,0,301,l_1743765065.586.jpg
0,0,0,0,301,l_1743765066.378.jpg
0,0,0,0,301,l_1743765067.423.jpg
0,0,0,0,301,l_1743765068.187.jpg
0,0,0,0,301,l_1743765068.338.jpg
0,0,0,0,301,l_1743765069.839.jpg
0,0,0,0,301,l_1743765071.363.jpg
0,0,0,0,301,l_1744095991.301.jpg
0,0,0,0,301,l_1744095992.597.jpg
0,0,0,0,301,l_1744095993.903.jpg
0,0,0,0,301,l_1744105270.847.jpg
0,0,0,0,301,l_1744105272.821.jpg
0,0,0,0,301,l_1744276693.205.jpg
0,0,0,0,301,l_1744276694.716.jpg
0,0,0,0,301,l_1744277657.577.jpg
0,0,0,0,301,l_1744284787.187.jpg
0,0,0,0,301,l_1744284788.308.jpg
0,0,0,0,301,l_1744284788.705.jpg
0,0,0,0,301,l_1744284789.331.jpg
0,0,0,0,301,l_1745213625.281.jpg
0,0,0,0,301,l_1745213625.351.jpg
0,0,0,0,301,l_1745213626.322.jpg
0,0,0,0,301,l_1745213626.879.jpg
0,0,0,0,301,l_1745213627.727.jpg
0,0,0,0,301,l_1745213627.969.jpg
0,0,0,0,301,l_1745213628.983.jpg
0,0,0,0,301,l_1745472187.386.jpg
0,0,0,0,301,l_1745472187.711.jpg
0,0,0,0,301,l_1745472188.406.jpg
0,0,0,0,301,l_1745472247.789.jpg
0,0,0,0,301,l_1745821765.296.jpg
0,0,0,0,301,l_1745821766.831.jpg
0,0,0,0,301,l_1745821767.842.jpg
0,0,0,0,301,l_1746970245.336.jpg
0,0,0,0,301,l_1746970247.924.jpg
0,0,0,0,301,l_1746970249.300.jpg
0,0,0,0,301,l_1746970255.341.jpg
0,0,0,0,301,l_1747200071.625.jpg
0,0,0,0,301,l_1747200074.145.jpg
0,0,0,0,301,l_1747200075.153.jpg
0,0,0,0,301,l_1747200075.663.jpg
0,0,0,0,301,l_1747200075.922.jpg
0,0,0,0,301,l_1747213394.819.jpg
0,0,0,0,301,l_1747213398.341.jpg
0,0,0,0,301,l_1747213401.955.jpg
0,0,0,0,302,l_1730772309.761.jpg
0,0,0,0,302,l_1730772312.963.jpg
0,0,0,0,302,l_1730772314.690.jpg
0,0,0,0,302,l_1730772319.406.jpg
0,0,0,0,302,l_1734409781.333.jpg
0,0,0,0,302,l_1734409782.747.jpg
0,0,0,0,302,l_1734409782.980.jpg
0,0,0,0,302,l_1734409783.510.jpg
0,0,0,0,302,l_1734409784.793.jpg
0,0,0,0,302,l_1734409784.806.jpg
0,0,0,0,302,l_1734409786.589.jpg
0,0,0,0,302,l_1736298566.194.jpg
0,0,0,0,302,l_1736298568.461.jpg
0,0,0,0,302,l_1736298569.653.jpg
0,0,0,0,302,l_1736298570.411.jpg
0,0,0,0,302,l_1738748728.937.jpg
0,0,0,0,302,l_1738748729.862.jpg
0,0,0,0,302,l_1738748730.270.jpg
0,0,0,0,302,l_1738748730.715.jpg
0,0,0,0,302,l_1740832016.251.jpg
0,0,0,0,302,l_1740832025.956.jpg
0,0,0,0,302,l_1740832034.392.jpg
0,0,0,0,302,l_1740832051.338.jpg
0,0,0,0,302,l_1740832058.673.jpg
0,0,0,0,302,l_1740832065.764.jpg
0,0,0,0,302,l_1743591464.604.jpg
0,0,0,0,302,l_1743591464.697.jpg
0,0,0,0,302,l_1743591465.817.jpg
0,0,0,0,302,l_1743591465.819.jpg
0,0,0,0,302,l_1743591466.879.jpg
0,0,0,0,302,l_1743591466.900.jpg
0,0,0,0,302,l_1744187276.445.jpg
0,0,0,0,302,l_1744187277.604.jpg
0,0,0,0,302,l_1744187279.106.jpg
0,0,0,0,302,l_1744875758.305.jpg
0,0,0,0,302,l_1744875760.769.jpg
0,0,0,0,302,l_1744875763.565.jpg
0,0,0,0,302,l_1744875766.660.jpg
0,0,0,0,302,l_1744880753.557.jpg
0,0,0,0,302,l_1744880753.861.jpg
0,0,0,0,302,l_1744880754.338.jpg
0,0,0,0,302,l_1744880755.857.jpg
0,0,0,0,302,l_1744880756.614.jpg
0,0,0,0,302,l_1744880757.316.jpg
0,0,0,0,302,l_1745284923.760.jpg
0,0,0,0,302,l_1745284924.886.jpg
0,0,0,0,302,l_1745284925.877.jpg
0,0,0,0,302,l_1745284926.347.jpg
0,0,0,0,302,l_1745284927.158.jpg
0,0,0,0,302,l_1745284937.582.jpg
0,0,0,0,302,l_1745827896.964.jpg
0,0,0,0,302,l_1745827898.383.jpg
0,0,0,0,302,l_1745827898.493.jpg
0,0,0,0,302,l_1745889357.646.jpg
0,0,0,0,302,l_1745889358.586.jpg
0,0,0,0,302,l_1745889359.590.jpg
0,0,0,0,302,l_1745889360.469.jpg
0,0,0,0,302,l_1745909287.126.jpg
0,0,0,0,302,l_1745909288.663.jpg
0,0,0,0,302,l_1745909288.786.jpg
0,0,0,0,302,l_1746414145.709.jpg
0,0,0,0,302,l_1746414145.805.jpg
0,0,0,0,302,l_1746414146.781.jpg
0,0,0,0,302,l_1746504725.996.jpg
0,0,0,0,302,l_1746504738.735.jpg
0,0,0,0,302,l_1746504738.849.jpg
0,0,0,0,302,l_1746504739.718.jpg
0,0,0,0,302,l_1746504740.690.jpg
0,0,0,0,302,l_1746778236.489.jpg
0,0,0,0,302,l_1746778237.878.jpg
0,0,0,0,302,l_1746778238.891.jpg
0,0,0,0,302,l_1746778240.430.jpg
0,0,0,0,302,l_1746876061.247.jpg
0,0,0,0,302,l_1746876110.219.jpg
0,0,0,0,302,l_1746876111.858.jpg
0,0,0,0,302,l_1746876112.819.jpg
0,0,0,0,302,l_1746950237.762.jpg
0,0,0,0,302,l_1746950239.267.jpg
0,0,0,0,302,l_1747134004.123.jpg
0,0,0,0,302,l_1747134017.903.jpg
0,0,0,0,302,l_1747134018.450.jpg
0,0,0,0,302,l_1747134018.759.jpg
0,0,0,0,302,l_1747134019.566.jpg
0,0,0,0,303,l_1729247389.257.jpg
0,0,0,0,303,l_1729247389.563.jpg
0,0,0,0,303,l_1729247390.370.jpg
0,0,0,0,303,l_1729247391.829.jpg
0,0,0,0,303,l_1729247392.359.jpg
0,0,0,0,303,l_1730867120.633.jpg
0,0,0,0,303,l_1730867123.615.jpg
0,0,0,0,303,l_1730867126.377.jpg
0,0,0,0,303,l_1730867132.122.jpg
0,0,0,0,303,l_1736937836.101.jpg
0,0,0,0,303,l_1736937837.651.jpg
0,0,0,0,303,l_1736937837.763.jpg
0,0,0,0,303,l_1736937838.251.jpg
0,0,0,0,303,l_1736937838.480.jpg
0,0,0,0,303,l_1740615149.623.jpg
0,0,0,0,303,l_1740615151.249.jpg
0,0,0,0,303,l_1740615155.397.jpg
0,0,0,0,303,l_1740615160.967.jpg
0,0,0,0,303,l_1740615162.417.jpg
0,0,0,0,303,l_1740615165.875.jpg
0,0,0,0,303,l_1740615168.512.jpg
0,0,0,0,303,l_1740715059.856.jpg
0,0,0,0,303,l_1740715062.602.jpg
0,0,0,0,303,l_1740715062.670.jpg
0,0,0,0,303,l_1740715064.585.jpg
0,0,0,0,303,l_1740715066.529.jpg
0,0,0,0,303,l_1741418707.479.jpg
0,0,0,0,303,l_1741418712.100.jpg
0,0,0,0,303,l_1743691546.528.jpg
0,0,0,0,303,l_1743691550.383.jpg
0,0,0,0,303,l_1743691553.500.jpg
0,0,0,0,303,l_1743691556.846.jpg
0,0,0,0,303,l_1743691559.462.jpg
0,0,0,0,303,l_1743691562.532.jpg
0,0,0,0,303,l_1743759192.437.jpg
0,0,0,0,303,l_1743759194.176.jpg
0,0,0,0,303,l_1743759196.646.jpg
0,0,0,0,303,l_1743759199.349.jpg
0,0,0,0,303,l_1744262351.354.jpg
0,0,0,0,303,l_1744262647.290.jpg
0,0,0,0,303,l_1744898965.683.jpg
0,0,0,0,303,l_1744898966.866.jpg
0,0,0,0,303,l_1744898967.988.jpg
0,0,0,0,303,l_1744898975.460.jpg
0,0,0,0,303,l_1744962520.502.jpg
0,0,0,0,303,l_1744962520.797.jpg
0,0,0,0,303,l_1744962630.450.jpg
0,0,0,0,303,l_1744962630.832.jpg
0,0,0,0,303,l_1744963227.jpg
0,0,0,0,303,l_1745376548.119.jpg
0,0,0,0,303,l_1745376548.885.jpg
0,0,0,0,303,l_1745376552.481.jpg
0,0,0,0,303,l_1745376552.760.jpg
0,0,0,0,303,l_1745376555.204.jpg
0,0,0,0,303,l_1745815112.431.jpg
0,0,0,0,303,l_1745815260.498.jpg
0,0,0,0,303,l_1745815261.617.jpg
0,0,0,0,303,l_1745889087.694.jpg
0,0,0,0,303,l_1745889088.407.jpg
0,0,0,0,303,l_1746244581.307.jpg
0,0,0,0,303,l_1746244584.570.jpg
0,0,0,0,303,l_1746244586.116.jpg
0,0,0,0,303,l_1746276019.417.jpg
0,0,0,0,303,l_1746276024.810.jpg
0,0,0,0,303,l_1746276025.241.jpg
0,0,0,0,303,l_1746276026.372.jpg
0,0,0,0,303,l_1746514071.415.jpg
0,0,0,0,303,l_1746514072.756.jpg
0,0,0,0,303,l_1746514074.600.jpg
0,0,0,0,303,l_1746514079.744.jpg
0,0,0,0,303,l_1746514080.744.jpg
0,0,0,0,303,l_1746514081.822.jpg
0,0,0,0,303,l_1746860508.724.jpg
0,0,0,0,303,l_1746860508.765.jpg
0,0,0,0,303,l_1746860509.957.jpg
0,0,0,0,303,l_1746860510.663.jpg
0,0,0,0,303,l_1746860511.415.jpg
0,0,0,0,303,l_1747128463.921.jpg
0,0,0,0,303,l_1747128464.293.jpg
0,0,0,0,303,l_1747128464.634.jpg
0,0,0,0,303,l_1747128467.228.jpg
0,0,0,0,303,l_1747128467.427.jpg
0,0,0,0,303,l_1747230857.646.jpg
0,0,0,0,303,l_1747230859.641.jpg
0,0,0,0,303,l_1747230862.300.jpg
0,0,0,0,304,l_1733729120.531.jpg
0,0,0,0,304,l_1733729121.987.jpg
0,0,0,0,304,l_1733729124.479.jpg
0,0,0,0,304,l_1737266956.222.jpg
0,0,0,0,304,l_1737266956.777.jpg
0,0,0,0,304,l_1737266957.210.jpg
0,0,0,0,304,l_1737266958.159.jpg
0,0,0,0,304,l_1737266959.347.jpg
0,0,0,0,304,l_1737266960.237.jpg
0,0,0,0,304,l_1737266960.568.jpg
0,0,0,0,304,l_1737453549.223.jpg
0,0,0,0,304,l_1737453551.999.jpg
0,0,0,0,304,l_1737453552.182.jpg
0,0,0,0,304,l_1737453553.178.jpg
0,0,0,0,304,l_1737453553.860.jpg
0,0,0,0,304,l_1737453554.648.jpg
0,0,0,0,304,l_1737454657.594.jpg
0,0,0,0,304,l_1737454657.778.jpg
0,0,0,0,304,l_1737454658.511.jpg
0,0,0,0,304,l_1737454658.526.jpg
0,0,0,0,304,l_1737454659.598.jpg
0,0,0,0,304,l_1737539629.152.jpg
0,0,0,0,304,l_1737539631.576.jpg
0,0,0,0,304,l_1737539632.774.jpg
0,0,0,0,304,l_1737539633.695.jpg
0,0,0,0,304,l_1738748122.481.jpg
0,0,0,0,304,l_1738748123.249.jpg
0,0,0,0,304,l_1738748123.559.jpg
0,0,0,0,304,l_1738748124.484.jpg
0,0,0,0,304,l_1738748126.201.jpg
0,0,0,0,304,l_1739781000.868.jpg
0,0,0,0,304,l_1739781001.230.jpg
0,0,0,0,304,l_1739781003.842.jpg
0,0,0,0,304,l_1739781005.314.jpg
0,0,0,0,304,l_1739781007.990.jpg
0,0,0,0,304,l_1739870830.367.jpg
0,0,0,0,304,l_1739870831.586.jpg
0,0,0,0,304,l_1741079892.937.jpg
0,0,0,0,304,l_1741079894.866.jpg
0,0,0,0,304,l_1741079896.336.jpg
0,0,0,0,304,l_1741079896.785.jpg
0,0,0,0,304,l_1741079897.661.jpg
0,0,0,0,304,l_1742452039.213.jpg
0,0,0,0,304,l_1742452040.250.jpg
0,0,0,0,304,l_1742452040.327.jpg
0,0,0,0,304,l_1742452044.275.jpg
0,0,0,0,304,l_1742452044.575.jpg
0,0,0,0,304,l_1742452045.605.jpg
0,0,0,0,304,l_1742452046.498.jpg
0,0,0,0,304,l_1742530391.272.jpg
0,0,0,0,304,l_1742530392.130.jpg
0,0,0,0,304,l_1742530392.931.jpg
0,0,0,0,304,l_1742530393.550.jpg
0,0,0,0,304,l_1742530394.659.jpg
0,0,0,0,304,l_1742558227.270.jpg
0,0,0,0,304,l_1742558232.261.jpg
0,0,0,0,304,l_1742558232.928.jpg
0,0,0,0,304,l_1742558233.190.jpg
0,0,0,0,304,l_1742558234.920.jpg
0,0,0,0,304,l_1743153473.497.jpg
0,0,0,0,304,l_1743153474.299.jpg
0,0,0,0,304,l_1743153474.577.jpg
0,0,0,0,304,l_1743153475.995.jpg
0,0,0,0,304,l_1743153476.898.jpg
0,0,0,0,304,l_1743494423.740.jpg
0,0,0,0,304,l_1743494424.892.jpg
0,0,0,0,304,l_1743494425.267.jpg
0,0,0,0,304,l_1744286064.858.jpg
0,0,0,0,304,l_1744286064.965.jpg
0,0,0,0,304,l_1744286065.517.jpg
0,0,0,0,304,l_1744286068.591.jpg
0,0,0,0,304,l_1744286068.894.jpg
0,0,0,0,304,l_1744286069.623.jpg
0,0,0,0,304,l_1744678629.567.jpg
0,0,0,0,304,l_1744678630.381.jpg
0,0,0,0,304,l_1744678631.617.jpg
0,0,0,0,304,l_1744678635.430.jpg
0,0,0,0,304,l_1744678636.415.jpg
0,0,0,0,304,l_1745900028.399.jpg
0,0,0,0,304,l_1745900028.846.jpg
0,0,0,0,304,l_1745900029.742.jpg
0,0,0,0,304,l_1745900030.401.jpg
0,0,0,0,304,l_1745900030.872.jpg
0,0,0,0,304,l_1746700080.252.jpg
0,0,0,0,304,l_1746700080.750.jpg
0,0,0,0,304,l_1746700081.432.jpg
0,0,0,0,304,l_1746700081.655.jpg
0,0,0,0,304,l_1746700082.315.jpg
0,0,0,0,304,l_1746700084.304.jpg
0,0,0,0,304,l_1747016258.652.jpg
0,0,0,0,304,l_1747016259.110.jpg
0,0,0,0,304,l_1747016259.376.jpg
0,0,0,0,304,l_1747016260.604.jpg
0,0,0,0,304,l_1747016260.798.jpg
0,0,0,0,304,l_1747123797.610.jpg
0,0,0,0,305,l_1741685443.102.jpg
0,0,0,0,305,l_1741685444.281.jpg
0,0,0,0,305,l_1741685445.965.jpg
0,0,0,0,305,l_1741685446.267.jpg
0,0,0,0,305,l_1741685447.264.jpg
0,0,0,0,305,l_1743406503.126.jpg
0,0,0,0,305,l_1743406510.521.jpg
0,0,0,0,305,l_1743406518.495.jpg
0,0,0,0,305,l_1743406529.980.jpg
0,0,0,0,305,l_1743406536.546.jpg
0,0,0,0,305,l_1743652518.520.jpg
0,0,0,0,305,l_1743652519.451.jpg
0,0,0,0,305,l_1743652519.791.jpg
0,0,0,0,305,l_1743652521.186.jpg
0,0,0,0,305,l_1743778297.251.jpg
0,0,0,0,305,l_1743778299.923.jpg
0,0,0,0,305,l_1743778301.391.jpg
0,0,0,0,305,l_1744254785.425.jpg
0,0,0,0,305,l_1744254786.500.jpg
0,0,0,0,305,l_1744254786.556.jpg
0,0,0,0,305,l_1744254787.376.jpg
0,0,0,0,305,l_1744254788.477.jpg
0,0,0,0,305,l_1745832578.921.jpg
0,0,0,0,305,l_1745832579.197.jpg
0,0,0,0,305,l_1745832579.559.jpg
0,0,0,0,305,l_1745888894.616.jpg
0,0,0,0,305,l_1745888895.821.jpg
0,0,0,0,305,l_1745888896.959.jpg
0,0,0,0,305,l_1745888898.275.jpg
0,0,0,0,305,l_1745888900.455.jpg
0,0,0,0,305,l_1745888901.418.jpg
0,0,0,0,305,l_1746245338.301.jpg
0,0,0,0,305,l_1746245339.222.jpg
0,0,0,0,305,l_1746245339.405.jpg
0,0,0,0,305,l_1746245340.594.jpg
0,0,0,0,305,l_1746587556.641.jpg
0,0,0,0,305,l_1746587556.820.jpg
0,0,0,0,305,l_1746587557.669.jpg
0,0,0,0,305,l_1746587558.848.jpg
0,0,0,0,305,l_1746587560.165.jpg
0,0,0,0,305,l_1746588902.152.jpg
0,0,0,0,305,l_1746588902.426.jpg
0,0,0,0,305,l_1746588903.106.jpg
0,0,0,0,305,l_1746588903.597.jpg
0,0,0,0,305,l_1746588903.621.jpg
0,0,0,0,305,l_1746593254.402.jpg
0,0,0,0,305,l_1746593261.659.jpg
0,0,0,0,305,l_1746593262.909.jpg
0,0,0,0,305,l_1746593263.669.jpg
0,0,0,0,305,l_1746593264.778.jpg
0,0,0,0,305,l_1746603040.417.jpg
0,0,0,0,305,l_1746603041.841.jpg
0,0,0,0,305,l_1746603042.371.jpg
0,0,0,0,305,l_1746603042.534.jpg
0,0,0,0,305,l_1746788993.798.jpg
0,0,0,0,305,l_1746788995.691.jpg
0,0,0,0,305,l_1746789015.376.jpg
0,0,0,0,305,l_1746882451.280.jpg
0,0,0,0,305,l_1746882467.263.jpg
0,0,0,0,305,l_1746882486.558.jpg
0,0,0,0,305,l_1746882489.593.jpg
0,0,0,0,305,l_1746882491.276.jpg
0,0,0,0,305,l_1746882513.326.jpg
0,0,0,0,305,l_1747033937.895.jpg
0,0,0,0,305,l_1747033938.686.jpg
0,0,0,0,305,l_1747033939.523.jpg
0,0,0,0,305,l_1747033939.596.jpg
0,0,0,0,305,l_1747033940.917.jpg
0,0,0,0,305,l_1747137737.350.jpg
0,0,0,0,305,l_1747137738.521.jpg
0,0,0,0,305,l_1747137738.888.jpg
0,0,0,0,305,l_1747137743.195.jpg
0,0,0,0,305,l_1747192049.633.jpg
0,0,0,0,305,l_1747208794.573.jpg
0,0,0,0,305,l_1747208794.779.jpg
0,0,0,0,305,l_1747208795.880.jpg
0,0,0,0,305,l_1747210626.840.jpg
0,0,0,0,305,l_1747210629.786.jpg
0,0,0,0,305,l_1747210630.160.jpg
0,0,0,0,305,l_1747210634.527.jpg
0,0,0,0,305,l_1747210635.749.jpg
0,0,0,0,305,l_1747212374.905.jpg
0,0,0,0,305,l_1747212379.657.jpg
0,0,0,0,305,l_1747212384.218.jpg
0,0,0,0,306,l_1732005406.588.jpg
0,0,0,0,306,l_1732005408.139.jpg
0,0,0,0,306,l_1732005415.145.jpg
0,0,0,0,306,l_1732005430.988.jpg
0,0,0,0,306,l_1735888939.122.jpg
0,0,0,0,306,l_1735888940.303.jpg
0,0,0,0,306,l_1735888941.200.jpg
0,0,0,0,306,l_1735888941.576.jpg
0,0,0,0,306,l_1735888942.818.jpg
0,0,0,0,306,l_1735888944.205.jpg
0,0,0,0,306,l_1737082991.576.jpg
0,0,0,0,306,l_1737082993.638.jpg
0,0,0,0,306,l_1742890927.692.jpg
0,0,0,0,306,l_1742890927.957.jpg
0,0,0,0,306,l_1742890928.103.jpg
0,0,0,0,306,l_1742890928.464.jpg
0,0,0,0,306,l_1742890929.743.jpg
0,0,0,0,306,l_1742890929.895.jpg
0,0,0,0,306,l_1742976029.311.jpg
0,0,0,0,306,l_1742976030.377.jpg
0,0,0,0,306,l_1742976031.971.jpg
0,0,0,0,306,l_1742976033.677.jpg
0,0,0,0,306,l_1743736346.481.jpg
0,0,0,0,306,l_1743736348.825.jpg
0,0,0,0,306,l_1743736348.992.jpg
0,0,0,0,306,l_1743736349.760.jpg
0,0,0,0,306,l_1743736350.954.jpg
0,0,0,0,306,l_1744274018.112.jpg
0,0,0,0,306,l_1744274018.844.jpg
0,0,0,0,306,l_1744274019.687.jpg
0,0,0,0,306,l_1744361472.155.jpg
0,0,0,0,306,l_1744361472.282.jpg
0,0,0,0,306,l_1744361473.586.jpg
0,0,0,0,306,l_1744361474.840.jpg
0,0,0,0,306,l_1744386199.508.jpg
0,0,0,0,306,l_1744386199.729.jpg
0,0,0,0,306,l_1744386200.329.jpg
0,0,0,0,306,l_1744386200.618.jpg
0,0,0,0,306,l_1744387100.229.jpg
0,0,0,0,306,l_1744387127.184.jpg
0,0,0,0,306,l_1744387128.388.jpg
0,0,0,0,306,l_1744387130.476.jpg
0,0,0,0,306,l_1744387131.840.jpg
0,0,0,0,306,l_1744595658.660.jpg
0,0,0,0,306,l_1744595660.716.jpg
0,0,0,0,306,l_1744595660.810.jpg
0,0,0,0,306,l_1744595661.990.jpg
0,0,0,0,306,l_1746528035.730.jpg
0,0,0,0,306,l_1746528054.277.jpg
0,0,0,0,306,l_1746528057.308.jpg
0,0,0,0,306,l_1746581852.717.jpg
0,0,0,0,306,l_1746581856.168.jpg
0,0,0,0,306,l_1746581863.553.jpg
0,0,0,0,306,l_1746581868.304.jpg
0,0,0,0,306,l_1746581876.962.jpg
0,0,0,0,306,l_1746586027.493.jpg
0,0,0,0,306,l_1746586028.618.jpg
0,0,0,0,306,l_1746586028.762.jpg
0,0,0,0,306,l_1746586029.568.jpg
0,0,0,0,306,l_1746586030.587.jpg
0,0,0,0,306,l_1746696371.651.jpg
0,0,0,0,306,l_1746696372.236.jpg
0,0,0,0,306,l_1746696372.997.jpg
0,0,0,0,306,l_1746696373.402.jpg
0,0,0,0,306,l_1746968319.336.jpg
0,0,0,0,306,l_1746968319.670.jpg
0,0,0,0,306,l_1746968320.512.jpg
0,0,0,0,306,l_1746968320.909.jpg
0,0,0,0,306,l_1746968321.257.jpg
0,0,0,0,306,l_1746968323.197.jpg
0,0,0,0,306,l_1747052251.610.jpg
0,0,0,0,306,l_1747052251.839.jpg
0,0,0,0,306,l_1747052252.638.jpg
0,0,0,0,306,l_1747052252.956.jpg
0,0,0,0,306,l_1747061108.689.jpg
0,0,0,0,306,l_1747061109.958.jpg
0,0,0,0,306,l_1747061112.131.jpg
0,0,0,0,306,l_1747061113.175.jpg
0,0,0,0,306,l_1747149866.606.jpg
0,0,0,0,306,l_1747149868.474.jpg
0,0,0,0,306,l_1747149869.753.jpg
0,0,0,0,306,l_1747149910.572.jpg
0,0,0,0,306,l_1747203890.582.jpg
0,0,0,0,306,l_1747203891.560.jpg
0,0,0,0,307,l_1723343645.255.jpg
0,0,0,0,307,l_1723343646.167.jpg
0,0,0,0,307,l_1723343653.232.jpg
0,0,0,0,307,l_1723343654.381.jpg
0,0,0,0,307,l_1723343655.217.jpg
0,0,0,0,307,l_1728957101.694.jpg
0,0,0,0,307,l_1728957102.809.jpg
0,0,0,0,307,l_1728957103.368.jpg
0,0,0,0,307,l_1728957103.530.jpg
0,0,0,0,307,l_1734315656.131.jpg
0,0,0,0,307,l_1734315657.441.jpg
0,0,0,0,307,l_1734315658.142.jpg
0,0,0,0,307,l_1734315660.288.jpg
0,0,0,0,307,l_1734315661.323.jpg
0,0,0,0,307,l_1734676290.538.jpg
0,0,0,0,307,l_1734676290.942.jpg
0,0,0,0,307,l_1739536873.130.jpg
0,0,0,0,307,l_1739536874.206.jpg
0,0,0,0,307,l_1739536879.390.jpg
0,0,0,0,307,l_1739536881.378.jpg
0,0,0,0,307,l_1740247944.634.jpg
0,0,0,0,307,l_1740247945.150.jpg
0,0,0,0,307,l_1740247946.486.jpg
0,0,0,0,307,l_1740247968.390.jpg
0,0,0,0,307,l_1740794055.845.jpg
0,0,0,0,307,l_1740794056.726.jpg
0,0,0,0,307,l_1740794058.437.jpg
0,0,0,0,307,l_1740794058.868.jpg
0,0,0,0,307,l_1742275155.121.jpg
0,0,0,0,307,l_1742275157.391.jpg
0,0,0,0,307,l_1742275160.366.jpg
0,0,0,0,307,l_1742275162.130.jpg
0,0,0,0,307,l_1742275162.226.jpg
0,0,0,0,307,l_1742275163.389.jpg
0,0,0,0,308,l_1717836893.280.jpg
0,0,0,0,308,l_1717836894.316.jpg
0,0,0,0,308,l_1717836894.390.jpg
0,0,0,0,308,l_1717836895.234.jpg
0,0,0,0,308,l_1717836895.938.jpg
0,0,0,0,308,l_1717836896.688.jpg
0,0,0,0,308,l_1736868691.281.jpg
0,0,0,0,308,l_1738736563.364.jpg
0,0,0,0,308,l_1738736563.569.jpg
0,0,0,0,308,l_1738736564.549.jpg
0,0,0,0,308,l_1739344941.752.jpg
0,0,0,0,308,l_1739344942.420.jpg
0,0,0,0,308,l_1739344943.380.jpg
0,0,0,0,308,l_1739344943.718.jpg
0,0,0,0,308,l_1740118838.261.jpg
0,0,0,0,308,l_1740118838.820.jpg
0,0,0,0,308,l_1740118839.451.jpg
0,0,0,0,308,l_1740118840.429.jpg
0,0,0,0,308,l_1740118841.299.jpg
0,0,0,0,308,l_1741760227.729.jpg
0,0,0,0,308,l_1741760228.485.jpg
0,0,0,0,308,l_1741760230.846.jpg
0,0,0,0,308,l_1741760232.224.jpg
0,0,0,0,308,l_1742567257.258.jpg
0,0,0,0,308,l_1742567260.268.jpg
0,0,0,0,308,l_1742567261.727.jpg
0,0,0,0,308,l_1742567262.651.jpg
0,0,0,0,308,l_1742567264.107.jpg
0,0,0,0,308,l_1742567266.140.jpg
0,0,0,0,308,l_1743665638.543.jpg
0,0,0,0,308,l_1743665645.139.jpg
0,0,0,0,308,l_1743665650.792.jpg
0,0,0,0,308,l_1744248148.759.jpg
0,0,0,0,308,l_1744248149.614.jpg
0,0,0,0,308,l_1744248149.720.jpg
0,0,0,0,308,l_1744248149.874.jpg
0,0,0,0,308,l_1744248150.869.jpg
0,0,0,0,308,l_1744432384.543.jpg
0,0,0,0,308,l_1744432387.660.jpg
0,0,0,0,308,l_1744432389.127.jpg
0,0,0,0,308,l_1744432391.228.jpg
0,0,0,0,308,l_1744432393.381.jpg
0,0,0,0,308,l_1744856646.172.jpg
0,0,0,0,308,l_1744856649.587.jpg
0,0,0,0,308,l_1744856651.197.jpg
0,0,0,0,308,l_1744856653.427.jpg
0,0,0,0,308,l_1744856675.635.jpg
0,0,0,0,308,l_1745286384.950.jpg
0,0,0,0,308,l_1745286385.314.jpg
0,0,0,0,308,l_1745286386.453.jpg
0,0,0,0,308,l_1745286386.593.jpg
0,0,0,0,308,l_1745286388.355.jpg
0,0,0,0,308,l_1745643084.317.jpg
0,0,0,0,308,l_1745643085.215.jpg
0,0,0,0,308,l_1745643085.423.jpg
0,0,0,0,308,l_1745643086.389.jpg
0,0,0,0,308,l_1745643086.990.jpg
0,0,0,0,308,l_1745809939.331.jpg
0,0,0,0,308,l_1745809940.924.jpg
0,0,0,0,308,l_1745809941.636.jpg
0,0,0,0,308,l_1745809943.788.jpg
0,0,0,0,308,l_1745809944.103.jpg
0,0,0,0,308,l_1745810496.652.jpg
0,0,0,0,308,l_1745810497.269.jpg
0,0,0,0,308,l_1745810498.254.jpg
0,0,0,0,308,l_1745810501.857.jpg
0,0,0,0,308,l_1745810501.901.jpg
0,0,0,0,308,l_1745810502.600.jpg
0,0,0,0,308,l_1746356610.964.jpg
0,0,0,0,308,l_1746356611.303.jpg
0,0,0,0,308,l_1746356611.464.jpg
0,0,0,0,308,l_1746356612.847.jpg
0,0,0,0,308,l_1746356613.171.jpg
0,0,0,0,308,l_1746494382.436.jpg
0,0,0,0,308,l_1746494383.763.jpg
0,0,0,0,308,l_1746494384.783.jpg
0,0,0,0,308,l_1746494384.876.jpg
0,0,0,0,308,l_1746494384.940.jpg
0,0,0,0,308,l_1746691950.309.jpg
0,0,0,0,308,l_1746691950.709.jpg
0,0,0,0,308,l_1746691951.442.jpg
0,0,0,0,308,l_1746691951.905.jpg
0,0,0,0,308,l_1746691952.733.jpg
0,0,0,0,308,l_1746843163.584.jpg
0,0,0,0,308,l_1746843164.488.jpg
0,0,0,0,308,l_1746843164.547.jpg
0,0,0,0,308,l_1746843165.551.jpg
0,0,0,0,308,l_1747208979.721.jpg
0,0,0,0,308,l_1747208979.978.jpg
0,0,0,0,308,l_1747208980.117.jpg
0,0,0,0,308,l_1747208980.452.jpg
0,0,0,0,308,l_1747208984.366.jpg
0,0,0,0,309,l_1722405955.427.jpg
0,0,0,0,309,l_1722405958.759.jpg
0,0,0,0,309,l_1722405961.255.jpg
0,0,0,0,309,l_1722405964.402.jpg
0,0,0,0,309,l_1722405985.617.jpg
0,0,0,0,309,l_1724220826.323.jpg
0,0,0,0,309,l_1724220827.108.jpg
0,0,0,0,309,l_1724220828.825.jpg
0,0,0,0,309,l_1724220830.690.jpg
0,0,0,0,309,l_1724220831.512.jpg
0,0,0,0,309,l_1733209796.249.jpg
0,0,0,0,309,l_1733209797.342.jpg
0,0,0,0,309,l_1733209799.419.jpg
0,0,0,0,309,l_1733209800.133.jpg
0,0,0,0,309,l_1733209841.195.jpg
0,0,0,0,309,l_1733209891.649.jpg
0,0,0,0,309,l_1734930161.159.jpg
0,0,0,0,309,l_1734930161.300.jpg
0,0,0,0,309,l_1734930162.557.jpg
0,0,0,0,309,l_1734930165.812.jpg
0,0,0,0,309,l_1735790652.390.jpg
0,0,0,0,309,l_1735790653.678.jpg
0,0,0,0,309,l_1735790654.746.jpg
0,0,0,0,309,l_1735790655.154.jpg
0,0,0,0,309,l_1735790656.687.jpg
0,0,0,0,309,l_1735790657.918.jpg
0,0,0,0,309,l_1735791220.426.jpg
0,0,0,0,309,l_1735791340.169.jpg
0,0,0,0,309,l_1735791341.336.jpg
0,0,0,0,309,l_1735791342.158.jpg
0,0,0,0,309,l_1735791342.933.jpg
0,0,0,0,309,l_1735791344.661.jpg
0,0,0,0,309,l_1735791345.112.jpg
0,0,0,0,309,l_1735792181.596.jpg
0,0,0,0,309,l_1735792182.581.jpg
0,0,0,0,309,l_1735792183.449.jpg
0,0,0,0,309,l_1735792184.315.jpg
0,0,0,0,309,l_1735792186.576.jpg
0,0,0,0,309,l_1735792203.698.jpg
0,0,0,0,309,l_1735792320.385.jpg
0,0,0,0,309,l_1735792321.432.jpg
0,0,0,0,309,l_1736827959.375.jpg
0,0,0,0,309,l_1736827959.634.jpg
0,0,0,0,309,l_1736827960.183.jpg
0,0,0,0,309,l_1736827961.988.jpg
0,0,0,0,309,l_1736827962.543.jpg
0,0,0,0,309,l_1736827962.588.jpg
0,0,0,0,309,l_1740994383.575.jpg
0,0,0,0,309,l_1740994384.357.jpg
0,0,0,0,309,l_1740994385.449.jpg
0,0,0,0,309,l_1740994386.644.jpg
0,0,0,0,309,l_1740994386.787.jpg
0,0,0,0,309,l_1741146622.389.jpg
0,0,0,0,309,l_1741146623.923.jpg
0,0,0,0,309,l_1741146624.396.jpg
0,0,0,0,309,l_1741149523.794.jpg
0,0,0,0,309,l_1741149532.669.jpg
0,0,0,0,309,l_1741149534.884.jpg
0,0,0,0,309,l_1741149539.855.jpg
0,0,0,0,309,l_1741223828.600.jpg
0,0,0,0,309,l_1741223835.232.jpg
0,0,0,0,309,l_1741223840.475.jpg
0,0,0,0,309,l_1741223842.583.jpg
0,0,0,0,309,l_1741223844.763.jpg
0,0,0,0,309,l_1741223848.730.jpg
0,0,0,0,309,l_1741223852.928.jpg
0,0,0,0,309,l_1741223855.249.jpg
0,0,0,0,309,l_1741223857.278.jpg
0,0,0,0,309,l_1744354796.894.jpg
0,0,0,0,309,l_1744354804.540.jpg
0,0,0,0,309,l_1744354805.564.jpg
0,0,0,0,309,l_1744354807.113.jpg
0,0,0,0,309,l_1744458311.329.jpg
0,0,0,0,309,l_1744458312.179.jpg
0,0,0,0,309,l_1744458312.211.jpg
0,0,0,0,309,l_1744631679.697.jpg
0,0,0,0,309,l_1744631679.771.jpg
0,0,0,0,309,l_1744631680.799.jpg
0,0,0,0,309,l_1744631681.125.jpg
0,0,0,0,309,l_1744631681.129.jpg
0,0,0,0,309,l_1745290996.423.jpg
0,0,0,0,309,l_1745290998.572.jpg
0,0,0,0,309,l_1745291002.838.jpg
0,0,0,0,309,l_1745291003.442.jpg
0,0,0,0,309,l_1745291004.160.jpg
0,0,0,0,309,l_1745912269.411.jpg
0,0,0,0,309,l_1745912269.864.jpg
0,0,0,0,309,l_1745912270.451.jpg
0,0,0,0,309,l_1745912271.591.jpg
0,0,0,0,309,l_1745912272.442.jpg
0,0,0,0,309,l_1747198737.146.jpg
0,0,0,0,309,l_1747198737.620.jpg
0,0,0,0,309,l_1747198737.982.jpg
0,0,0,0,309,l_1747198738.105.jpg
0,0,0,0,309,l_1747198738.186.jpg
0,0,0,0,309,l_1747204658.893.jpg
0,0,0,0,309,l_1747204661.672.jpg
0,0,0,0,309,l_1747204663.441.jpg
0,0,0,0,310,l_1732591926.439.jpg
0,0,0,0,310,l_1732591928.418.jpg
0,0,0,0,310,l_1732591929.711.jpg
0,0,0,0,310,l_1732591930.584.jpg
0,0,0,0,310,l_1732591931.632.jpg
0,0,0,0,310,l_1732605005.881.jpg
0,0,0,0,310,l_1732605017.328.jpg
0,0,0,0,310,l_1732605018.545.jpg
0,0,0,0,310,l_1732605019.741.jpg
0,0,0,0,310,l_1732605020.245.jpg
0,0,0,0,310,l_1735095857.986.jpg
0,0,0,0,310,l_1735095860.823.jpg
0,0,0,0,310,l_1735095861.827.jpg
0,0,0,0,310,l_1735095862.331.jpg
0,0,0,0,310,l_1735095863.741.jpg
0,0,0,0,310,l_1735095865.570.jpg
0,0,0,0,310,l_1741870408.487.jpg
0,0,0,0,310,l_1741870419.815.jpg
0,0,0,0,310,l_1741870423.342.jpg
0,0,0,0,310,l_1741870431.990.jpg
0,0,0,0,310,l_1741870434.576.jpg
0,0,0,0,310,l_1742195916.507.jpg
0,0,0,0,310,l_1742195923.590.jpg
0,0,0,0,310,l_1742195924.877.jpg
0,0,0,0,310,l_1742195925.374.jpg
0,0,0,0,310,l_1742269590.503.jpg
0,0,0,0,310,l_1742269591.559.jpg
0,0,0,0,310,l_1742269591.957.jpg
0,0,0,0,310,l_1742269592.438.jpg
0,0,0,0,310,l_1742269593.685.jpg
0,0,0,0,310,l_1742439657.981.jpg
0,0,0,0,310,l_1742439658.673.jpg
0,0,0,0,310,l_1742439659.236.jpg
0,0,0,0,310,l_1742439660.735.jpg
0,0,0,0,310,l_1742439661.767.jpg
0,0,0,0,310,l_1743152771.510.jpg
0,0,0,0,310,l_1743152772.316.jpg
0,0,0,0,310,l_1743152773.951.jpg
0,0,0,0,310,l_1745037687.541.jpg
0,0,0,0,310,l_1745037688.191.jpg
0,0,0,0,310,l_1745037688.415.jpg
0,0,0,0,310,l_1745037689.565.jpg
0,0,0,0,310,l_1745037690.287.jpg
0,0,0,0,310,l_1745064520.404.jpg
0,0,0,0,310,l_1745064520.735.jpg
0,0,0,0,310,l_1745064546.903.jpg
0,0,0,0,310,l_1745064546.940.jpg
0,0,0,0,310,l_1745203607.577.jpg
0,0,0,0,310,l_1745203608.611.jpg
0,0,0,0,310,l_1745203609.980.jpg
0,0,0,0,310,l_1745203610.340.jpg
0,0,0,0,310,l_1745203610.934.jpg
0,0,0,0,310,l_1745426034.596.jpg
0,0,0,0,310,l_1745426074.652.jpg
0,0,0,0,310,l_1745426089.924.jpg
0,0,0,0,310,l_1745464952.957.jpg
0,0,0,0,310,l_1745464954.492.jpg
0,0,0,0,310,l_1745464955.555.jpg
0,0,0,0,310,l_1745464956.142.jpg
0,0,0,0,310,l_1745464956.590.jpg
0,0,0,0,310,l_1745464957.688.jpg
0,0,0,0,310,l_1745725114.841.jpg
0,0,0,0,310,l_1745725115.427.jpg
0,0,0,0,310,l_1745725115.699.jpg
0,0,0,0,310,l_1745725116.373.jpg
0,0,0,0,310,l_1746160092.128.jpg
0,0,0,0,310,l_1746160098.174.jpg
0,0,0,0,310,l_1746160101.743.jpg
0,0,0,0,310,l_1746160103.437.jpg
0,0,0,0,310,l_1746160105.981.jpg
0,0,0,0,310,l_1746160112.456.jpg
0,0,0,0,310,l_1746414666.922.jpg
0,0,0,0,310,l_1746414667.168.jpg
0,0,0,0,310,l_1746414667.476.jpg
0,0,0,0,310,l_1746414668.223.jpg
0,0,0,0,310,l_1746414668.824.jpg
0,0,0,0,310,l_1746437037.606.jpg
0,0,0,0,310,l_1746437038.837.jpg
0,0,0,0,310,l_1746437039.319.jpg
0,0,0,0,310,l_1746780371.317.jpg
0,0,0,0,310,l_1746780372.236.jpg
0,0,0,0,310,l_1746780373.532.jpg
0,0,0,0,310,l_1746780373.686.jpg
0,0,0,0,310,l_1746780374.780.jpg
0,0,0,0,310,l_1746838094.149.jpg
0,0,0,0,310,l_1746838095.720.jpg
0,0,0,0,310,l_1746838095.733.jpg
0,0,0,0,310,l_1746838096.565.jpg
0,0,0,0,310,l_1746838096.992.jpg
0,0,0,0,310,l_1747038007.189.jpg
0,0,0,0,310,l_1747038008.665.jpg
0,0,0,0,310,l_1747038011.674.jpg
0,0,0,0,310,l_1747038012.614.jpg
0,0,0,0,310,l_1747038012.949.jpg
0,0,0,0,310,l_1747038013.367.jpg
0,0,0,0,311,l_1733823117.178.jpg
0,0,0,0,311,l_1733823117.372.jpg
0,0,0,0,311,l_1733823118.547.jpg
0,0,0,0,311,l_1736525819.460.jpg
0,0,0,0,311,l_1736525820.258.jpg
0,0,0,0,311,l_1736525820.410.jpg
0,0,0,0,311,l_1736525821.250.jpg
0,0,0,0,311,l_1736525821.904.jpg
0,0,0,0,311,l_1736528667.477.jpg
0,0,0,0,311,l_1736528670.871.jpg
0,0,0,0,311,l_1736528811.397.jpg
0,0,0,0,311,l_1736575384.476.jpg
0,0,0,0,311,l_1736575385.237.jpg
0,0,0,0,311,l_1736575385.536.jpg
0,0,0,0,311,l_1736575385.583.jpg
0,0,0,0,311,l_1736575386.150.jpg
0,0,0,0,311,l_1736822917.288.jpg
0,0,0,0,311,l_1736822917.297.jpg
0,0,0,0,311,l_1736822917.643.jpg
0,0,0,0,311,l_1736822918.131.jpg
0,0,0,0,311,l_1736822919.311.jpg
0,0,0,0,311,l_1736822962.755.jpg
0,0,0,0,311,l_1740057588.258.jpg
0,0,0,0,311,l_1740057588.659.jpg
0,0,0,0,311,l_1740057589.237.jpg
0,0,0,0,311,l_1740057589.433.jpg
0,0,0,0,311,l_1740057590.336.jpg
0,0,0,0,311,l_1740057590.829.jpg
0,0,0,0,311,l_1740229972.670.jpg
0,0,0,0,311,l_1740229972.786.jpg
0,0,0,0,311,l_1740229973.127.jpg
0,0,0,0,311,l_1740229973.287.jpg
0,0,0,0,311,l_1740229973.714.jpg
0,0,0,0,311,l_1740229974.923.jpg
0,0,0,0,311,l_1740229975.312.jpg
0,0,0,0,311,l_1740229976.223.jpg
0,0,0,0,311,l_1742487175.668.jpg
0,0,0,0,311,l_1742487176.874.jpg
0,0,0,0,311,l_1742487177.925.jpg
0,0,0,0,311,l_1744787226.717.jpg
0,0,0,0,311,l_1744787227.546.jpg
0,0,0,0,311,l_1744787228.152.jpg
0,0,0,0,311,l_1744787229.462.jpg
0,0,0,0,311,l_1744787230.408.jpg
0,0,0,0,311,l_1744861985.596.jpg
0,0,0,0,311,l_1744861986.580.jpg
0,0,0,0,311,l_1744861988.313.jpg
0,0,0,0,311,l_1744861989.824.jpg
0,0,0,0,311,l_1744861993.109.jpg
0,0,0,0,311,l_1745202083.250.jpg
0,0,0,0,311,l_1745311019.236.jpg
0,0,0,0,311,l_1745311019.308.jpg
0,0,0,0,311,l_1745311020.431.jpg
0,0,0,0,311,l_1745311021.675.jpg
0,0,0,0,311,l_1745311023.786.jpg
0,0,0,0,311,l_1745491759.106.jpg
0,0,0,0,311,l_1745491759.404.jpg
0,0,0,0,311,l_1745491759.640.jpg
0,0,0,0,311,l_1745491760.178.jpg
0,0,0,0,311,l_1745491760.740.jpg
0,0,0,0,311,l_1745735377.833.jpg
0,0,0,0,311,l_1745735377.974.jpg
0,0,0,0,311,l_1745735378.567.jpg
0,0,0,0,311,l_1745735378.879.jpg
0,0,0,0,311,l_1745735380.104.jpg
0,0,0,0,311,l_1745751655.332.jpg
0,0,0,0,311,l_1745751656.295.jpg
0,0,0,0,311,l_1745751656.628.jpg
0,0,0,0,311,l_1745751658.109.jpg
0,0,0,0,311,l_1745751658.371.jpg
0,0,0,0,311,l_1745751659.956.jpg
0,0,0,0,311,l_1746278244.353.jpg
0,0,0,0,311,l_1746278244.787.jpg
0,0,0,0,311,l_1746278245.965.jpg
0,0,0,0,311,l_1746278246.185.jpg
0,0,0,0,311,l_1746278246.749.jpg
0,0,0,0,311,l_1746278332.105.jpg
0,0,0,0,311,l_1746443952.542.jpg
0,0,0,0,311,l_1746443953.666.jpg
0,0,0,0,311,l_1746522034.jpg
0,0,0,0,311,l_1746945960.420.jpg
0,0,0,0,311,l_1746945961.241.jpg
0,0,0,0,311,l_1746945962.326.jpg
0,0,0,0,311,l_1746945962.388.jpg
0,0,0,0,311,l_1746945963.447.jpg
0,0,0,0,311,l_1747039430.289.jpg
0,0,0,0,311,l_1747039430.604.jpg
0,0,0,0,311,l_1747039431.615.jpg
0,0,0,0,311,l_1747039431.919.jpg
0,0,0,0,311,l_1747107780.355.jpg
0,0,0,0,311,l_1747107781.393.jpg
0,0,0,0,311,l_1747107781.507.jpg
0,0,0,0,311,l_1747107782.517.jpg
0,0,0,0,312,l_1728040631.233.jpg
0,0,0,0,312,l_1728040632.380.jpg
0,0,0,0,312,l_1728040633.432.jpg
0,0,0,0,312,l_1728040634.127.jpg
0,0,0,0,312,l_1733819660.918.jpg
0,0,0,0,312,l_1733819663.811.jpg
0,0,0,0,312,l_1733819677.854.jpg
0,0,0,0,312,l_1733819678.874.jpg
0,0,0,0,312,l_1733819685.793.jpg
0,0,0,0,312,l_1734348692.955.jpg
0,0,0,0,312,l_1734348695.358.jpg
0,0,0,0,312,l_1734348702.628.jpg
0,0,0,0,312,l_1734348703.265.jpg
0,0,0,0,312,l_1738842932.470.jpg
0,0,0,0,312,l_1738842933.837.jpg
0,0,0,0,312,l_1738842934.146.jpg
0,0,0,0,312,l_1738842934.469.jpg
0,0,0,0,312,l_1739077377.788.jpg
0,0,0,0,312,l_1739077378.278.jpg
0,0,0,0,312,l_1739077378.452.jpg
0,0,0,0,312,l_1740626366.261.jpg
0,0,0,0,312,l_1740626368.134.jpg
0,0,0,0,312,l_1740626372.677.jpg
0,0,0,0,312,l_1740626374.542.jpg
0,0,0,0,312,l_1740626376.169.jpg
0,0,0,0,312,l_1740626378.348.jpg
0,0,0,0,312,l_1740973823.982.jpg
0,0,0,0,312,l_1740973825.639.jpg
0,0,0,0,312,l_1740973828.295.jpg
0,0,0,0,312,l_1740973831.308.jpg
0,0,0,0,312,l_1741080590.231.jpg
0,0,0,0,312,l_1741080591.196.jpg
0,0,0,0,312,l_1741080591.472.jpg
0,0,0,0,312,l_1741080592.213.jpg
0,0,0,0,312,l_1741080593.182.jpg
0,0,0,0,312,l_1741234012.126.jpg
0,0,0,0,312,l_1741234013.451.jpg
0,0,0,0,312,l_1741234014.922.jpg
0,0,0,0,312,l_1741760079.293.jpg
0,0,0,0,312,l_1741760080.515.jpg
0,0,0,0,312,l_1741760082.909.jpg
0,0,0,0,312,l_1741760092.324.jpg
0,0,0,0,312,l_1741932844.163.jpg
0,0,0,0,312,l_1741932844.475.jpg
0,0,0,0,312,l_1741932845.995.jpg
0,0,0,0,312,l_1741932848.829.jpg
0,0,0,0,312,l_1742096536.150.jpg
0,0,0,0,312,l_1742096536.529.jpg
0,0,0,0,312,l_1742482189.289.jpg
0,0,0,0,312,l_1742482193.850.jpg
0,0,0,0,312,l_1742482254.184.jpg
0,0,0,0,312,l_1742952027.912.jpg
0,0,0,0,312,l_1742952033.219.jpg
0,0,0,0,312,l_1742952041.897.jpg
0,0,0,0,312,l_1742952047.921.jpg
0,0,0,0,312,l_1742952052.392.jpg
0,0,0,0,312,l_1743345577.156.jpg
0,0,0,0,312,l_1743345578.428.jpg
0,0,0,0,312,l_1743345579.488.jpg
0,0,0,0,312,l_1743817903.135.jpg
0,0,0,0,312,l_1743817904.938.jpg
0,0,0,0,312,l_1743817905.138.jpg
0,0,0,0,312,l_1743818047.218.jpg
0,0,0,0,312,l_1743818047.616.jpg
0,0,0,0,312,l_1743818048.205.jpg
0,0,0,0,312,l_1743818048.909.jpg
0,0,0,0,312,l_1743818049.671.jpg
0,0,0,0,312,l_1745311326.176.jpg
0,0,0,0,312,l_1745311327.397.jpg
0,0,0,0,312,l_1745311327.663.jpg
0,0,0,0,312,l_1745311328.863.jpg
0,0,0,0,312,l_1745311331.864.jpg
0,0,0,0,312,l_1745458925.601.jpg
0,0,0,0,312,l_1745458926.466.jpg
0,0,0,0,312,l_1745458927.388.jpg
0,0,0,0,312,l_1745458929.807.jpg
0,0,0,0,312,l_1745458930.223.jpg
0,0,0,0,312,l_1745458932.834.jpg
0,0,0,0,312,l_1745458933.394.jpg
0,0,0,0,312,l_1745724399.404.jpg
0,0,0,0,312,l_1745724399.443.jpg
0,0,0,0,312,l_1745724400.793.jpg
0,0,0,0,312,l_1745724400.897.jpg
0,0,0,0,313,l_1721548493.886.jpg
0,0,0,0,313,l_1721548494.593.jpg
0,0,0,0,313,l_1721548495.111.jpg
0,0,0,0,313,l_1721548495.282.jpg
0,0,0,0,313,l_1721548496.649.jpg
0,0,0,0,313,l_1726394193.580.jpg
0,0,0,0,313,l_1726394193.620.jpg
0,0,0,0,313,l_1726394194.214.jpg
0,0,0,0,313,l_1726394194.789.jpg
0,0,0,0,313,l_1727856244.388.jpg
0,0,0,0,313,l_1727856244.818.jpg
0,0,0,0,313,l_1727856245.450.jpg
0,0,0,0,313,l_1727856246.124.jpg
0,0,0,0,313,l_1727856246.528.jpg
0,0,0,0,313,l_1727856247.645.jpg
0,0,0,0,313,l_1727856248.467.jpg
0,0,0,0,313,l_1732112576.973.jpg
0,0,0,0,313,l_1732112577.736.jpg
0,0,0,0,313,l_1732112577.800.jpg
0,0,0,0,313,l_1732112578.865.jpg
0,0,0,0,313,l_1732112581.683.jpg
0,0,0,0,313,l_1732938724.523.jpg
0,0,0,0,313,l_1732938724.637.jpg
0,0,0,0,313,l_1732938727.517.jpg
0,0,0,0,313,l_1733381185.771.jpg
0,0,0,0,313,l_1733381187.648.jpg
0,0,0,0,313,l_1733381188.122.jpg
0,0,0,0,313,l_1733381188.357.jpg
0,0,0,0,313,l_1733819086.906.jpg
0,0,0,0,313,l_1733819087.168.jpg
0,0,0,0,313,l_1733819089.386.jpg
0,0,0,0,313,l_1733819089.742.jpg
0,0,0,0,313,l_1736177287.425.jpg
0,0,0,0,313,l_1736177288.594.jpg
0,0,0,0,313,l_1736177288.883.jpg
0,0,0,0,313,l_1736177289.161.jpg
0,0,0,0,313,l_1736177290.937.jpg
0,0,0,0,313,l_1736305439.241.jpg
0,0,0,0,313,l_1736305442.647.jpg
0,0,0,0,313,l_1736305446.234.jpg
0,0,0,0,313,l_1736305448.134.jpg
0,0,0,0,313,l_1736504470.108.jpg
0,0,0,0,313,l_1736504470.209.jpg
0,0,0,0,313,l_1736504471.375.jpg
0,0,0,0,313,l_1736504472.459.jpg
0,0,0,0,313,l_1736504472.663.jpg
0,0,0,0,313,l_1736504474.363.jpg
0,0,0,0,313,l_1741319726.408.jpg
0,0,0,0,313,l_1741319727.436.jpg
0,0,0,0,313,l_1741319728.923.jpg
0,0,0,0,313,l_1741319729.381.jpg
0,0,0,0,313,l_1741319730.734.jpg
0,0,0,0,313,l_1741319731.443.jpg
0,0,0,0,313,l_1741319732.477.jpg
0,0,0,0,313,l_1741930799.496.jpg
0,0,0,0,313,l_1741930800.976.jpg
0,0,0,0,313,l_1741930810.505.jpg
0,0,0,0,313,l_1741930811.218.jpg
0,0,0,0,313,l_1742379078.556.jpg
0,0,0,0,313,l_1742379078.884.jpg
0,0,0,0,313,l_1742379079.184.jpg
0,0,0,0,313,l_1742379079.725.jpg
0,0,0,0,313,l_1745207864.770.jpg
0,0,0,0,313,l_1745207865.250.jpg
0,0,0,0,313,l_1745207865.306.jpg
0,0,0,0,313,l_1745207865.330.jpg
0,0,0,0,313,l_1745207866.568.jpg
0,0,0,0,313,l_1745207929.804.jpg
0,0,0,0,313,l_1746519412.368.jpg
0,0,0,0,313,l_1746519412.434.jpg
0,0,0,0,313,l_1746519413.980.jpg
0,0,0,0,313,l_1746519414.763.jpg
0,0,0,0,313,l_1746519415.182.jpg
0,0,0,0,313,l_1746675250.413.jpg
0,0,0,0,313,l_1746675255.998.jpg
0,0,0,0,313,l_1746675259.147.jpg
0,0,0,0,313,l_1746675264.422.jpg
0,0,0,0,313,l_1746675269.158.jpg
0,0,0,0,313,l_1746685676.186.jpg
0,0,0,0,313,l_1746685677.314.jpg
0,0,0,0,313,l_1746685677.541.jpg
0,0,0,0,313,l_1746685678.166.jpg
0,0,0,0,313,l_1746685679.886.jpg
0,0,0,0,313,l_1746962239.451.jpg
0,0,0,0,313,l_1746962240.555.jpg
0,0,0,0,313,l_1746962241.543.jpg
0,0,0,0,313,l_1746962241.811.jpg
0,0,0,0,313,l_1746962242.441.jpg
0,0,0,0,313,l_1746962245.211.jpg
0,0,0,0,313,l_1747052480.634.jpg
0,0,0,0,313,l_1747052481.137.jpg
0,0,0,0,313,l_1747052481.364.jpg
0,0,0,0,313,l_1747052482.751.jpg
0,0,0,0,313,l_1747216395.160.jpg
0,0,0,0,313,l_1747216397.427.jpg
0,0,0,0,313,l_1747216399.723.jpg
0,0,0,0,313,l_1747216401.535.jpg
0,0,0,0,313,l_1747216404.800.jpg
0,0,0,0,314,l_1732077110.960.jpg
0,0,0,0,314,l_1732077114.131.jpg
0,0,0,0,314,l_1732077118.874.jpg
0,0,0,0,314,l_1732077119.522.jpg
0,0,0,0,314,l_1732077121.597.jpg
0,0,0,0,314,l_1732077123.874.jpg
0,0,0,0,314,l_1734494505.703.jpg
0,0,0,0,314,l_1734494506.605.jpg
0,0,0,0,314,l_1734494875.635.jpg
0,0,0,0,314,l_1734494883.355.jpg
0,0,0,0,314,l_1734494888.901.jpg
0,0,0,0,314,l_1735533255.503.jpg
0,0,0,0,314,l_1735533265.454.jpg
0,0,0,0,314,l_1735533272.860.jpg
0,0,0,0,314,l_1735533332.547.jpg
0,0,0,0,314,l_1737944836.786.jpg
0,0,0,0,314,l_1737944837.452.jpg
0,0,0,0,314,l_1737944837.463.jpg
0,0,0,0,314,l_1737944838.387.jpg
0,0,0,0,314,l_1737944838.607.jpg
0,0,0,0,314,l_1741576342.162.jpg
0,0,0,0,314,l_1741576346.169.jpg
0,0,0,0,314,l_1741576352.217.jpg
0,0,0,0,314,l_1741576354.244.jpg
0,0,0,0,314,l_1742371406.708.jpg
0,0,0,0,314,l_1742371407.911.jpg
0,0,0,0,314,l_1742371410.195.jpg
0,0,0,0,314,l_1742371411.912.jpg
0,0,0,0,314,l_1742371412.213.jpg
0,0,0,0,314,l_1742371416.663.jpg
0,0,0,0,314,l_1742879183.247.jpg
0,0,0,0,314,l_1742879185.463.jpg
0,0,0,0,314,l_1742879186.639.jpg
0,0,0,0,314,l_1742879186.794.jpg
0,0,0,0,314,l_1742879187.964.jpg
0,0,0,0,314,l_1743237210.820.jpg
0,0,0,0,314,l_1743237211.403.jpg
0,0,0,0,314,l_1743237212.327.jpg
0,0,0,0,314,l_1743237213.917.jpg
0,0,0,0,314,l_1743237214.476.jpg
0,0,0,0,314,l_1744877476.271.jpg
0,0,0,0,314,l_1744877478.104.jpg
0,0,0,0,314,l_1744877478.380.jpg
0,0,0,0,314,l_1744877479.399.jpg
0,0,0,0,314,l_1744877481.733.jpg
0,0,0,0,314,l_1745223318.168.jpg
0,0,0,0,314,l_1745223318.345.jpg
0,0,0,0,314,l_1745223318.582.jpg
0,0,0,0,314,l_1745223319.756.jpg
0,0,0,0,314,l_1745223322.582.jpg
0,0,0,0,314,l_1745834185.996.jpg
0,0,0,0,314,l_1745834186.263.jpg
0,0,0,0,314,l_1745834187.480.jpg
0,0,0,0,314,l_1745834187.800.jpg
0,0,0,0,314,l_1745834189.401.jpg
0,0,0,0,314,l_1745834307.447.jpg
0,0,0,0,314,l_1745834308.631.jpg
0,0,0,0,314,l_1745834309.300.jpg
0,0,0,0,314,l_1745834310.814.jpg
0,0,0,0,314,l_1745834314.714.jpg
0,0,0,0,314,l_1746240718.919.jpg
0,0,0,0,314,l_1746240719.419.jpg
0,0,0,0,314,l_1746240720.740.jpg
0,0,0,0,314,l_1746266704.153.jpg
0,0,0,0,314,l_1746266705.198.jpg
0,0,0,0,314,l_1746266705.484.jpg
0,0,0,0,314,l_1746266705.766.jpg
0,0,0,0,314,l_1746406529.753.jpg
0,0,0,0,314,l_1746406529.797.jpg
0,0,0,0,314,l_1746406530.582.jpg
0,0,0,0,314,l_1746406531.920.jpg
0,0,0,0,314,l_1746406532.645.jpg
0,0,0,0,314,l_1746406532.772.jpg
0,0,0,0,314,l_1746433497.752.jpg
0,0,0,0,314,l_1746433498.242.jpg
0,0,0,0,314,l_1746433498.470.jpg
0,0,0,0,314,l_1746433499.542.jpg
0,0,0,0,314,l_1746433500.575.jpg
0,0,0,0,314,l_1747193548.406.jpg
0,0,0,0,314,l_1747193548.522.jpg
0,0,0,0,314,l_1747193549.523.jpg
0,0,0,0,314,l_1747193550.188.jpg
0,0,0,0,314,l_1747193550.189.jpg
0,0,0,0,314,l_1747209489.373.jpg
0,0,0,0,314,l_1747209490.761.jpg
0,0,0,0,314,l_1747209491.480.jpg
0,0,0,0,314,l_1747209491.518.jpg
0,0,0,0,314,l_1747209493.828.jpg
0,0,0,0,314,l_1747212417.794.jpg
0,0,0,0,314,l_1747212418.115.jpg
0,0,0,0,314,l_1747212418.359.jpg
0,0,0,0,314,l_1747212419.317.jpg
0,0,0,0,314,l_1747212419.729.jpg
0,0,0,0,314,l_1747216605.738.jpg
0,0,0,0,314,l_1747216605.957.jpg
0,0,0,0,314,l_1747216606.216.jpg
0,0,0,0,314,l_1747216606.322.jpg
0,0,0,0,314,l_1747216607.103.jpg
0,0,0,0,315,l_1670990685.666.jpg
0,0,0,0,315,l_1670990690.133.jpg
0,0,0,0,315,l_1670990700.717.jpg
0,0,0,0,315,l_1678174339.167.jpg
0,0,0,0,315,l_1678174340.130.jpg
0,0,0,0,315,l_1678174340.759.jpg
0,0,0,0,315,l_1678174341.242.jpg
0,0,0,0,315,l_1678174341.568.jpg
0,0,0,0,315,l_1732156339.143.jpg
0,0,0,0,315,l_1732156339.604.jpg
0,0,0,0,315,l_1732156341.460.jpg
0,0,0,0,315,l_1732156342.990.jpg
0,0,0,0,315,l_1732156345.428.jpg
0,0,0,0,315,l_1732506624.428.jpg
0,0,0,0,315,l_1732506625.971.jpg
0,0,0,0,315,l_1732506626.738.jpg
0,0,0,0,315,l_1732506626.887.jpg
0,0,0,0,315,l_1732506628.666.jpg
0,0,0,0,315,l_1733282392.548.jpg
0,0,0,0,315,l_1733282393.472.jpg
0,0,0,0,315,l_1733282393.677.jpg
0,0,0,0,315,l_1733282394.430.jpg
0,0,0,0,315,l_1733282395.994.jpg
0,0,0,0,315,l_1735282345.577.jpg
0,0,0,0,315,l_1735282345.808.jpg
0,0,0,0,315,l_1735282347.859.jpg
0,0,0,0,315,l_1735282352.397.jpg
0,0,0,0,315,l_1735282352.615.jpg
0,0,0,0,315,l_1737630829.286.jpg
0,0,0,0,315,l_1737630829.718.jpg
0,0,0,0,315,l_1737630830.390.jpg
0,0,0,0,315,l_1737630830.877.jpg
0,0,0,0,315,l_1737630831.476.jpg
0,0,0,0,315,l_1740971272.641.jpg
0,0,0,0,315,l_1740971275.405.jpg
0,0,0,0,315,l_1740971276.212.jpg
0,0,0,0,315,l_1740971278.245.jpg
0,0,0,0,315,l_1740971278.358.jpg
0,0,0,0,315,l_1740971297.463.jpg
0,0,0,0,315,l_1741666712.815.jpg
0,0,0,0,315,l_1741666717.853.jpg
0,0,0,0,315,l_1741666719.196.jpg
0,0,0,0,315,l_1741666721.865.jpg
0,0,0,0,315,l_1741666723.571.jpg
0,0,0,0,315,l_1741666723.799.jpg
0,0,0,0,315,l_1742026364.241.jpg
0,0,0,0,315,l_1742026365.610.jpg
0,0,0,0,315,l_1742026367.719.jpg
0,0,0,0,315,l_1742026368.179.jpg
0,0,0,0,315,l_1743477891.478.jpg
0,0,0,0,315,l_1743477892.127.jpg
0,0,0,0,315,l_1743477892.504.jpg
0,0,0,0,315,l_1743477893.640.jpg
0,0,0,0,315,l_1743477894.227.jpg
0,0,0,0,315,l_1743588118.145.jpg
0,0,0,0,315,l_1743588119.682.jpg
0,0,0,0,315,l_1743588119.837.jpg
0,0,0,0,315,l_1745128854.762.jpg
0,0,0,0,315,l_1745128855.300.jpg
0,0,0,0,315,l_1745128855.901.jpg
0,0,0,0,315,l_1745128856.857.jpg
0,0,0,0,315,l_1745128857.372.jpg
0,0,0,0,315,l_1745128857.809.jpg
0,0,0,0,315,l_1745566543.241.jpg
0,0,0,0,315,l_1745566543.452.jpg
0,0,0,0,315,l_1745566544.823.jpg
0,0,0,0,315,l_1745566545.179.jpg
0,0,0,0,315,l_1746150784.769.jpg
0,0,0,0,315,l_1746150785.635.jpg
0,0,0,0,315,l_1746150786.321.jpg
0,0,0,0,315,l_1746150786.335.jpg
0,0,0,0,315,l_1746150787.822.jpg
0,0,0,0,315,l_1746188604.238.jpg
0,0,0,0,315,l_1746188604.781.jpg
0,0,0,0,315,l_1746188604.832.jpg
0,0,0,0,315,l_1746188605.209.jpg
0,0,0,0,315,l_1746188605.463.jpg
0,0,0,0,315,l_1746266361.339.jpg
0,0,0,0,315,l_1746266361.561.jpg
0,0,0,0,315,l_1746266362.162.jpg
0,0,0,0,315,l_1746266972.358.jpg
0,0,0,0,315,l_1746266972.785.jpg
0,0,0,0,315,l_1746267003.547.jpg
0,0,0,0,315,l_1747138130.828.jpg
0,0,0,0,315,l_1747138131.630.jpg
0,0,0,0,315,l_1747138131.720.jpg
0,0,0,0,316,l_1682583800.234.jpg
0,0,0,0,316,l_1682583801.671.jpg
0,0,0,0,316,l_1682583802.378.jpg
0,0,0,0,316,l_1682583803.367.jpg
0,0,0,0,316,l_1682584289.451.jpg
0,0,0,0,316,l_1682584289.857.jpg
0,0,0,0,316,l_1682584290.633.jpg
0,0,0,0,316,l_1682584290.652.jpg
0,0,0,0,316,l_1682584291.468.jpg
0,0,0,0,316,l_1684489201.705.jpg
0,0,0,0,316,l_1684489206.706.jpg
0,0,0,0,316,l_1684489207.355.jpg
0,0,0,0,316,l_1684489207.360.jpg
0,0,0,0,316,l_1684489208.242.jpg
0,0,0,0,316,l_1728725022.364.jpg
0,0,0,0,316,l_1728725023.488.jpg
0,0,0,0,316,l_1728725024.274.jpg
0,0,0,0,316,l_1728725024.866.jpg
0,0,0,0,316,l_1731993067.285.jpg
0,0,0,0,316,l_1731993068.372.jpg
0,0,0,0,316,l_1731993069.369.jpg
0,0,0,0,316,l_1731993070.308.jpg
0,0,0,0,316,l_1736058355.249.jpg
0,0,0,0,316,l_1736058358.543.jpg
0,0,0,0,316,l_1736058361.936.jpg
0,0,0,0,316,l_1736058364.899.jpg
0,0,0,0,316,l_1741597844.578.jpg
0,0,0,0,316,l_1741597844.939.jpg
0,0,0,0,316,l_1741597845.802.jpg
0,0,0,0,316,l_1741768713.980.jpg
0,0,0,0,316,l_1741768714.572.jpg
0,0,0,0,316,l_1741768715.210.jpg
0,0,0,0,316,l_1741768715.767.jpg
0,0,0,0,316,l_1741768716.552.jpg
0,0,0,0,316,l_1743997120.977.jpg
0,0,0,0,316,l_1743997122.478.jpg
0,0,0,0,316,l_1743997124.702.jpg
0,0,0,0,316,l_1743997126.306.jpg
0,0,0,0,316,l_1743997138.726.jpg
0,0,0,0,316,l_1743997141.140.jpg
0,0,0,0,316,l_1744364582.146.jpg
0,0,0,0,316,l_1744364582.410.jpg
0,0,0,0,316,l_1744364583.510.jpg
0,0,0,0,316,l_1744427404.897.jpg
0,0,0,0,316,l_1744427404.948.jpg
0,0,0,0,316,l_1744427405.274.jpg
0,0,0,0,316,l_1744427406.622.jpg
0,0,0,0,316,l_1744427411.666.jpg
0,0,0,0,316,l_1744427516.450.jpg
0,0,0,0,316,l_1744427518.500.jpg
0,0,0,0,316,l_1744427518.851.jpg
0,0,0,0,316,l_1744427519.143.jpg
0,0,0,0,316,l_1744427623.102.jpg
0,0,0,0,316,l_1744427624.517.jpg
0,0,0,0,316,l_1744427625.400.jpg
0,0,0,0,316,l_1744427626.237.jpg
0,0,0,0,316,l_1744427626.311.jpg
0,0,0,0,316,l_1744427696.204.jpg
0,0,0,0,316,l_1744427697.871.jpg
0,0,0,0,316,l_1744427699.345.jpg
0,0,0,0,316,l_1744427700.108.jpg
0,0,0,0,316,l_1744427791.332.jpg
0,0,0,0,316,l_1744427812.434.jpg
0,0,0,0,316,l_1744427839.759.jpg
0,0,0,0,316,l_1744428037.300.jpg
0,0,0,0,316,l_1744428038.206.jpg
0,0,0,0,316,l_1744428038.597.jpg
0,0,0,0,316,l_1744428039.260.jpg
0,0,0,0,316,l_1744428039.650.jpg
0,0,0,0,316,l_1744428039.690.jpg
0,0,0,0,316,l_1744428040.658.jpg
0,0,0,0,316,l_1744428040.680.jpg
0,0,0,0,316,l_1744428041.904.jpg
0,0,0,0,316,l_1744428108.161.jpg
0,0,0,0,316,l_1744428109.849.jpg
0,0,0,0,316,l_1744428111.434.jpg
0,0,0,0,316,l_1744428111.681.jpg
0,0,0,0,316,l_1744428112.373.jpg
0,0,0,0,316,l_1744428190.215.jpg
0,0,0,0,316,l_1744428191.357.jpg
0,0,0,0,316,l_1744428192.830.jpg
0,0,0,0,316,l_1744428192.920.jpg
0,0,0,0,316,l_1744428193.286.jpg
0,0,0,0,316,l_1744428194.922.jpg
0,0,0,0,316,l_1744904330.174.jpg
0,0,0,0,316,l_1744904330.404.jpg
0,0,0,0,316,l_1744904331.432.jpg
0,0,0,0,316,l_1746586703.588.jpg
0,0,0,0,316,l_1746586706.644.jpg
0,0,0,0,316,l_1746586708.322.jpg
0,0,0,0,316,l_1746586710.679.jpg
0,0,0,0,316,l_1746586711.228.jpg
0,0,0,0,316,l_1746586712.941.jpg
0,0,0,0,316,l_1747184729.544.jpg
0,0,0,0,316,l_1747184732.387.jpg
0,0,0,0,316,l_1747208457.238.jpg
0,0,0,0,316,l_1747208459.305.jpg
0,0,0,0,316,l_1747208461.198.jpg
0,0,0,0,317,l_1646818302.100.jpg
0,0,0,0,317,l_1646818303.125.jpg
0,0,0,0,317,l_1682583051.211.jpg
0,0,0,0,317,l_1682583051.555.jpg
0,0,0,0,317,l_1682583052.258.jpg
0,0,0,0,317,l_1682583054.156.jpg
0,0,0,0,317,l_1682583054.789.jpg
0,0,0,0,317,l_1682583055.953.jpg
0,0,0,0,317,l_1682583056.711.jpg
0,0,0,0,317,l_1723446938.203.jpg
0,0,0,0,317,l_1723446939.176.jpg
0,0,0,0,317,l_1723446940.477.jpg
0,0,0,0,317,l_1723446940.672.jpg
0,0,0,0,317,l_1723446941.364.jpg
0,0,0,0,317,l_1723447044.803.jpg
0,0,0,0,317,l_1723447045.757.jpg
0,0,0,0,317,l_1723447195.621.jpg
0,0,0,0,317,l_1723447196.918.jpg
0,0,0,0,317,l_1723447197.498.jpg
0,0,0,0,317,l_1723447197.821.jpg
0,0,0,0,317,l_1723447199.260.jpg
0,0,0,0,317,l_1723447291.375.jpg
0,0,0,0,317,l_1723447291.449.jpg
0,0,0,0,317,l_1723447292.406.jpg
0,0,0,0,317,l_1723447292.409.jpg
0,0,0,0,317,l_1740537592.293.jpg
0,0,0,0,317,l_1740537593.242.jpg
0,0,0,0,317,l_1740712160.930.jpg
0,0,0,0,317,l_1740712164.730.jpg
0,0,0,0,317,l_1740712169.802.jpg
0,0,0,0,317,l_1740712176.478.jpg
0,0,0,0,317,l_1740712180.170.jpg
0,0,0,0,317,l_1744364101.583.jpg
0,0,0,0,317,l_1744364103.280.jpg
0,0,0,0,317,l_1744364104.375.jpg
0,0,0,0,317,l_1744364105.398.jpg
0,0,0,0,317,l_1744364105.600.jpg
0,0,0,0,317,l_1744364106.676.jpg
0,0,0,0,317,l_1744364225.289.jpg
0,0,0,0,317,l_1744364225.448.jpg
0,0,0,0,317,l_1744364226.340.jpg
0,0,0,0,317,l_1744364226.488.jpg
0,0,0,0,317,l_1744364227.845.jpg
0,0,0,0,317,l_1744364516.856.jpg
0,0,0,0,317,l_1744364517.260.jpg
0,0,0,0,317,l_1744364518.447.jpg
0,0,0,0,317,l_1744364518.786.jpg
0,0,0,0,317,l_1744364519.794.jpg
0,0,0,0,317,l_1744364520.606.jpg
0,0,0,0,317,l_1744364520.824.jpg
0,0,0,0,317,l_1744364521.446.jpg
0,0,0,0,317,l_1744364523.530.jpg
0,0,0,0,317,l_1744366168.423.jpg
0,0,0,0,317,l_1744366171.488.jpg
0,0,0,0,317,l_1744366171.579.jpg
0,0,0,0,317,l_1744367494.164.jpg
0,0,0,0,317,l_1744367495.127.jpg
0,0,0,0,317,l_1744367496.846.jpg
0,0,0,0,317,l_1744427236.274.jpg
0,0,0,0,317,l_1744427237.765.jpg
0,0,0,0,317,l_1744427238.152.jpg
0,0,0,0,317,l_1744427238.472.jpg
0,0,0,0,317,l_1744427239.172.jpg
0,0,0,0,317,l_1744427239.628.jpg
0,0,0,0,317,l_1744428289.764.jpg
0,0,0,0,317,l_1744428290.937.jpg
0,0,0,0,317,l_1744428291.345.jpg
0,0,0,0,317,l_1744428291.541.jpg
0,0,0,0,317,l_1744428291.821.jpg
0,0,0,0,317,l_1744428292.567.jpg
0,0,0,0,317,l_1744441936.417.jpg
0,0,0,0,317,l_1744442052.186.jpg
0,0,0,0,317,l_1744442060.621.jpg
0,0,0,0,317,l_1744446373.775.jpg
0,0,0,0,317,l_1744446374.907.jpg
0,0,0,0,317,l_1744446375.648.jpg
0,0,0,0,317,l_1744446376.927.jpg
0,0,0,0,317,l_1744446413.897.jpg
0,0,0,0,317,l_1744446557.902.jpg
0,0,0,0,317,l_1744446557.922.jpg
0,0,0,0,317,l_1744446558.197.jpg
0,0,0,0,317,l_1744446558.517.jpg
0,0,0,0,317,l_1744446559.163.jpg
0,0,0,0,317,l_1744446559.995.jpg
0,0,0,0,317,l_1744446560.944.jpg
0,0,0,0,317,l_1745203100.992.jpg
0,0,0,0,317,l_1745203101.696.jpg
0,0,0,0,317,l_1745203102.274.jpg
0,0,0,0,317,l_1745463189.377.jpg
0,0,0,0,317,l_1745463190.590.jpg
0,0,0,0,317,l_1745463191.514.jpg
0,0,0,0,317,l_1745463192.920.jpg
0,0,0,0,317,l_1745463193.515.jpg
0,0,0,0,317,l_1745463194.411.jpg
0,0,0,0,318,l_1715057914.902.jpg
0,0,0,0,318,l_1715057915.626.jpg
0,0,0,0,318,l_1715057916.557.jpg
0,0,0,0,318,l_1715057917.289.jpg
0,0,0,0,318,l_1715057918.575.jpg
0,0,0,0,318,l_1724901882.577.jpg
0,0,0,0,318,l_1724901884.440.jpg
0,0,0,0,318,l_1724901885.145.jpg
0,0,0,0,318,l_1724901892.291.jpg
0,0,0,0,318,l_1732779911.871.jpg
0,0,0,0,318,l_1732779914.873.jpg
0,0,0,0,318,l_1732779915.643.jpg
0,0,0,0,318,l_1732779915.952.jpg
0,0,0,0,318,l_1732779916.558.jpg
0,0,0,0,318,l_1733975964.256.jpg
0,0,0,0,318,l_1733975964.574.jpg
0,0,0,0,318,l_1733975965.525.jpg
0,0,0,0,318,l_1733975966.183.jpg
0,0,0,0,318,l_1740738313.408.jpg
0,0,0,0,318,l_1740738314.611.jpg
0,0,0,0,318,l_1740738314.730.jpg
0,0,0,0,318,l_1740738315.462.jpg
0,0,0,0,318,l_1740738316.266.jpg
0,0,0,0,318,l_1740738316.633.jpg
0,0,0,0,318,l_1740738317.601.jpg
0,0,0,0,318,l_1742357850.457.jpg
0,0,0,0,318,l_1742357852.467.jpg
0,0,0,0,318,l_1742357853.297.jpg
0,0,0,0,318,l_1742357854.574.jpg
0,0,0,0,318,l_1742357855.363.jpg
0,0,0,0,318,l_1742357856.789.jpg
0,0,0,0,318,l_1742545872.592.jpg
0,0,0,0,318,l_1742545873.687.jpg
0,0,0,0,318,l_1742545874.660.jpg
0,0,0,0,318,l_1742545875.419.jpg
0,0,0,0,318,l_1742545875.798.jpg
0,0,0,0,318,l_1742545876.486.jpg
0,0,0,0,318,l_1743736557.835.jpg
0,0,0,0,318,l_1743736558.557.jpg
0,0,0,0,318,l_1743736559.291.jpg
0,0,0,0,318,l_1743736561.108.jpg
0,0,0,0,318,l_1743736561.565.jpg
0,0,0,0,318,l_1743736563.328.jpg
0,0,0,0,318,l_1743912135.874.jpg
0,0,0,0,318,l_1743912136.506.jpg
0,0,0,0,318,l_1743912136.515.jpg
0,0,0,0,318,l_1743912137.147.jpg
0,0,0,0,318,l_1743912138.951.jpg
0,0,0,0,318,l_1744789564.498.jpg
0,0,0,0,318,l_1744789565.488.jpg
0,0,0,0,318,l_1744789566.941.jpg
0,0,0,0,318,l_1744789567.543.jpg
0,0,0,0,318,l_1744789571.427.jpg
0,0,0,0,318,l_1744881389.439.jpg
0,0,0,0,318,l_1744881392.374.jpg
0,0,0,0,318,l_1744881395.597.jpg
0,0,0,0,318,l_1744881398.489.jpg
0,0,0,0,318,l_1745393111.620.jpg
0,0,0,0,318,l_1745393112.238.jpg
0,0,0,0,318,l_1745393112.905.jpg
0,0,0,0,318,l_1745393113.730.jpg
0,0,0,0,318,l_1745393113.811.jpg
0,0,0,0,318,l_1745393114.305.jpg
0,0,0,0,318,l_1745393114.846.jpg
0,0,0,0,318,l_1745825431.471.jpg
0,0,0,0,318,l_1745825431.987.jpg
0,0,0,0,318,l_1745825432.318.jpg
0,0,0,0,318,l_1745825432.460.jpg
0,0,0,0,318,l_1745825433.211.jpg
0,0,0,0,318,l_1745825433.586.jpg
0,0,0,0,318,l_1745825434.227.jpg
0,0,0,0,318,l_1746626152.647.jpg
0,0,0,0,318,l_1746626170.139.jpg
0,0,0,0,318,l_1746626187.793.jpg
0,0,0,0,318,l_1746664897.981.jpg
0,0,0,0,318,l_1746664899.755.jpg
0,0,0,0,319,l_1734520458.167.jpg
0,0,0,0,319,l_1734520459.592.jpg
0,0,0,0,319,l_1734520460.542.jpg
0,0,0,0,319,l_1734520461.344.jpg
0,0,0,0,319,l_1736309222.954.jpg
0,0,0,0,319,l_1736309223.395.jpg
0,0,0,0,319,l_1736309224.208.jpg
0,0,0,0,319,l_1736309224.712.jpg
0,0,0,0,319,l_1736309225.757.jpg
0,0,0,0,319,l_1740104605.499.jpg
0,0,0,0,319,l_1740104606.903.jpg
0,0,0,0,319,l_1740104606.964.jpg
0,0,0,0,319,l_1740104607.377.jpg
0,0,0,0,319,l_1740119826.482.jpg
0,0,0,0,319,l_1740119827.920.jpg
0,0,0,0,319,l_1740119827.978.jpg
0,0,0,0,319,l_1740119828.869.jpg
0,0,0,0,319,l_1740119829.972.jpg
0,0,0,0,319,l_1741264947.901.jpg
0,0,0,0,319,l_1741264948.610.jpg
0,0,0,0,319,l_1741264949.933.jpg
0,0,0,0,319,l_1741264950.393.jpg
0,0,0,0,319,l_1741264951.253.jpg
0,0,0,0,319,l_1741264952.457.jpg
0,0,0,0,319,l_1741940707.290.jpg
0,0,0,0,319,l_1741940719.497.jpg
0,0,0,0,319,l_1741940720.474.jpg
0,0,0,0,319,l_1744602195.188.jpg
0,0,0,0,319,l_1744602202.614.jpg
0,0,0,0,319,l_1744602203.558.jpg
0,0,0,0,319,l_1744602213.955.jpg
0,0,0,0,319,l_1745069556.345.jpg
0,0,0,0,319,l_1745069556.435.jpg
0,0,0,0,319,l_1745069562.619.jpg
0,0,0,0,319,l_1745390020.773.jpg
0,0,0,0,319,l_1745390022.749.jpg
0,0,0,0,319,l_1745390025.254.jpg
0,0,0,0,319,l_1745390027.790.jpg
0,0,0,0,319,l_1745478420.464.jpg
0,0,0,0,319,l_1745478421.687.jpg
0,0,0,0,319,l_1745478421.894.jpg
0,0,0,0,319,l_1745478424.888.jpg
0,0,0,0,319,l_1745741072.179.jpg
0,0,0,0,319,l_1745741072.283.jpg
0,0,0,0,319,l_1745741072.573.jpg
0,0,0,0,319,l_1745741073.209.jpg
0,0,0,0,319,l_1745826958.555.jpg
0,0,0,0,319,l_1745826961.434.jpg
0,0,0,0,319,l_1745826963.784.jpg
0,0,0,0,319,l_1745826966.909.jpg
0,0,0,0,319,l_1745826967.508.jpg
0,0,0,0,319,l_1745828144.625.jpg
0,0,0,0,319,l_1745828145.145.jpg
0,0,0,0,319,l_1745828145.650.jpg
0,0,0,0,319,l_1745828146.211.jpg
0,0,0,0,319,l_1745828146.230.jpg
0,0,0,0,319,l_1745828147.708.jpg
0,0,0,0,319,l_1745828147.827.jpg
0,0,0,0,319,l_1745828148.145.jpg
0,0,0,0,319,l_1745828149.865.jpg
0,0,0,0,319,l_1745989723.283.jpg
0,0,0,0,319,l_1745989723.643.jpg
0,0,0,0,319,l_1745989724.234.jpg
0,0,0,0,319,l_1745989724.962.jpg
0,0,0,0,319,l_1745989725.537.jpg
0,0,0,0,319,l_1745989725.678.jpg
0,0,0,0,319,l_1746420798.923.jpg
0,0,0,0,319,l_1746420799.210.jpg
0,0,0,0,319,l_1746420801.248.jpg
0,0,0,0,319,l_1746420801.294.jpg
0,0,0,0,319,l_1746770462.555.jpg
0,0,0,0,319,l_1746770463.210.jpg
0,0,0,0,319,l_1746770464.192.jpg
0,0,0,0,319,l_1746770464.488.jpg
0,0,0,0,319,l_1746770465.595.jpg
0,0,0,0,319,l_1746770466.837.jpg
0,0,0,0,319,l_1746770466.930.jpg
0,0,0,0,319,l_1746847864.602.jpg
0,0,0,0,319,l_1746847868.744.jpg
0,0,0,0,319,l_1746847873.572.jpg
0,0,0,0,319,l_1746847877.781.jpg
0,0,0,0,319,l_1746847880.357.jpg
0,0,0,0,319,l_1746847883.660.jpg
0,0,0,0,319,l_1746880585.706.jpg
0,0,0,0,319,l_1746880585.970.jpg
0,0,0,0,319,l_1746880586.998.jpg
0,0,0,0,319,l_1746880588.247.jpg
0,0,0,0,319,l_1746880590.463.jpg
0,0,0,0,319,l_1747061798.473.jpg
0,0,0,0,319,l_1747061800.761.jpg
0,0,0,0,319,l_1747061800.808.jpg
0,0,0,0,319,l_1747061801.544.jpg
0,0,0,0,319,l_1747061803.366.jpg
0,0,0,0,319,l_1747206016.515.jpg
0,0,0,0,319,l_1747206021.134.jpg
0,0,0,0,319,l_1747206025.182.jpg
0,0,0,0,320,l_1591002077.jpg
0,0,0,0,320,l_1591002114.jpg
0,0,0,0,320,l_1591002140.jpg
0,0,0,0,320,l_1591002144.jpg
0,0,0,0,320,l_1728289326.152.jpg
0,0,0,0,320,l_1728289326.650.jpg
0,0,0,0,320,l_1728289340.495.jpg
0,0,0,0,320,l_1728289344.914.jpg
0,0,0,0,320,l_1728289346.907.jpg
0,0,0,0,320,l_1728289348.854.jpg
0,0,0,0,320,l_1738917741.929.jpg
0,0,0,0,320,l_1738917743.854.jpg
0,0,0,0,320,l_1738917745.311.jpg
0,0,0,0,320,l_1738917747.488.jpg
0,0,0,0,320,l_1738917749.981.jpg
0,0,0,0,320,l_1740208538.556.jpg
0,0,0,0,320,l_1740208538.945.jpg
0,0,0,0,320,l_1741997413.863.jpg
0,0,0,0,320,l_1741997422.596.jpg
0,0,0,0,320,l_1741997431.344.jpg
0,0,0,0,320,l_1741997482.827.jpg
0,0,0,0,320,l_1743383439.451.jpg
0,0,0,0,320,l_1743383439.655.jpg
0,0,0,0,320,l_1743383440.686.jpg
0,0,0,0,320,l_1743383440.791.jpg
0,0,0,0,320,l_1743383441.266.jpg
0,0,0,0,320,l_1743383441.600.jpg
0,0,0,0,320,l_1743386459.248.jpg
0,0,0,0,320,l_1743386459.680.jpg
0,0,0,0,320,l_1743386459.971.jpg
0,0,0,0,320,l_1743386460.953.jpg
0,0,0,0,320,l_1743406444.573.jpg
0,0,0,0,320,l_1743406450.302.jpg
0,0,0,0,320,l_1743406452.789.jpg
0,0,0,0,320,l_1744339982.239.jpg
0,0,0,0,320,l_1744339984.351.jpg
0,0,0,0,320,l_1744339986.970.jpg
0,0,0,0,320,l_1744339987.236.jpg
0,0,0,0,320,l_1744339989.156.jpg
0,0,0,0,320,l_1745228303.432.jpg
0,0,0,0,320,l_1745228303.911.jpg
0,0,0,0,320,l_1745228305.767.jpg
0,0,0,0,320,l_1745228307.815.jpg
0,0,0,0,320,l_1745552348.922.jpg
0,0,0,0,320,l_1745552358.510.jpg
0,0,0,0,320,l_1745552358.961.jpg
0,0,0,0,320,l_1745552359.111.jpg
0,0,0,0,320,l_1745552359.199.jpg
0,0,0,0,320,l_1745736101.627.jpg
0,0,0,0,320,l_1745736102.957.jpg
0,0,0,0,320,l_1745736103.639.jpg
0,0,0,0,320,l_1745736103.688.jpg
0,0,0,0,320,l_1745736104.301.jpg
0,0,0,0,320,l_1746446984.336.jpg
0,0,0,0,320,l_1746446986.667.jpg
0,0,0,0,320,l_1746446988.915.jpg
0,0,0,0,320,l_1746446990.162.jpg
0,0,0,0,320,l_1746446992.821.jpg
0,0,0,0,320,l_1746446993.876.jpg
0,0,0,0,320,l_1746674598.497.jpg
0,0,0,0,320,l_1746674621.620.jpg
0,0,0,0,320,l_1746674748.229.jpg
0,0,0,0,320,l_1746674760.230.jpg
0,0,0,0,320,l_1746710052.868.jpg
0,0,0,0,320,l_1746710053.103.jpg
0,0,0,0,320,l_1746710053.371.jpg
0,0,0,0,320,l_1746710053.893.jpg
0,0,0,0,320,l_1746710054.271.jpg
0,0,0,0,320,l_1747018121.190.jpg
0,0,0,0,320,l_1747018121.824.jpg
0,0,0,0,320,l_1747018122.478.jpg
0,0,0,0,320,l_1747018123.138.jpg
0,0,0,0,320,l_1747018125.520.jpg
0,0,0,0,320,l_1747018125.714.jpg
0,0,0,0,320,l_1747018126.290.jpg
0,0,0,0,320,l_1747102963.644.jpg
0,0,0,0,320,l_1747102965.633.jpg
0,0,0,0,320,l_1747102967.359.jpg
0,0,0,0,320,l_1747102969.504.jpg
0,0,0,0,320,l_1747102970.348.jpg
0,0,0,0,320,l_1747198135.679.jpg
0,0,0,0,320,l_1747198137.762.jpg
0,0,0,0,320,l_1747198139.299.jpg
0,0,0,0,320,l_1747198141.286.jpg
0,0,0,0,320,l_1747198143.145.jpg
0,0,0,0,320,l_1747198145.209.jpg
0,0,0,0,321,l_1732519308.610.jpg
0,0,0,0,321,l_1732519309.807.jpg
0,0,0,0,321,l_1732519311.192.jpg
0,0,0,0,321,l_1732519311.887.jpg
0,0,0,0,321,l_1733201806.451.jpg
0,0,0,0,321,l_1733201806.984.jpg
0,0,0,0,321,l_1733201808.614.jpg
0,0,0,0,321,l_1741312985.785.jpg
0,0,0,0,321,l_1741312986.403.jpg
0,0,0,0,321,l_1741312990.340.jpg
0,0,0,0,321,l_1741312991.915.jpg
0,0,0,0,321,l_1741312994.480.jpg
0,0,0,0,321,l_1742175367.689.jpg
0,0,0,0,321,l_1742175369.604.jpg
0,0,0,0,321,l_1742175378.733.jpg
0,0,0,0,321,l_1743484066.448.jpg
0,0,0,0,321,l_1743484071.724.jpg
0,0,0,0,321,l_1743484074.760.jpg
0,0,0,0,321,l_1743484087.877.jpg
0,0,0,0,321,l_1743484089.921.jpg
0,0,0,0,321,l_1743484090.801.jpg
0,0,0,0,321,l_1743829965.266.jpg
0,0,0,0,321,l_1743829966.352.jpg
0,0,0,0,321,l_1743829967.170.jpg
0,0,0,0,321,l_1743829970.277.jpg
0,0,0,0,321,l_1743829972.314.jpg
0,0,0,0,321,l_1743829973.716.jpg
0,0,0,0,321,l_1743927181.650.jpg
0,0,0,0,321,l_1743927182.700.jpg
0,0,0,0,321,l_1743927183.370.jpg
0,0,0,0,321,l_1744359035.153.jpg
0,0,0,0,321,l_1744359038.103.jpg
0,0,0,0,321,l_1744359039.325.jpg
0,0,0,0,321,l_1744359040.968.jpg
0,0,0,0,321,l_1744359042.878.jpg
0,0,0,0,321,l_1744359044.859.jpg
0,0,0,0,321,l_1744855631.668.jpg
0,0,0,0,321,l_1744855632.963.jpg
0,0,0,0,321,l_1744855633.516.jpg
0,0,0,0,321,l_1744855634.215.jpg
0,0,0,0,321,l_1744855636.389.jpg
0,0,0,0,321,l_1744855637.530.jpg
0,0,0,0,321,l_1744855641.836.jpg
0,0,0,0,321,l_1744855642.599.jpg
0,0,0,0,321,l_1744903006.964.jpg
0,0,0,0,321,l_1744903007.326.jpg
0,0,0,0,321,l_1744903009.641.jpg
0,0,0,0,321,l_1744903012.998.jpg
0,0,0,0,321,l_1745234222.704.jpg
0,0,0,0,321,l_1745234222.988.jpg
0,0,0,0,321,l_1745234224.159.jpg
0,0,0,0,321,l_1745234224.792.jpg
0,0,0,0,321,l_1745234225.247.jpg
0,0,0,0,321,l_1745234225.881.jpg
0,0,0,0,321,l_1745484587.984.jpg
0,0,0,0,321,l_1745484591.909.jpg
0,0,0,0,321,l_1745484593.339.jpg
0,0,0,0,321,l_1745835638.622.jpg
0,0,0,0,321,l_1745835638.968.jpg
0,0,0,0,321,l_1745835641.648.jpg
0,0,0,0,321,l_1745835749.676.jpg
0,0,0,0,321,l_1746430625.686.jpg
0,0,0,0,321,l_1746430626.134.jpg
0,0,0,0,321,l_1746430630.336.jpg
0,0,0,0,321,l_1746430631.705.jpg
0,0,0,0,321,l_1746505250.402.jpg
0,0,0,0,321,l_1746505280.179.jpg
0,0,0,0,321,l_1746505284.902.jpg
0,0,0,0,321,l_1746505285.500.jpg
0,0,0,0,321,l_1746580755.410.jpg
0,0,0,0,321,l_1746604590.391.jpg
0,0,0,0,321,l_1746604590.727.jpg
0,0,0,0,321,l_1746604591.582.jpg
0,0,0,0,321,l_1746604592.380.jpg
0,0,0,0,321,l_1746673493.852.jpg
0,0,0,0,321,l_1746673498.842.jpg
0,0,0,0,321,l_1746687644.625.jpg
0,0,0,0,321,l_1746690146.429.jpg
0,0,0,0,321,l_1746845711.257.jpg
0,0,0,0,321,l_1746845712.282.jpg
0,0,0,0,321,l_1746845713.848.jpg
0,0,0,0,321,l_1746845714.679.jpg
0,0,0,0,321,l_1746845714.940.jpg
0,0,0,0,321,l_1746845716.487.jpg
0,0,0,0,321,l_1746845717.142.jpg
0,0,0,0,321,l_1746845728.611.jpg
0,0,0,0,321,l_1747187696.585.jpg
0,0,0,0,321,l_1747187697.392.jpg
0,0,0,0,321,l_1747187699.346.jpg
0,0,0,0,321,l_1747187700.842.jpg
0,0,0,0,321,l_1747187701.178.jpg
0,0,0,0,322,l_1724124065.567.jpg
0,0,0,0,322,l_1724124066.299.jpg
0,0,0,0,322,l_1724124067.449.jpg
0,0,0,0,322,l_1724124068.677.jpg
0,0,0,0,322,l_1724124069.619.jpg
0,0,0,0,322,l_1727764974.150.jpg
0,0,0,0,322,l_1727764974.273.jpg
0,0,0,0,322,l_1727764975.105.jpg
0,0,0,0,322,l_1727764976.686.jpg
0,0,0,0,322,l_1727764977.736.jpg
0,0,0,0,322,l_1727765308.682.jpg
0,0,0,0,322,l_1727765310.773.jpg
0,0,0,0,322,l_1727765312.370.jpg
0,0,0,0,322,l_1727765314.500.jpg
0,0,0,0,322,l_1727765316.875.jpg
0,0,0,0,322,l_1727765318.917.jpg
0,0,0,0,322,l_1729478063.415.jpg
0,0,0,0,322,l_1729478064.834.jpg
0,0,0,0,322,l_1729478065.446.jpg
0,0,0,0,322,l_1729478066.297.jpg
0,0,0,0,322,l_1729478066.364.jpg
0,0,0,0,322,l_1729478067.411.jpg
0,0,0,0,322,l_1734596723.364.jpg
0,0,0,0,322,l_1734596768.476.jpg
0,0,0,0,322,l_1734596770.410.jpg
0,0,0,0,322,l_1734667519.497.jpg
0,0,0,0,322,l_1734667522.367.jpg
0,0,0,0,322,l_1734667525.851.jpg
0,0,0,0,322,l_1734667527.255.jpg
0,0,0,0,322,l_1741506475.233.jpg
0,0,0,0,322,l_1741506477.377.jpg
0,0,0,0,322,l_1741506478.157.jpg
0,0,0,0,322,l_1741506479.772.jpg
0,0,0,0,322,l_1741506484.635.jpg
0,0,0,0,322,l_1741669138.123.jpg
0,0,0,0,322,l_1741669139.506.jpg
0,0,0,0,322,l_1741669139.889.jpg
0,0,0,0,322,l_1741669140.303.jpg
0,0,0,0,322,l_1741669140.522.jpg
0,0,0,0,322,l_1741669140.768.jpg
0,0,0,0,322,l_1741669141.176.jpg
0,0,0,0,322,l_1742447706.321.jpg
0,0,0,0,322,l_1742447707.888.jpg
0,0,0,0,322,l_1742447707.895.jpg
0,0,0,0,322,l_1742447708.260.jpg
0,0,0,0,322,l_1744284068.426.jpg
0,0,0,0,322,l_1744284069.236.jpg
0,0,0,0,322,l_1744284070.189.jpg
0,0,0,0,322,l_1744284071.824.jpg
0,0,0,0,322,l_1745224746.448.jpg
0,0,0,0,322,l_1745224746.538.jpg
0,0,0,0,322,l_1745224747.481.jpg
0,0,0,0,322,l_1745224938.191.jpg
0,0,0,0,322,l_1745224939.418.jpg
0,0,0,0,322,l_1745410264.177.jpg
0,0,0,0,322,l_1745410264.285.jpg
0,0,0,0,322,l_1745410265.469.jpg
0,0,0,0,322,l_1745410266.999.jpg
0,0,0,0,322,l_1745410270.702.jpg
0,0,0,0,322,l_1746694356.276.jpg
0,0,0,0,322,l_1746694357.718.jpg
0,0,0,0,322,l_1746694359.644.jpg
0,0,0,0,322,l_1746694366.227.jpg
0,0,0,0,322,l_1746762898.205.jpg
0,0,0,0,322,l_1746762899.477.jpg
0,0,0,0,322,l_1746762900.948.jpg
0,0,0,0,322,l_1746762903.344.jpg
0,0,0,0,322,l_1747031269.940.jpg
0,0,0,0,322,l_1747031270.133.jpg
0,0,0,0,322,l_1747031270.578.jpg
0,0,0,0,322,l_1747031271.657.jpg
0,0,0,0,322,l_1747108079.815.jpg
0,0,0,0,322,l_1747108080.350.jpg
0,0,0,0,322,l_1747108081.103.jpg
0,0,0,0,322,l_1747108081.389.jpg
0,0,0,0,322,l_1747108084.692.jpg
0,0,0,0,322,l_1747108086.891.jpg
0,0,0,0,322,l_1747203966.261.jpg
0,0,0,0,322,l_1747203966.531.jpg
0,0,0,0,322,l_1747203967.758.jpg
0,0,0,0,322,l_1747208789.504.jpg
0,0,0,0,322,l_1747208790.269.jpg
0,0,0,0,322,l_1747208791.748.jpg
0,0,0,0,322,l_1747208791.935.jpg
0,0,0,0,322,l_1747208793.685.jpg
0,0,0,0,322,l_1747213262.452.jpg
0,0,0,0,322,l_1747213263.194.jpg
0,0,0,0,322,l_1747213264.447.jpg
0,0,0,0,322,l_1747213264.874.jpg
0,0,0,0,322,l_1747213265.922.jpg
0,0,0,0,322,l_1747225465.711.jpg
0,0,0,0,322,l_1747225466.209.jpg
0,0,0,0,322,l_1747225466.411.jpg
0,0,0,0,322,l_1747225467.634.jpg
0,0,0,0,323,l_1701317802.753.jpg
0,0,0,0,323,l_1701317803.846.jpg
0,0,0,0,323,l_1702354591.564.jpg
0,0,0,0,323,l_1702354592.276.jpg
0,0,0,0,323,l_1718692748.784.jpg
0,0,0,0,323,l_1718692749.512.jpg
0,0,0,0,323,l_1718692749.547.jpg
0,0,0,0,323,l_1718693391.238.jpg
0,0,0,0,323,l_1721010857.579.jpg
0,0,0,0,323,l_1721010858.706.jpg
0,0,0,0,323,l_1721010859.856.jpg
0,0,0,0,323,l_1721010859.925.jpg
0,0,0,0,323,l_1721010859.969.jpg
0,0,0,0,323,l_1721010860.839.jpg
0,0,0,0,323,l_1721035426.261.jpg
0,0,0,0,323,l_1721035426.364.jpg
0,0,0,0,323,l_1721035427.436.jpg
0,0,0,0,323,l_1721035428.514.jpg
0,0,0,0,323,l_1730696301.636.jpg
0,0,0,0,323,l_1730696302.215.jpg
0,0,0,0,323,l_1730696302.565.jpg
0,0,0,0,323,l_1730696303.355.jpg
0,0,0,0,323,l_1730696304.189.jpg
0,0,0,0,323,l_1730696304.555.jpg
0,0,0,0,323,l_1730696305.396.jpg
0,0,0,0,323,l_1730696305.599.jpg
0,0,0,0,323,l_1731037868.147.jpg
0,0,0,0,323,l_1731037869.554.jpg
0,0,0,0,323,l_1731037870.174.jpg
0,0,0,0,323,l_1731037871.647.jpg
0,0,0,0,323,l_1733406336.486.jpg
0,0,0,0,323,l_1733406337.552.jpg
0,0,0,0,323,l_1733406337.639.jpg
0,0,0,0,323,l_1733406338.120.jpg
0,0,0,0,323,l_1733406339.233.jpg
0,0,0,0,323,l_1733406340.224.jpg
0,0,0,0,323,l_1734076512.119.jpg
0,0,0,0,323,l_1734076512.265.jpg
0,0,0,0,323,l_1734076513.529.jpg
0,0,0,0,323,l_1734076928.881.jpg
0,0,0,0,323,l_1734076933.712.jpg
0,0,0,0,323,l_1734077031.297.jpg
0,0,0,0,323,l_1734079308.835.jpg
0,0,0,0,323,l_1734079309.476.jpg
0,0,0,0,323,l_1734079311.853.jpg
0,0,0,0,323,l_1742097918.334.jpg
0,0,0,0,323,l_1742097918.390.jpg
0,0,0,0,323,l_1742097919.552.jpg
0,0,0,0,323,l_1742097919.939.jpg
0,0,0,0,323,l_1743411235.282.jpg
0,0,0,0,323,l_1743411236.481.jpg
0,0,0,0,323,l_1743411236.867.jpg
0,0,0,0,323,l_1744269180.616.jpg
0,0,0,0,323,l_1744269181.691.jpg
0,0,0,0,323,l_1744269184.110.jpg
0,0,0,0,323,l_1744269185.226.jpg
0,0,0,0,323,l_1744269186.184.jpg
0,0,0,0,323,l_1744269186.967.jpg
0,0,0,0,323,l_1744949651.210.jpg
0,0,0,0,323,l_1744949652.266.jpg
0,0,0,0,323,l_1744949654.557.jpg
0,0,0,0,323,l_1744949671.889.jpg
0,0,0,0,323,l_1744949857.794.jpg
0,0,0,0,323,l_1744949858.641.jpg
0,0,0,0,323,l_1744949859.195.jpg
0,0,0,0,323,l_1745226558.281.jpg
0,0,0,0,323,l_1745226559.131.jpg
0,0,0,0,323,l_1745226561.572.jpg
0,0,0,0,323,l_1746352001.727.jpg
0,0,0,0,323,l_1746352001.905.jpg
0,0,0,0,323,l_1746352002.892.jpg
0,0,0,0,323,l_1746352003.174.jpg
0,0,0,0,323,l_1746352003.259.jpg
0,0,0,0,323,l_1746677917.350.jpg
0,0,0,0,323,l_1746677918.914.jpg
0,0,0,0,323,l_1746677920.420.jpg
0,0,0,0,323,l_1746677922.183.jpg
0,0,0,0,323,l_1746678098.745.jpg
0,0,0,0,324,l_1725120811.856.jpg
0,0,0,0,324,l_1725120813.702.jpg
0,0,0,0,324,l_1725120816.205.jpg
0,0,0,0,324,l_1725120819.775.jpg
0,0,0,0,324,l_1725120823.158.jpg
0,0,0,0,324,l_1739855874.842.jpg
0,0,0,0,324,l_1739855875.427.jpg
0,0,0,0,324,l_1740664551.560.jpg
0,0,0,0,324,l_1740664553.497.jpg
0,0,0,0,324,l_1740665004.979.jpg
0,0,0,0,324,l_1740665076.668.jpg
0,0,0,0,324,l_1740927230.269.jpg
0,0,0,0,324,l_1740927231.262.jpg
0,0,0,0,324,l_1740927237.930.jpg
0,0,0,0,324,l_1741250383.729.jpg
0,0,0,0,324,l_1741250384.608.jpg
0,0,0,0,324,l_1741250385.868.jpg
0,0,0,0,324,l_1741589144.185.jpg
0,0,0,0,324,l_1741589144.592.jpg
0,0,0,0,324,l_1741589145.131.jpg
0,0,0,0,324,l_1741589145.874.jpg
0,0,0,0,324,l_1744447131.706.jpg
0,0,0,0,324,l_1744447132.304.jpg
0,0,0,0,324,l_1744447132.982.jpg
0,0,0,0,324,l_1744447133.231.jpg
0,0,0,0,324,l_1744595762.469.jpg
0,0,0,0,324,l_1744595764.136.jpg
0,0,0,0,324,l_1744595764.320.jpg
0,0,0,0,324,l_1744595765.705.jpg
0,0,0,0,324,l_1744595768.459.jpg
0,0,0,0,324,l_1744595768.972.jpg
0,0,0,0,324,l_1744859546.219.jpg
0,0,0,0,324,l_1744859547.642.jpg
0,0,0,0,324,l_1744859550.860.jpg
0,0,0,0,324,l_1744859552.667.jpg
0,0,0,0,324,l_1744859552.676.jpg
0,0,0,0,324,l_1745225350.246.jpg
0,0,0,0,324,l_1745225353.484.jpg
0,0,0,0,324,l_1745225354.420.jpg
0,0,0,0,324,l_1745225355.761.jpg
0,0,0,0,324,l_1745225355.829.jpg
0,0,0,0,324,l_1745465257.338.jpg
0,0,0,0,324,l_1745465257.385.jpg
0,0,0,0,324,l_1745465258.664.jpg
0,0,0,0,324,l_1745465259.861.jpg
0,0,0,0,324,l_1745465259.985.jpg
0,0,0,0,324,l_1746030016.329.jpg
0,0,0,0,324,l_1746030017.781.jpg
0,0,0,0,324,l_1746030019.901.jpg
0,0,0,0,324,l_1746030021.781.jpg
0,0,0,0,324,l_1746546692.775.jpg
0,0,0,0,324,l_1746546692.849.jpg
0,0,0,0,324,l_1746546693.949.jpg
0,0,0,0,324,l_1746846542.674.jpg
0,0,0,0,324,l_1746846543.330.jpg
0,0,0,0,324,l_1746846543.524.jpg
0,0,0,0,324,l_1746846544.618.jpg
0,0,0,0,324,l_1746846545.489.jpg
0,0,0,0,324,l_1747041860.727.jpg
0,0,0,0,324,l_1747041862.802.jpg
0,0,0,0,324,l_1747041862.803.jpg
0,0,0,0,324,l_1747041863.863.jpg
0,0,0,0,324,l_1747103246.159.jpg
0,0,0,0,324,l_1747103246.653.jpg
0,0,0,0,324,l_1747103247.605.jpg
0,0,0,0,324,l_1747103855.107.jpg
0,0,0,0,324,l_1747103855.494.jpg
0,0,0,0,324,l_1747103857.393.jpg
0,0,0,0,324,l_1747127499.107.jpg
0,0,0,0,324,l_1747127499.281.jpg
0,0,0,0,324,l_1747127500.868.jpg
0,0,0,0,324,l_1747127501.295.jpg
0,0,0,0,324,l_1747127501.528.jpg
0,0,0,0,324,l_1747230667.121.jpg
0,0,0,0,324,l_1747230670.963.jpg
0,0,0,0,324,l_1747230673.375.jpg
0,0,0,0,324,l_1747230676.203.jpg
0,0,0,0,325,l_1735997261.970.jpg
0,0,0,0,325,l_1735997262.934.jpg
0,0,0,0,325,l_1735997264.514.jpg
0,0,0,0,325,l_1735997265.665.jpg
0,0,0,0,325,l_1737082513.364.jpg
0,0,0,0,325,l_1737082514.349.jpg
0,0,0,0,325,l_1737082519.960.jpg
0,0,0,0,325,l_1739245716.511.jpg
0,0,0,0,325,l_1739245717.310.jpg
0,0,0,0,325,l_1739245717.770.jpg
0,0,0,0,325,l_1739245718.290.jpg
0,0,0,0,325,l_1740380894.125.jpg
0,0,0,0,325,l_1740380895.273.jpg
0,0,0,0,325,l_1740380896.503.jpg
0,0,0,0,325,l_1740380896.909.jpg
0,0,0,0,325,l_1740380898.926.jpg
0,0,0,0,325,l_1740380899.875.jpg
0,0,0,0,325,l_1740380900.867.jpg
0,0,0,0,325,l_1741427407.415.jpg
0,0,0,0,325,l_1741427408.103.jpg
0,0,0,0,325,l_1741427410.655.jpg
0,0,0,0,325,l_1741427411.164.jpg
0,0,0,0,325,l_1741427412.395.jpg
0,0,0,0,325,l_1741427413.205.jpg
0,0,0,0,325,l_1742911215.420.jpg
0,0,0,0,325,l_1742950948.117.jpg
0,0,0,0,325,l_1742950949.426.jpg
0,0,0,0,325,l_1742950949.716.jpg
0,0,0,0,325,l_1742950950.653.jpg
0,0,0,0,325,l_1744430934.160.jpg
0,0,0,0,325,l_1744430934.848.jpg
0,0,0,0,325,l_1744430935.354.jpg
0,0,0,0,325,l_1744430935.734.jpg
0,0,0,0,325,l_1744430936.672.jpg
0,0,0,0,325,l_1745064254.508.jpg
0,0,0,0,325,l_1745064256.959.jpg
0,0,0,0,325,l_1745305721.126.jpg
0,0,0,0,325,l_1745305721.586.jpg
0,0,0,0,325,l_1745305723.162.jpg
0,0,0,0,325,l_1745305725.545.jpg
0,0,0,0,325,l_1745305726.105.jpg
0,0,0,0,325,l_1745318113.503.jpg
0,0,0,0,325,l_1745318115.976.jpg
0,0,0,0,325,l_1745318116.475.jpg
0,0,0,0,325,l_1745318122.383.jpg
0,0,0,0,325,l_1745318123.925.jpg
0,0,0,0,325,l_1745379831.529.jpg
0,0,0,0,325,l_1745379832.245.jpg
0,0,0,0,325,l_1745379834.111.jpg
0,0,0,0,325,l_1745379836.752.jpg
0,0,0,0,325,l_1745476919.848.jpg
0,0,0,0,325,l_1745476919.983.jpg
0,0,0,0,325,l_1745476920.582.jpg
0,0,0,0,325,l_1745476925.421.jpg
0,0,0,0,325,l_1745476926.797.jpg
0,0,0,0,325,l_1745585296.730.jpg
0,0,0,0,325,l_1745585300.613.jpg
0,0,0,0,325,l_1745585303.540.jpg
0,0,0,0,325,l_1745585305.839.jpg
0,0,0,0,325,l_1745585308.714.jpg
0,0,0,0,325,l_1745822074.658.jpg
0,0,0,0,325,l_1745822075.497.jpg
0,0,0,0,325,l_1745822075.748.jpg
0,0,0,0,325,l_1745822076.118.jpg
0,0,0,0,325,l_1745822082.382.jpg
0,0,0,0,325,l_1746151858.207.jpg
0,0,0,0,325,l_1746151858.661.jpg
0,0,0,0,325,l_1746151859.697.jpg
0,0,0,0,325,l_1746151860.375.jpg
0,0,0,0,325,l_1746151860.804.jpg
0,0,0,0,325,l_1746261725.233.jpg
0,0,0,0,325,l_1746261725.664.jpg
0,0,0,0,325,l_1746261726.474.jpg
0,0,0,0,325,l_1746261729.598.jpg
0,0,0,0,325,l_1746261732.928.jpg
0,0,0,0,325,l_1746501806.598.jpg
0,0,0,0,325,l_1746501807.165.jpg
0,0,0,0,325,l_1746501807.458.jpg
0,0,0,0,325,l_1746501811.122.jpg
0,0,0,0,325,l_1746501813.608.jpg
0,0,0,0,325,l_1746606474.803.jpg
0,0,0,0,325,l_1746606474.872.jpg
0,0,0,0,325,l_1746606475.317.jpg
0,0,0,0,325,l_1746606475.519.jpg
0,0,0,0,325,l_1746606476.919.jpg
0,0,0,0,325,l_1746690643.168.jpg
0,0,0,0,325,l_1746690644.240.jpg
0,0,0,0,325,l_1746690644.603.jpg
0,0,0,0,325,l_1746690645.900.jpg
0,0,0,0,325,l_1746717158.125.jpg
0,0,0,0,325,l_1746717159.745.jpg
0,0,0,0,325,l_1746717161.703.jpg
0,0,0,0,325,l_1746717163.881.jpg
0,0,0,0,325,l_1746717165.520.jpg
0,0,0,0,326,l_1725789683.143.jpg
0,0,0,0,326,l_1725789684.864.jpg
0,0,0,0,326,l_1725789684.996.jpg
0,0,0,0,326,l_1725789685.749.jpg
0,0,0,0,326,l_1725789685.755.jpg
0,0,0,0,326,l_1732240755.431.jpg
0,0,0,0,326,l_1732240755.505.jpg
0,0,0,0,326,l_1732240756.628.jpg
0,0,0,0,326,l_1732240756.951.jpg
0,0,0,0,326,l_1732240757.910.jpg
0,0,0,0,326,l_1736477951.630.jpg
0,0,0,0,326,l_1736477956.237.jpg
0,0,0,0,326,l_1736477957.698.jpg
0,0,0,0,326,l_1736477959.645.jpg
0,0,0,0,326,l_1736477960.368.jpg
0,0,0,0,326,l_1736477960.749.jpg
0,0,0,0,326,l_1736477961.638.jpg
0,0,0,0,326,l_1740558952.602.jpg
0,0,0,0,326,l_1740558952.632.jpg
0,0,0,0,326,l_1742028993.262.jpg
0,0,0,0,326,l_1742028994.134.jpg
0,0,0,0,326,l_1742028994.533.jpg
0,0,0,0,326,l_1742028995.672.jpg
0,0,0,0,326,l_1742801492.301.jpg
0,0,0,0,326,l_1742801493.432.jpg
0,0,0,0,326,l_1742801493.981.jpg
0,0,0,0,326,l_1742801494.738.jpg
0,0,0,0,326,l_1743130920.981.jpg
0,0,0,0,326,l_1743130921.618.jpg
0,0,0,0,326,l_1743130922.151.jpg
0,0,0,0,326,l_1743130922.392.jpg
0,0,0,0,326,l_1743130923.603.jpg
0,0,0,0,326,l_1743146707.456.jpg
0,0,0,0,326,l_1743146709.973.jpg
0,0,0,0,326,l_1743146710.544.jpg
0,0,0,0,326,l_1743155525.713.jpg
0,0,0,0,326,l_1743155537.382.jpg
0,0,0,0,326,l_1743155541.348.jpg
0,0,0,0,326,l_1743155545.401.jpg
0,0,0,0,326,l_1743155548.592.jpg
0,0,0,0,326,l_1743488235.933.jpg
0,0,0,0,326,l_1743488236.163.jpg
0,0,0,0,326,l_1743488236.794.jpg
0,0,0,0,326,l_1743560242.474.jpg
0,0,0,0,326,l_1743560243.355.jpg
0,0,0,0,326,l_1743560243.918.jpg
0,0,0,0,326,l_1743733785.806.jpg
0,0,0,0,326,l_1743733835.757.jpg
0,0,0,0,326,l_1743733836.760.jpg
0,0,0,0,326,l_1743733867.640.jpg
0,0,0,0,326,l_1743733868.354.jpg
0,0,0,0,326,l_1743865403.235.jpg
0,0,0,0,326,l_1743865403.733.jpg
0,0,0,0,326,l_1743865404.132.jpg
0,0,0,0,326,l_1744775617.287.jpg
0,0,0,0,326,l_1744775621.423.jpg
0,0,0,0,326,l_1744775622.776.jpg
0,0,0,0,326,l_1744775623.797.jpg
0,0,0,0,326,l_1745067269.335.jpg
0,0,0,0,326,l_1745067269.587.jpg
0,0,0,0,326,l_1745067271.421.jpg
0,0,0,0,326,l_1745383543.366.jpg
0,0,0,0,326,l_1745383544.430.jpg
0,0,0,0,326,l_1745383544.807.jpg
0,0,0,0,326,l_1745383547.878.jpg
0,0,0,0,326,l_1745575656.708.jpg
0,0,0,0,326,l_1745575656.793.jpg
0,0,0,0,326,l_1745575657.327.jpg
0,0,0,0,326,l_1745575657.357.jpg
0,0,0,0,326,l_1746023043.103.jpg
0,0,0,0,326,l_1746023044.195.jpg
0,0,0,0,326,l_1746023044.498.jpg
0,0,0,0,326,l_1746023045.827.jpg
0,0,0,0,326,l_1746023045.909.jpg
0,0,0,0,326,l_1747064931.435.jpg
0,0,0,0,326,l_1747064931.767.jpg
0,0,0,0,326,l_1747064932.676.jpg
0,0,0,0,326,l_1747064955.209.jpg
0,0,0,0,327,l_1728718648.399.jpg
0,0,0,0,327,l_1728718649.195.jpg
0,0,0,0,327,l_1728718649.329.jpg
0,0,0,0,327,l_1728718650.599.jpg
0,0,0,0,327,l_1728718651.381.jpg
0,0,0,0,327,l_1728718652.497.jpg
0,0,0,0,327,l_1742258622.274.jpg
0,0,0,0,327,l_1742258622.939.jpg
0,0,0,0,327,l_1742258623.582.jpg
0,0,0,0,327,l_1742258623.666.jpg
0,0,0,0,327,l_1742258624.972.jpg
0,0,0,0,327,l_1743067628.660.jpg
0,0,0,0,327,l_1743067629.101.jpg
0,0,0,0,327,l_1743067630.139.jpg
0,0,0,0,327,l_1743067631.814.jpg
0,0,0,0,327,l_1743067632.330.jpg
0,0,0,0,327,l_1743067636.749.jpg
0,0,0,0,327,l_1744184491.508.jpg
0,0,0,0,327,l_1744184492.285.jpg
0,0,0,0,327,l_1744184492.884.jpg
0,0,0,0,327,l_1744184696.386.jpg
0,0,0,0,327,l_1744189366.709.jpg
0,0,0,0,327,l_1744189366.831.jpg
0,0,0,0,327,l_1744189367.764.jpg
0,0,0,0,327,l_1744189368.173.jpg
0,0,0,0,327,l_1744189368.483.jpg
0,0,0,0,327,l_1744189371.197.jpg
0,0,0,0,327,l_1744256552.874.jpg
0,0,0,0,327,l_1744256553.796.jpg
0,0,0,0,327,l_1744359214.229.jpg
0,0,0,0,327,l_1744448774.350.jpg
0,0,0,0,327,l_1744448775.813.jpg
0,0,0,0,327,l_1744448776.753.jpg
0,0,0,0,327,l_1744448777.956.jpg
0,0,0,0,327,l_1744849254.336.jpg
0,0,0,0,327,l_1744849254.953.jpg
0,0,0,0,327,l_1744849255.959.jpg
0,0,0,0,327,l_1744849259.685.jpg
0,0,0,0,327,l_1744880327.207.jpg
0,0,0,0,327,l_1744880329.248.jpg
0,0,0,0,327,l_1744880330.168.jpg
0,0,0,0,327,l_1745197122.529.jpg
0,0,0,0,327,l_1745197123.211.jpg
0,0,0,0,327,l_1745197124.215.jpg
0,0,0,0,327,l_1745197124.433.jpg
0,0,0,0,327,l_1745197125.867.jpg
0,0,0,0,327,l_1745924566.264.jpg
0,0,0,0,327,l_1745924567.338.jpg
0,0,0,0,327,l_1745924567.396.jpg
0,0,0,0,327,l_1746625966.740.jpg
0,0,0,0,327,l_1746625988.666.jpg
0,0,0,0,327,l_1746626005.931.jpg
0,0,0,0,327,l_1746626022.975.jpg
0,0,0,0,327,l_1746626039.394.jpg
0,0,0,0,327,l_1746768825.261.jpg
0,0,0,0,327,l_1746768825.627.jpg
0,0,0,0,327,l_1746768826.512.jpg
0,0,0,0,327,l_1746768827.225.jpg
0,0,0,0,327,l_1747132306.206.jpg
0,0,0,0,327,l_1747132307.467.jpg
0,0,0,0,327,l_1747132307.695.jpg
0,0,0,0,327,l_1747132308.333.jpg
0,0,0,0,327,l_1747132309.482.jpg
0,0,0,0,327,l_1747208302.861.jpg
0,0,0,0,327,l_1747208302.874.jpg
0,0,0,0,327,l_1747208303.459.jpg
0,0,0,0,327,l_1747208303.532.jpg
0,0,0,0,327,l_1747208304.536.jpg
0,0,0,0,327,l_1747215302.459.jpg
0,0,0,0,327,l_1747215304.280.jpg
0,0,0,0,327,l_1747215305.444.jpg
0,0,0,0,327,l_1747229739.197.jpg
0,0,0,0,327,l_1747229742.859.jpg
0,0,0,0,327,l_1747229745.750.jpg
0,0,0,0,327,l_1747229749.175.jpg
0,0,0,0,327,l_1747231989.834.jpg
0,0,0,0,327,l_1747231992.164.jpg
0,0,0,0,327,l_1747231995.390.jpg
0,0,0,0,327,l_1747232000.342.jpg
0,0,0,0,327,l_1747235164.244.jpg
0,0,0,0,327,l_1747235165.900.jpg
0,0,0,0,327,l_1747235166.404.jpg
0,0,0,0,327,l_1747235167.698.jpg
0,0,0,0,327,l_1747235168.438.jpg
0,0,0,0,327,l_1747235168.894.jpg
0,0,0,0,328,l_1731048788.425.jpg
0,0,0,0,328,l_1731048789.833.jpg
0,0,0,0,328,l_1731048791.975.jpg
0,0,0,0,328,l_1731048792.105.jpg
0,0,0,0,328,l_1731048898.624.jpg
0,0,0,0,328,l_1731048899.554.jpg
0,0,0,0,328,l_1731048901.635.jpg
0,0,0,0,328,l_1731048902.932.jpg
0,0,0,0,328,l_1731048903.538.jpg
0,0,0,0,328,l_1731048906.792.jpg
0,0,0,0,328,l_1736812815.143.jpg
0,0,0,0,328,l_1738726239.507.jpg
0,0,0,0,328,l_1738726240.940.jpg
0,0,0,0,328,l_1738726241.594.jpg
0,0,0,0,328,l_1738726241.727.jpg
0,0,0,0,328,l_1738726242.466.jpg
0,0,0,0,328,l_1741764559.971.jpg
0,0,0,0,328,l_1741764561.938.jpg
0,0,0,0,328,l_1741764563.280.jpg
0,0,0,0,328,l_1741764565.296.jpg
0,0,0,0,328,l_1742453591.568.jpg
0,0,0,0,328,l_1742453592.268.jpg
0,0,0,0,328,l_1742453594.289.jpg
0,0,0,0,328,l_1742453595.396.jpg
0,0,0,0,328,l_1742453597.889.jpg
0,0,0,0,328,l_1742799802.823.jpg
0,0,0,0,328,l_1742799803.691.jpg
0,0,0,0,328,l_1742799804.557.jpg
0,0,0,0,328,l_1742799804.703.jpg
0,0,0,0,328,l_1742799805.381.jpg
0,0,0,0,328,l_1742800061.410.jpg
0,0,0,0,328,l_1742800062.416.jpg
0,0,0,0,328,l_1742800062.556.jpg
0,0,0,0,328,l_1742890210.231.jpg
0,0,0,0,328,l_1742890210.636.jpg
0,0,0,0,328,l_1742890211.326.jpg
0,0,0,0,328,l_1742890213.175.jpg
0,0,0,0,328,l_1742899910.295.jpg
0,0,0,0,328,l_1742899913.142.jpg
0,0,0,0,328,l_1742899913.917.jpg
0,0,0,0,328,l_1742900405.360.jpg
0,0,0,0,328,l_1742900405.405.jpg
0,0,0,0,328,l_1742900406.271.jpg
0,0,0,0,328,l_1742900407.484.jpg
0,0,0,0,328,l_1742900408.287.jpg
0,0,0,0,328,l_1744280601.729.jpg
0,0,0,0,328,l_1744280601.825.jpg
0,0,0,0,328,l_1744280634.755.jpg
0,0,0,0,328,l_1744280651.716.jpg
0,0,0,0,328,l_1745202339.378.jpg
0,0,0,0,328,l_1745285485.161.jpg
0,0,0,0,328,l_1745285486.929.jpg
0,0,0,0,328,l_1745555019.803.jpg
0,0,0,0,328,l_1745555020.237.jpg
0,0,0,0,328,l_1745555021.863.jpg
0,0,0,0,328,l_1745555032.196.jpg
0,0,0,0,328,l_1746633532.933.jpg
0,0,0,0,328,l_1746633533.362.jpg
0,0,0,0,328,l_1746633533.388.jpg
0,0,0,0,328,l_1746760221.141.jpg
0,0,0,0,328,l_1746760221.866.jpg
0,0,0,0,328,l_1746760224.270.jpg
0,0,0,0,328,l_1746760225.520.jpg
0,0,0,0,328,l_1747018003.530.jpg
0,0,0,0,328,l_1747018004.731.jpg
0,0,0,0,328,l_1747018004.926.jpg
0,0,0,0,328,l_1747021698.786.jpg
0,0,0,0,328,l_1747021699.983.jpg
0,0,0,0,328,l_1747021701.793.jpg
0,0,0,0,328,l_1747021702.767.jpg
0,0,0,0,328,l_1747024103.559.jpg
0,0,0,0,328,l_1747024103.943.jpg
0,0,0,0,328,l_1747024104.729.jpg
0,0,0,0,328,l_1747024105.459.jpg
0,0,0,0,328,l_1747057773.989.jpg
0,0,0,0,329,l_1735889554.684.jpg
0,0,0,0,329,l_1735889555.249.jpg
0,0,0,0,329,l_1735889556.477.jpg
0,0,0,0,329,l_1735889558.556.jpg
0,0,0,0,329,l_1735889558.929.jpg
0,0,0,0,329,l_1741612848.319.jpg
0,0,0,0,329,l_1741612850.122.jpg
0,0,0,0,329,l_1741612850.128.jpg
0,0,0,0,329,l_1741613830.966.jpg
0,0,0,0,329,l_1741613834.585.jpg
0,0,0,0,329,l_1742428563.514.jpg
0,0,0,0,329,l_1742428567.600.jpg
0,0,0,0,329,l_1742428569.308.jpg
0,0,0,0,329,l_1742428570.903.jpg
0,0,0,0,329,l_1742428571.452.jpg
0,0,0,0,329,l_1742428572.960.jpg
0,0,0,0,329,l_1742654657.361.jpg
0,0,0,0,329,l_1742654657.941.jpg
0,0,0,0,329,l_1742800083.228.jpg
0,0,0,0,329,l_1742800084.401.jpg
0,0,0,0,329,l_1742800085.209.jpg
0,0,0,0,329,l_1742800086.256.jpg
0,0,0,0,329,l_1742800087.356.jpg
0,0,0,0,329,l_1742800088.796.jpg
0,0,0,0,329,l_1742800090.175.jpg
0,0,0,0,329,l_1743590963.555.jpg
0,0,0,0,329,l_1743590964.521.jpg
0,0,0,0,329,l_1743590966.609.jpg
0,0,0,0,329,l_1743590968.803.jpg
0,0,0,0,329,l_1743657541.131.jpg
0,0,0,0,329,l_1743657542.457.jpg
0,0,0,0,329,l_1743657543.809.jpg
0,0,0,0,329,l_1743657543.842.jpg
0,0,0,0,329,l_1744079529.410.jpg
0,0,0,0,329,l_1744079530.499.jpg
0,0,0,0,329,l_1744079531.926.jpg
0,0,0,0,329,l_1744079532.354.jpg
0,0,0,0,329,l_1744095337.587.jpg
0,0,0,0,329,l_1744095342.816.jpg
0,0,0,0,329,l_1744095345.686.jpg
0,0,0,0,329,l_1744095346.708.jpg
0,0,0,0,329,l_1744448352.194.jpg
0,0,0,0,329,l_1744448353.438.jpg
0,0,0,0,329,l_1746494824.346.jpg
0,0,0,0,329,l_1746494825.374.jpg
0,0,0,0,329,l_1746494825.803.jpg
0,0,0,0,329,l_1746494826.768.jpg
0,0,0,0,329,l_1746502909.994.jpg
0,0,0,0,329,l_1746502910.568.jpg
0,0,0,0,329,l_1746502910.686.jpg
0,0,0,0,329,l_1746502911.273.jpg
0,0,0,0,329,l_1746502911.280.jpg
0,0,0,0,329,l_1746876625.443.jpg
0,0,0,0,329,l_1746876626.896.jpg
0,0,0,0,329,l_1746876627.193.jpg
0,0,0,0,329,l_1746876627.342.jpg
0,0,0,0,329,l_1746876628.830.jpg
0,0,0,0,329,l_1746876629.765.jpg
0,0,0,0,329,l_1747018735.843.jpg
0,0,0,0,329,l_1747018736.433.jpg
0,0,0,0,329,l_1747018737.757.jpg
0,0,0,0,329,l_1747018738.728.jpg
0,0,0,0,329,l_1747127154.593.jpg
0,0,0,0,329,l_1747127155.382.jpg
0,0,0,0,329,l_1747127156.623.jpg
0,0,0,0,329,l_1747127157.971.jpg
0,0,0,0,329,l_1747127158.893.jpg
0,0,0,0,329,l_1747215676.219.jpg
0,0,0,0,329,l_1747215677.366.jpg
0,0,0,0,329,l_1747215677.438.jpg
0,0,0,0,329,l_1747215678.168.jpg
0,0,0,0,329,l_1747215678.535.jpg
0,0,0,0,329,l_1747230568.196.jpg
0,0,0,0,329,l_1747230568.387.jpg
0,0,0,0,329,l_1747230569.170.jpg
0,0,0,0,329,l_1747230570.379.jpg
0,0,0,0,329,l_1747230571.940.jpg
0,0,0,0,329,l_1747230572.348.jpg
0,0,0,0,329,l_1747232487.537.jpg
0,0,0,0,329,l_1747232491.687.jpg
0,0,0,0,329,l_1747232494.315.jpg
0,0,0,0,329,l_1747232498.933.jpg
0,0,0,0,329,l_1747233206.567.jpg
0,0,0,0,329,l_1747233206.740.jpg
0,0,0,0,329,l_1747233207.109.jpg
0,0,0,0,329,l_1747233207.112.jpg
0,0,0,0,329,l_1747233208.480.jpg
0,0,0,0,329,l_1747233210.332.jpg
0,0,0,0,329,l_1747238278.179.jpg
0,0,0,0,329,l_1747238279.455.jpg
0,0,0,0,329,l_1747238280.526.jpg
0,0,0,0,330,l_1691721209.749.jpg
0,0,0,0,330,l_1691721209.826.jpg
0,0,0,0,330,l_1691721210.235.jpg
0,0,0,0,330,l_1691721210.326.jpg
0,0,0,0,330,l_1691721210.693.jpg
0,0,0,0,330,l_1691721211.445.jpg
0,0,0,0,330,l_1691721211.472.jpg
0,0,0,0,330,l_1691721277.440.jpg
0,0,0,0,330,l_1691721277.908.jpg
0,0,0,0,330,l_1699253139.785.jpg
0,0,0,0,330,l_1699253140.894.jpg
0,0,0,0,330,l_1699253141.327.jpg
0,0,0,0,330,l_1699253143.231.jpg
0,0,0,0,330,l_1703662728.237.jpg
0,0,0,0,330,l_1703662729.605.jpg
0,0,0,0,330,l_1703662731.350.jpg
0,0,0,0,330,l_1703662731.863.jpg
0,0,0,0,330,l_1703662732.244.jpg
0,0,0,0,330,l_1703662801.782.jpg
0,0,0,0,330,l_1703662840.390.jpg
0,0,0,0,330,l_1712806092.147.jpg
0,0,0,0,330,l_1712806092.187.jpg
0,0,0,0,330,l_1712806092.766.jpg
0,0,0,0,330,l_1712806094.568.jpg
0,0,0,0,330,l_1712806094.569.jpg
0,0,0,0,330,l_1712806095.897.jpg
0,0,0,0,330,l_1721010445.738.jpg
0,0,0,0,330,l_1721010446.543.jpg
0,0,0,0,330,l_1721010446.547.jpg
0,0,0,0,330,l_1721010447.337.jpg
0,0,0,0,330,l_1721010447.938.jpg
0,0,0,0,330,l_1721030003.514.jpg
0,0,0,0,330,l_1721030004.389.jpg
0,0,0,0,330,l_1721030004.541.jpg
0,0,0,0,330,l_1721030004.562.jpg
0,0,0,0,330,l_1721030005.483.jpg
0,0,0,0,330,l_1730864381.778.jpg
0,0,0,0,330,l_1730864382.536.jpg
0,0,0,0,330,l_1730864383.965.jpg
0,0,0,0,330,l_1730864384.222.jpg
0,0,0,0,330,l_1730864385.879.jpg
0,0,0,0,330,l_1730864386.633.jpg
0,0,0,0,330,l_1730864387.771.jpg
0,0,0,0,330,l_1730864388.108.jpg
0,0,0,0,330,l_1730864388.336.jpg
0,0,0,0,330,l_1730864453.891.jpg
0,0,0,0,330,l_1733971385.281.jpg
0,0,0,0,330,l_1733971386.645.jpg
0,0,0,0,330,l_1733971387.834.jpg
0,0,0,0,330,l_1734059891.370.jpg
0,0,0,0,330,l_1734059892.685.jpg
0,0,0,0,330,l_1734059893.854.jpg
0,0,0,0,330,l_1742529944.336.jpg
0,0,0,0,330,l_1742529946.387.jpg
0,0,0,0,330,l_1742529947.911.jpg
0,0,0,0,330,l_1742529948.532.jpg
0,0,0,0,330,l_1742529949.648.jpg
0,0,0,0,330,l_1742548924.603.jpg
0,0,0,0,330,l_1742548925.386.jpg
0,0,0,0,330,l_1742548925.545.jpg
0,0,0,0,330,l_1742548926.263.jpg
0,0,0,0,330,l_1742548926.294.jpg
0,0,0,0,330,l_1743666998.632.jpg
0,0,0,0,330,l_1743666999.141.jpg
0,0,0,0,330,l_1743667000.627.jpg
0,0,0,0,330,l_1743667001.340.jpg
0,0,0,0,330,l_1743667002.717.jpg
0,0,0,0,330,l_1743667006.894.jpg
0,0,0,0,330,l_1744446448.230.jpg
0,0,0,0,330,l_1744446449.998.jpg
0,0,0,0,330,l_1744446450.771.jpg
0,0,0,0,330,l_1744446451.127.jpg
0,0,0,0,330,l_1745824029.156.jpg
0,0,0,0,330,l_1745824032.804.jpg
0,0,0,0,330,l_1745824034.970.jpg
0,0,0,0,330,l_1745824035.239.jpg
0,0,0,0,330,l_1745824036.223.jpg
0,0,0,0,330,l_1746269995.819.jpg
0,0,0,0,330,l_1746269998.170.jpg
0,0,0,0,330,l_1746269998.446.jpg
0,0,0,0,330,l_1746270029.571.jpg
0,0,0,0,330,l_1746270030.580.jpg
0,0,0,0,330,l_1746420937.413.jpg
0,0,0,0,330,l_1746420937.858.jpg
0,0,0,0,330,l_1746420938.352.jpg
0,0,0,0,330,l_1746420938.807.jpg
0,0,0,0,330,l_1746420939.251.jpg
0,0,0,0,330,l_1746798589.105.jpg
0,0,0,0,330,l_1746798592.566.jpg
0,0,0,0,330,l_1746798592.578.jpg
0,0,0,0,330,l_1746798593.809.jpg
0,0,0,0,330,l_1747042977.472.jpg
0,0,0,0,330,l_1747042985.813.jpg
0,0,0,0,330,l_1747053942.419.jpg
0,0,0,0,330,l_1747053942.881.jpg
0,0,0,0,330,l_1747053943.819.jpg
0,0,0,0,331,l_1731056607.315.jpg
0,0,0,0,331,l_1731056607.453.jpg
0,0,0,0,331,l_1731056608.295.jpg
0,0,0,0,331,l_1731056608.945.jpg
0,0,0,0,331,l_1731056609.308.jpg
0,0,0,0,331,l_1731636580.437.jpg
0,0,0,0,331,l_1731636580.881.jpg
0,0,0,0,331,l_1731636583.843.jpg
0,0,0,0,331,l_1731636596.563.jpg
0,0,0,0,331,l_1731636609.964.jpg
0,0,0,0,331,l_1732527133.235.jpg
0,0,0,0,331,l_1732527134.224.jpg
0,0,0,0,331,l_1732527134.505.jpg
0,0,0,0,331,l_1732527135.861.jpg
0,0,0,0,331,l_1732527139.261.jpg
0,0,0,0,331,l_1735897092.866.jpg
0,0,0,0,331,l_1735897093.259.jpg
0,0,0,0,331,l_1735897093.984.jpg
0,0,0,0,331,l_1735897098.498.jpg
0,0,0,0,331,l_1735897099.619.jpg
0,0,0,0,331,l_1735897100.837.jpg
0,0,0,0,331,l_1735897100.861.jpg
0,0,0,0,331,l_1739780622.973.jpg
0,0,0,0,331,l_1739780623.579.jpg
0,0,0,0,331,l_1739780624.167.jpg
0,0,0,0,331,l_1739780624.856.jpg
0,0,0,0,331,l_1739780625.236.jpg
0,0,0,0,331,l_1739981347.873.jpg
0,0,0,0,331,l_1739981348.693.jpg
0,0,0,0,331,l_1739981350.306.jpg
0,0,0,0,331,l_1740995255.540.jpg
0,0,0,0,331,l_1740995256.202.jpg
0,0,0,0,331,l_1740995257.571.jpg
0,0,0,0,331,l_1740995259.434.jpg
0,0,0,0,331,l_1740995260.563.jpg
0,0,0,0,331,l_1742484398.111.jpg
0,0,0,0,331,l_1742484399.181.jpg
0,0,0,0,331,l_1742484400.654.jpg
0,0,0,0,331,l_1742484400.928.jpg
0,0,0,0,331,l_1743498964.990.jpg
0,0,0,0,331,l_1743498965.936.jpg
0,0,0,0,331,l_1743498966.701.jpg
0,0,0,0,331,l_1743498968.422.jpg
0,0,0,0,331,l_1743498969.667.jpg
0,0,0,0,331,l_1743648065.995.jpg
0,0,0,0,331,l_1743648068.331.jpg
0,0,0,0,331,l_1743648069.205.jpg
0,0,0,0,331,l_1744344651.963.jpg
0,0,0,0,331,l_1744344652.422.jpg
0,0,0,0,331,l_1744344653.546.jpg
0,0,0,0,331,l_1744344654.634.jpg
0,0,0,0,331,l_1744344655.766.jpg
0,0,0,0,331,l_1744372207.260.jpg
0,0,0,0,331,l_1744372207.754.jpg
0,0,0,0,331,l_1744372208.268.jpg
0,0,0,0,331,l_1744372209.116.jpg
0,0,0,0,331,l_1744372209.468.jpg
0,0,0,0,331,l_1744372210.112.jpg
0,0,0,0,331,l_1744372212.577.jpg
0,0,0,0,331,l_1744972800.358.jpg
0,0,0,0,331,l_1744972800.827.jpg
0,0,0,0,331,l_1744972803.883.jpg
0,0,0,0,331,l_1744972805.646.jpg
0,0,0,0,331,l_1744972806.314.jpg
0,0,0,0,331,l_1745477903.760.jpg
0,0,0,0,331,l_1745477903.797.jpg
0,0,0,0,331,l_1745477904.527.jpg
0,0,0,0,331,l_1745477909.621.jpg
0,0,0,0,331,l_1745557348.193.jpg
0,0,0,0,331,l_1745557349.217.jpg
0,0,0,0,331,l_1745557351.246.jpg
0,0,0,0,331,l_1745557355.678.jpg
0,0,0,0,331,l_1745557356.389.jpg
0,0,0,0,331,l_1746069022.332.jpg
0,0,0,0,331,l_1746069022.409.jpg
0,0,0,0,331,l_1746069023.216.jpg
0,0,0,0,331,l_1746069023.866.jpg
0,0,0,0,331,l_1746156235.284.jpg
0,0,0,0,331,l_1746156235.302.jpg
0,0,0,0,331,l_1746156236.574.jpg
0,0,0,0,331,l_1746156237.540.jpg
0,0,0,0,331,l_1746500415.778.jpg
0,0,0,0,331,l_1746500416.737.jpg
0,0,0,0,331,l_1746500417.555.jpg
0,0,0,0,331,l_1746500419.447.jpg
0,0,0,0,331,l_1746674876.370.jpg
0,0,0,0,331,l_1746674877.421.jpg
0,0,0,0,331,l_1746674879.360.jpg
0,0,0,0,331,l_1746674880.790.jpg
0,0,0,0,331,l_1747230639.241.jpg
0,0,0,0,331,l_1747230640.768.jpg
0,0,0,0,331,l_1747230641.533.jpg
0,0,0,0,331,l_1747230642.920.jpg
0,0,0,0,331,l_1747230643.490.jpg
0,0,0,0,331,l_1747230644.777.jpg
0,0,0,0,331,l_1747230645.514.jpg
0,0,0,0,332,l_1635241326.975.jpg
0,0,0,0,332,l_1635241327.922.jpg
0,0,0,0,332,l_1635241328.511.jpg
0,0,0,0,332,l_1635241329.927.jpg
0,0,0,0,332,l_1635241334.195.jpg
0,0,0,0,332,l_1727235938.512.jpg
0,0,0,0,332,l_1727235939.465.jpg
0,0,0,0,332,l_1727235939.715.jpg
0,0,0,0,332,l_1727235940.530.jpg
0,0,0,0,332,l_1727235940.648.jpg
0,0,0,0,332,l_1727235941.364.jpg
0,0,0,0,332,l_1727235942.705.jpg
0,0,0,0,332,l_1727235942.805.jpg
0,0,0,0,332,l_1737709589.696.jpg
0,0,0,0,332,l_1737709590.441.jpg
0,0,0,0,332,l_1737709590.588.jpg
0,0,0,0,332,l_1737709591.718.jpg
0,0,0,0,332,l_1737709591.907.jpg
0,0,0,0,332,l_1739161973.882.jpg
0,0,0,0,332,l_1739161974.225.jpg
0,0,0,0,332,l_1739161975.297.jpg
0,0,0,0,332,l_1739161975.495.jpg
0,0,0,0,332,l_1739161976.664.jpg
0,0,0,0,332,l_1739161977.620.jpg
0,0,0,0,332,l_1739161977.720.jpg
0,0,0,0,332,l_1739161978.473.jpg
0,0,0,0,332,l_1739161978.504.jpg
0,0,0,0,332,l_1740973412.140.jpg
0,0,0,0,332,l_1740973412.252.jpg
0,0,0,0,332,l_1740973413.685.jpg
0,0,0,0,332,l_1740973413.994.jpg
0,0,0,0,332,l_1740973414.608.jpg
0,0,0,0,332,l_1741685427.243.jpg
0,0,0,0,332,l_1741685427.952.jpg
0,0,0,0,332,l_1741685428.881.jpg
0,0,0,0,332,l_1741751597.562.jpg
0,0,0,0,332,l_1741751597.646.jpg
0,0,0,0,332,l_1741751598.684.jpg
0,0,0,0,332,l_1741751599.673.jpg
0,0,0,0,332,l_1741866081.868.jpg
0,0,0,0,332,l_1741866082.419.jpg
0,0,0,0,332,l_1741866083.587.jpg
0,0,0,0,332,l_1741866084.417.jpg
0,0,0,0,332,l_1741886362.826.jpg
0,0,0,0,332,l_1741886396.888.jpg
0,0,0,0,332,l_1743597935.407.jpg
0,0,0,0,332,l_1743597935.921.jpg
0,0,0,0,332,l_1743597936.210.jpg
0,0,0,0,332,l_1744189601.461.jpg
0,0,0,0,332,l_1744189602.528.jpg
0,0,0,0,332,l_1744189602.700.jpg
0,0,0,0,332,l_1744189603.300.jpg
0,0,0,0,332,l_1744189604.326.jpg
0,0,0,0,332,l_1744189605.156.jpg
0,0,0,0,332,l_1744864342.543.jpg
0,0,0,0,332,l_1744864343.383.jpg
0,0,0,0,332,l_1744864344.506.jpg
0,0,0,0,332,l_1744864344.687.jpg
0,0,0,0,332,l_1744864345.660.jpg
0,0,0,0,332,l_1744864345.663.jpg
0,0,0,0,332,l_1745044577.258.jpg
0,0,0,0,332,l_1745044579.664.jpg
0,0,0,0,332,l_1745044581.469.jpg
0,0,0,0,332,l_1745044582.138.jpg
0,0,0,0,332,l_1745044582.835.jpg
0,0,0,0,332,l_1745482800.927.jpg
0,0,0,0,332,l_1745482808.475.jpg
0,0,0,0,332,l_1745482830.380.jpg
0,0,0,0,332,l_1745482834.966.jpg
0,0,0,0,332,l_1745482839.896.jpg
0,0,0,0,332,l_1745509656.626.jpg
0,0,0,0,332,l_1745509658.373.jpg
0,0,0,0,332,l_1745509658.576.jpg
0,0,0,0,332,l_1745509660.340.jpg
0,0,0,0,332,l_1745509661.606.jpg
0,0,0,0,332,l_1745824659.451.jpg
0,0,0,0,332,l_1745824662.552.jpg
0,0,0,0,332,l_1745824663.727.jpg
0,0,0,0,332,l_1745824664.118.jpg
0,0,0,0,332,l_1745828794.280.jpg
0,0,0,0,332,l_1745828794.686.jpg
0,0,0,0,332,l_1745828795.850.jpg
0,0,0,0,332,l_1745828797.281.jpg
0,0,0,0,332,l_1745828797.296.jpg
0,0,0,0,332,l_1746524361.631.jpg
0,0,0,0,332,l_1746524362.229.jpg
0,0,0,0,332,l_1746524362.987.jpg
0,0,0,0,332,l_1746524363.236.jpg
0,0,0,0,332,l_1746524364.836.jpg
0,0,0,0,332,l_1746524364.867.jpg
0,0,0,0,332,l_1746524365.370.jpg
0,0,0,0,332,l_1747225152.955.jpg
0,0,0,0,332,l_1747225153.471.jpg
0,0,0,0,332,l_1747225154.838.jpg
0,0,0,0,332,l_1747238543.217.jpg
0,0,0,0,332,l_1747238544.825.jpg
0,0,0,0,332,l_1747238545.612.jpg
0,0,0,0,333,l_1649129833.197.jpg
0,0,0,0,333,l_1649129834.947.jpg
0,0,0,0,333,l_1649129835.150.jpg
0,0,0,0,333,l_1649129835.594.jpg
0,0,0,0,333,l_1649129836.180.jpg
0,0,0,0,333,l_1649129836.560.jpg
0,0,0,0,333,l_1649129836.807.jpg
0,0,0,0,333,l_1649296443.345.jpg
0,0,0,0,333,l_1649296443.945.jpg
0,0,0,0,333,l_1649296444.968.jpg
0,0,0,0,333,l_1665030868.550.jpg
0,0,0,0,333,l_1665030869.925.jpg
0,0,0,0,333,l_1665030870.231.jpg
0,0,0,0,333,l_1665030870.997.jpg
0,0,0,0,333,l_1665030871.156.jpg
0,0,0,0,333,l_1714121697.216.jpg
0,0,0,0,333,l_1714121697.554.jpg
0,0,0,0,333,l_1714121698.393.jpg
0,0,0,0,333,l_1714121699.188.jpg
0,0,0,0,333,l_1721400058.520.jpg
0,0,0,0,333,l_1721400058.973.jpg
0,0,0,0,333,l_1735976161.941.jpg
0,0,0,0,333,l_1740489124.122.jpg
0,0,0,0,333,l_1740489125.345.jpg
0,0,0,0,333,l_1740489126.566.jpg
0,0,0,0,333,l_1740489126.910.jpg
0,0,0,0,333,l_1741787602.863.jpg
0,0,0,0,333,l_1741787604.206.jpg
0,0,0,0,333,l_1741787607.368.jpg
0,0,0,0,333,l_1741787609.269.jpg
0,0,0,0,333,l_1741787610.523.jpg
0,0,0,0,333,l_1743134802.332.jpg
0,0,0,0,333,l_1743134804.486.jpg
0,0,0,0,333,l_1743134805.273.jpg
0,0,0,0,333,l_1743134807.922.jpg
0,0,0,0,333,l_1743134812.737.jpg
0,0,0,0,333,l_1743153331.181.jpg
0,0,0,0,333,l_1743153333.120.jpg
0,0,0,0,333,l_1743153334.899.jpg
0,0,0,0,333,l_1743153335.992.jpg
0,0,0,0,333,l_1743153336.533.jpg
0,0,0,0,333,l_1743210976.374.jpg
0,0,0,0,333,l_1743210976.426.jpg
0,0,0,0,333,l_1743210977.284.jpg
0,0,0,0,333,l_1743210978.302.jpg
0,0,0,0,333,l_1744767992.873.jpg
0,0,0,0,333,l_1744767993.372.jpg
0,0,0,0,333,l_1744767993.654.jpg
0,0,0,0,333,l_1744767994.104.jpg
0,0,0,0,333,l_1744767994.899.jpg
0,0,0,0,333,l_1744767995.305.jpg
0,0,0,0,333,l_1745201811.826.jpg
0,0,0,0,333,l_1745201820.885.jpg
0,0,0,0,333,l_1745201838.937.jpg
0,0,0,0,333,l_1745326295.417.jpg
0,0,0,0,333,l_1745326296.970.jpg
0,0,0,0,333,l_1745326297.228.jpg
0,0,0,0,333,l_1745326297.739.jpg
0,0,0,0,333,l_1745373890.694.jpg
0,0,0,0,333,l_1745373891.832.jpg
0,0,0,0,333,l_1745373891.895.jpg
0,0,0,0,333,l_1745373892.856.jpg
0,0,0,0,333,l_1745373894.149.jpg
0,0,0,0,333,l_1745543004.250.jpg
0,0,0,0,333,l_1745543004.816.jpg
0,0,0,0,333,l_1745543011.207.jpg
0,0,0,0,333,l_1745543011.649.jpg
0,0,0,0,333,l_1745543012.462.jpg
0,0,0,0,333,l_1746324666.495.jpg
0,0,0,0,333,l_1746324667.282.jpg
0,0,0,0,333,l_1746324667.692.jpg
0,0,0,0,333,l_1746324687.974.jpg
0,0,0,0,333,l_1746610839.333.jpg
0,0,0,0,333,l_1746610840.564.jpg
0,0,0,0,333,l_1746610840.969.jpg
0,0,0,0,333,l_1746610842.924.jpg
0,0,0,0,333,l_1746610849.350.jpg
0,0,0,0,333,l_1746877194.462.jpg
0,0,0,0,333,l_1746877195.232.jpg
0,0,0,0,333,l_1746877196.815.jpg
0,0,0,0,333,l_1746877196.832.jpg
0,0,0,0,333,l_1746877197.954.jpg
0,0,0,0,334,l_1683692917.jpg
0,0,0,0,334,l_1683692923.jpg
0,0,0,0,334,l_1686736107.372.jpg
0,0,0,0,334,l_1686736107.864.jpg
0,0,0,0,334,l_1686736108.572.jpg
0,0,0,0,334,l_1686736109.260.jpg
0,0,0,0,334,l_1686736109.304.jpg
0,0,0,0,334,l_1686736110.829.jpg
0,0,0,0,334,l_1739520334.914.jpg
0,0,0,0,334,l_1739520335.525.jpg
0,0,0,0,334,l_1739520336.208.jpg
0,0,0,0,334,l_1739520338.327.jpg
0,0,0,0,334,l_1739520340.629.jpg
0,0,0,0,334,l_1739520342.258.jpg
0,0,0,0,334,l_1739759768.856.jpg
0,0,0,0,334,l_1739759769.234.jpg
0,0,0,0,334,l_1739759770.935.jpg
0,0,0,0,334,l_1739759778.254.jpg
0,0,0,0,334,l_1741092707.317.jpg
0,0,0,0,334,l_1741092708.331.jpg
0,0,0,0,334,l_1741674916.709.jpg
0,0,0,0,334,l_1741674918.232.jpg
0,0,0,0,334,l_1741674920.641.jpg
0,0,0,0,334,l_1741674923.341.jpg
0,0,0,0,334,l_1741777449.958.jpg
0,0,0,0,334,l_1741777450.931.jpg
0,0,0,0,334,l_1741777451.227.jpg
0,0,0,0,334,l_1741777451.283.jpg
0,0,0,0,334,l_1742955640.203.jpg
0,0,0,0,334,l_1742955641.948.jpg
0,0,0,0,334,l_1742955642.305.jpg
0,0,0,0,334,l_1742955643.136.jpg
0,0,0,0,334,l_1742955644.130.jpg
0,0,0,0,334,l_1742955645.739.jpg
0,0,0,0,334,l_1742955647.377.jpg
0,0,0,0,334,l_1742955650.631.jpg
0,0,0,0,334,l_1742955675.164.jpg
0,0,0,0,334,l_1744105361.239.jpg
0,0,0,0,334,l_1744105362.507.jpg
0,0,0,0,334,l_1744105362.715.jpg
0,0,0,0,334,l_1744342914.400.jpg
0,0,0,0,334,l_1744342914.709.jpg
0,0,0,0,334,l_1744342915.266.jpg
0,0,0,0,334,l_1744342916.480.jpg
0,0,0,0,334,l_1744342918.791.jpg
0,0,0,0,334,l_1744435531.554.jpg
0,0,0,0,334,l_1744435534.878.jpg
0,0,0,0,334,l_1744435536.809.jpg
0,0,0,0,334,l_1745399488.359.jpg
0,0,0,0,334,l_1745399489.450.jpg
0,0,0,0,334,l_1745399489.883.jpg
0,0,0,0,334,l_1745399490.646.jpg
0,0,0,0,334,l_1745455892.906.jpg
0,0,0,0,334,l_1745455893.122.jpg
0,0,0,0,334,l_1745455895.405.jpg
0,0,0,0,334,l_1745455897.725.jpg
0,0,0,0,334,l_1745455899.621.jpg
0,0,0,0,334,l_1746366033.724.jpg
0,0,0,0,334,l_1746366035.126.jpg
0,0,0,0,334,l_1746366039.179.jpg
0,0,0,0,334,l_1746366043.918.jpg
0,0,0,0,334,l_1746366045.567.jpg
0,0,0,0,334,l_1746366047.882.jpg
0,0,0,0,334,l_1746536453.741.jpg
0,0,0,0,334,l_1746536455.193.jpg
0,0,0,0,334,l_1746536456.781.jpg
0,0,0,0,334,l_1746536457.628.jpg
0,0,0,0,334,l_1746536458.544.jpg
0,0,0,0,334,l_1746845542.886.jpg
0,0,0,0,334,l_1746845546.604.jpg
0,0,0,0,334,l_1746845548.962.jpg
0,0,0,0,334,l_1746877232.870.jpg
0,0,0,0,334,l_1746877233.241.jpg
0,0,0,0,334,l_1746877234.848.jpg
0,0,0,0,334,l_1746877235.578.jpg
0,0,0,0,334,l_1746877235.762.jpg
0,0,0,0,334,l_1746877237.364.jpg
0,0,0,0,334,l_1747233202.814.jpg
0,0,0,0,334,l_1747233206.891.jpg
0,0,0,0,334,l_1747233208.319.jpg
0,0,0,0,334,l_1747233215.839.jpg
0,0,0,0,334,l_1747233217.447.jpg
0,0,0,0,334,l_1747234714.437.jpg
0,0,0,0,334,l_1747234714.926.jpg
0,0,0,0,334,l_1747234715.496.jpg
0,0,0,0,334,l_1747234716.884.jpg
0,0,0,0,335,l_1727236683.582.jpg
0,0,0,0,335,l_1727236683.710.jpg
0,0,0,0,335,l_1727236684.545.jpg
0,0,0,0,335,l_1727236685.807.jpg
0,0,0,0,335,l_1727236728.599.jpg
0,0,0,0,335,l_1727236729.116.jpg
0,0,0,0,335,l_1727236730.106.jpg
0,0,0,0,335,l_1727237630.330.jpg
0,0,0,0,335,l_1727237631.335.jpg
0,0,0,0,335,l_1741745593.683.jpg
0,0,0,0,335,l_1741745594.457.jpg
0,0,0,0,335,l_1741745594.663.jpg
0,0,0,0,335,l_1741745595.511.jpg
0,0,0,0,335,l_1743902150.973.jpg
0,0,0,0,335,l_1743902152.265.jpg
0,0,0,0,335,l_1743902152.685.jpg
0,0,0,0,335,l_1743902153.260.jpg
0,0,0,0,335,l_1743902153.467.jpg
0,0,0,0,335,l_1743902154.118.jpg
0,0,0,0,335,l_1745200850.306.jpg
0,0,0,0,335,l_1745200851.666.jpg
0,0,0,0,335,l_1745200852.667.jpg
0,0,0,0,335,l_1745200858.536.jpg
0,0,0,0,335,l_1745200860.730.jpg
0,0,0,0,335,l_1745200866.510.jpg
0,0,0,0,335,l_1745482382.188.jpg
0,0,0,0,335,l_1745482385.369.jpg
0,0,0,0,335,l_1745482411.910.jpg
0,0,0,0,335,l_1745482416.610.jpg
0,0,0,0,335,l_1745569687.407.jpg
0,0,0,0,335,l_1745569699.251.jpg
0,0,0,0,335,l_1745569701.319.jpg
0,0,0,0,335,l_1745569704.417.jpg
0,0,0,0,335,l_1746335760.722.jpg
0,0,0,0,335,l_1746335768.925.jpg
0,0,0,0,335,l_1746335773.412.jpg
0,0,0,0,335,l_1746335778.401.jpg
0,0,0,0,335,l_1746411823.591.jpg
0,0,0,0,335,l_1746411824.759.jpg
0,0,0,0,335,l_1746411828.494.jpg
0,0,0,0,335,l_1746524442.852.jpg
0,0,0,0,335,l_1746524442.922.jpg
0,0,0,0,335,l_1746524443.753.jpg
0,0,0,0,335,l_1746524443.920.jpg
0,0,0,0,335,l_1746524444.847.jpg
0,0,0,0,335,l_1747105315.433.jpg
0,0,0,0,335,l_1747105317.315.jpg
0,0,0,0,335,l_1747105319.100.jpg
0,0,0,0,335,l_1747138122.874.jpg
0,0,0,0,335,l_1747138146.696.jpg
0,0,0,0,335,l_1747182830.867.jpg
0,0,0,0,335,l_1747182833.552.jpg
0,0,0,0,335,l_1747182834.793.jpg
0,0,0,0,335,l_1747182835.306.jpg
0,0,0,0,335,l_1747182835.855.jpg
0,0,0,0,335,l_1747185057.475.jpg
0,0,0,0,335,l_1747185060.707.jpg
0,0,0,0,335,l_1747185061.397.jpg
0,0,0,0,335,l_1747185061.545.jpg
0,0,0,0,335,l_1747213954.435.jpg
0,0,0,0,335,l_1747213958.508.jpg
0,0,0,0,335,l_1747213991.241.jpg
0,0,0,0,335,l_1747214004.671.jpg
0,0,0,0,335,l_1747214037.623.jpg
0,0,0,0,335,l_1747224858.752.jpg
0,0,0,0,335,l_1747224862.372.jpg
0,0,0,0,335,l_1747224863.406.jpg
0,0,0,0,335,l_1747224865.553.jpg
0,0,0,0,335,l_1747229169.219.jpg
0,0,0,0,335,l_1747229181.629.jpg
0,0,0,0,335,l_1747229215.286.jpg
0,0,0,0,335,l_1747229290.988.jpg
0,0,0,0,335,l_1747229294.347.jpg
0,0,0,0,335,l_1747229298.334.jpg
0,0,0,0,336,l_1734775964.228.jpg
0,0,0,0,336,l_1734775964.230.jpg
0,0,0,0,336,l_1734775965.144.jpg
0,0,0,0,336,l_1734775965.470.jpg
0,0,0,0,336,l_1734775966.764.jpg
0,0,0,0,336,l_1734775966.993.jpg
0,0,0,0,336,l_1735568106.971.jpg
0,0,0,0,336,l_1735568107.152.jpg
0,0,0,0,336,l_1735568107.603.jpg
0,0,0,0,336,l_1735568108.641.jpg
0,0,0,0,336,l_1735568108.926.jpg
0,0,0,0,336,l_1736042569.255.jpg
0,0,0,0,336,l_1736042569.285.jpg
0,0,0,0,336,l_1736042571.297.jpg
0,0,0,0,336,l_1736042573.312.jpg
0,0,0,0,336,l_1736042574.905.jpg
0,0,0,0,336,l_1741318047.235.jpg
0,0,0,0,336,l_1741318047.556.jpg
0,0,0,0,336,l_1741318048.621.jpg
0,0,0,0,336,l_1741318049.469.jpg
0,0,0,0,336,l_1741318049.966.jpg
0,0,0,0,336,l_1742034918.886.jpg
0,0,0,0,336,l_1742034919.661.jpg
0,0,0,0,336,l_1742034919.919.jpg
0,0,0,0,336,l_1742034920.594.jpg
0,0,0,0,336,l_1742034921.937.jpg
0,0,0,0,336,l_1743133393.352.jpg
0,0,0,0,336,l_1743133395.562.jpg
0,0,0,0,336,l_1743133397.918.jpg
0,0,0,0,336,l_1743133397.940.jpg
0,0,0,0,336,l_1743743515.880.jpg
0,0,0,0,336,l_1743743516.331.jpg
0,0,0,0,336,l_1743743516.683.jpg
0,0,0,0,336,l_1743743517.246.jpg
0,0,0,0,336,l_1743743517.996.jpg
0,0,0,0,336,l_1745481785.552.jpg
0,0,0,0,336,l_1745481789.795.jpg
0,0,0,0,336,l_1745481797.355.jpg
0,0,0,0,336,l_1745481851.132.jpg
0,0,0,0,336,l_1745557171.711.jpg
0,0,0,0,336,l_1745557172.811.jpg
0,0,0,0,336,l_1745557173.521.jpg
0,0,0,0,336,l_1745557177.115.jpg
0,0,0,0,336,l_1745557177.931.jpg
0,0,0,0,336,l_1745557415.191.jpg
0,0,0,0,336,l_1745557416.800.jpg
0,0,0,0,336,l_1745557418.428.jpg
0,0,0,0,336,l_1745557418.657.jpg
0,0,0,0,336,l_1745557419.950.jpg
0,0,0,0,336,l_1746259042.509.jpg
0,0,0,0,336,l_1746259061.545.jpg
0,0,0,0,336,l_1746357557.547.jpg
0,0,0,0,336,l_1746409539.368.jpg
0,0,0,0,336,l_1746409540.907.jpg
0,0,0,0,336,l_1746409543.363.jpg
0,0,0,0,336,l_1746409546.523.jpg
0,0,0,0,336,l_1746587964.246.jpg
0,0,0,0,336,l_1746587964.471.jpg
0,0,0,0,336,l_1746587965.557.jpg
0,0,0,0,336,l_1746587967.520.jpg
0,0,0,0,336,l_1746587967.934.jpg
0,0,0,0,336,l_1746798251.751.jpg
0,0,0,0,336,l_1746798254.772.jpg
0,0,0,0,336,l_1746798256.435.jpg
0,0,0,0,336,l_1746798287.441.jpg
0,0,0,0,336,l_1747016826.504.jpg
0,0,0,0,336,l_1747016827.679.jpg
0,0,0,0,336,l_1747016828.373.jpg
0,0,0,0,336,l_1747016828.626.jpg
0,0,0,0,336,l_1747016830.282.jpg
0,0,0,0,336,l_1747036367.407.jpg
0,0,0,0,336,l_1747036368.659.jpg
0,0,0,0,336,l_1747036369.866.jpg
0,0,0,0,336,l_1747036370.304.jpg
0,0,0,0,336,l_1747036371.167.jpg
0,0,0,0,336,l_1747211804.226.jpg
0,0,0,0,336,l_1747211804.261.jpg
0,0,0,0,336,l_1747211805.645.jpg
0,0,0,0,336,l_1747211806.427.jpg
0,0,0,0,336,l_1747211807.134.jpg
0,0,0,0,336,l_1747211808.233.jpg
0,0,0,0,336,l_1747217024.107.jpg
0,0,0,0,336,l_1747217025.527.jpg
0,0,0,0,336,l_1747217026.833.jpg
0,0,0,0,336,l_1747217027.320.jpg
0,0,0,0,336,l_1747217028.242.jpg
0,0,0,0,336,l_1747217029.400.jpg
0,0,0,0,336,l_1747230869.144.jpg
0,0,0,0,336,l_1747230869.319.jpg
0,0,0,0,336,l_1747230870.860.jpg
0,0,0,0,336,l_1747230871.953.jpg
0,0,0,0,337,l_1694401609.358.jpg
0,0,0,0,337,l_1694401609.648.jpg
0,0,0,0,337,l_1694401610.278.jpg
0,0,0,0,337,l_1694401611.249.jpg
0,0,0,0,337,l_1709197489.667.jpg
0,0,0,0,337,l_1709197489.712.jpg
0,0,0,0,337,l_1709197490.277.jpg
0,0,0,0,337,l_1709197491.480.jpg
0,0,0,0,337,l_1709197491.960.jpg
0,0,0,0,337,l_1709197493.177.jpg
0,0,0,0,337,l_1709197493.695.jpg
0,0,0,0,337,l_1714119761.961.jpg
0,0,0,0,337,l_1731051258.774.jpg
0,0,0,0,337,l_1731051259.527.jpg
0,0,0,0,337,l_1731051261.894.jpg
0,0,0,0,337,l_1731051262.954.jpg
0,0,0,0,337,l_1731051263.608.jpg
0,0,0,0,337,l_1738639548.299.jpg
0,0,0,0,337,l_1738639550.980.jpg
0,0,0,0,337,l_1738639550.990.jpg
0,0,0,0,337,l_1738639551.188.jpg
0,0,0,0,337,l_1739849907.369.jpg
0,0,0,0,337,l_1739849908.589.jpg
0,0,0,0,337,l_1740385101.439.jpg
0,0,0,0,337,l_1740385102.750.jpg
0,0,0,0,337,l_1740385102.862.jpg
0,0,0,0,337,l_1740385103.804.jpg
0,0,0,0,337,l_1740385103.957.jpg
0,0,0,0,337,l_1741788015.248.jpg
0,0,0,0,337,l_1742024149.186.jpg
0,0,0,0,337,l_1742024193.664.jpg
0,0,0,0,337,l_1742024194.895.jpg
0,0,0,0,337,l_1742278833.860.jpg
0,0,0,0,337,l_1742797716.227.jpg
0,0,0,0,337,l_1742797717.190.jpg
0,0,0,0,337,l_1742797718.108.jpg
0,0,0,0,337,l_1742797720.722.jpg
0,0,0,0,337,l_1742797721.519.jpg
0,0,0,0,337,l_1742797722.324.jpg
0,0,0,0,337,l_1743048473.975.jpg
0,0,0,0,337,l_1743048474.498.jpg
0,0,0,0,337,l_1743048476.278.jpg
0,0,0,0,337,l_1743048478.838.jpg
0,0,0,0,337,l_1744518709.600.jpg
0,0,0,0,337,l_1744518709.716.jpg
0,0,0,0,337,l_1744518710.492.jpg
0,0,0,0,337,l_1744518716.292.jpg
0,0,0,0,337,l_1744518716.603.jpg
0,0,0,0,337,l_1744705464.640.jpg
0,0,0,0,337,l_1744705464.924.jpg
0,0,0,0,337,l_1744705465.240.jpg
0,0,0,0,337,l_1744705467.789.jpg
0,0,0,0,337,l_1744705468.654.jpg
0,0,0,0,337,l_1744705468.807.jpg
0,0,0,0,337,l_1746182852.702.jpg
0,0,0,0,337,l_1746182853.289.jpg
0,0,0,0,337,l_1746182853.554.jpg
0,0,0,0,337,l_1746182854.474.jpg
0,0,0,0,337,l_1746182854.819.jpg
0,0,0,0,337,l_1746182855.109.jpg
0,0,0,0,337,l_1746508619.859.jpg
0,0,0,0,337,l_1746508620.492.jpg
0,0,0,0,337,l_1746508620.992.jpg
0,0,0,0,337,l_1746508621.517.jpg
0,0,0,0,337,l_1746508649.808.jpg
0,0,0,0,337,l_1746524117.658.jpg
0,0,0,0,337,l_1746524118.591.jpg
0,0,0,0,337,l_1746524120.379.jpg
0,0,0,0,337,l_1746524121.133.jpg
0,0,0,0,337,l_1746524223.176.jpg
0,0,0,0,337,l_1746524224.641.jpg
0,0,0,0,337,l_1746524225.669.jpg
0,0,0,0,337,l_1746692026.991.jpg
0,0,0,0,337,l_1746692027.907.jpg
0,0,0,0,337,l_1746692028.470.jpg
0,0,0,0,337,l_1746692030.700.jpg
0,0,0,0,337,l_1746779627.274.jpg
0,0,0,0,337,l_1746779628.262.jpg
0,0,0,0,337,l_1746779628.343.jpg
0,0,0,0,337,l_1746779631.566.jpg
0,0,0,0,337,l_1746779632.541.jpg
0,0,0,0,337,l_1747224987.871.jpg
0,0,0,0,337,l_1747224988.801.jpg
0,0,0,0,337,l_1747224992.454.jpg
0,0,0,0,347,l_1726833931.140.jpg
0,0,0,0,347,l_1726833935.833.jpg
0,0,0,0,347,l_1726833938.326.jpg
0,0,0,0,347,l_1728892757.107.jpg
0,0,0,0,347,l_1728892757.626.jpg
0,0,0,0,347,l_1728892758.592.jpg
0,0,0,0,347,l_1728892759.766.jpg
0,0,0,0,347,l_1730432866.422.jpg
0,0,0,0,347,l_1730432867.611.jpg
0,0,0,0,347,l_1730432875.449.jpg
0,0,0,0,347,l_1730432885.210.jpg
0,0,0,0,347,l_1730866204.721.jpg
0,0,0,0,347,l_1730866216.327.jpg
0,0,0,0,347,l_1730866217.251.jpg
0,0,0,0,347,l_1730866219.506.jpg
0,0,0,0,347,l_1730866219.936.jpg
0,0,0,0,347,l_1730866221.156.jpg
0,0,0,0,347,l_1732509029.778.jpg
0,0,0,0,347,l_1732509034.201.jpg
0,0,0,0,347,l_1732509039.314.jpg
0,0,0,0,347,l_1732509041.542.jpg
0,0,0,0,347,l_1736237379.528.jpg
0,0,0,0,347,l_1736237379.764.jpg
0,0,0,0,347,l_1736237380.208.jpg
0,0,0,0,347,l_1737706415.123.jpg
0,0,0,0,347,l_1737706416.267.jpg
0,0,0,0,347,l_1737706417.360.jpg
0,0,0,0,347,l_1737706417.510.jpg
0,0,0,0,347,l_1737706420.264.jpg
0,0,0,0,347,l_1741591406.460.jpg
0,0,0,0,347,l_1741591407.304.jpg
0,0,0,0,347,l_1741591421.960.jpg
0,0,0,0,347,l_1742362385.808.jpg
0,0,0,0,347,l_1742362386.544.jpg
0,0,0,0,347,l_1742362387.791.jpg
0,0,0,0,347,l_1742362626.478.jpg
0,0,0,0,347,l_1742362627.153.jpg
0,0,0,0,347,l_1742362627.279.jpg
0,0,0,0,347,l_1742362628.359.jpg
0,0,0,0,347,l_1742362629.971.jpg
0,0,0,0,347,l_1742362638.799.jpg
0,0,0,0,347,l_1742802629.886.jpg
0,0,0,0,347,l_1742802630.889.jpg
0,0,0,0,347,l_1742802631.192.jpg
0,0,0,0,347,l_1742802633.801.jpg
0,0,0,0,347,l_1742802634.276.jpg
0,0,0,0,347,l_1742870301.762.jpg
0,0,0,0,347,l_1742870301.817.jpg
0,0,0,0,347,l_1742870302.159.jpg
0,0,0,0,347,l_1742870303.874.jpg
0,0,0,0,347,l_1742870303.934.jpg
0,0,0,0,347,l_1742982200.563.jpg
0,0,0,0,347,l_1742982221.810.jpg
0,0,0,0,347,l_1742982253.449.jpg
0,0,0,0,347,l_1743912284.402.jpg
0,0,0,0,347,l_1743912285.194.jpg
0,0,0,0,347,l_1743912285.941.jpg
0,0,0,0,347,l_1743912286.223.jpg
0,0,0,0,347,l_1744600370.363.jpg
0,0,0,0,347,l_1744600370.927.jpg
0,0,0,0,347,l_1744600371.258.jpg
0,0,0,0,347,l_1744600372.266.jpg
0,0,0,0,347,l_1745026516.966.jpg
0,0,0,0,347,l_1745026517.795.jpg
0,0,0,0,347,l_1745026518.211.jpg
0,0,0,0,347,l_1745207424.931.jpg
0,0,0,0,347,l_1745207425.289.jpg
0,0,0,0,347,l_1745207519.417.jpg
0,0,0,0,347,l_1746496626.145.jpg
0,0,0,0,347,l_1746496626.962.jpg
0,0,0,0,347,l_1746496627.452.jpg
0,0,0,0,347,l_1746496628.150.jpg
0,0,0,0,347,l_1746837610.824.jpg
0,0,0,0,347,l_1746837612.460.jpg
0,0,0,0,347,l_1746837614.576.jpg
0,0,0,0,347,l_1746837617.149.jpg
0,0,0,0,347,l_1746837619.285.jpg
0,0,0,0,347,l_1746837622.716.jpg
0,0,0,0,347,l_1746843658.359.jpg
0,0,0,0,347,l_1746843670.785.jpg
0,0,0,0,347,l_1746843670.824.jpg
0,0,0,0,347,l_1746843671.481.jpg
0,0,0,0,347,l_1746843671.747.jpg
0,0,0,0,348,l_1686902409.644.jpg
0,0,0,0,348,l_1686902410.549.jpg
0,0,0,0,348,l_1686902410.984.jpg
0,0,0,0,348,l_1686902416.387.jpg
0,0,0,0,348,l_1686902417.915.jpg
0,0,0,0,348,l_1694486306.190.jpg
0,0,0,0,348,l_1694486307.629.jpg
0,0,0,0,348,l_1694486308.992.jpg
0,0,0,0,348,l_1694486309.230.jpg
0,0,0,0,348,l_1694486336.514.jpg
0,0,0,0,348,l_1719544910.578.jpg
0,0,0,0,348,l_1719544910.967.jpg
0,0,0,0,348,l_1719544911.284.jpg
0,0,0,0,348,l_1719544913.517.jpg
0,0,0,0,348,l_1719544914.380.jpg
0,0,0,0,348,l_1727160317.708.jpg
0,0,0,0,348,l_1727160318.464.jpg
0,0,0,0,348,l_1727160319.722.jpg
0,0,0,0,348,l_1728870655.243.jpg
0,0,0,0,348,l_1728870659.512.jpg
0,0,0,0,348,l_1728870664.279.jpg
0,0,0,0,348,l_1728870673.255.jpg
0,0,0,0,348,l_1728870675.692.jpg
0,0,0,0,348,l_1728870819.344.jpg
0,0,0,0,348,l_1728870821.345.jpg
0,0,0,0,348,l_1728870824.319.jpg
0,0,0,0,348,l_1728870826.617.jpg
0,0,0,0,348,l_1728870829.156.jpg
0,0,0,0,348,l_1732162685.857.jpg
0,0,0,0,348,l_1732162685.885.jpg
0,0,0,0,348,l_1732162686.674.jpg
0,0,0,0,348,l_1734924093.905.jpg
0,0,0,0,348,l_1734924093.937.jpg
0,0,0,0,348,l_1734924094.967.jpg
0,0,0,0,348,l_1734924095.143.jpg
0,0,0,0,348,l_1734924095.957.jpg
0,0,0,0,348,l_1738741233.993.jpg
0,0,0,0,348,l_1738741234.794.jpg
0,0,0,0,348,l_1738741235.362.jpg
0,0,0,0,348,l_1738741242.455.jpg
0,0,0,0,348,l_1738741244.429.jpg
0,0,0,0,348,l_1740118661.619.jpg
0,0,0,0,348,l_1740118661.937.jpg
0,0,0,0,348,l_1740118662.168.jpg
0,0,0,0,348,l_1740118662.914.jpg
0,0,0,0,348,l_1740118663.618.jpg
0,0,0,0,348,l_1743088242.611.jpg
0,0,0,0,348,l_1743088243.110.jpg
0,0,0,0,348,l_1743088243.479.jpg
0,0,0,0,348,l_1743088244.761.jpg
0,0,0,0,348,l_1743088245.949.jpg
0,0,0,0,348,l_1744251187.695.jpg
0,0,0,0,348,l_1744251189.229.jpg
0,0,0,0,348,l_1744251193.569.jpg
0,0,0,0,348,l_1744691578.136.jpg
0,0,0,0,348,l_1744691578.166.jpg
0,0,0,0,348,l_1744691580.631.jpg
0,0,0,0,348,l_1744691582.114.jpg
0,0,0,0,348,l_1745391962.201.jpg
0,0,0,0,348,l_1745391962.806.jpg
0,0,0,0,348,l_1745391963.449.jpg
0,0,0,0,348,l_1745391964.683.jpg
0,0,0,0,348,l_1745391965.998.jpg
0,0,0,0,348,l_1745391966.212.jpg
0,0,0,0,348,l_1745910369.261.jpg
0,0,0,0,348,l_1745910370.248.jpg
0,0,0,0,348,l_1745910371.935.jpg
0,0,0,0,348,l_1745910372.564.jpg
0,0,0,0,348,l_1746520766.387.jpg
0,0,0,0,348,l_1746520767.311.jpg
0,0,0,0,348,l_1746520768.247.jpg
0,0,0,0,348,l_1746520768.450.jpg
0,0,0,0,348,l_1746520769.175.jpg
0,0,0,0,348,l_1746520769.779.jpg
0,0,0,0,348,l_1747185397.314.jpg
0,0,0,0,348,l_1747185397.804.jpg
0,0,0,0,348,l_1747185398.392.jpg
0,0,0,0,348,l_1747185398.796.jpg
0,0,0,0,348,l_1747185399.939.jpg
0,0,0,0,348,l_1747186548.511.jpg
0,0,0,0,348,l_1747186549.420.jpg
0,0,0,0,348,l_1747186549.468.jpg
0,0,0,0,348,l_1747186550.298.jpg
0,0,0,0,348,l_1747187031.779.jpg
0,0,0,0,348,l_1747187032.388.jpg
0,0,0,0,348,l_1747187032.667.jpg
0,0,0,0,348,l_1747215074.263.jpg
0,0,0,0,348,l_1747215075.514.jpg
0,0,0,0,348,l_1747215076.223.jpg
0,0,0,0,348,l_1747215077.277.jpg
0,0,0,0,348,l_1747215077.976.jpg
0,0,0,0,349,l_1706158688.241.jpg
0,0,0,0,349,l_1706158714.136.jpg
0,0,0,0,349,l_1706158715.781.jpg
0,0,0,0,349,l_1706158716.962.jpg
0,0,0,0,349,l_1706158717.231.jpg
0,0,0,0,349,l_1706158718.467.jpg
0,0,0,0,349,l_1719544976.229.jpg
0,0,0,0,349,l_1719544979.829.jpg
0,0,0,0,349,l_1719544980.521.jpg
0,0,0,0,349,l_1719544982.729.jpg
0,0,0,0,349,l_1719544984.764.jpg
0,0,0,0,349,l_1720432453.420.jpg
0,0,0,0,349,l_1720432453.543.jpg
0,0,0,0,349,l_1720432463.310.jpg
0,0,0,0,349,l_1720432463.974.jpg
0,0,0,0,349,l_1720432521.956.jpg
0,0,0,0,349,l_1720432525.906.jpg
0,0,0,0,349,l_1727159782.648.jpg
0,0,0,0,349,l_1727159783.289.jpg
0,0,0,0,349,l_1727159783.612.jpg
0,0,0,0,349,l_1727159784.621.jpg
0,0,0,0,349,l_1727159785.213.jpg
0,0,0,0,349,l_1727159786.669.jpg
0,0,0,0,349,l_1732162937.797.jpg
0,0,0,0,349,l_1732162938.839.jpg
0,0,0,0,349,l_1732162939.309.jpg
0,0,0,0,349,l_1732162939.432.jpg
0,0,0,0,349,l_1732162940.480.jpg
0,0,0,0,349,l_1733473774.983.jpg
0,0,0,0,349,l_1733473775.405.jpg
0,0,0,0,349,l_1733473776.600.jpg
0,0,0,0,349,l_1733473777.613.jpg
0,0,0,0,349,l_1733473778.445.jpg
0,0,0,0,349,l_1733473826.879.jpg
0,0,0,0,349,l_1733473845.473.jpg
0,0,0,0,349,l_1735205459.950.jpg
0,0,0,0,349,l_1735205463.427.jpg
0,0,0,0,349,l_1735205464.196.jpg
0,0,0,0,349,l_1735205465.184.jpg
0,0,0,0,349,l_1735205465.886.jpg
0,0,0,0,349,l_1740489459.669.jpg
0,0,0,0,349,l_1740489459.884.jpg
0,0,0,0,349,l_1740489460.203.jpg
0,0,0,0,349,l_1740489460.613.jpg
0,0,0,0,349,l_1743088014.393.jpg
0,0,0,0,349,l_1743088018.641.jpg
0,0,0,0,349,l_1744172392.499.jpg
0,0,0,0,349,l_1744172393.126.jpg
0,0,0,0,349,l_1744172394.116.jpg
0,0,0,0,349,l_1744172395.937.jpg
0,0,0,0,349,l_1744172396.268.jpg
0,0,0,0,349,l_1744172486.847.jpg
0,0,0,0,349,l_1744172487.622.jpg
0,0,0,0,349,l_1744172487.690.jpg
0,0,0,0,349,l_1744172488.919.jpg
0,0,0,0,349,l_1744172489.251.jpg
0,0,0,0,349,l_1744288929.567.jpg
0,0,0,0,349,l_1744288930.257.jpg
0,0,0,0,349,l_1744288931.692.jpg
0,0,0,0,349,l_1744288932.406.jpg
0,0,0,0,349,l_1744288933.188.jpg
0,0,0,0,349,l_1744288936.250.jpg
0,0,0,0,349,l_1744288937.351.jpg
0,0,0,0,349,l_1745837141.705.jpg
0,0,0,0,349,l_1745837142.260.jpg
0,0,0,0,349,l_1745837143.718.jpg
0,0,0,0,349,l_1745837144.501.jpg
0,0,0,0,349,l_1745837146.330.jpg
0,0,0,0,349,l_1745837147.309.jpg
0,0,0,0,349,l_1745837311.648.jpg
0,0,0,0,349,l_1745837312.419.jpg
0,0,0,0,349,l_1745837316.852.jpg
0,0,0,0,349,l_1745837317.969.jpg
0,0,0,0,349,l_1746520600.349.jpg
0,0,0,0,349,l_1746520601.641.jpg
0,0,0,0,349,l_1746520601.784.jpg
0,0,0,0,349,l_1746520602.742.jpg
0,0,0,0,349,l_1746520603.254.jpg
0,0,0,0,349,l_1746520603.415.jpg
0,0,0,0,349,l_1746520604.327.jpg
0,0,0,0,349,l_1746520604.737.jpg
0,0,0,0,349,l_1746774606.645.jpg
0,0,0,0,349,l_1746774754.347.jpg
0,0,0,0,349,l_1747187132.263.jpg
0,0,0,0,349,l_1747187133.116.jpg
0,0,0,0,349,l_1747187133.885.jpg
0,0,0,0,349,l_1747187136.768.jpg
0,0,0,0,349,l_1747187136.824.jpg
0,0,0,0,349,l_1747187335.341.jpg
0,0,0,0,349,l_1747187336.343.jpg
0,0,0,0,349,l_1747187337.379.jpg
0,0,0,0,349,l_1747187338.288.jpg
0,0,0,0,349,l_1747187339.158.jpg
0,0,0,0,349,l_1747198975.423.jpg
0,0,0,0,349,l_1747198975.684.jpg
0,0,0,0,349,l_1747198975.877.jpg
0,0,0,0,350,l_1687840674.898.jpg
0,0,0,0,350,l_1687840674.957.jpg
0,0,0,0,350,l_1687840675.462.jpg
0,0,0,0,350,l_1687840676.185.jpg
0,0,0,0,350,l_1687840676.714.jpg
0,0,0,0,350,l_1713173153.548.jpg
0,0,0,0,350,l_1713173154.339.jpg
0,0,0,0,350,l_1713173210.632.jpg
0,0,0,0,350,l_1731053973.639.jpg
0,0,0,0,350,l_1731054003.523.jpg
0,0,0,0,350,l_1731054021.342.jpg
0,0,0,0,350,l_1732331650.412.jpg
0,0,0,0,350,l_1732331651.236.jpg
0,0,0,0,350,l_1732331651.959.jpg
0,0,0,0,350,l_1732331655.541.jpg
0,0,0,0,350,l_1732331656.365.jpg
0,0,0,0,350,l_1737444073.812.jpg
0,0,0,0,350,l_1737444074.455.jpg
0,0,0,0,350,l_1737444075.206.jpg
0,0,0,0,350,l_1737444075.466.jpg
0,0,0,0,350,l_1737444076.973.jpg
0,0,0,0,350,l_1737444077.199.jpg
0,0,0,0,350,l_1741165237.234.jpg
0,0,0,0,350,l_1741165239.604.jpg
0,0,0,0,350,l_1741165240.399.jpg
0,0,0,0,350,l_1741676888.283.jpg
0,0,0,0,350,l_1741677071.171.jpg
0,0,0,0,350,l_1741677141.148.jpg
0,0,0,0,350,l_1741677145.863.jpg
0,0,0,0,350,l_1741677151.902.jpg
0,0,0,0,350,l_1741677160.932.jpg
0,0,0,0,350,l_1743669718.154.jpg
0,0,0,0,350,l_1743669719.222.jpg
0,0,0,0,350,l_1743669719.739.jpg
0,0,0,0,350,l_1743669720.307.jpg
0,0,0,0,350,l_1743669721.473.jpg
0,0,0,0,350,l_1744170090.248.jpg
0,0,0,0,350,l_1744170090.711.jpg
0,0,0,0,350,l_1744170112.333.jpg
0,0,0,0,350,l_1744249141.891.jpg
0,0,0,0,350,l_1744249142.972.jpg
0,0,0,0,350,l_1744249143.190.jpg
0,0,0,0,350,l_1744249143.304.jpg
0,0,0,0,350,l_1744249255.480.jpg
0,0,0,0,350,l_1744259599.997.jpg
0,0,0,0,350,l_1744259600.743.jpg
0,0,0,0,350,l_1744259601.669.jpg
0,0,0,0,350,l_1744259601.802.jpg
0,0,0,0,350,l_1744259602.160.jpg
0,0,0,0,350,l_1744259603.702.jpg
0,0,0,0,350,l_1744289044.364.jpg
0,0,0,0,350,l_1744289045.485.jpg
0,0,0,0,350,l_1744289046.213.jpg
0,0,0,0,350,l_1744289049.318.jpg
0,0,0,0,350,l_1744338286.129.jpg
0,0,0,0,350,l_1744338286.723.jpg
0,0,0,0,350,l_1744889820.761.jpg
0,0,0,0,350,l_1744889821.197.jpg
0,0,0,0,350,l_1744889822.726.jpg
0,0,0,0,350,l_1744889825.585.jpg
0,0,0,0,350,l_1744889826.692.jpg
0,0,0,0,350,l_1744889827.231.jpg
0,0,0,0,350,l_1744889829.125.jpg
0,0,0,0,350,l_1744890378.242.jpg
0,0,0,0,350,l_1744890379.137.jpg
0,0,0,0,350,l_1744890380.170.jpg
0,0,0,0,350,l_1744890380.881.jpg
0,0,0,0,350,l_1744963495.987.jpg
0,0,0,0,350,l_1744963497.372.jpg
0,0,0,0,350,l_1745210813.500.jpg
0,0,0,0,350,l_1745210813.955.jpg
0,0,0,0,350,l_1745210814.476.jpg
0,0,0,0,350,l_1745210815.703.jpg
0,0,0,0,350,l_1745210816.443.jpg
0,0,0,0,350,l_1745210817.169.jpg
0,0,0,0,350,l_1745230212.496.jpg
0,0,0,0,350,l_1745230213.649.jpg
0,0,0,0,350,l_1745230213.685.jpg
0,0,0,0,350,l_1745308842.779.jpg
0,0,0,0,350,l_1745308842.856.jpg
0,0,0,0,350,l_1745837555.182.jpg
0,0,0,0,350,l_1745837556.103.jpg
0,0,0,0,350,l_1745837556.357.jpg
0,0,0,0,350,l_1745837557.834.jpg
0,0,0,0,350,l_1745837558.219.jpg
0,0,0,0,351,l_1667873841.330.jpg
0,0,0,0,351,l_1667873841.418.jpg
0,0,0,0,351,l_1667873842.129.jpg
0,0,0,0,351,l_1667873843.948.jpg
0,0,0,0,351,l_1667965181.131.jpg
0,0,0,0,351,l_1667965181.700.jpg
0,0,0,0,351,l_1667965181.992.jpg
0,0,0,0,351,l_1667965182.496.jpg
0,0,0,0,351,l_1667965182.672.jpg
0,0,0,0,351,l_1667965182.759.jpg
0,0,0,0,351,l_1667965624.129.jpg
0,0,0,0,351,l_1667965624.201.jpg
0,0,0,0,351,l_1667965624.525.jpg
0,0,0,0,351,l_1667965625.640.jpg
0,0,0,0,351,l_1667965625.751.jpg
0,0,0,0,351,l_1667965626.734.jpg
0,0,0,0,351,l_1691668026.262.jpg
0,0,0,0,351,l_1691668026.629.jpg
0,0,0,0,351,l_1691668027.458.jpg
0,0,0,0,351,l_1691668027.608.jpg
0,0,0,0,351,l_1691668028.229.jpg
0,0,0,0,351,l_1691668029.131.jpg
0,0,0,0,351,l_1691668029.992.jpg
0,0,0,0,351,l_1691668093.404.jpg
0,0,0,0,351,l_1691724051.jpg
0,0,0,0,351,l_1691724056.jpg
0,0,0,0,351,l_1691724066.jpg
0,0,0,0,351,l_1691724096.jpg
0,0,0,0,351,l_1691724187.jpg
0,0,0,0,351,l_1691724220.jpg
0,0,0,0,351,l_1727227745.820.jpg
0,0,0,0,351,l_1727227746.608.jpg
0,0,0,0,351,l_1727227746.679.jpg
0,0,0,0,351,l_1727227747.364.jpg
0,0,0,0,351,l_1731244081.436.jpg
0,0,0,0,351,l_1731244095.355.jpg
0,0,0,0,351,l_1731488925.228.jpg
0,0,0,0,351,l_1731488926.329.jpg
0,0,0,0,351,l_1731488926.518.jpg
0,0,0,0,351,l_1731488927.611.jpg
0,0,0,0,351,l_1731488927.789.jpg
0,0,0,0,351,l_1732782910.735.jpg
0,0,0,0,351,l_1732782911.229.jpg
0,0,0,0,351,l_1732782913.361.jpg
0,0,0,0,351,l_1732782945.214.jpg
0,0,0,0,351,l_1732782951.419.jpg
0,0,0,0,351,l_1733033653.128.jpg
0,0,0,0,351,l_1733033656.218.jpg
0,0,0,0,351,l_1733033658.976.jpg
0,0,0,0,351,l_1733033661.758.jpg
0,0,0,0,351,l_1733542666.318.jpg
0,0,0,0,351,l_1733542667.687.jpg
0,0,0,0,351,l_1733542667.865.jpg
0,0,0,0,351,l_1733542669.475.jpg
0,0,0,0,351,l_1733733194.941.jpg
0,0,0,0,351,l_1733733195.358.jpg
0,0,0,0,351,l_1733733195.531.jpg
0,0,0,0,351,l_1733733197.604.jpg
0,0,0,0,351,l_1744250586.666.jpg
0,0,0,0,351,l_1744250586.891.jpg
0,0,0,0,351,l_1744250587.754.jpg
0,0,0,0,351,l_1744250587.936.jpg
0,0,0,0,351,l_1744250588.549.jpg
0,0,0,0,351,l_1744344553.489.jpg
0,0,0,0,351,l_1744344554.897.jpg
0,0,0,0,351,l_1744344555.559.jpg
0,0,0,0,351,l_1744890920.145.jpg
0,0,0,0,351,l_1744890920.455.jpg
0,0,0,0,351,l_1744890921.219.jpg
0,0,0,0,351,l_1744890922.826.jpg
0,0,0,0,351,l_1744890923.563.jpg
0,0,0,0,351,l_1744890924.268.jpg
0,0,0,0,351,l_1744890925.900.jpg
0,0,0,0,351,l_1745030909.410.jpg
0,0,0,0,351,l_1745030909.488.jpg
0,0,0,0,351,l_1745030910.570.jpg
0,0,0,0,351,l_1745837758.157.jpg
0,0,0,0,351,l_1745837759.901.jpg
0,0,0,0,351,l_1745837760.342.jpg
0,0,0,0,351,l_1745837761.361.jpg
0,0,0,0,351,l_1746517619.846.jpg
0,0,0,0,351,l_1746517619.855.jpg
0,0,0,0,351,l_1746517620.870.jpg
0,0,0,0,351,l_1746517620.896.jpg
0,0,0,0,351,l_1746517621.153.jpg
0,0,0,0,351,l_1747129362.153.jpg
0,0,0,0,351,l_1747129362.255.jpg
0,0,0,0,351,l_1747129363.624.jpg
0,0,0,0,351,l_1747129363.716.jpg
0,0,0,0,351,l_1747187218.615.jpg
0,0,0,0,351,l_1747187219.382.jpg
0,0,0,0,351,l_1747187220.185.jpg
0,0,0,0,351,l_1747187221.712.jpg
0,0,0,0,351,l_1747187222.427.jpg
0,0,0,0,352,l_1699427302.498.jpg
0,0,0,0,352,l_1699427302.759.jpg
0,0,0,0,352,l_1701489370.377.jpg
0,0,0,0,352,l_1701489370.786.jpg
0,0,0,0,352,l_1701489371.344.jpg
0,0,0,0,352,l_1701489371.675.jpg
0,0,0,0,352,l_1701489371.913.jpg
0,0,0,0,352,l_1701489372.219.jpg
0,0,0,0,352,l_1701489373.218.jpg
0,0,0,0,352,l_1705916579.314.jpg
0,0,0,0,352,l_1705916579.378.jpg
0,0,0,0,352,l_1705916580.505.jpg
0,0,0,0,352,l_1705916581.226.jpg
0,0,0,0,352,l_1705916581.817.jpg
0,0,0,0,352,l_1710211485.649.jpg
0,0,0,0,352,l_1710211486.811.jpg
0,0,0,0,352,l_1710211487.321.jpg
0,0,0,0,352,l_1710211488.255.jpg
0,0,0,0,352,l_1710211488.472.jpg
0,0,0,0,352,l_1710211489.762.jpg
0,0,0,0,352,l_1710211489.874.jpg
0,0,0,0,352,l_1710211490.499.jpg
0,0,0,0,352,l_1711513714.398.jpg
0,0,0,0,352,l_1711513715.579.jpg
0,0,0,0,352,l_1711513716.508.jpg
0,0,0,0,352,l_1711513716.881.jpg
0,0,0,0,352,l_1711519238.108.jpg
0,0,0,0,352,l_1711519238.426.jpg
0,0,0,0,352,l_1711519239.931.jpg
0,0,0,0,352,l_1711519240.301.jpg
0,0,0,0,352,l_1719544007.243.jpg
0,0,0,0,352,l_1719544007.881.jpg
0,0,0,0,352,l_1719544010.135.jpg
0,0,0,0,352,l_1733716380.990.jpg
0,0,0,0,352,l_1741166927.491.jpg
0,0,0,0,352,l_1741166940.331.jpg
0,0,0,0,352,l_1742973765.842.jpg
0,0,0,0,352,l_1742973770.784.jpg
0,0,0,0,352,l_1742973778.181.jpg
0,0,0,0,352,l_1742973783.917.jpg
0,0,0,0,352,l_1744251109.141.jpg
0,0,0,0,352,l_1744251110.112.jpg
0,0,0,0,352,l_1744251110.187.jpg
0,0,0,0,352,l_1744251111.124.jpg
0,0,0,0,352,l_1744600403.322.jpg
0,0,0,0,352,l_1744600403.409.jpg
0,0,0,0,352,l_1744600404.477.jpg
0,0,0,0,352,l_1744600409.666.jpg
0,0,0,0,352,l_1744601139.754.jpg
0,0,0,0,352,l_1744601142.185.jpg
0,0,0,0,352,l_1744601142.557.jpg
0,0,0,0,352,l_1744602004.890.jpg
0,0,0,0,352,l_1744602005.463.jpg
0,0,0,0,352,l_1744602006.238.jpg
0,0,0,0,352,l_1744602007.717.jpg
0,0,0,0,352,l_1744602008.325.jpg
0,0,0,0,352,l_1744602009.200.jpg
0,0,0,0,352,l_1744602011.399.jpg
0,0,0,0,352,l_1745030907.747.jpg
0,0,0,0,352,l_1745030908.199.jpg
0,0,0,0,352,l_1745030909.256.jpg
0,0,0,0,352,l_1745030911.621.jpg
0,0,0,0,352,l_1745030913.328.jpg
0,0,0,0,352,l_1746683116.873.jpg
0,0,0,0,352,l_1746683131.319.jpg
0,0,0,0,352,l_1746683131.491.jpg
0,0,0,0,352,l_1746846338.100.jpg
0,0,0,0,352,l_1746846339.724.jpg
0,0,0,0,352,l_1746846340.171.jpg
0,0,0,0,352,l_1746846340.857.jpg
0,0,0,0,352,l_1746846341.957.jpg
0,0,0,0,352,l_1746846341.982.jpg
0,0,0,0,352,l_1747185712.313.jpg
0,0,0,0,352,l_1747185712.644.jpg
0,0,0,0,352,l_1747185713.849.jpg
0,0,0,0,352,l_1747185713.852.jpg
0,0,0,0,352,l_1747185714.286.jpg
0,0,0,0,352,l_1747185787.544.jpg
0,0,0,0,352,l_1747185788.560.jpg
0,0,0,0,352,l_1747186732.628.jpg
0,0,0,0,352,l_1747186732.942.jpg
0,0,0,0,352,l_1747186733.565.jpg
0,0,0,0,352,l_1747186733.631.jpg
