39,116,569,375,14,00001.jpg
36,116,868,587,3,00002.jpg
85,109,601,381,91,00003.jpg
621,393,1484,1096,134,00004.jpg
14,36,133,99,106,00005.jpg
259,289,515,416,123,00006.jpg
88,80,541,397,89,00007.jpg
73,79,591,410,96,00008.jpg
20,126,1269,771,167,00009.jpg
21,110,623,367,58,00010.jpg
51,93,601,393,49,00011.jpg
6,62,499,286,186,00012.jpg
30,36,418,307,135,00013.jpg
31,246,778,540,85,00014.jpg
32,77,589,379,193,00015.jpg
27,49,611,396,172,00016.jpg
39,52,233,150,14,00017.jpg
3,8,190,147,73,00018.jpg
247,287,1366,761,192,00019.jpg
17,281,961,596,57,00020.jpg
17,156,695,375,79,00021.jpg
212,538,1893,1131,36,00022.jpg
11,28,476,234,120,00023.jpg
53,126,973,621,170,00024.jpg
34,87,567,343,194,00025.jpg
30,174,598,379,134,00026.jpg
80,107,606,336,184,00027.jpg
45,115,585,382,86,00028.jpg
28,139,1564,1126,180,00029.jpg
82,109,874,521,194,00030.jpg
55,318,446,564,154,00031.jpg
12,31,471,350,139,00032.jpg
34,197,1011,656,66,00033.jpg
37,63,614,397,133,00034.jpg
223,87,1111,670,154,00035.jpg
138,41,521,223,104,00036.jpg
31,87,616,344,38,00037.jpg
16,89,459,326,97,00038.jpg
53,113,614,350,105,00039.jpg
214,110,660,403,142,00040.jpg
61,55,566,408,13,00041.jpg
28,61,622,371,191,00042.jpg
22,39,588,362,119,00043.jpg
220,193,537,364,38,00044.jpg
12,108,489,297,186,00045.jpg
28,80,759,466,25,00046.jpg
84,248,1102,899,194,00047.jpg
142,69,753,451,177,00048.jpg
166,543,887,903,173,00049.jpg
20,96,564,341,42,00050.jpg
41,181,607,465,91,00051.jpg
39,29,774,395,148,00052.jpg
161,191,425,307,15,00053.jpg
58,562,1528,1081,97,00054.jpg
80,120,582,391,42,00055.jpg
32,48,472,267,53,00056.jpg
260,138,972,439,44,00057.jpg
11,35,256,173,65,00058.jpg
68,91,607,354,90,00059.jpg
129,120,345,269,124,00060.jpg
11,104,1011,742,114,00061.jpg
19,21,425,265,190,00062.jpg
175,330,928,647,101,00063.jpg
97,39,925,700,187,00064.jpg
63,175,417,320,8,00065.jpg
30,39,221,125,17,00066.jpg
129,89,594,432,111,00067.jpg
32,43,598,350,122,00068.jpg
142,124,675,445,5,00069.jpg
220,313,1054,976,29,00070.jpg
8,12,639,299,126,00071.jpg
92,271,1178,749,94,00072.jpg
15,12,314,230,106,00073.jpg
14,12,309,223,106,00074.jpg
45,74,522,253,188,00075.jpg
12,27,284,166,59,00076.jpg
25,25,3502,2017,110,00077.jpg
36,88,611,417,43,00078.jpg
165,126,749,425,133,00079.jpg
20,21,292,217,111,00080.jpg
10,55,540,271,8,00081.jpg
63,113,597,413,192,00082.jpg
55,48,294,205,18,00083.jpg
27,67,620,474,116,00084.jpg
15,80,629,402,49,00085.jpg
119,300,1416,871,145,00086.jpg
17,36,455,215,49,00087.jpg
171,176,2373,1751,170,00088.jpg
49,195,1003,617,20,00089.jpg
5,43,296,211,114,00090.jpg
49,57,494,419,165,00091.jpg
101,84,492,272,138,00092.jpg
23,53,258,144,175,00093.jpg
19,60,783,440,112,00094.jpg
110,171,1213,648,122,00095.jpg
39,67,346,206,104,00096.jpg
3,7,76,50,57,00097.jpg
65,37,578,360,51,00098.jpg
27,60,486,364,37,00099.jpg
22,180,454,355,71,00100.jpg
70,39,940,742,193,00101.jpg
99,130,396,222,105,00102.jpg
85,107,609,381,61,00103.jpg
1,76,480,315,74,00104.jpg
57,266,967,623,133,00105.jpg
69,75,236,161,162,00106.jpg
24,17,249,163,131,00107.jpg
7,27,212,147,88,00108.jpg
18,14,248,168,121,00109.jpg
19,2,591,387,180,00110.jpg
52,6,759,513,180,00111.jpg
231,103,430,226,137,00112.jpg
91,148,700,582,133,00113.jpg
19,72,624,397,71,00114.jpg
26,90,376,243,83,00115.jpg
132,120,667,401,110,00116.jpg
84,44,663,342,42,00117.jpg
87,235,591,412,177,00118.jpg
173,370,1207,960,147,00119.jpg
3,19,195,114,161,00120.jpg
49,143,487,455,109,00121.jpg
72,67,233,176,28,00122.jpg
151,568,1954,1271,144,00123.jpg
14,88,271,178,53,00124.jpg
135,761,1894,1353,29,00125.jpg
44,123,778,487,66,00126.jpg
69,103,537,322,79,00127.jpg
86,78,355,284,13,00128.jpg
50,80,592,273,136,00129.jpg
95,161,543,368,143,00130.jpg
275,195,863,474,171,00131.jpg
99,78,557,389,89,00132.jpg
11,126,426,360,135,00133.jpg
1,2,267,185,161,00134.jpg
19,735,2669,2192,58,00135.jpg
21,35,279,195,122,00136.jpg
45,99,593,403,178,00137.jpg
130,282,1425,900,56,00138.jpg
72,215,628,481,184,00139.jpg
62,95,633,434,191,00140.jpg
13,106,476,260,40,00141.jpg
78,300,952,633,60,00142.jpg
72,51,566,412,155,00143.jpg
66,59,283,202,71,00144.jpg
135,36,1181,885,140,00145.jpg
2,5,298,162,42,00146.jpg
8,12,770,309,76,00147.jpg
24,78,608,379,187,00148.jpg
34,1,242,179,86,00149.jpg
11,208,596,386,8,00150.jpg
8,37,294,150,5,00151.jpg
23,66,499,311,47,00152.jpg
6,138,627,361,30,00153.jpg
17,105,385,243,18,00154.jpg
76,4,1585,1120,149,00155.jpg
22,21,211,139,174,00156.jpg
32,130,973,661,138,00157.jpg
75,236,1196,846,179,00158.jpg
37,139,988,694,24,00159.jpg
114,46,546,287,42,00160.jpg
12,83,629,354,73,00161.jpg
38,66,548,385,176,00162.jpg
46,84,661,428,1,00163.jpg
13,29,239,174,37,00164.jpg
27,65,490,220,36,00165.jpg
4,69,402,245,108,00166.jpg
19,27,429,258,41,00167.jpg
110,96,565,389,40,00168.jpg
2,22,140,81,119,00169.jpg
48,71,615,453,119,00170.jpg
41,42,262,170,19,00171.jpg
6,108,493,267,163,00172.jpg
26,61,508,342,120,00173.jpg
13,29,249,159,54,00174.jpg
69,120,739,502,116,00175.jpg
45,85,1005,558,66,00176.jpg
98,22,650,302,50,00177.jpg
5,28,285,148,122,00178.jpg
42,113,601,439,155,00179.jpg
3,40,297,157,142,00180.jpg
84,256,913,752,68,00181.jpg
43,226,1001,630,170,00182.jpg
2,9,196,125,161,00183.jpg
34,51,604,344,161,00184.jpg
24,35,620,438,133,00185.jpg
6,72,255,178,125,00186.jpg
4,408,1600,934,160,00187.jpg
25,162,1241,764,93,00188.jpg
18,15,583,421,183,00189.jpg
198,416,1271,935,45,00190.jpg
129,75,654,422,143,00191.jpg
37,24,259,212,189,00192.jpg
82,107,990,723,48,00193.jpg
187,327,1211,769,176,00194.jpg
150,339,1313,771,77,00195.jpg
26,46,266,213,190,00196.jpg
47,102,492,371,110,00197.jpg
91,121,574,357,6,00198.jpg
151,298,1285,835,191,00199.jpg
30,55,301,187,16,00200.jpg
21,1,386,200,12,00201.jpg
233,217,1228,807,90,00202.jpg
30,167,945,545,188,00203.jpg
11,61,284,151,128,00204.jpg
29,70,612,356,23,00205.jpg
117,222,558,434,11,00206.jpg
31,119,438,258,93,00207.jpg
26,151,360,256,8,00208.jpg
58,136,973,636,63,00209.jpg
8,80,639,366,173,00210.jpg
11,47,598,365,176,00211.jpg
8,20,254,155,72,00212.jpg
37,62,261,191,195,00213.jpg
70,78,915,640,114,00214.jpg
38,50,221,138,72,00215.jpg
21,45,133,88,119,00216.jpg
45,39,594,444,18,00217.jpg
39,94,337,245,77,00218.jpg
89,1,597,316,18,00219.jpg
16,103,462,347,107,00220.jpg
29,21,477,299,10,00221.jpg
89,58,545,338,196,00222.jpg
42,115,299,288,99,00223.jpg
19,10,177,134,88,00224.jpg
20,50,463,313,121,00225.jpg
46,15,202,156,111,00226.jpg
36,63,613,397,61,00227.jpg
237,156,896,365,141,00228.jpg
5,46,255,138,136,00229.jpg
223,542,3692,2478,183,00230.jpg
73,109,606,374,106,00231.jpg
15,110,544,381,84,00232.jpg
276,124,1495,951,194,00233.jpg
99,364,1211,954,132,00234.jpg
59,63,549,404,111,00235.jpg
19,138,571,424,7,00236.jpg
11,10,396,265,65,00237.jpg
163,91,527,346,26,00238.jpg
4,19,255,172,16,00239.jpg
45,60,251,171,138,00240.jpg
32,59,1011,709,170,00241.jpg
10,53,273,167,102,00242.jpg
270,228,727,416,168,00243.jpg
21,93,479,331,7,00244.jpg
22,59,536,238,61,00245.jpg
1,317,1280,945,167,00246.jpg
47,125,850,468,137,00247.jpg
52,167,508,387,177,00248.jpg
6,155,631,450,153,00249.jpg
11,35,246,186,190,00250.jpg
576,466,2994,1953,167,00251.jpg
37,50,253,158,105,00252.jpg
51,105,579,335,50,00253.jpg
21,11,296,141,131,00254.jpg
29,78,734,396,6,00255.jpg
85,215,776,511,21,00256.jpg
23,146,617,329,31,00257.jpg
34,86,227,166,51,00258.jpg
75,254,2514,1929,187,00259.jpg
28,164,698,417,134,00260.jpg
32,79,378,221,16,00261.jpg
158,132,501,293,103,00262.jpg
177,299,730,673,40,00263.jpg
42,72,472,299,69,00264.jpg
15,74,387,195,55,00265.jpg
22,300,786,552,17,00266.jpg
25,133,620,374,46,00267.jpg
49,53,596,398,74,00268.jpg
29,192,605,391,185,00269.jpg
15,70,357,186,122,00270.jpg
11,23,141,80,174,00271.jpg
8,1,590,327,100,00272.jpg
37,65,458,321,69,00273.jpg
31,69,435,310,20,00274.jpg
165,183,495,358,130,00275.jpg
75,93,529,360,132,00276.jpg
72,193,926,613,173,00277.jpg
1,38,251,135,156,00278.jpg
16,31,553,297,47,00279.jpg
3,33,261,176,107,00280.jpg
214,240,387,342,151,00281.jpg
20,97,460,356,61,00282.jpg
112,190,664,342,105,00283.jpg
49,101,942,619,94,00284.jpg
7,20,634,298,194,00285.jpg
116,143,769,713,195,00286.jpg
56,299,1266,721,91,00287.jpg
60,46,258,138,189,00288.jpg
205,197,741,425,15,00289.jpg
68,30,620,506,140,00290.jpg
27,147,573,471,142,00291.jpg
133,73,806,251,10,00292.jpg
24,27,936,380,104,00293.jpg
11,141,629,386,48,00294.jpg
150,114,524,433,50,00295.jpg
18,115,618,456,120,00296.jpg
56,157,639,455,87,00297.jpg
49,67,362,245,177,00298.jpg
24,66,982,711,147,00299.jpg
41,103,994,692,169,00300.jpg
52,36,247,189,121,00301.jpg
1,37,296,171,19,00302.jpg
6,47,297,193,31,00303.jpg
14,29,235,168,156,00304.jpg
37,21,169,122,143,00305.jpg
37,125,582,456,83,00306.jpg
171,63,1187,894,58,00307.jpg
16,136,775,418,6,00308.jpg
50,122,589,338,127,00309.jpg
36,43,407,319,131,00310.jpg
1,69,280,228,15,00311.jpg
53,79,627,464,73,00312.jpg
13,44,477,289,24,00313.jpg
33,71,615,435,87,00314.jpg
555,278,1543,1207,170,00315.jpg
10,29,276,164,123,00316.jpg
2,48,300,202,158,00317.jpg
73,159,445,376,11,00318.jpg
38,8,564,402,47,00319.jpg
42,17,440,282,7,00320.jpg
42,63,593,397,94,00321.jpg
9,304,1009,677,75,00322.jpg
161,263,632,415,182,00323.jpg
15,26,199,123,186,00324.jpg
12,21,285,142,128,00325.jpg
29,28,432,249,193,00326.jpg
2,6,546,298,180,00327.jpg
41,49,244,176,62,00328.jpg
10,105,660,475,114,00329.jpg
168,92,333,305,166,00330.jpg
26,81,596,391,181,00331.jpg
76,247,396,396,101,00332.jpg
30,110,472,316,103,00333.jpg
179,300,1403,894,22,00334.jpg
23,31,236,176,125,00335.jpg
309,598,1767,995,112,00336.jpg
45,55,530,308,38,00337.jpg
14,129,441,360,106,00338.jpg
39,5,234,174,56,00339.jpg
139,152,488,305,9,00340.jpg
62,116,974,610,67,00341.jpg
152,195,502,436,169,00342.jpg
63,36,760,504,147,00343.jpg
36,59,770,397,145,00344.jpg
26,13,234,194,113,00345.jpg
112,21,2859,1928,63,00346.jpg
100,190,907,691,145,00347.jpg
14,59,522,266,55,00348.jpg
42,82,956,685,89,00349.jpg
17,52,247,158,86,00350.jpg
13,108,454,305,42,00351.jpg
107,40,433,240,143,00352.jpg
3,60,499,289,117,00353.jpg
44,212,984,596,57,00354.jpg
28,93,1011,675,170,00355.jpg
187,313,1381,1087,115,00356.jpg
31,47,415,255,39,00357.jpg
53,116,562,353,29,00358.jpg
27,71,630,422,58,00359.jpg
12,23,245,176,70,00360.jpg
17,64,941,620,119,00361.jpg
108,121,539,357,50,00362.jpg
14,60,402,300,128,00363.jpg
15,47,286,184,53,00364.jpg
17,82,630,496,53,00365.jpg
67,55,508,338,32,00366.jpg
30,118,618,334,177,00367.jpg
14,76,292,195,59,00368.jpg
40,52,603,357,128,00369.jpg
57,148,568,363,10,00370.jpg
5,56,430,245,83,00371.jpg
2,190,371,490,168,00372.jpg
243,318,805,629,172,00373.jpg
9,184,740,499,6,00374.jpg
122,48,697,401,176,00375.jpg
74,187,917,734,135,00376.jpg
20,48,624,453,133,00377.jpg
16,25,290,215,156,00378.jpg
119,194,942,586,54,00379.jpg
137,76,600,370,99,00380.jpg
66,88,455,322,125,00381.jpg
4,55,494,365,146,00382.jpg
80,1,549,431,58,00383.jpg
51,87,489,290,59,00384.jpg
217,199,631,358,141,00385.jpg
65,321,1232,828,56,00386.jpg
47,150,1007,635,63,00387.jpg
18,53,244,175,131,00388.jpg
5,96,409,262,48,00389.jpg
14,21,782,487,160,00390.jpg
433,262,1339,985,166,00391.jpg
62,220,992,667,4,00392.jpg
110,266,986,700,195,00393.jpg
229,126,624,345,147,00394.jpg
58,45,205,165,131,00395.jpg
21,99,442,295,165,00396.jpg
30,29,282,164,23,00397.jpg
29,93,408,242,40,00398.jpg
121,108,655,387,26,00399.jpg
32,51,260,153,181,00400.jpg
24,78,366,232,88,00401.jpg
1,18,392,240,17,00402.jpg
299,199,1415,894,110,00403.jpg
30,132,724,361,180,00404.jpg
42,37,624,328,10,00405.jpg
1,157,990,640,75,00406.jpg
19,136,498,329,59,00407.jpg
49,76,343,266,19,00408.jpg
21,66,605,463,189,00409.jpg
31,119,404,248,5,00410.jpg
52,47,586,260,14,00411.jpg
195,372,1908,1339,176,00412.jpg
33,150,613,401,80,00413.jpg
316,344,1269,891,86,00414.jpg
81,552,1917,1153,55,00415.jpg
122,157,921,587,112,00416.jpg
63,69,603,385,50,00417.jpg
12,70,388,273,57,00418.jpg
50,89,584,387,73,00419.jpg
71,64,425,328,99,00420.jpg
71,158,690,341,152,00421.jpg
32,74,277,203,162,00422.jpg
69,59,637,461,85,00423.jpg
22,83,415,322,5,00424.jpg
48,36,572,300,7,00425.jpg
85,318,1223,863,194,00426.jpg
33,128,581,458,117,00427.jpg
33,102,595,429,179,00428.jpg
83,182,573,402,73,00429.jpg
82,74,589,340,185,00430.jpg
47,201,534,426,187,00431.jpg
54,128,429,353,163,00432.jpg
58,189,879,642,164,00433.jpg
18,50,280,162,171,00434.jpg
20,75,606,325,64,00435.jpg
20,51,271,180,51,00436.jpg
19,67,412,314,99,00437.jpg
52,94,543,323,26,00438.jpg
11,89,644,415,49,00439.jpg
12,60,456,306,107,00440.jpg
30,35,382,235,115,00441.jpg
53,56,391,278,190,00442.jpg
37,60,218,144,143,00443.jpg
4,4,377,277,79,00444.jpg
121,169,1387,775,180,00445.jpg
17,41,465,293,24,00446.jpg
43,110,462,296,162,00447.jpg
37,67,617,437,178,00448.jpg
66,117,506,289,180,00449.jpg
57,59,506,288,15,00450.jpg
66,90,507,385,189,00451.jpg
59,42,256,165,108,00452.jpg
65,91,391,278,121,00453.jpg
251,299,1423,901,49,00454.jpg
434,136,1528,829,194,00455.jpg
79,63,285,171,42,00456.jpg
79,91,600,456,118,00457.jpg
16,96,483,277,108,00458.jpg
39,81,597,465,84,00459.jpg
95,139,886,541,182,00460.jpg
111,2,553,350,179,00461.jpg
5,8,83,58,1,00462.jpg
113,75,1551,1136,89,00463.jpg
72,216,884,579,133,00464.jpg
53,115,565,380,187,00465.jpg
104,261,511,480,178,00466.jpg
47,92,209,178,14,00467.jpg
1,18,300,147,111,00468.jpg
13,88,483,259,93,00469.jpg
4,9,409,193,92,00470.jpg
3,7,253,165,18,00471.jpg
34,315,1832,905,140,00472.jpg
18,38,249,178,65,00473.jpg
70,125,389,340,129,00474.jpg
21,85,793,389,183,00475.jpg
95,125,585,390,141,00476.jpg
160,175,923,623,124,00477.jpg
9,7,98,81,174,00478.jpg
133,38,691,514,120,00479.jpg
29,46,239,134,109,00480.jpg
6,44,270,175,15,00481.jpg
80,91,589,429,184,00482.jpg
18,26,623,342,90,00483.jpg
29,62,509,288,126,00484.jpg
70,118,401,299,77,00485.jpg
43,74,587,399,58,00486.jpg
8,23,296,167,48,00487.jpg
28,35,207,139,56,00488.jpg
55,78,454,272,105,00489.jpg
21,51,233,163,29,00490.jpg
37,14,358,288,121,00491.jpg
13,108,612,386,61,00492.jpg
19,116,700,400,114,00493.jpg
39,337,1239,711,173,00494.jpg
111,98,863,766,86,00495.jpg
24,132,1021,734,81,00496.jpg
6,79,470,287,185,00497.jpg
78,102,560,368,119,00498.jpg
12,31,412,249,159,00499.jpg
11,10,291,212,84,00500.jpg
4,30,146,86,161,00501.jpg
1,11,101,84,88,00502.jpg
11,48,491,237,9,00503.jpg
45,63,237,138,129,00504.jpg
49,88,226,172,129,00505.jpg
26,185,764,610,167,00506.jpg
139,206,590,395,130,00507.jpg
85,237,1561,1052,167,00508.jpg
64,130,554,341,21,00509.jpg
10,73,613,388,114,00510.jpg
74,43,569,407,99,00511.jpg
27,61,265,160,104,00512.jpg
12,164,533,351,40,00513.jpg
18,22,292,163,109,00514.jpg
17,70,282,166,162,00515.jpg
18,99,613,427,53,00516.jpg
20,205,1008,694,43,00517.jpg
34,57,237,178,109,00518.jpg
7,39,254,177,162,00519.jpg
14,59,253,142,67,00520.jpg
122,196,512,439,153,00521.jpg
6,7,94,68,1,00522.jpg
33,151,1000,528,115,00523.jpg
38,98,590,353,126,00524.jpg
116,148,391,318,76,00525.jpg
26,78,245,161,108,00526.jpg
56,3,736,271,191,00527.jpg
38,74,213,162,121,00528.jpg
45,44,563,415,61,00529.jpg
25,32,236,180,161,00530.jpg
167,396,1945,1016,141,00531.jpg
26,139,607,343,80,00532.jpg
40,68,487,263,135,00533.jpg
17,120,563,359,139,00534.jpg
508,240,1379,955,154,00535.jpg
29,116,593,409,54,00536.jpg
1,328,758,773,172,00537.jpg
56,214,1544,755,107,00538.jpg
30,11,413,316,139,00539.jpg
3,39,300,128,72,00540.jpg
12,52,275,208,122,00541.jpg
25,78,600,421,86,00542.jpg
8,79,397,240,186,00543.jpg
9,72,633,359,179,00544.jpg
5,569,2040,1468,147,00545.jpg
40,114,350,285,34,00546.jpg
63,110,592,351,47,00547.jpg
11,36,247,175,13,00548.jpg
8,5,547,267,13,00549.jpg
11,130,394,257,98,00550.jpg
227,315,766,532,42,00551.jpg
4,41,281,148,46,00552.jpg
16,95,628,339,187,00553.jpg
41,38,299,190,138,00554.jpg
37,89,603,317,144,00555.jpg
101,254,938,605,163,00556.jpg
117,15,723,513,184,00557.jpg
54,49,528,336,82,00558.jpg
20,65,612,409,162,00559.jpg
7,85,250,191,107,00560.jpg
151,169,573,425,21,00561.jpg
65,95,368,241,59,00562.jpg
9,78,899,520,130,00563.jpg
45,86,600,355,72,00564.jpg
187,117,649,492,183,00565.jpg
520,373,1582,1043,29,00566.jpg
19,34,247,159,92,00567.jpg
30,128,402,307,138,00568.jpg
25,234,1179,675,58,00569.jpg
10,44,239,193,125,00570.jpg
18,34,255,182,131,00571.jpg
78,245,896,604,183,00572.jpg
141,525,1803,1854,170,00573.jpg
117,95,612,362,82,00574.jpg
13,75,632,446,121,00575.jpg
20,24,232,156,119,00576.jpg
51,97,669,286,71,00577.jpg
177,229,931,789,12,00578.jpg
71,82,368,267,33,00579.jpg
49,241,1573,1075,191,00580.jpg
310,322,1121,691,49,00581.jpg
2,11,222,115,138,00582.jpg
107,66,566,314,193,00583.jpg
133,95,827,540,185,00584.jpg
388,220,1340,975,89,00585.jpg
31,105,246,194,190,00586.jpg
23,90,504,289,152,00587.jpg
12,56,247,155,76,00588.jpg
41,140,558,325,41,00589.jpg
9,16,299,204,181,00590.jpg
66,36,573,446,50,00591.jpg
62,128,615,389,34,00592.jpg
13,31,245,155,80,00593.jpg
33,85,596,395,174,00594.jpg
91,143,582,410,69,00595.jpg
9,53,212,132,123,00596.jpg
62,162,607,458,75,00597.jpg
25,84,280,198,28,00598.jpg
33,56,408,294,186,00599.jpg
47,14,360,181,20,00600.jpg
28,55,974,675,63,00601.jpg
29,24,591,388,20,00602.jpg
4,16,213,118,16,00603.jpg
59,155,734,459,77,00604.jpg
117,376,1610,1048,160,00605.jpg
99,72,894,675,98,00606.jpg
73,195,570,449,59,00607.jpg
254,283,922,469,150,00608.jpg
19,33,223,128,123,00609.jpg
395,247,1812,1254,145,00610.jpg
19,83,618,384,80,00611.jpg
33,98,594,391,79,00612.jpg
24,72,589,481,169,00613.jpg
1,18,1022,692,115,00614.jpg
76,135,965,665,75,00615.jpg
61,66,737,430,98,00616.jpg
39,83,617,477,124,00617.jpg
42,216,998,619,89,00618.jpg
50,37,308,210,123,00619.jpg
107,110,994,717,58,00620.jpg
10,28,791,520,145,00621.jpg
35,64,549,375,52,00622.jpg
33,142,612,396,36,00623.jpg
52,58,446,231,84,00624.jpg
12,41,652,341,133,00625.jpg
30,44,384,243,54,00626.jpg
143,89,390,238,137,00627.jpg
16,20,291,220,91,00628.jpg
3,10,259,193,131,00629.jpg
133,79,660,551,76,00630.jpg
11,8,270,160,5,00631.jpg
59,224,869,575,24,00632.jpg
84,285,599,699,157,00633.jpg
15,31,286,148,9,00634.jpg
60,91,727,405,9,00635.jpg
37,51,370,268,153,00636.jpg
69,43,868,467,101,00637.jpg
3,41,258,157,13,00638.jpg
44,125,668,483,37,00639.jpg
33,177,583,422,150,00640.jpg
14,113,599,417,182,00641.jpg
37,54,261,175,23,00642.jpg
35,118,573,332,194,00643.jpg
55,138,588,349,109,00644.jpg
20,13,301,113,69,00645.jpg
8,38,266,146,83,00646.jpg
169,428,1393,1001,51,00647.jpg
14,60,223,138,136,00648.jpg
64,153,818,423,140,00649.jpg
64,136,439,329,32,00650.jpg
8,147,782,511,182,00651.jpg
6,21,318,140,142,00652.jpg
15,46,194,109,16,00653.jpg
55,61,799,445,61,00654.jpg
82,185,928,579,175,00655.jpg
43,75,445,252,185,00656.jpg
6,15,271,160,38,00657.jpg
192,235,1260,878,164,00658.jpg
136,308,893,710,127,00659.jpg
173,132,497,296,11,00660.jpg
8,71,421,285,61,00661.jpg
47,57,612,455,125,00662.jpg
49,91,675,322,84,00663.jpg
31,66,619,425,29,00664.jpg
12,46,239,154,156,00665.jpg
127,137,673,352,184,00666.jpg
21,44,453,318,135,00667.jpg
14,48,256,164,80,00668.jpg
12,41,246,186,70,00669.jpg
97,49,455,326,2,00670.jpg
24,91,506,270,137,00671.jpg
50,16,226,184,119,00672.jpg
25,1,259,189,86,00673.jpg
5,16,153,102,119,00674.jpg
103,289,1049,584,38,00675.jpg
35,107,620,389,61,00676.jpg
11,34,217,140,100,00677.jpg
105,400,978,692,27,00678.jpg
190,229,681,454,101,00679.jpg
59,52,247,155,136,00680.jpg
5,32,588,340,20,00681.jpg
11,15,297,201,90,00682.jpg
108,1,550,295,185,00683.jpg
68,37,698,446,25,00684.jpg
260,498,1700,1030,137,00685.jpg
30,52,385,190,15,00686.jpg
167,84,854,575,140,00687.jpg
75,6,864,628,140,00688.jpg
59,63,369,293,24,00689.jpg
111,55,346,217,12,00690.jpg
84,189,573,376,2,00691.jpg
48,45,589,320,58,00692.jpg
64,103,934,617,86,00693.jpg
14,43,221,150,62,00694.jpg
87,80,567,458,111,00695.jpg
2,73,567,331,122,00696.jpg
16,55,560,382,4,00697.jpg
29,24,219,151,51,00698.jpg
37,36,609,376,129,00699.jpg
93,101,404,274,5,00700.jpg
22,49,276,181,31,00701.jpg
567,449,1428,988,138,00702.jpg
21,137,472,337,115,00703.jpg
11,29,631,435,137,00704.jpg
17,8,343,248,95,00705.jpg
13,20,626,446,145,00706.jpg
26,32,677,418,1,00707.jpg
102,298,903,609,164,00708.jpg
129,256,729,498,36,00709.jpg
13,34,272,147,46,00710.jpg
29,19,623,405,169,00711.jpg
457,414,1308,951,149,00712.jpg
58,82,966,720,86,00713.jpg
75,121,603,370,60,00714.jpg
47,89,690,441,114,00715.jpg
8,91,257,189,38,00716.jpg
21,31,609,359,106,00717.jpg
296,222,1121,607,145,00718.jpg
118,93,380,317,184,00719.jpg
10,62,152,117,80,00720.jpg
74,231,418,360,117,00721.jpg
62,102,565,405,74,00722.jpg
25,241,751,524,19,00723.jpg
100,27,238,125,51,00724.jpg
206,55,808,570,63,00725.jpg
7,85,246,182,165,00726.jpg
1,31,208,92,151,00727.jpg
38,66,266,181,73,00728.jpg
64,160,420,347,129,00729.jpg
30,56,619,395,159,00730.jpg
30,37,608,331,103,00731.jpg
40,349,571,613,41,00732.jpg
289,136,555,306,24,00733.jpg
16,157,778,520,165,00734.jpg
10,60,894,506,130,00735.jpg
18,4,428,251,179,00736.jpg
39,12,216,187,88,00737.jpg
42,153,602,389,55,00738.jpg
29,86,601,373,58,00739.jpg
37,77,582,342,3,00740.jpg
41,81,629,410,111,00741.jpg
5,25,271,177,5,00742.jpg
45,115,627,455,87,00743.jpg
51,52,541,364,137,00744.jpg
32,72,591,386,61,00745.jpg
10,18,242,181,41,00746.jpg
213,307,763,557,167,00747.jpg
54,39,392,188,69,00748.jpg
15,36,271,154,44,00749.jpg
17,70,370,257,24,00750.jpg
66,247,978,527,55,00751.jpg
305,270,1439,959,168,00752.jpg
68,128,549,419,106,00753.jpg
60,2,578,440,95,00754.jpg
30,32,593,296,12,00755.jpg
21,47,580,344,153,00756.jpg
85,118,379,290,124,00757.jpg
30,154,771,502,49,00758.jpg
25,99,602,388,47,00759.jpg
100,5,1179,862,170,00760.jpg
57,131,570,397,87,00761.jpg
6,106,611,372,172,00762.jpg
66,176,588,362,174,00763.jpg
8,106,391,262,165,00764.jpg
6,24,297,153,21,00765.jpg
18,92,532,297,174,00766.jpg
106,73,805,546,22,00767.jpg
9,33,246,161,82,00768.jpg
61,222,959,569,61,00769.jpg
21,45,772,547,24,00770.jpg
22,59,626,412,168,00771.jpg
30,31,611,453,20,00772.jpg
33,50,197,150,1,00773.jpg
45,199,615,432,91,00774.jpg
82,99,565,351,138,00775.jpg
15,45,639,420,119,00776.jpg
18,40,491,283,120,00777.jpg
60,17,455,322,180,00778.jpg
17,121,555,384,68,00779.jpg
36,63,478,234,18,00780.jpg
38,6,595,476,88,00781.jpg
68,95,593,319,101,00782.jpg
156,255,955,619,79,00783.jpg
42,163,725,382,103,00784.jpg
19,96,469,266,22,00785.jpg
13,32,774,529,191,00786.jpg
114,128,800,432,141,00787.jpg
30,105,294,233,115,00788.jpg
23,25,245,150,162,00789.jpg
124,406,1546,1120,131,00790.jpg
9,61,334,199,135,00791.jpg
155,59,532,361,35,00792.jpg
7,50,394,261,24,00793.jpg
23,102,408,265,139,00794.jpg
9,30,251,169,51,00795.jpg
38,213,564,436,184,00796.jpg
135,62,922,611,191,00797.jpg
10,1,576,261,27,00798.jpg
11,96,625,387,172,00799.jpg
3,73,211,148,107,00800.jpg
57,158,351,296,103,00801.jpg
45,140,357,247,163,00802.jpg
36,36,549,457,24,00803.jpg
78,31,570,419,166,00804.jpg
15,32,296,149,190,00805.jpg
79,171,713,385,92,00806.jpg
13,87,630,401,121,00807.jpg
9,46,141,94,119,00808.jpg
58,13,579,414,160,00809.jpg
66,18,237,185,111,00810.jpg
49,114,577,367,117,00811.jpg
1,63,480,315,68,00812.jpg
32,93,941,696,139,00813.jpg
17,35,234,167,82,00814.jpg
34,74,473,273,137,00815.jpg
12,34,139,78,57,00816.jpg
28,96,477,317,143,00817.jpg
57,220,673,468,160,00818.jpg
8,17,388,287,135,00819.jpg
30,116,963,523,63,00820.jpg
37,153,411,299,78,00821.jpg
391,169,859,401,152,00822.jpg
15,24,144,72,62,00823.jpg
174,243,846,546,114,00824.jpg
3,57,455,287,23,00825.jpg
120,90,610,359,110,00826.jpg
165,123,645,366,132,00827.jpg
4,91,600,308,163,00828.jpg
191,332,1027,663,63,00829.jpg
159,131,533,356,52,00830.jpg
51,55,618,377,61,00831.jpg
14,5,246,188,113,00832.jpg
102,85,463,360,135,00833.jpg
26,113,612,372,120,00834.jpg
80,158,453,345,24,00835.jpg
27,125,425,311,177,00836.jpg
44,112,633,374,78,00837.jpg
20,224,988,644,193,00838.jpg
35,19,614,435,146,00839.jpg
105,104,626,312,58,00840.jpg
41,67,432,286,151,00841.jpg
42,147,753,414,114,00842.jpg
17,31,342,242,159,00843.jpg
30,15,639,419,171,00844.jpg
52,16,246,168,188,00845.jpg
39,119,558,434,86,00846.jpg
56,23,415,334,159,00847.jpg
21,96,755,412,160,00848.jpg
1,125,549,372,60,00849.jpg
47,179,1227,812,134,00850.jpg
9,85,335,209,195,00851.jpg
30,308,1511,975,195,00852.jpg
35,258,1218,908,153,00853.jpg
45,41,420,280,71,00854.jpg
29,66,614,433,137,00855.jpg
51,105,341,189,41,00856.jpg
57,87,569,437,118,00857.jpg
139,416,1954,1149,2,00858.jpg
11,32,575,357,30,00859.jpg
273,145,658,366,104,00860.jpg
83,103,500,371,102,00861.jpg
36,47,964,444,119,00862.jpg
26,98,623,431,77,00863.jpg
25,128,959,450,103,00864.jpg
11,74,392,255,17,00865.jpg
11,79,627,480,52,00866.jpg
20,135,557,367,87,00867.jpg
17,38,231,152,88,00868.jpg
35,75,592,334,187,00869.jpg
38,74,326,205,28,00870.jpg
373,350,780,631,45,00871.jpg
69,109,461,284,55,00872.jpg
517,291,765,462,163,00873.jpg
49,142,426,307,70,00874.jpg
34,79,749,461,96,00875.jpg
51,121,588,387,75,00876.jpg
61,33,241,195,78,00877.jpg
101,162,882,650,6,00878.jpg
16,196,670,405,91,00879.jpg
16,99,439,254,8,00880.jpg
18,63,885,663,191,00881.jpg
140,122,1059,496,182,00882.jpg
14,29,643,408,131,00883.jpg
14,72,245,173,91,00884.jpg
51,31,565,352,193,00885.jpg
111,68,393,309,47,00886.jpg
6,9,124,89,1,00887.jpg
7,51,253,156,14,00888.jpg
34,400,1555,1153,163,00889.jpg
26,15,698,386,169,00890.jpg
93,106,1160,799,185,00891.jpg
32,48,1534,791,189,00892.jpg
28,134,410,316,107,00893.jpg
11,31,578,268,126,00894.jpg
24,108,709,375,133,00895.jpg
61,55,258,161,44,00896.jpg
30,34,513,274,44,00897.jpg
89,68,483,310,6,00898.jpg
60,93,657,353,20,00899.jpg
64,75,256,158,175,00900.jpg
160,59,759,346,144,00901.jpg
6,40,256,170,189,00902.jpg
316,393,1755,1074,99,00903.jpg
15,96,504,279,171,00904.jpg
26,81,615,365,73,00905.jpg
68,52,435,331,188,00906.jpg
21,73,464,294,122,00907.jpg
18,71,632,390,53,00908.jpg
50,63,541,346,62,00909.jpg
33,2,593,456,40,00910.jpg
20,76,898,612,138,00911.jpg
82,33,542,234,7,00912.jpg
9,51,635,414,152,00913.jpg
40,283,1546,964,149,00914.jpg
206,222,746,467,95,00915.jpg
15,70,622,378,148,00916.jpg
11,51,442,198,92,00917.jpg
37,180,615,445,20,00918.jpg
127,155,525,383,132,00919.jpg
56,23,776,372,4,00920.jpg
88,367,1189,730,185,00921.jpg
10,29,444,203,55,00922.jpg
13,23,150,82,51,00923.jpg
14,63,287,181,67,00924.jpg
3,135,1199,771,73,00925.jpg
8,37,237,142,42,00926.jpg
25,68,618,365,174,00927.jpg
75,130,702,396,57,00928.jpg
22,29,498,204,66,00929.jpg
31,89,296,187,33,00930.jpg
86,194,570,426,191,00931.jpg
37,57,392,294,59,00932.jpg
48,36,576,469,181,00933.jpg
90,31,922,699,23,00934.jpg
3,77,615,463,146,00935.jpg
8,13,644,255,15,00936.jpg
18,56,223,142,141,00937.jpg
69,59,736,415,43,00938.jpg
11,95,619,301,171,00939.jpg
109,113,360,233,21,00940.jpg
57,139,537,364,126,00941.jpg
226,220,926,543,62,00942.jpg
249,129,699,394,50,00943.jpg
248,169,737,454,46,00944.jpg
31,55,216,132,108,00945.jpg
48,24,441,202,1,00946.jpg
12,105,417,257,107,00947.jpg
7,69,250,176,80,00948.jpg
48,10,197,112,116,00949.jpg
193,196,1372,1075,191,00950.jpg
115,34,733,555,95,00951.jpg
10,26,274,162,195,00952.jpg
151,97,842,537,172,00953.jpg
22,12,685,330,195,00954.jpg
37,109,692,363,81,00955.jpg
8,17,590,298,20,00956.jpg
116,105,948,650,75,00957.jpg
143,229,971,598,192,00958.jpg
125,234,848,431,151,00959.jpg
3,56,251,148,108,00960.jpg
1,86,585,475,161,00961.jpg
189,64,1363,883,189,00962.jpg
46,76,562,265,55,00963.jpg
32,70,370,287,116,00964.jpg
1,97,494,375,61,00965.jpg
18,89,626,416,27,00966.jpg
57,108,551,400,68,00967.jpg
8,67,800,511,61,00968.jpg
367,292,1199,749,96,00969.jpg
23,27,555,326,52,00970.jpg
32,178,597,397,34,00971.jpg
187,91,509,315,169,00972.jpg
41,26,842,262,92,00973.jpg
26,118,445,306,115,00974.jpg
44,136,581,362,16,00975.jpg
25,64,255,138,190,00976.jpg
127,61,597,344,33,00977.jpg
83,106,732,434,62,00978.jpg
37,126,963,734,87,00979.jpg
133,165,769,535,101,00980.jpg
28,68,1978,1038,50,00981.jpg
16,52,259,174,156,00982.jpg
78,21,521,283,128,00983.jpg
128,250,899,571,181,00984.jpg
79,64,281,190,37,00985.jpg
30,114,1001,765,133,00986.jpg
10,25,310,221,40,00987.jpg
394,379,1624,1033,23,00988.jpg
9,34,253,157,53,00989.jpg
5,99,638,324,161,00990.jpg
108,62,391,327,31,00991.jpg
59,106,581,309,168,00992.jpg
20,222,948,654,115,00993.jpg
55,297,664,600,112,00994.jpg
75,186,596,571,63,00995.jpg
3,70,333,212,104,00996.jpg
11,84,253,182,60,00997.jpg
96,3,635,445,58,00998.jpg
79,75,585,355,58,00999.jpg
214,382,1459,1117,119,01000.jpg
36,13,611,302,43,01001.jpg
43,96,561,359,43,01002.jpg
197,237,546,386,192,01003.jpg
22,22,255,172,56,01004.jpg
15,86,294,214,65,01005.jpg
128,82,1952,1395,170,01006.jpg
61,189,976,656,137,01007.jpg
45,203,982,564,43,01008.jpg
39,100,479,317,70,01009.jpg
6,3,932,639,6,01010.jpg
248,147,554,323,101,01011.jpg
58,72,763,529,6,01012.jpg
63,72,250,149,152,01013.jpg
140,114,1335,917,100,01014.jpg
42,111,777,562,194,01015.jpg
482,134,1382,739,170,01016.jpg
39,84,994,656,127,01017.jpg
89,209,730,482,162,01018.jpg
219,213,1156,543,168,01019.jpg
81,96,556,385,83,01020.jpg
10,13,247,182,162,01021.jpg
110,31,833,422,23,01022.jpg
423,339,1059,619,26,01023.jpg
9,67,397,239,155,01024.jpg
37,74,756,356,129,01025.jpg
1,51,258,172,53,01026.jpg
34,88,750,540,50,01027.jpg
71,144,1101,712,180,01028.jpg
6,47,316,235,70,01029.jpg
25,67,619,432,143,01030.jpg
130,10,839,346,2,01031.jpg
34,52,442,319,54,01032.jpg
49,279,2791,1870,61,01033.jpg
115,63,817,324,2,01034.jpg
127,99,521,366,135,01035.jpg
24,50,258,171,27,01036.jpg
17,29,640,445,127,01037.jpg
105,78,1330,817,182,01038.jpg
70,116,465,308,41,01039.jpg
28,21,105,79,88,01040.jpg
27,87,623,402,119,01041.jpg
23,78,383,254,73,01042.jpg
199,184,1116,809,124,01043.jpg
33,57,608,429,91,01044.jpg
44,103,596,376,149,01045.jpg
58,46,454,393,193,01046.jpg
30,34,232,157,82,01047.jpg
21,105,619,372,20,01048.jpg
187,133,1504,891,167,01049.jpg
157,172,693,441,132,01050.jpg
6,35,624,316,42,01051.jpg
150,33,1729,1008,152,01052.jpg
9,88,340,241,171,01053.jpg
38,212,797,482,43,01054.jpg
27,20,288,198,111,01055.jpg
108,68,693,304,135,01056.jpg
6,178,588,386,79,01057.jpg
14,97,493,359,93,01058.jpg
25,112,579,289,26,01059.jpg
12,34,423,239,69,01060.jpg
3,64,258,181,32,01061.jpg
2,169,629,369,61,01062.jpg
351,286,3753,2243,78,01063.jpg
4,37,319,217,37,01064.jpg
277,454,1504,1069,34,01065.jpg
33,139,659,390,150,01066.jpg
28,89,452,345,114,01067.jpg
86,160,1549,1090,191,01068.jpg
17,34,993,563,81,01069.jpg
52,59,438,288,86,01070.jpg
30,209,1014,589,60,01071.jpg
12,21,320,218,17,01072.jpg
8,63,545,314,24,01073.jpg
127,627,1993,1308,69,01074.jpg
4,8,290,176,111,01075.jpg
393,201,639,310,39,01076.jpg
81,258,717,465,45,01077.jpg
68,191,946,646,167,01078.jpg
51,151,732,430,37,01079.jpg
49,40,591,369,192,01080.jpg
22,47,278,213,196,01081.jpg
63,38,429,305,92,01082.jpg
12,33,438,241,113,01083.jpg
45,37,566,304,49,01084.jpg
90,53,460,257,14,01085.jpg
11,136,392,254,55,01086.jpg
21,35,361,212,73,01087.jpg
70,57,429,267,159,01088.jpg
196,172,1396,890,30,01089.jpg
15,57,528,299,153,01090.jpg
105,167,582,307,22,01091.jpg
24,187,586,483,25,01092.jpg
2,79,479,359,93,01093.jpg
2,7,300,225,22,01094.jpg
128,272,1150,785,56,01095.jpg
17,57,630,399,159,01096.jpg
91,99,529,381,18,01097.jpg
37,315,1181,727,112,01098.jpg
246,681,1344,1069,45,01099.jpg
170,198,1084,843,131,01100.jpg
155,73,489,238,104,01101.jpg
3,5,198,118,86,01102.jpg
14,35,261,169,48,01103.jpg
54,16,569,332,185,01104.jpg
61,46,682,336,7,01105.jpg
126,234,809,509,167,01106.jpg
22,141,1011,485,66,01107.jpg
12,166,472,295,55,01108.jpg
578,169,1427,925,167,01109.jpg
70,260,1003,627,184,01110.jpg
31,124,414,279,189,01111.jpg
199,192,908,617,193,01112.jpg
9,14,262,189,88,01113.jpg
78,31,435,329,71,01114.jpg
224,197,1833,1364,29,01115.jpg
30,69,523,354,55,01116.jpg
114,117,524,360,109,01117.jpg
65,85,602,419,118,01118.jpg
108,65,624,414,144,01119.jpg
50,42,605,438,187,01120.jpg
157,59,838,485,191,01121.jpg
48,49,596,450,34,01122.jpg
72,210,978,665,20,01123.jpg
39,124,577,319,11,01124.jpg
77,81,561,392,54,01125.jpg
16,105,279,266,45,01126.jpg
29,78,607,272,29,01127.jpg
39,120,558,429,30,01128.jpg
30,34,411,182,31,01129.jpg
108,228,558,415,43,01130.jpg
1,65,455,253,113,01131.jpg
12,120,766,501,143,01132.jpg
51,49,247,163,56,01133.jpg
68,48,235,162,5,01134.jpg
18,86,613,355,123,01135.jpg
11,29,490,295,52,01136.jpg
57,71,710,501,90,01137.jpg
57,116,471,249,39,01138.jpg
47,34,595,326,187,01139.jpg
48,274,771,555,191,01140.jpg
19,229,1801,1144,170,01141.jpg
3,127,636,425,31,01142.jpg
57,124,558,381,121,01143.jpg
11,41,555,333,190,01144.jpg
39,96,760,538,121,01145.jpg
42,55,264,152,56,01146.jpg
1,1,526,530,64,01147.jpg
32,109,575,267,10,01148.jpg
5,20,388,239,165,01149.jpg
176,118,486,313,101,01150.jpg
32,48,272,196,22,01151.jpg
4,24,417,309,78,01152.jpg
25,64,741,301,97,01153.jpg
206,173,805,478,146,01154.jpg
395,414,2378,1721,96,01155.jpg
38,60,291,220,110,01156.jpg
32,135,466,266,15,01157.jpg
57,25,579,433,187,01158.jpg
30,23,390,256,195,01159.jpg
3,45,630,402,23,01160.jpg
64,106,399,307,82,01161.jpg
65,182,616,383,174,01162.jpg
69,192,876,531,87,01163.jpg
235,425,1101,711,31,01164.jpg
106,27,933,440,36,01165.jpg
16,94,768,513,123,01166.jpg
88,298,717,514,21,01167.jpg
124,322,1010,662,46,01168.jpg
27,17,249,189,73,01169.jpg
63,106,454,299,141,01170.jpg
102,6,606,480,88,01171.jpg
50,107,458,299,122,01172.jpg
11,15,989,658,145,01173.jpg
1,20,275,184,122,01174.jpg
1,4,800,320,113,01175.jpg
28,33,285,177,65,01176.jpg
163,237,1061,737,165,01177.jpg
68,169,712,401,43,01178.jpg
85,200,463,344,11,01179.jpg
11,29,294,185,16,01180.jpg
25,125,620,349,126,01181.jpg
70,193,762,445,161,01182.jpg
75,260,923,593,153,01183.jpg
16,40,464,244,46,01184.jpg
147,180,1486,1011,52,01185.jpg
12,48,230,157,8,01186.jpg
58,94,467,278,157,01187.jpg
108,105,540,330,94,01188.jpg
22,278,625,445,153,01189.jpg
78,95,999,667,63,01190.jpg
13,34,235,184,116,01191.jpg
18,115,445,334,30,01192.jpg
5,19,320,139,48,01193.jpg
62,141,309,246,123,01194.jpg
15,46,575,415,24,01195.jpg
115,93,246,151,151,01196.jpg
3,49,998,772,36,01197.jpg
30,78,611,403,53,01198.jpg
37,97,265,182,62,01199.jpg
80,31,667,264,142,01200.jpg
19,51,631,458,50,01201.jpg
52,289,751,505,21,01202.jpg
1,36,269,196,171,01203.jpg
49,83,1073,765,140,01204.jpg
45,59,284,161,41,01205.jpg
71,96,590,393,28,01206.jpg
5,50,293,170,48,01207.jpg
64,281,819,694,30,01208.jpg
1,24,120,103,174,01209.jpg
19,123,618,354,14,01210.jpg
23,21,235,176,108,01211.jpg
103,292,1495,845,90,01212.jpg
38,127,642,412,134,01213.jpg
3,47,296,183,3,01214.jpg
25,124,552,308,114,01215.jpg
43,70,584,321,185,01216.jpg
100,97,429,314,159,01217.jpg
51,256,1007,585,161,01218.jpg
63,81,590,410,81,01219.jpg
31,11,248,179,121,01220.jpg
1,20,319,219,142,01221.jpg
23,60,597,349,64,01222.jpg
64,120,886,767,147,01223.jpg
786,514,1443,890,39,01224.jpg
86,33,513,403,187,01225.jpg
71,126,581,413,189,01226.jpg
113,54,634,470,37,01227.jpg
331,299,702,562,45,01228.jpg
100,55,403,271,84,01229.jpg
27,115,667,404,74,01230.jpg
22,4,457,316,159,01231.jpg
150,87,472,289,14,01232.jpg
8,93,630,422,138,01233.jpg
102,28,508,365,49,01234.jpg
29,116,464,311,156,01235.jpg
21,66,409,226,180,01236.jpg
116,409,1156,753,173,01237.jpg
24,41,270,158,111,01238.jpg
300,501,1711,1070,28,01239.jpg
83,59,416,320,188,01240.jpg
52,39,250,122,77,01241.jpg
68,126,585,399,94,01242.jpg
41,75,464,266,154,01243.jpg
135,43,663,571,155,01244.jpg
47,59,585,383,19,01245.jpg
13,44,784,538,118,01246.jpg
20,47,291,212,162,01247.jpg
25,37,275,189,160,01248.jpg
62,226,1189,841,46,01249.jpg
27,174,989,708,182,01250.jpg
206,96,736,365,16,01251.jpg
19,25,386,242,196,01252.jpg
78,134,1189,772,37,01253.jpg
107,91,756,501,155,01254.jpg
17,80,735,492,6,01255.jpg
8,28,279,201,71,01256.jpg
24,172,1005,587,133,01257.jpg
29,91,482,454,95,01258.jpg
139,112,1090,706,89,01259.jpg
44,29,187,133,95,01260.jpg
48,137,343,276,85,01261.jpg
47,31,340,219,84,01262.jpg
1,21,639,470,143,01263.jpg
5,36,623,357,4,01264.jpg
35,160,509,361,185,01265.jpg
20,87,600,391,122,01266.jpg
26,92,604,291,127,01267.jpg
9,43,254,152,54,01268.jpg
96,3,519,385,180,01269.jpg
21,76,532,355,44,01270.jpg
1,15,120,99,158,01271.jpg
111,66,984,800,132,01272.jpg
53,265,769,475,102,01273.jpg
5,153,420,337,72,01274.jpg
14,52,252,149,29,01275.jpg
67,102,567,357,9,01276.jpg
1,5,160,89,1,01277.jpg
25,48,294,142,80,01278.jpg
7,24,287,232,131,01279.jpg
74,157,504,398,106,01280.jpg
126,69,402,309,47,01281.jpg
11,14,621,441,184,01282.jpg
19,52,261,150,8,01283.jpg
112,298,1609,1003,40,01284.jpg
47,49,321,202,195,01285.jpg
74,1,1448,855,130,01286.jpg
64,189,458,357,160,01287.jpg
135,120,869,619,94,01288.jpg
4,32,259,171,53,01289.jpg
10,69,317,216,165,01290.jpg
104,155,459,322,137,01291.jpg
22,16,434,332,28,01292.jpg
76,87,388,244,46,01293.jpg
8,55,160,108,107,01294.jpg
113,133,578,375,94,01295.jpg
30,101,445,261,115,01296.jpg
103,205,1330,928,12,01297.jpg
28,199,1005,673,20,01298.jpg
41,140,591,356,186,01299.jpg
42,186,1788,1088,58,01300.jpg
34,93,620,350,144,01301.jpg
62,79,620,455,178,01302.jpg
55,22,685,433,191,01303.jpg
17,74,624,425,137,01304.jpg
242,250,860,643,145,01305.jpg
124,81,768,535,157,01306.jpg
177,266,943,748,81,01307.jpg
73,452,2478,1508,23,01308.jpg
14,120,281,216,74,01309.jpg
40,39,703,415,172,01310.jpg
1,12,137,94,88,01311.jpg
65,17,424,202,86,01312.jpg
56,69,558,354,12,01313.jpg
29,129,597,364,123,01314.jpg
31,12,421,209,189,01315.jpg
20,35,406,236,57,01316.jpg
91,129,533,399,192,01317.jpg
167,85,580,307,67,01318.jpg
59,115,378,249,181,01319.jpg
89,42,461,288,184,01320.jpg
46,69,603,411,177,01321.jpg
46,69,583,363,7,01322.jpg
49,203,992,692,114,01323.jpg
32,93,250,184,39,01324.jpg
33,38,250,167,70,01325.jpg
15,48,274,187,67,01326.jpg
39,116,353,250,74,01327.jpg
91,282,956,642,59,01328.jpg
10,52,255,163,165,01329.jpg
9,11,290,200,53,01330.jpg
355,323,1316,897,8,01331.jpg
50,48,591,384,126,01332.jpg
32,86,609,304,130,01333.jpg
9,71,461,216,179,01334.jpg
555,301,1173,568,45,01335.jpg
5,7,261,125,189,01336.jpg
9,32,253,161,188,01337.jpg
59,87,1737,1211,162,01338.jpg
114,107,561,407,94,01339.jpg
110,83,590,370,30,01340.jpg
59,107,575,398,73,01341.jpg
66,122,480,234,59,01342.jpg
60,144,778,463,192,01343.jpg
26,23,615,459,126,01344.jpg
37,169,587,413,86,01345.jpg
37,139,656,470,13,01346.jpg
23,1,430,319,179,01347.jpg
80,110,980,677,37,01348.jpg
341,248,768,497,144,01349.jpg
105,315,780,561,157,01350.jpg
80,191,948,623,112,01351.jpg
2,59,300,219,40,01352.jpg
43,99,1013,615,31,01353.jpg
17,43,250,159,156,01354.jpg
46,1,799,560,184,01355.jpg
51,120,683,378,168,01356.jpg
52,122,750,429,44,01357.jpg
10,1,563,306,59,01358.jpg
17,25,282,153,80,01359.jpg
15,102,411,291,59,01360.jpg
74,73,239,158,9,01361.jpg
80,165,543,405,111,01362.jpg
44,62,589,415,140,01363.jpg
1,74,639,334,58,01364.jpg
114,144,476,349,49,01365.jpg
44,196,603,410,115,01366.jpg
19,54,246,170,80,01367.jpg
32,136,843,490,133,01368.jpg
69,36,259,155,161,01369.jpg
20,29,583,270,21,01370.jpg
32,60,207,157,92,01371.jpg
263,598,2349,1638,13,01372.jpg
61,137,596,443,130,01373.jpg
3,37,496,299,159,01374.jpg
54,254,1961,1084,170,01375.jpg
5,27,347,234,121,01376.jpg
54,75,408,274,97,01377.jpg
29,141,597,450,87,01378.jpg
60,111,760,520,192,01379.jpg
63,51,571,320,124,01380.jpg
33,35,502,275,46,01381.jpg
3,21,285,195,53,01382.jpg
23,11,307,225,113,01383.jpg
117,31,516,415,85,01384.jpg
150,109,605,407,174,01385.jpg
73,211,1534,988,170,01386.jpg
6,31,636,434,131,01387.jpg
24,41,277,198,109,01388.jpg
23,32,218,159,128,01389.jpg
16,24,248,188,188,01390.jpg
17,58,241,151,73,01391.jpg
39,89,457,334,5,01392.jpg
4,118,519,321,127,01393.jpg
13,95,462,279,156,01394.jpg
39,76,969,593,30,01395.jpg
140,175,492,411,154,01396.jpg
41,39,602,456,67,01397.jpg
108,50,535,385,111,01398.jpg
31,66,525,261,43,01399.jpg
43,181,471,329,136,01400.jpg
95,57,681,360,42,01401.jpg
41,60,226,165,118,01402.jpg
16,41,399,300,14,01403.jpg
436,574,1465,940,163,01404.jpg
16,52,386,252,155,01405.jpg
103,134,905,551,144,01406.jpg
51,44,506,263,99,01407.jpg
27,52,253,151,190,01408.jpg
39,24,498,242,43,01409.jpg
172,80,448,306,109,01410.jpg
42,207,760,469,55,01411.jpg
41,71,554,458,133,01412.jpg
24,46,290,188,8,01413.jpg
12,84,636,479,91,01414.jpg
9,25,291,163,25,01415.jpg
54,81,728,422,7,01416.jpg
31,90,613,360,156,01417.jpg
99,158,825,585,84,01418.jpg
11,8,110,68,70,01419.jpg
184,261,1164,703,164,01420.jpg
4,17,593,269,97,01421.jpg
58,44,250,180,128,01422.jpg
51,115,606,399,27,01423.jpg
1,14,352,256,123,01424.jpg
25,117,1015,536,11,01425.jpg
47,57,612,353,104,01426.jpg
347,476,4243,2904,149,01427.jpg
68,71,238,187,59,01428.jpg
14,90,490,320,127,01429.jpg
19,54,383,253,74,01430.jpg
17,158,779,462,194,01431.jpg
40,128,594,352,70,01432.jpg
10,60,296,178,47,01433.jpg
52,96,754,498,98,01434.jpg
297,191,1758,1043,189,01435.jpg
228,207,531,332,160,01436.jpg
1,87,629,404,80,01437.jpg
16,132,768,574,33,01438.jpg
47,72,444,317,93,01439.jpg
29,34,203,158,88,01440.jpg
126,118,768,538,148,01441.jpg
63,81,771,552,166,01442.jpg
120,130,475,312,34,01443.jpg
1,56,402,248,52,01444.jpg
102,150,659,414,143,01445.jpg
28,235,1597,1135,144,01446.jpg
4,5,275,176,53,01447.jpg
17,20,265,162,110,01448.jpg
11,21,325,216,189,01449.jpg
53,140,570,338,15,01450.jpg
24,247,2044,911,158,01451.jpg
17,93,639,360,91,01452.jpg
38,105,754,457,192,01453.jpg
9,17,281,172,122,01454.jpg
20,140,599,351,144,01455.jpg
35,63,464,331,120,01456.jpg
164,95,506,343,15,01457.jpg
18,279,1003,752,113,01458.jpg
37,61,487,342,62,01459.jpg
5,9,118,67,174,01460.jpg
5,193,1994,1276,96,01461.jpg
26,14,1015,750,146,01462.jpg
16,50,237,163,165,01463.jpg
50,64,584,364,193,01464.jpg
10,3,594,234,115,01465.jpg
61,68,488,294,142,01466.jpg
27,55,376,284,178,01467.jpg
78,164,411,284,7,01468.jpg
10,8,596,312,36,01469.jpg
108,591,1127,1107,167,01470.jpg
45,59,585,449,65,01471.jpg
9,107,770,434,189,01472.jpg
17,9,284,188,33,01473.jpg
83,80,508,321,154,01474.jpg
10,49,595,311,139,01475.jpg
49,30,417,278,177,01476.jpg
1,25,258,180,70,01477.jpg
92,122,666,457,116,01478.jpg
224,118,519,300,184,01479.jpg
126,72,666,471,141,01480.jpg
26,78,605,452,87,01481.jpg
3,22,269,165,109,01482.jpg
427,397,1669,982,8,01483.jpg
102,171,357,323,46,01484.jpg
78,88,747,466,43,01485.jpg
91,127,284,186,15,01486.jpg
95,244,1561,1041,79,01487.jpg
42,189,739,472,182,01488.jpg
133,169,967,647,34,01489.jpg
20,18,619,260,185,01490.jpg
26,63,362,233,150,01491.jpg
78,104,719,507,148,01492.jpg
62,81,257,185,29,01493.jpg
24,53,247,133,16,01494.jpg
35,73,639,367,156,01495.jpg
51,91,530,316,15,01496.jpg
32,74,613,424,89,01497.jpg
53,71,563,407,178,01498.jpg
19,115,627,330,153,01499.jpg
47,63,380,256,28,01500.jpg
72,284,1145,738,176,01501.jpg
6,3,158,77,17,01502.jpg
84,79,668,313,141,01503.jpg
28,64,452,280,130,01504.jpg
38,3,229,95,158,01505.jpg
77,269,1916,1194,10,01506.jpg
37,49,773,325,184,01507.jpg
33,20,201,106,136,01508.jpg
67,97,496,272,51,01509.jpg
116,92,387,210,180,01510.jpg
32,93,615,390,52,01511.jpg
233,327,1141,713,26,01512.jpg
74,115,601,399,195,01513.jpg
18,59,444,292,127,01514.jpg
51,157,994,606,22,01515.jpg
24,47,239,160,104,01516.jpg
131,261,1071,733,169,01517.jpg
24,98,573,352,194,01518.jpg
45,241,990,556,51,01519.jpg
14,29,213,105,29,01520.jpg
123,187,494,324,151,01521.jpg
16,56,258,173,40,01522.jpg
67,71,713,451,183,01523.jpg
3,47,500,282,22,01524.jpg
42,8,465,280,100,01525.jpg
240,46,740,302,97,01526.jpg
25,35,581,387,96,01527.jpg
24,38,276,179,131,01528.jpg
40,65,774,494,154,01529.jpg
79,259,924,699,182,01530.jpg
15,28,251,181,188,01531.jpg
76,37,652,500,95,01532.jpg
35,66,573,420,65,01533.jpg
128,185,901,623,19,01534.jpg
8,29,444,213,2,01535.jpg
44,15,234,175,125,01536.jpg
79,163,539,393,7,01537.jpg
51,112,976,667,79,01538.jpg
20,47,295,196,195,01539.jpg
9,27,187,120,190,01540.jpg
34,89,402,261,88,01541.jpg
78,59,557,402,73,01542.jpg
14,44,250,169,162,01543.jpg
57,53,293,236,71,01544.jpg
91,45,721,538,93,01545.jpg
85,174,967,654,75,01546.jpg
90,65,878,403,94,01547.jpg
603,287,1435,711,167,01548.jpg
1,3,799,600,112,01549.jpg
156,192,572,336,187,01550.jpg
85,51,397,206,163,01551.jpg
84,100,508,335,41,01552.jpg
109,63,488,350,28,01553.jpg
43,154,551,323,173,01554.jpg
22,91,287,185,114,01555.jpg
14,67,612,443,81,01556.jpg
17,73,631,431,50,01557.jpg
188,220,434,348,101,01558.jpg
45,77,592,479,78,01559.jpg
89,71,606,464,119,01560.jpg
37,186,1235,884,170,01561.jpg
106,1,552,242,116,01562.jpg
15,27,480,344,146,01563.jpg
52,83,564,375,162,01564.jpg
13,46,321,194,165,01565.jpg
39,68,579,402,187,01566.jpg
87,207,567,446,176,01567.jpg
16,9,618,414,37,01568.jpg
57,128,524,336,173,01569.jpg
39,44,231,153,136,01570.jpg
48,120,589,371,172,01571.jpg
4,70,555,319,80,01572.jpg
47,180,940,680,55,01573.jpg
151,114,689,349,103,01574.jpg
116,134,477,328,104,01575.jpg
246,339,1215,788,93,01576.jpg
4,109,580,329,80,01577.jpg
47,82,614,378,11,01578.jpg
190,780,3349,1956,37,01579.jpg
46,12,260,170,33,01580.jpg
29,35,560,358,11,01581.jpg
18,100,996,564,35,01582.jpg
91,61,543,408,121,01583.jpg
151,337,1315,1063,176,01584.jpg
207,205,782,471,153,01585.jpg
33,1,183,193,151,01586.jpg
32,162,2577,1730,170,01587.jpg
21,77,590,339,103,01588.jpg
35,120,605,413,15,01589.jpg
35,147,665,360,187,01590.jpg
41,60,216,158,18,01591.jpg
73,105,282,256,146,01592.jpg
48,55,744,559,38,01593.jpg
366,327,2257,1427,183,01594.jpg
35,54,595,415,195,01595.jpg
14,45,434,305,163,01596.jpg
47,72,556,371,120,01597.jpg
179,121,488,406,111,01598.jpg
19,41,249,115,72,01599.jpg
30,73,619,401,24,01600.jpg
63,46,742,328,121,01601.jpg
207,111,836,430,154,01602.jpg
12,23,246,159,143,01603.jpg
50,93,696,403,49,01604.jpg
30,29,216,150,72,01605.jpg
12,35,278,183,80,01606.jpg
26,130,681,441,179,01607.jpg
6,40,250,157,13,01608.jpg
4,9,98,76,18,01609.jpg
94,94,2407,1422,40,01610.jpg
6,28,296,207,99,01611.jpg
70,54,387,191,69,01612.jpg
22,45,414,270,32,01613.jpg
27,62,594,239,47,01614.jpg
41,130,564,336,52,01615.jpg
133,190,1788,951,83,01616.jpg
62,150,543,339,6,01617.jpg
51,52,344,265,188,01618.jpg
244,433,1321,1075,98,01619.jpg
29,25,471,315,16,01620.jpg
166,103,1402,1114,146,01621.jpg
70,249,953,590,60,01622.jpg
18,13,343,283,136,01623.jpg
54,89,494,307,29,01624.jpg
76,136,1546,988,156,01625.jpg
79,95,578,428,121,01626.jpg
35,32,238,163,54,01627.jpg
24,76,442,322,107,01628.jpg
78,34,585,404,180,01629.jpg
112,25,698,504,106,01630.jpg
71,1,850,599,130,01631.jpg
118,53,217,230,152,01632.jpg
196,108,460,266,157,01633.jpg
6,32,294,170,160,01634.jpg
67,102,597,393,121,01635.jpg
27,101,619,435,86,01636.jpg
78,105,498,255,128,01637.jpg
14,28,225,150,82,01638.jpg
42,147,600,325,22,01639.jpg
22,206,514,363,12,01640.jpg
35,75,614,392,165,01641.jpg
13,122,480,286,126,01642.jpg
70,52,503,266,20,01643.jpg
65,73,504,316,19,01644.jpg
20,21,409,278,83,01645.jpg
123,395,944,774,107,01646.jpg
8,21,247,170,54,01647.jpg
29,35,236,167,131,01648.jpg
25,140,615,336,74,01649.jpg
28,27,277,155,40,01650.jpg
74,79,331,273,76,01651.jpg
47,18,259,156,65,01652.jpg
6,30,270,162,162,01653.jpg
76,290,1218,697,63,01654.jpg
20,195,734,439,122,01655.jpg
29,2,273,159,32,01656.jpg
58,100,1333,814,149,01657.jpg
15,55,439,263,175,01658.jpg
177,382,1465,872,130,01659.jpg
12,17,271,284,100,01660.jpg
178,214,901,658,1,01661.jpg
30,36,734,240,173,01662.jpg
8,77,500,268,27,01663.jpg
21,16,493,262,126,01664.jpg
57,70,651,355,138,01665.jpg
252,167,483,266,152,01666.jpg
42,61,433,288,146,01667.jpg
24,156,448,419,119,01668.jpg
24,71,611,423,133,01669.jpg
9,16,204,136,190,01670.jpg
23,365,529,717,47,01671.jpg
15,67,398,253,33,01672.jpg
56,146,575,403,81,01673.jpg
180,43,870,713,167,01674.jpg
49,59,591,273,35,01675.jpg
130,169,1537,1156,98,01676.jpg
23,58,351,248,44,01677.jpg
82,95,416,268,10,01678.jpg
14,137,621,429,64,01679.jpg
37,137,997,602,9,01680.jpg
69,282,1197,785,33,01681.jpg
105,102,624,372,83,01682.jpg
19,55,244,160,86,01683.jpg
71,204,686,371,151,01684.jpg
56,224,1210,662,93,01685.jpg
39,61,348,283,113,01686.jpg
16,29,180,119,30,01687.jpg
205,34,1333,864,106,01688.jpg
16,54,295,158,80,01689.jpg
23,34,190,96,70,01690.jpg
55,158,961,677,50,01691.jpg
79,300,627,589,140,01692.jpg
40,43,988,701,131,01693.jpg
25,96,637,399,74,01694.jpg
29,45,228,167,131,01695.jpg
43,30,247,147,188,01696.jpg
112,31,496,348,118,01697.jpg
57,67,256,179,123,01698.jpg
19,18,254,198,189,01699.jpg
42,77,573,431,18,01700.jpg
82,42,254,159,95,01701.jpg
97,77,495,405,60,01702.jpg
123,35,487,297,46,01703.jpg
28,28,378,239,84,01704.jpg
22,101,380,235,3,01705.jpg
19,74,381,232,7,01706.jpg
79,165,744,556,56,01707.jpg
80,169,366,254,46,01708.jpg
236,133,472,319,96,01709.jpg
149,76,1497,937,55,01710.jpg
231,72,1007,667,154,01711.jpg
25,237,606,447,71,01712.jpg
43,237,515,445,171,01713.jpg
25,61,583,277,26,01714.jpg
19,114,620,426,13,01715.jpg
60,91,588,373,3,01716.jpg
9,51,489,295,153,01717.jpg
65,132,1790,1150,149,01718.jpg
42,81,241,164,31,01719.jpg
9,147,1022,612,167,01720.jpg
21,47,615,408,96,01721.jpg
10,61,435,282,105,01722.jpg
7,129,796,475,158,01723.jpg
67,177,626,480,115,01724.jpg
211,73,645,352,178,01725.jpg
73,97,587,375,162,01726.jpg
32,1,511,236,126,01727.jpg
27,27,249,160,156,01728.jpg
15,113,469,317,150,01729.jpg
59,172,593,359,150,01730.jpg
80,78,400,326,67,01731.jpg
12,134,677,432,87,01732.jpg
194,364,1292,837,13,01733.jpg
237,435,1000,876,140,01734.jpg
30,224,462,396,173,01735.jpg
20,56,419,265,69,01736.jpg
27,41,635,459,132,01737.jpg
14,38,224,173,134,01738.jpg
41,71,488,309,195,01739.jpg
2,59,429,262,155,01740.jpg
52,31,423,275,139,01741.jpg
11,9,255,182,131,01742.jpg
39,201,1003,681,80,01743.jpg
39,64,558,215,144,01744.jpg
24,49,996,767,71,01745.jpg
28,155,860,403,79,01746.jpg
92,77,585,409,169,01747.jpg
69,181,424,373,130,01748.jpg
7,52,130,129,157,01749.jpg
51,57,590,402,3,01750.jpg
22,24,378,170,53,01751.jpg
49,138,560,386,60,01752.jpg
1,14,300,174,42,01753.jpg
70,164,905,698,132,01754.jpg
7,44,253,154,13,01755.jpg
514,43,1063,360,160,01756.jpg
55,72,410,239,38,01757.jpg
1,103,639,480,114,01758.jpg
23,52,288,183,181,01759.jpg
38,31,180,112,123,01760.jpg
23,27,611,426,183,01761.jpg
1,700,1189,1159,12,01762.jpg
104,122,450,335,175,01763.jpg
79,134,587,364,149,01764.jpg
56,40,195,160,111,01765.jpg
20,33,414,278,90,01766.jpg
84,107,496,254,11,01767.jpg
26,149,626,425,9,01768.jpg
65,66,386,270,148,01769.jpg
86,159,659,406,47,01770.jpg
40,53,561,346,156,01771.jpg
35,42,274,154,39,01772.jpg
7,69,289,216,108,01773.jpg
27,124,732,521,195,01774.jpg
15,36,629,291,31,01775.jpg
49,177,388,318,175,01776.jpg
66,71,388,309,101,01777.jpg
36,99,585,426,22,01778.jpg
26,181,879,562,112,01779.jpg
95,194,505,464,168,01780.jpg
29,74,619,376,117,01781.jpg
48,9,610,247,17,01782.jpg
39,44,472,247,15,01783.jpg
19,184,886,722,95,01784.jpg
22,69,231,154,73,01785.jpg
114,67,553,371,10,01786.jpg
11,26,98,68,123,01787.jpg
9,11,141,85,88,01788.jpg
15,83,561,422,87,01789.jpg
45,81,578,397,113,01790.jpg
40,58,1916,1018,170,01791.jpg
44,20,1225,739,39,01792.jpg
8,37,257,175,116,01793.jpg
115,157,619,361,178,01794.jpg
28,47,1007,598,78,01795.jpg
127,49,552,331,78,01796.jpg
25,19,612,302,154,01797.jpg
42,158,496,355,171,01798.jpg
52,105,233,194,84,01799.jpg
47,97,608,440,124,01800.jpg
15,25,239,182,95,01801.jpg
10,42,298,203,76,01802.jpg
58,48,340,217,13,01803.jpg
37,334,1486,1120,93,01804.jpg
15,37,284,160,15,01805.jpg
10,62,252,149,54,01806.jpg
14,135,374,268,34,01807.jpg
82,133,974,665,75,01808.jpg
39,155,555,343,177,01809.jpg
21,243,617,422,21,01810.jpg
118,140,364,303,52,01811.jpg
57,64,1005,608,59,01812.jpg
81,185,385,333,155,01813.jpg
6,128,448,341,194,01814.jpg
14,23,250,163,54,01815.jpg
111,92,645,435,78,01816.jpg
32,14,437,287,52,01817.jpg
25,62,555,330,46,01818.jpg
22,52,257,176,8,01819.jpg
88,233,956,620,164,01820.jpg
87,129,758,358,29,01821.jpg
23,28,600,412,139,01822.jpg
82,109,450,300,81,01823.jpg
55,31,341,238,186,01824.jpg
79,49,555,421,35,01825.jpg
31,10,621,400,85,01826.jpg
188,282,1585,1157,63,01827.jpg
70,105,443,285,49,01828.jpg
36,103,589,325,139,01829.jpg
78,106,709,502,132,01830.jpg
43,69,608,452,116,01831.jpg
29,18,157,86,1,01832.jpg
21,97,622,387,11,01833.jpg
143,91,556,370,124,01834.jpg
72,94,577,397,91,01835.jpg
81,87,581,348,87,01836.jpg
79,118,373,262,90,01837.jpg
5,37,280,157,27,01838.jpg
124,43,955,406,26,01839.jpg
98,55,686,463,144,01840.jpg
5,56,495,210,26,01841.jpg
30,36,452,237,163,01842.jpg
17,87,635,468,186,01843.jpg
33,176,608,468,194,01844.jpg
65,65,268,180,162,01845.jpg
137,391,926,675,150,01846.jpg
160,208,1465,1018,55,01847.jpg
23,104,447,306,23,01848.jpg
12,115,640,470,121,01849.jpg
309,190,970,506,140,01850.jpg
11,104,293,185,31,01851.jpg
27,21,626,433,8,01852.jpg
270,320,999,763,194,01853.jpg
82,53,323,173,35,01854.jpg
81,171,582,452,115,01855.jpg
49,124,453,280,121,01856.jpg
11,77,267,180,44,01857.jpg
8,61,1023,478,181,01858.jpg
114,11,542,414,172,01859.jpg
67,119,601,406,191,01860.jpg
13,42,497,366,148,01861.jpg
20,103,602,354,102,01862.jpg
11,60,263,183,127,01863.jpg
64,202,898,574,6,01864.jpg
19,83,631,404,191,01865.jpg
364,343,720,543,99,01866.jpg
108,8,466,268,195,01867.jpg
78,63,564,344,26,01868.jpg
21,34,251,171,122,01869.jpg
178,424,1828,1090,3,01870.jpg
43,51,232,144,40,01871.jpg
17,29,615,377,177,01872.jpg
223,160,1420,907,107,01873.jpg
17,34,231,163,70,01874.jpg
68,197,1238,721,167,01875.jpg
11,101,618,419,49,01876.jpg
43,101,961,612,15,01877.jpg
64,110,738,529,132,01878.jpg
25,44,608,292,31,01879.jpg
120,324,890,731,14,01880.jpg
47,34,429,258,67,01881.jpg
8,103,620,368,118,01882.jpg
36,146,558,342,22,01883.jpg
55,95,600,410,69,01884.jpg
67,57,560,411,130,01885.jpg
11,25,320,225,100,01886.jpg
97,326,1519,927,112,01887.jpg
32,114,688,406,78,01888.jpg
157,153,392,310,100,01889.jpg
210,382,1134,716,26,01890.jpg
56,95,627,368,2,01891.jpg
42,47,292,192,37,01892.jpg
84,86,571,348,119,01893.jpg
51,84,616,398,137,01894.jpg
76,181,938,748,76,01895.jpg
107,7,679,258,155,01896.jpg
28,172,961,767,114,01897.jpg
246,169,589,353,49,01898.jpg
20,90,632,339,135,01899.jpg
11,15,277,157,115,01900.jpg
56,92,446,327,7,01901.jpg
1,77,449,233,122,01902.jpg
154,277,1453,979,85,01903.jpg
11,20,193,140,76,01904.jpg
25,98,617,386,69,01905.jpg
9,28,247,179,76,01906.jpg
45,8,233,178,111,01907.jpg
12,23,787,365,194,01908.jpg
185,132,1015,677,38,01909.jpg
83,68,551,237,168,01910.jpg
91,175,567,410,6,01911.jpg
45,50,262,165,119,01912.jpg
74,84,963,567,188,01913.jpg
49,43,212,153,116,01914.jpg
51,117,441,288,136,01915.jpg
6,119,494,276,39,01916.jpg
38,22,790,450,132,01917.jpg
8,3,135,86,1,01918.jpg
26,133,618,347,36,01919.jpg
118,8,790,598,116,01920.jpg
28,86,345,215,70,01921.jpg
112,274,1534,886,182,01922.jpg
64,246,955,590,112,01923.jpg
331,486,1212,917,159,01924.jpg
29,86,614,456,78,01925.jpg
10,53,631,294,103,01926.jpg
29,108,606,416,109,01927.jpg
1,49,234,141,92,01928.jpg
15,166,488,383,43,01929.jpg
74,43,839,490,187,01930.jpg
94,235,571,486,136,01931.jpg
61,67,570,344,52,01932.jpg
96,144,652,394,47,01933.jpg
83,322,1415,773,105,01934.jpg
171,179,544,381,43,01935.jpg
78,99,736,438,146,01936.jpg
212,192,578,332,103,01937.jpg
28,42,474,341,70,01938.jpg
37,87,463,298,78,01939.jpg
1,7,200,125,177,01940.jpg
135,753,2152,1461,74,01941.jpg
13,49,393,275,127,01942.jpg
32,322,809,652,84,01943.jpg
17,54,288,189,13,01944.jpg
6,17,262,151,48,01945.jpg
17,31,289,178,78,01946.jpg
3,89,300,260,86,01947.jpg
55,110,454,280,25,01948.jpg
15,1,379,221,71,01949.jpg
80,123,419,293,163,01950.jpg
55,49,669,294,110,01951.jpg
11,31,490,266,1,01952.jpg
61,368,1223,836,56,01953.jpg
17,121,550,344,19,01954.jpg
334,551,1260,1014,140,01955.jpg
14,63,478,320,56,01956.jpg
15,188,463,350,135,01957.jpg
5,21,273,126,85,01958.jpg
71,137,910,601,66,01959.jpg
59,224,915,708,169,01960.jpg
21,114,500,452,67,01961.jpg
69,66,559,333,171,01962.jpg
7,123,637,397,72,01963.jpg
160,170,1007,683,92,01964.jpg
38,10,255,199,78,01965.jpg
24,37,276,169,32,01966.jpg
2,1,259,194,70,01967.jpg
41,97,608,392,47,01968.jpg
25,120,615,361,84,01969.jpg
32,79,431,228,16,01970.jpg
92,459,1215,889,77,01971.jpg
37,67,237,168,5,01972.jpg
16,12,188,115,158,01973.jpg
99,114,306,191,190,01974.jpg
159,307,997,605,57,01975.jpg
38,154,474,301,161,01976.jpg
53,45,530,370,87,01977.jpg
13,23,244,160,51,01978.jpg
131,264,470,434,107,01979.jpg
97,193,923,631,148,01980.jpg
25,34,413,235,31,01981.jpg
19,68,476,338,107,01982.jpg
102,163,723,454,53,01983.jpg
12,189,741,415,57,01984.jpg
35,162,624,456,184,01985.jpg
47,85,588,374,127,01986.jpg
64,123,548,346,52,01987.jpg
32,52,593,324,105,01988.jpg
145,182,659,440,144,01989.jpg
20,75,462,331,33,01990.jpg
63,28,632,351,33,01991.jpg
31,1,640,220,194,01992.jpg
31,110,405,263,34,01993.jpg
28,36,250,143,38,01994.jpg
84,87,621,411,153,01995.jpg
128,126,767,437,165,01996.jpg
147,178,951,633,192,01997.jpg
12,39,237,166,108,01998.jpg
68,120,433,330,124,01999.jpg
38,75,380,193,40,02000.jpg
56,110,609,440,148,02001.jpg
8,1,272,134,52,02002.jpg
10,340,1591,950,101,02003.jpg
50,162,640,425,5,02004.jpg
17,75,279,158,141,02005.jpg
57,43,194,127,34,02006.jpg
24,16,454,304,14,02007.jpg
31,146,615,444,115,02008.jpg
14,22,262,122,25,02009.jpg
66,46,545,426,37,02010.jpg
318,76,1193,711,191,02011.jpg
128,71,417,292,90,02012.jpg
73,56,591,395,168,02013.jpg
96,222,647,420,54,02014.jpg
35,114,550,327,16,02015.jpg
65,122,568,325,77,02016.jpg
33,200,1001,661,92,02017.jpg
210,82,944,734,32,02018.jpg
54,69,546,379,52,02019.jpg
103,335,1151,784,101,02020.jpg
7,59,390,328,146,02021.jpg
133,61,582,318,63,02022.jpg
43,49,266,176,82,02023.jpg
20,110,415,294,148,02024.jpg
10,42,310,180,22,02025.jpg
154,74,593,444,124,02026.jpg
69,123,1073,705,28,02027.jpg
24,96,414,317,175,02028.jpg
6,14,216,107,31,02029.jpg
29,51,259,187,118,02030.jpg
33,12,226,191,125,02031.jpg
12,99,380,216,16,02032.jpg
19,34,241,158,34,02033.jpg
10,27,310,134,70,02034.jpg
11,123,500,358,120,02035.jpg
47,89,639,395,119,02036.jpg
115,164,1342,669,102,02037.jpg
70,3,617,337,96,02038.jpg
22,159,977,588,194,02039.jpg
24,59,294,221,97,02040.jpg
73,278,1010,659,21,02041.jpg
181,124,1780,1057,27,02042.jpg
132,89,940,686,146,02043.jpg
129,165,793,545,23,02044.jpg
135,86,463,300,177,02045.jpg
24,123,618,354,32,02046.jpg
43,50,136,90,57,02047.jpg
27,17,297,209,76,02048.jpg
30,57,400,309,124,02049.jpg
30,65,331,199,1,02050.jpg
54,135,1461,822,194,02051.jpg
26,98,372,219,47,02052.jpg
22,12,245,178,111,02053.jpg
183,4,1186,780,196,02054.jpg
22,160,580,385,11,02055.jpg
32,11,456,307,24,02056.jpg
36,161,611,355,102,02057.jpg
12,67,496,266,9,02058.jpg
269,339,884,671,23,02059.jpg
11,52,595,293,68,02060.jpg
43,110,646,427,183,02061.jpg
31,52,453,239,174,02062.jpg
39,113,467,320,35,02063.jpg
2,22,296,199,148,02064.jpg
73,163,674,401,2,02065.jpg
46,315,1249,943,98,02066.jpg
241,78,1105,781,194,02067.jpg
32,56,783,453,16,02068.jpg
1,550,2320,2506,168,02069.jpg
74,38,375,289,95,02070.jpg
21,2,233,100,127,02071.jpg
250,205,1092,759,145,02072.jpg
122,176,929,611,160,02073.jpg
18,67,496,342,86,02074.jpg
9,16,294,156,77,02075.jpg
17,69,247,157,161,02076.jpg
2,78,478,249,77,02077.jpg
82,307,1369,1036,96,02078.jpg
45,181,2582,1848,75,02079.jpg
128,30,855,596,133,02080.jpg
37,61,756,504,32,02081.jpg
205,77,595,295,58,02082.jpg
51,116,630,371,152,02083.jpg
328,260,1610,935,151,02084.jpg
13,40,257,143,116,02085.jpg
51,68,595,381,192,02086.jpg
19,533,3220,1953,30,02087.jpg
2,2,300,208,118,02088.jpg
19,64,471,259,123,02089.jpg
42,79,613,480,154,02090.jpg
15,93,632,373,72,02091.jpg
31,9,435,244,184,02092.jpg
19,91,482,311,113,02093.jpg
89,43,542,339,146,02094.jpg
90,189,1495,820,6,02095.jpg
33,156,736,524,44,02096.jpg
18,1,999,507,75,02097.jpg
15,17,636,440,58,02098.jpg
14,31,272,198,65,02099.jpg
66,64,598,385,89,02100.jpg
17,39,237,156,53,02101.jpg
20,23,274,196,174,02102.jpg
34,262,766,650,196,02103.jpg
25,215,625,411,173,02104.jpg
10,142,465,309,180,02105.jpg
129,94,502,382,76,02106.jpg
23,57,232,186,65,02107.jpg
53,122,993,553,147,02108.jpg
31,51,635,399,48,02109.jpg
116,141,535,367,96,02110.jpg
20,7,239,174,5,02111.jpg
95,84,612,391,114,02112.jpg
109,39,980,590,59,02113.jpg
9,37,651,477,23,02114.jpg
11,37,441,206,51,02115.jpg
26,66,379,258,30,02116.jpg
1,79,1918,1120,153,02117.jpg
509,458,1031,686,101,02118.jpg
44,162,605,360,115,02119.jpg
44,63,448,253,142,02120.jpg
143,114,546,374,68,02121.jpg
29,63,602,324,102,02122.jpg
74,88,517,354,137,02123.jpg
9,97,493,252,4,02124.jpg
21,77,622,466,74,02125.jpg
7,20,298,197,143,02126.jpg
31,98,380,226,38,02127.jpg
63,328,1223,755,134,02128.jpg
20,23,280,164,148,02129.jpg
42,89,588,377,19,02130.jpg
81,140,524,337,189,02131.jpg
26,290,996,610,91,02132.jpg
126,143,907,715,117,02133.jpg
147,149,905,654,57,02134.jpg
67,103,533,366,87,02135.jpg
128,33,515,309,131,02136.jpg
19,118,557,340,137,02137.jpg
20,272,982,633,164,02138.jpg
2,3,217,117,161,02139.jpg
35,176,492,480,61,02140.jpg
14,164,1011,615,103,02141.jpg
74,70,251,170,70,02142.jpg
8,76,3640,2675,172,02143.jpg
37,82,594,380,26,02144.jpg
112,7,853,717,1,02145.jpg
8,14,294,142,107,02146.jpg
74,114,585,432,178,02147.jpg
95,124,617,401,133,02148.jpg
57,107,611,421,48,02149.jpg
55,82,564,338,169,02150.jpg
206,135,1543,1076,149,02151.jpg
4,51,458,291,27,02152.jpg
208,47,483,364,166,02153.jpg
67,62,212,185,29,02154.jpg
86,38,197,151,45,02155.jpg
54,55,305,220,123,02156.jpg
156,175,484,332,118,02157.jpg
37,39,486,273,102,02158.jpg
56,200,514,396,144,02159.jpg
63,5,940,723,169,02160.jpg
49,38,575,447,149,02161.jpg
40,134,759,463,102,02162.jpg
104,325,1180,776,170,02163.jpg
108,49,600,327,31,02164.jpg
49,35,565,439,24,02165.jpg
23,113,617,367,117,02166.jpg
185,454,1947,1129,107,02167.jpg
54,246,678,553,101,02168.jpg
52,27,575,418,65,02169.jpg
12,6,314,202,114,02170.jpg
32,305,1595,981,18,02171.jpg
49,49,203,164,34,02172.jpg
184,284,840,696,105,02173.jpg
366,293,1817,1222,145,02174.jpg
12,58,297,192,44,02175.jpg
17,111,358,240,17,02176.jpg
22,30,625,531,101,02177.jpg
15,77,454,272,127,02178.jpg
103,180,587,434,120,02179.jpg
205,192,617,352,168,02180.jpg
31,74,549,384,48,02181.jpg
35,54,564,361,123,02182.jpg
28,2,608,423,195,02183.jpg
95,30,492,256,180,02184.jpg
47,208,997,667,20,02185.jpg
56,67,420,284,178,02186.jpg
28,8,183,138,143,02187.jpg
58,1,582,373,30,02188.jpg
36,331,857,692,163,02189.jpg
10,67,575,302,172,02190.jpg
1,28,272,157,156,02191.jpg
61,45,752,502,145,02192.jpg
52,42,504,315,174,02193.jpg
80,155,471,320,9,02194.jpg
61,130,738,481,34,02195.jpg
62,210,673,475,122,02196.jpg
180,78,600,402,158,02197.jpg
100,86,304,276,181,02198.jpg
4,56,395,229,104,02199.jpg
70,117,461,330,60,02200.jpg
91,107,937,561,160,02201.jpg
295,120,1199,519,152,02202.jpg
114,86,406,288,66,02203.jpg
168,93,1131,699,173,02204.jpg
35,74,611,409,68,02205.jpg
61,82,948,673,132,02206.jpg
18,23,639,387,73,02207.jpg
46,43,473,375,179,02208.jpg
25,76,563,312,53,02209.jpg
24,77,267,186,156,02210.jpg
41,135,365,300,116,02211.jpg
45,116,547,393,74,02212.jpg
501,443,1088,706,137,02213.jpg
13,14,301,155,18,02214.jpg
126,27,522,445,58,02215.jpg
89,42,868,504,100,02216.jpg
35,81,428,294,139,02217.jpg
328,274,1017,689,145,02218.jpg
34,33,663,401,149,02219.jpg
73,164,936,471,13,02220.jpg
55,68,529,450,32,02221.jpg
29,66,597,228,59,02222.jpg
11,98,734,463,85,02223.jpg
7,61,290,205,80,02224.jpg
14,58,488,273,91,02225.jpg
109,163,553,425,117,02226.jpg
86,68,199,158,165,02227.jpg
38,134,463,311,137,02228.jpg
107,445,884,665,158,02229.jpg
28,32,340,178,69,02230.jpg
48,66,363,210,44,02231.jpg
109,88,561,349,35,02232.jpg
31,2,357,176,28,02233.jpg
61,58,335,236,39,02234.jpg
203,497,2792,1959,66,02235.jpg
45,91,382,288,179,02236.jpg
14,41,291,165,161,02237.jpg
68,135,389,282,138,02238.jpg
55,41,969,673,133,02239.jpg
185,495,1497,964,4,02240.jpg
204,227,627,511,27,02241.jpg
36,72,594,413,64,02242.jpg
122,123,503,292,169,02243.jpg
180,152,461,362,22,02244.jpg
17,30,405,278,48,02245.jpg
128,203,922,710,164,02246.jpg
31,125,624,349,114,02247.jpg
86,131,507,384,79,02248.jpg
114,79,600,356,178,02249.jpg
19,39,630,351,188,02250.jpg
26,34,246,156,92,02251.jpg
35,53,272,190,162,02252.jpg
26,217,582,396,21,02253.jpg
52,49,668,354,124,02254.jpg
60,41,365,169,181,02255.jpg
9,33,256,109,22,02256.jpg
6,42,1022,366,57,02257.jpg
51,81,655,408,26,02258.jpg
14,19,450,274,44,02259.jpg
24,180,605,398,40,02260.jpg
76,31,574,261,185,02261.jpg
57,112,543,316,193,02262.jpg
89,129,532,412,177,02263.jpg
162,87,567,318,21,02264.jpg
39,72,653,462,75,02265.jpg
67,44,180,113,52,02266.jpg
28,67,479,284,19,02267.jpg
90,65,546,397,71,02268.jpg
13,124,1967,1464,95,02269.jpg
137,164,761,421,101,02270.jpg
18,24,250,166,125,02271.jpg
41,31,753,468,183,02272.jpg
228,83,1253,887,23,02273.jpg
57,50,388,218,4,02274.jpg
66,92,492,336,109,02275.jpg
53,80,310,175,57,02276.jpg
96,46,487,186,137,02277.jpg
99,93,690,477,132,02278.jpg
36,40,999,751,194,02279.jpg
190,139,508,394,132,02280.jpg
56,33,579,395,93,02281.jpg
186,177,1284,819,112,02282.jpg
8,48,296,194,186,02283.jpg
16,45,291,157,188,02284.jpg
1,5,396,213,174,02285.jpg
125,339,2008,1332,8,02286.jpg
12,20,377,281,34,02287.jpg
151,20,551,221,122,02288.jpg
54,19,233,147,165,02289.jpg
65,15,232,116,119,02290.jpg
17,53,607,443,94,02291.jpg
2,15,83,61,18,02292.jpg
37,415,1528,1060,178,02293.jpg
40,35,424,256,86,02294.jpg
8,141,618,344,70,02295.jpg
101,66,555,407,68,02296.jpg
32,62,603,423,120,02297.jpg
82,103,973,669,111,02298.jpg
131,15,459,205,68,02299.jpg
13,10,298,194,105,02300.jpg
54,75,449,300,120,02301.jpg
50,168,937,501,126,02302.jpg
27,151,623,391,50,02303.jpg
38,74,244,179,16,02304.jpg
83,64,269,158,8,02305.jpg
29,95,557,375,77,02306.jpg
11,43,472,232,150,02307.jpg
44,79,584,392,67,02308.jpg
25,86,306,245,46,02309.jpg
20,102,376,225,107,02310.jpg
56,1,394,176,1,02311.jpg
49,117,386,265,56,02312.jpg
33,114,434,293,156,02313.jpg
18,63,445,267,2,02314.jpg
9,42,581,395,172,02315.jpg
27,235,665,465,64,02316.jpg
21,6,623,453,64,02317.jpg
31,67,573,332,87,02318.jpg
41,225,957,579,62,02319.jpg
8,36,268,198,143,02320.jpg
37,342,1263,786,160,02321.jpg
38,52,410,322,175,02322.jpg
71,45,752,302,25,02323.jpg
40,46,539,324,26,02324.jpg
34,51,382,258,15,02325.jpg
37,81,554,311,10,02326.jpg
18,27,298,211,148,02327.jpg
153,215,606,464,101,02328.jpg
84,463,1915,1014,104,02329.jpg
4,19,276,199,162,02330.jpg
18,45,404,307,195,02331.jpg
65,92,606,420,195,02332.jpg
8,17,292,181,111,02333.jpg
69,175,1133,643,25,02334.jpg
52,69,259,208,21,02335.jpg
71,83,266,174,37,02336.jpg
39,151,492,392,153,02337.jpg
31,40,183,154,28,02338.jpg
26,26,268,160,92,02339.jpg
47,220,980,715,83,02340.jpg
10,52,194,109,18,02341.jpg
72,156,500,322,137,02342.jpg
34,19,254,159,38,02343.jpg
614,9,1279,329,194,02344.jpg
25,74,368,282,110,02345.jpg
14,22,256,162,102,02346.jpg
11,27,392,210,68,02347.jpg
63,95,423,249,107,02348.jpg
17,45,495,188,185,02349.jpg
35,259,609,466,17,02350.jpg
34,43,335,166,134,02351.jpg
36,89,569,382,43,02352.jpg
73,26,430,282,134,02353.jpg
12,81,280,188,62,02354.jpg
42,120,741,478,182,02355.jpg
594,306,1520,1149,139,02356.jpg
5,41,191,142,161,02357.jpg
51,38,603,432,169,02358.jpg
65,101,650,453,7,02359.jpg
9,33,252,165,106,02360.jpg
18,86,242,192,121,02361.jpg
47,137,965,681,126,02362.jpg
26,25,283,157,1,02363.jpg
373,56,2663,1915,3,02364.jpg
47,349,997,683,74,02365.jpg
47,76,556,375,149,02366.jpg
77,91,297,178,29,02367.jpg
20,112,685,454,66,02368.jpg
4,62,239,153,76,02369.jpg
130,43,508,281,25,02370.jpg
89,164,473,287,97,02371.jpg
117,95,847,596,83,02372.jpg
27,131,957,591,167,02373.jpg
20,45,234,166,136,02374.jpg
13,48,512,297,110,02375.jpg
323,345,1052,806,170,02376.jpg
79,386,765,615,8,02377.jpg
105,88,252,156,9,02378.jpg
1,11,653,336,184,02379.jpg
114,193,1199,757,112,02380.jpg
185,261,716,427,39,02381.jpg
1,131,631,365,182,02382.jpg
17,4,260,175,88,02383.jpg
365,181,1895,1185,99,02384.jpg
19,135,439,288,124,02385.jpg
609,327,1047,560,41,02386.jpg
1,16,302,205,153,02387.jpg
21,29,463,290,60,02388.jpg
67,14,606,474,85,02389.jpg
131,96,1962,1470,146,02390.jpg
56,63,367,245,37,02391.jpg
17,13,197,115,196,02392.jpg
101,141,719,450,186,02393.jpg
33,87,468,278,120,02394.jpg
99,157,479,307,21,02395.jpg
21,50,627,394,87,02396.jpg
46,240,1467,1115,140,02397.jpg
81,62,1201,729,86,02398.jpg
12,90,624,423,121,02399.jpg
6,1,216,74,18,02400.jpg
155,21,763,360,193,02401.jpg
86,164,535,391,58,02402.jpg
213,37,670,321,147,02403.jpg
23,89,556,327,120,02404.jpg
165,318,1135,923,167,02405.jpg
37,67,610,350,176,02406.jpg
49,42,200,167,196,02407.jpg
15,90,999,616,154,02408.jpg
18,22,444,272,85,02409.jpg
16,46,251,185,33,02410.jpg
182,64,435,281,52,02411.jpg
198,196,907,643,20,02412.jpg
70,67,689,410,142,02413.jpg
19,40,291,182,135,02414.jpg
412,350,1933,996,79,02415.jpg
15,108,419,274,28,02416.jpg
147,69,897,572,191,02417.jpg
4,15,146,93,161,02418.jpg
68,140,522,323,30,02419.jpg
24,55,607,427,49,02420.jpg
222,229,869,665,159,02421.jpg
3,50,294,191,51,02422.jpg
113,154,545,368,187,02423.jpg
59,82,440,266,193,02424.jpg
20,99,926,631,154,02425.jpg
78,155,733,471,35,02426.jpg
101,41,534,430,46,02427.jpg
5,5,92,62,123,02428.jpg
94,440,1049,917,98,02429.jpg
53,145,570,384,126,02430.jpg
47,155,999,581,13,02431.jpg
12,84,672,421,58,02432.jpg
70,58,253,141,51,02433.jpg
1,47,639,438,130,02434.jpg
74,89,422,341,175,02435.jpg
33,117,587,408,61,02436.jpg
117,116,571,393,187,02437.jpg
7,41,787,431,7,02438.jpg
13,103,624,414,64,02439.jpg
103,163,1192,623,89,02440.jpg
28,135,948,750,20,02441.jpg
63,153,992,648,67,02442.jpg
74,62,617,411,124,02443.jpg
70,60,737,541,113,02444.jpg
30,99,743,427,48,02445.jpg
60,126,839,578,153,02446.jpg
64,58,341,177,174,02447.jpg
3,226,1017,621,91,02448.jpg
61,150,595,378,126,02449.jpg
51,99,595,382,49,02450.jpg
29,11,269,159,27,02451.jpg
20,44,249,161,44,02452.jpg
24,61,450,306,86,02453.jpg
50,167,605,392,118,02454.jpg
79,97,563,353,91,02455.jpg
40,38,224,155,25,02456.jpg
126,227,885,551,5,02457.jpg
25,57,520,297,59,02458.jpg
12,171,623,423,72,02459.jpg
14,39,252,154,118,02460.jpg
19,62,952,526,191,02461.jpg
2,12,639,437,146,02462.jpg
51,138,926,525,137,02463.jpg
18,99,615,433,13,02464.jpg
225,113,437,266,29,02465.jpg
105,10,788,596,122,02466.jpg
26,18,698,468,139,02467.jpg
80,366,951,637,35,02468.jpg
46,35,762,418,139,02469.jpg
142,230,1476,983,130,02470.jpg
268,144,1645,1078,151,02471.jpg
56,237,960,611,96,02472.jpg
107,279,1146,618,80,02473.jpg
182,155,1743,951,14,02474.jpg
34,214,1567,979,153,02475.jpg
80,10,376,306,143,02476.jpg
156,1,1145,747,180,02477.jpg
180,22,519,229,21,02478.jpg
74,137,597,329,83,02479.jpg
43,133,751,400,34,02480.jpg
110,186,601,447,182,02481.jpg
126,98,822,572,125,02482.jpg
17,33,389,281,88,02483.jpg
435,304,1008,622,10,02484.jpg
51,109,627,453,109,02485.jpg
5,5,303,158,68,02486.jpg
79,136,913,635,144,02487.jpg
35,201,730,466,87,02488.jpg
1,49,202,148,153,02489.jpg
44,140,597,344,109,02490.jpg
47,154,598,369,3,02491.jpg
26,60,373,255,135,02492.jpg
9,41,1015,640,44,02493.jpg
26,56,746,319,86,02494.jpg
28,37,445,266,185,02495.jpg
41,95,607,379,118,02496.jpg
130,170,911,675,144,02497.jpg
14,78,1005,709,108,02498.jpg
49,163,733,438,118,02499.jpg
17,28,330,218,135,02500.jpg
1,159,400,286,158,02501.jpg
85,266,1021,579,67,02502.jpg
66,138,751,517,68,02503.jpg
41,39,223,160,28,02504.jpg
1,9,141,63,18,02505.jpg
9,4,251,164,108,02506.jpg
67,126,774,492,165,02507.jpg
35,61,599,410,109,02508.jpg
17,54,245,169,33,02509.jpg
56,59,985,532,171,02510.jpg
57,62,967,600,132,02511.jpg
64,16,692,449,87,02512.jpg
24,141,539,455,154,02513.jpg
208,274,1549,997,149,02514.jpg
25,18,241,168,65,02515.jpg
113,93,390,273,36,02516.jpg
102,195,675,504,61,02517.jpg
1,20,229,194,86,02518.jpg
147,434,1954,1233,119,02519.jpg
68,86,547,336,46,02520.jpg
162,154,470,301,177,02521.jpg
96,299,967,705,89,02522.jpg
43,26,776,569,96,02523.jpg
15,11,262,196,111,02524.jpg
217,330,1103,711,185,02525.jpg
25,219,304,302,160,02526.jpg
2,92,595,480,172,02527.jpg
13,17,313,178,39,02528.jpg
48,92,582,368,184,02529.jpg
12,18,256,163,162,02530.jpg
171,138,535,366,89,02531.jpg
22,67,1408,859,98,02532.jpg
15,150,626,452,77,02533.jpg
198,213,589,377,40,02534.jpg
66,82,673,564,130,02535.jpg
92,84,564,402,78,02536.jpg
37,36,246,157,80,02537.jpg
54,162,565,356,78,02538.jpg
64,121,365,261,19,02539.jpg
7,133,716,444,2,02540.jpg
20,12,651,475,45,02541.jpg
104,102,915,581,155,02542.jpg
22,58,179,136,80,02543.jpg
39,275,1143,810,57,02544.jpg
14,53,251,194,84,02545.jpg
12,40,251,167,54,02546.jpg
70,165,542,309,87,02547.jpg
23,56,620,429,119,02548.jpg
189,218,1063,588,45,02549.jpg
20,170,639,421,29,02550.jpg
32,43,186,124,106,02551.jpg
37,74,269,169,105,02552.jpg
51,193,593,381,43,02553.jpg
106,152,928,618,127,02554.jpg
93,162,714,418,133,02555.jpg
10,31,293,157,21,02556.jpg
30,31,189,130,88,02557.jpg
11,42,251,157,148,02558.jpg
16,26,690,462,81,02559.jpg
16,49,383,277,134,02560.jpg
51,4,508,255,24,02561.jpg
77,150,618,397,173,02562.jpg
87,224,1521,926,174,02563.jpg
27,165,750,466,71,02564.jpg
120,66,585,425,195,02565.jpg
59,162,971,635,23,02566.jpg
108,29,1427,925,164,02567.jpg
30,41,267,179,104,02568.jpg
95,124,431,308,93,02569.jpg
81,102,596,419,77,02570.jpg
239,180,692,417,146,02571.jpg
6,102,609,410,177,02572.jpg
275,53,1359,923,112,02573.jpg
527,299,1197,692,97,02574.jpg
51,69,618,372,61,02575.jpg
115,38,526,296,62,02576.jpg
21,45,281,133,9,02577.jpg
18,107,630,340,114,02578.jpg
69,29,408,236,84,02579.jpg
39,2,436,192,151,02580.jpg
12,34,398,254,115,02581.jpg
103,215,667,475,173,02582.jpg
6,8,567,342,185,02583.jpg
33,48,458,289,12,02584.jpg
9,71,446,345,84,02585.jpg
30,48,404,277,51,02586.jpg
150,119,481,368,176,02587.jpg
19,82,400,319,114,02588.jpg
71,192,594,465,3,02589.jpg
51,74,264,185,67,02590.jpg
256,187,1001,462,112,02591.jpg
23,65,624,415,64,02592.jpg
253,220,662,445,39,02593.jpg
18,58,439,269,10,02594.jpg
129,413,946,879,134,02595.jpg
95,208,880,715,81,02596.jpg
48,92,209,181,70,02597.jpg
40,38,224,155,14,02598.jpg
17,45,438,290,86,02599.jpg
18,59,389,264,17,02600.jpg
168,9,1169,880,94,02601.jpg
253,16,534,174,184,02602.jpg
32,35,233,158,67,02603.jpg
34,4,264,195,175,02604.jpg
10,34,627,322,6,02605.jpg
37,147,973,638,50,02606.jpg
52,197,1936,1339,149,02607.jpg
21,23,693,381,76,02608.jpg
75,203,1486,1024,64,02609.jpg
41,122,601,352,87,02610.jpg
8,94,285,200,84,02611.jpg
17,147,548,362,98,02612.jpg
44,95,595,435,153,02613.jpg
53,105,461,337,77,02614.jpg
27,35,379,255,108,02615.jpg
237,88,657,372,151,02616.jpg
280,158,777,491,140,02617.jpg
37,10,400,300,124,02618.jpg
4,89,680,379,63,02619.jpg
5,42,797,406,12,02620.jpg
44,114,597,435,187,02621.jpg
57,39,200,156,90,02622.jpg
41,132,672,431,192,02623.jpg
52,147,981,547,81,02624.jpg
53,102,398,234,15,02625.jpg
67,361,1861,1057,105,02626.jpg
11,11,293,168,28,02627.jpg
27,15,310,222,113,02628.jpg
69,284,1105,786,192,02629.jpg
153,94,553,356,23,02630.jpg
25,50,623,417,165,02631.jpg
55,224,884,573,15,02632.jpg
1,56,402,251,60,02633.jpg
72,199,961,744,106,02634.jpg
39,172,1451,902,164,02635.jpg
121,287,1500,898,160,02636.jpg
63,105,597,420,78,02637.jpg
92,158,585,416,89,02638.jpg
44,78,529,329,82,02639.jpg
27,80,613,402,75,02640.jpg
71,35,587,375,13,02641.jpg
9,12,595,354,185,02642.jpg
14,82,596,422,58,02643.jpg
12,57,240,134,106,02644.jpg
87,75,494,327,9,02645.jpg
74,87,319,264,97,02646.jpg
25,36,292,170,141,02647.jpg
6,38,289,163,82,02648.jpg
65,14,458,326,28,02649.jpg
119,64,2029,1533,188,02650.jpg
9,118,1007,590,97,02651.jpg
18,57,903,686,146,02652.jpg
53,301,963,615,164,02653.jpg
115,47,812,543,57,02654.jpg
23,50,626,461,32,02655.jpg
38,30,240,138,16,02656.jpg
16,35,286,225,151,02657.jpg
27,37,611,444,64,02658.jpg
25,69,487,356,110,02659.jpg
32,113,527,407,172,02660.jpg
17,5,282,173,76,02661.jpg
42,81,765,507,82,02662.jpg
14,84,627,398,3,02663.jpg
137,131,836,503,101,02664.jpg
152,167,1095,681,139,02665.jpg
33,39,374,242,129,02666.jpg
1,27,799,600,57,02667.jpg
48,10,402,284,84,02668.jpg
13,256,769,532,2,02669.jpg
19,63,307,170,5,02670.jpg
95,62,402,306,7,02671.jpg
14,66,314,199,71,02672.jpg
72,61,541,291,59,02673.jpg
8,27,252,145,13,02674.jpg
18,29,779,588,79,02675.jpg
13,154,798,466,153,02676.jpg
18,34,485,310,110,02677.jpg
68,230,638,444,143,02678.jpg
32,51,360,262,95,02679.jpg
70,1,1597,1099,24,02680.jpg
232,318,803,510,36,02681.jpg
23,91,429,289,104,02682.jpg
12,46,245,152,72,02683.jpg
18,29,242,176,86,02684.jpg
21,53,201,136,174,02685.jpg
15,52,262,173,38,02686.jpg
8,50,247,177,188,02687.jpg
35,157,479,332,20,02688.jpg
9,51,296,197,83,02689.jpg
60,169,588,467,120,02690.jpg
58,67,720,282,34,02691.jpg
41,104,656,401,98,02692.jpg
6,55,257,143,161,02693.jpg
31,91,441,368,165,02694.jpg
31,46,475,269,56,02695.jpg
25,29,265,163,21,02696.jpg
6,17,299,222,76,02697.jpg
132,96,525,283,108,02698.jpg
19,539,1278,981,172,02699.jpg
27,2,232,182,121,02700.jpg
137,210,1270,698,144,02701.jpg
15,122,390,281,37,02702.jpg
31,96,600,313,186,02703.jpg
87,72,738,501,112,02704.jpg
12,31,157,116,190,02705.jpg
14,19,606,275,53,02706.jpg
65,153,601,416,115,02707.jpg
37,44,708,436,176,02708.jpg
109,45,527,401,81,02709.jpg
44,99,525,371,98,02710.jpg
105,147,545,417,174,02711.jpg
31,8,415,221,109,02712.jpg
73,69,271,140,57,02713.jpg
19,165,709,607,172,02714.jpg
56,80,509,408,24,02715.jpg
33,52,227,166,83,02716.jpg
39,61,596,347,31,02717.jpg
29,11,458,316,41,02718.jpg
12,55,630,314,93,02719.jpg
81,85,565,405,149,02720.jpg
15,4,246,171,116,02721.jpg
78,104,1373,845,103,02722.jpg
1,21,400,176,163,02723.jpg
38,18,192,110,108,02724.jpg
104,67,548,409,128,02725.jpg
29,82,215,175,72,02726.jpg
90,30,577,396,179,02727.jpg
5,73,280,221,16,02728.jpg
22,45,607,405,94,02729.jpg
249,254,591,467,140,02730.jpg
115,73,398,335,100,02731.jpg
55,48,617,404,88,02732.jpg
10,93,784,537,127,02733.jpg
36,103,623,397,169,02734.jpg
72,63,427,319,46,02735.jpg
19,21,244,183,162,02736.jpg
50,72,558,419,196,02737.jpg
86,292,1176,639,6,02738.jpg
27,9,270,128,5,02739.jpg
54,155,729,449,56,02740.jpg
41,224,951,656,184,02741.jpg
62,377,1015,752,190,02742.jpg
105,42,493,342,110,02743.jpg
66,141,613,379,61,02744.jpg
191,145,760,614,144,02745.jpg
13,15,474,327,60,02746.jpg
99,160,911,656,147,02747.jpg
18,10,115,95,119,02748.jpg
114,26,925,744,150,02749.jpg
6,8,194,122,135,02750.jpg
4,30,279,186,84,02751.jpg
43,51,269,151,151,02752.jpg
87,86,576,392,166,02753.jpg
39,117,597,417,139,02754.jpg
31,126,597,447,192,02755.jpg
44,15,626,413,169,02756.jpg
33,54,614,409,115,02757.jpg
50,57,474,283,28,02758.jpg
40,64,390,306,109,02759.jpg
27,64,180,169,104,02760.jpg
87,158,590,361,90,02761.jpg
84,117,634,358,104,02762.jpg
18,34,285,176,62,02763.jpg
314,235,1383,1002,25,02764.jpg
12,10,251,173,131,02765.jpg
131,234,1411,896,14,02766.jpg
25,116,414,276,101,02767.jpg
36,133,461,327,52,02768.jpg
32,76,612,415,132,02769.jpg
14,96,290,205,17,02770.jpg
120,108,393,203,9,02771.jpg
122,54,1170,827,28,02772.jpg
52,122,386,253,12,02773.jpg
16,119,410,244,36,02774.jpg
13,153,626,391,75,02775.jpg
13,125,591,315,102,02776.jpg
57,46,273,183,157,02777.jpg
38,135,1014,719,155,02778.jpg
142,76,593,309,147,02779.jpg
147,156,721,496,195,02780.jpg
39,94,620,440,123,02781.jpg
181,100,579,371,63,02782.jpg
12,63,623,333,73,02783.jpg
79,186,654,437,46,02784.jpg
24,55,982,569,77,02785.jpg
187,142,778,594,150,02786.jpg
46,87,523,348,29,02787.jpg
44,117,378,242,38,02788.jpg
78,253,1230,809,41,02789.jpg
10,33,250,171,90,02790.jpg
59,45,414,228,21,02791.jpg
59,101,564,380,54,02792.jpg
82,151,1022,681,124,02793.jpg
58,59,390,264,49,02794.jpg
102,206,597,407,58,02795.jpg
2,32,156,102,18,02796.jpg
84,31,1128,639,12,02797.jpg
64,92,683,438,49,02798.jpg
57,19,331,190,157,02799.jpg
5,260,1022,767,23,02800.jpg
34,73,394,292,49,02801.jpg
21,93,419,297,179,02802.jpg
57,158,500,349,150,02803.jpg
56,160,476,343,61,02804.jpg
34,99,603,394,113,02805.jpg
66,306,951,667,153,02806.jpg
59,158,976,671,184,02807.jpg
39,113,627,363,75,02808.jpg
77,71,386,237,36,02809.jpg
11,57,603,386,115,02810.jpg
78,96,509,330,52,02811.jpg
5,17,316,175,177,02812.jpg
473,299,1172,740,31,02813.jpg
133,219,1547,962,168,02814.jpg
72,16,415,286,174,02815.jpg
538,181,1783,988,170,02816.jpg
48,30,179,112,157,02817.jpg
32,41,614,440,119,02818.jpg
67,138,491,348,146,02819.jpg
620,431,2899,1909,103,02820.jpg
33,32,1079,696,58,02821.jpg
10,4,797,431,178,02822.jpg
90,18,480,316,40,02823.jpg
35,172,760,489,46,02824.jpg
106,60,431,303,93,02825.jpg
41,110,1005,637,167,02826.jpg
119,319,1176,826,164,02827.jpg
263,25,890,679,100,02828.jpg
33,20,292,200,95,02829.jpg
23,54,237,171,113,02830.jpg
208,166,708,571,98,02831.jpg
33,115,576,346,3,02832.jpg
53,302,963,619,164,02833.jpg
331,352,1327,1102,117,02834.jpg
26,59,473,306,26,02835.jpg
28,236,872,590,56,02836.jpg
7,26,250,122,138,02837.jpg
100,322,1597,1123,98,02838.jpg
304,412,1438,1033,163,02839.jpg
7,155,1013,535,74,02840.jpg
157,226,1909,1078,170,02841.jpg
69,99,760,516,75,02842.jpg
34,53,270,139,5,02843.jpg
40,45,438,338,196,02844.jpg
64,142,590,370,44,02845.jpg
54,18,200,119,113,02846.jpg
30,34,392,300,188,02847.jpg
51,73,570,426,1,02848.jpg
70,222,957,519,79,02849.jpg
97,153,392,271,33,02850.jpg
212,278,730,450,51,02851.jpg
4,69,300,214,165,02852.jpg
135,195,915,729,89,02853.jpg
26,26,494,286,68,02854.jpg
7,58,526,323,78,02855.jpg
20,152,761,505,81,02856.jpg
7,53,394,268,107,02857.jpg
80,198,940,583,186,02858.jpg
2,57,625,391,74,02859.jpg
23,9,698,236,192,02860.jpg
58,120,462,278,102,02861.jpg
122,78,537,383,64,02862.jpg
13,203,1015,746,108,02863.jpg
99,204,1252,746,170,02864.jpg
85,170,1967,1145,72,02865.jpg
18,5,122,82,196,02866.jpg
15,90,592,300,158,02867.jpg
115,104,783,349,43,02868.jpg
2,53,446,203,98,02869.jpg
20,56,625,411,194,02870.jpg
95,174,978,548,75,02871.jpg
217,236,542,358,148,02872.jpg
187,264,1136,720,12,02873.jpg
109,155,1971,1387,30,02874.jpg
197,223,880,442,144,02875.jpg
54,61,558,278,73,02876.jpg
12,100,423,264,91,02877.jpg
216,128,1400,974,119,02878.jpg
47,69,218,171,76,02879.jpg
4,4,270,160,116,02880.jpg
28,8,245,171,76,02881.jpg
45,160,731,725,63,02882.jpg
52,73,455,287,62,02883.jpg
233,98,678,368,72,02884.jpg
207,313,1433,969,12,02885.jpg
25,67,557,370,148,02886.jpg
52,493,1573,1039,17,02887.jpg
46,46,193,160,135,02888.jpg
68,96,549,380,46,02889.jpg
23,4,641,339,168,02890.jpg
23,132,620,396,57,02891.jpg
29,78,534,415,43,02892.jpg
32,133,984,610,86,02893.jpg
25,68,277,144,141,02894.jpg
80,36,426,282,130,02895.jpg
25,98,591,353,14,02896.jpg
57,35,222,144,5,02897.jpg
26,158,1007,708,77,02898.jpg
100,20,474,216,13,02899.jpg
9,151,474,300,16,02900.jpg
20,81,1012,638,37,02901.jpg
16,28,305,224,157,02902.jpg
16,23,776,535,75,02903.jpg
7,70,507,251,180,02904.jpg
7,345,982,740,63,02905.jpg
54,77,603,385,49,02906.jpg
23,81,535,339,144,02907.jpg
14,199,625,398,128,02908.jpg
231,85,1712,1026,61,02909.jpg
38,35,250,145,56,02910.jpg
64,240,1508,943,6,02911.jpg
12,37,264,167,74,02912.jpg
13,46,488,295,4,02913.jpg
26,50,228,145,162,02914.jpg
91,11,334,258,180,02915.jpg
62,104,512,263,174,02916.jpg
37,32,562,376,98,02917.jpg
15,74,439,289,36,02918.jpg
42,96,612,353,6,02919.jpg
241,192,542,357,124,02920.jpg
93,44,488,207,11,02921.jpg
17,75,481,279,179,02922.jpg
295,87,756,429,101,02923.jpg
15,330,1268,716,173,02924.jpg
56,30,984,494,150,02925.jpg
72,186,772,510,125,02926.jpg
3,22,253,173,72,02927.jpg
62,114,579,327,59,02928.jpg
24,45,260,189,83,02929.jpg
61,101,1013,673,148,02930.jpg
107,111,838,545,178,02931.jpg
90,1,799,526,189,02932.jpg
29,89,398,275,77,02933.jpg
57,192,921,618,75,02934.jpg
17,67,631,387,95,02935.jpg
37,23,367,194,38,02936.jpg
2,195,459,478,178,02937.jpg
87,104,668,423,86,02938.jpg
55,228,2021,1165,72,02939.jpg
9,132,1979,1533,145,02940.jpg
55,117,419,276,66,02941.jpg
72,1,569,420,58,02942.jpg
24,70,601,345,140,02943.jpg
123,207,947,543,129,02944.jpg
12,54,246,181,54,02945.jpg
126,441,1969,1079,75,02946.jpg
146,274,1153,775,66,02947.jpg
98,133,333,250,14,02948.jpg
68,178,984,592,184,02949.jpg
29,82,631,472,145,02950.jpg
262,277,1399,1024,135,02951.jpg
31,72,670,426,184,02952.jpg
42,42,431,250,99,02953.jpg
30,78,498,375,159,02954.jpg
187,9,688,713,151,02955.jpg
10,28,434,370,85,02956.jpg
10,102,243,188,188,02957.jpg
29,54,615,420,20,02958.jpg
9,12,413,265,190,02959.jpg
18,53,483,299,154,02960.jpg
103,99,894,679,196,02961.jpg
34,45,243,163,125,02962.jpg
295,235,1747,1140,89,02963.jpg
76,52,530,373,160,02964.jpg
58,1,1561,1195,133,02965.jpg
39,35,251,173,106,02966.jpg
56,153,578,386,43,02967.jpg
62,377,1220,838,173,02968.jpg
3,37,191,174,51,02969.jpg
10,36,219,155,46,02970.jpg
5,18,228,175,48,02971.jpg
31,41,178,97,105,02972.jpg
67,46,556,393,173,02973.jpg
8,9,768,450,20,02974.jpg
130,150,1145,699,33,02975.jpg
26,26,237,164,70,02976.jpg
39,135,512,346,110,02977.jpg
73,69,552,393,129,02978.jpg
83,83,604,394,163,02979.jpg
23,36,639,421,162,02980.jpg
80,137,944,646,81,02981.jpg
54,42,594,443,172,02982.jpg
25,84,612,431,169,02983.jpg
39,193,560,433,126,02984.jpg
20,19,492,318,109,02985.jpg
219,37,771,354,129,02986.jpg
3,5,300,134,181,02987.jpg
34,287,568,584,47,02988.jpg
585,349,1517,1137,193,02989.jpg
26,117,562,288,61,02990.jpg
8,34,182,102,83,02991.jpg
32,103,485,288,30,02992.jpg
55,163,1573,931,8,02993.jpg
25,124,772,463,56,02994.jpg
29,32,585,379,182,02995.jpg
174,271,3826,2919,149,02996.jpg
226,97,1378,848,192,02997.jpg
6,19,160,106,123,02998.jpg
28,28,287,140,33,02999.jpg
25,11,266,165,91,03000.jpg
5,1,131,86,161,03001.jpg
61,388,1489,1114,179,03002.jpg
10,246,788,581,191,03003.jpg
57,120,577,376,178,03004.jpg
5,78,257,169,161,03005.jpg
56,77,515,353,59,03006.jpg
7,6,292,202,48,03007.jpg
13,235,2021,1253,1,03008.jpg
13,97,1576,952,9,03009.jpg
22,151,467,320,30,03010.jpg
104,183,842,608,2,03011.jpg
31,72,660,434,83,03012.jpg
108,50,896,321,105,03013.jpg
50,254,700,491,36,03014.jpg
7,97,313,187,16,03015.jpg
44,179,685,475,157,03016.jpg
32,118,988,709,95,03017.jpg
43,110,559,452,117,03018.jpg
123,103,392,251,25,03019.jpg
18,89,253,168,74,03020.jpg
83,81,644,420,139,03021.jpg
16,17,485,248,37,03022.jpg
25,37,215,138,60,03023.jpg
65,41,546,452,166,03024.jpg
36,49,387,252,20,03025.jpg
37,31,557,306,137,03026.jpg
198,95,1224,763,99,03027.jpg
2,56,739,455,72,03028.jpg
21,109,425,236,107,03029.jpg
35,12,448,331,3,03030.jpg
120,249,494,390,163,03031.jpg
17,24,253,174,60,03032.jpg
100,145,559,422,191,03033.jpg
120,84,890,658,77,03034.jpg
82,1059,1149,1639,63,03035.jpg
33,41,613,423,94,03036.jpg
7,3,194,101,156,03037.jpg
38,43,607,359,26,03038.jpg
92,82,498,336,94,03039.jpg
55,80,608,368,91,03040.jpg
16,69,606,323,186,03041.jpg
272,358,1043,949,167,03042.jpg
78,93,400,299,157,03043.jpg
203,222,751,449,183,03044.jpg
113,71,596,419,148,03045.jpg
47,101,432,241,103,03046.jpg
64,214,648,444,93,03047.jpg
40,27,391,205,60,03048.jpg
49,31,150,141,158,03049.jpg
94,21,462,261,176,03050.jpg
39,47,452,227,4,03051.jpg
139,134,395,257,130,03052.jpg
214,463,1210,910,112,03053.jpg
20,216,562,391,5,03054.jpg
1,26,201,112,14,03055.jpg
92,224,1206,877,88,03056.jpg
149,126,902,554,19,03057.jpg
44,38,548,463,98,03058.jpg
39,78,570,447,195,03059.jpg
65,41,513,375,60,03060.jpg
14,45,213,149,114,03061.jpg
155,477,1950,1092,69,03062.jpg
20,86,374,186,156,03063.jpg
39,33,261,195,9,03064.jpg
68,16,450,222,186,03065.jpg
41,358,696,654,36,03066.jpg
130,133,710,455,165,03067.jpg
67,68,635,451,137,03068.jpg
38,89,611,403,163,03069.jpg
107,115,2370,1355,40,03070.jpg
90,164,957,613,38,03071.jpg
1,13,255,185,91,03072.jpg
7,129,672,425,92,03073.jpg
16,6,268,178,125,03074.jpg
22,298,1537,976,152,03075.jpg
134,14,1503,996,179,03076.jpg
104,178,965,656,193,03077.jpg
53,32,201,165,90,03078.jpg
40,164,713,376,171,03079.jpg
327,275,779,481,176,03080.jpg
26,37,241,166,5,03081.jpg
75,66,420,274,93,03082.jpg
124,87,435,321,54,03083.jpg
3,2,574,429,98,03084.jpg
66,68,480,249,67,03085.jpg
11,83,441,261,136,03086.jpg
86,44,547,275,24,03087.jpg
17,41,596,431,171,03088.jpg
236,79,825,588,146,03089.jpg
18,31,556,407,186,03090.jpg
35,34,419,297,36,03091.jpg
1,250,1597,952,164,03092.jpg
91,141,1894,1234,154,03093.jpg
20,18,263,151,54,03094.jpg
140,317,1457,840,119,03095.jpg
31,111,743,457,97,03096.jpg
19,241,1576,1129,125,03097.jpg
36,115,415,294,123,03098.jpg
51,43,577,378,116,03099.jpg
111,140,408,262,129,03100.jpg
66,68,512,289,10,03101.jpg
14,135,605,445,4,03102.jpg
23,46,284,189,23,03103.jpg
105,58,837,370,51,03104.jpg
10,15,276,202,95,03105.jpg
44,92,603,387,77,03106.jpg
33,91,468,314,162,03107.jpg
54,114,359,267,109,03108.jpg
36,62,267,176,186,03109.jpg
151,172,909,627,95,03110.jpg
17,36,778,481,35,03111.jpg
119,186,507,381,168,03112.jpg
28,61,409,266,188,03113.jpg
71,28,491,359,193,03114.jpg
67,31,212,147,38,03115.jpg
3,89,374,254,148,03116.jpg
71,183,432,308,74,03117.jpg
20,19,243,175,111,03118.jpg
11,51,629,408,24,03119.jpg
11,21,248,172,116,03120.jpg
9,28,300,213,25,03121.jpg
37,93,427,298,152,03122.jpg
24,20,429,278,124,03123.jpg
193,209,1347,875,167,03124.jpg
35,64,989,598,170,03125.jpg
75,143,397,279,142,03126.jpg
25,56,450,316,5,03127.jpg
1,19,500,359,160,03128.jpg
65,44,821,340,95,03129.jpg
26,206,1001,517,72,03130.jpg
21,70,624,435,120,03131.jpg
45,14,261,191,90,03132.jpg
14,6,263,173,131,03133.jpg
20,74,562,370,121,03134.jpg
61,16,393,204,62,03135.jpg
45,41,286,141,128,03136.jpg
358,128,551,273,169,03137.jpg
8,51,342,212,48,03138.jpg
173,307,1083,617,15,03139.jpg
125,47,551,393,148,03140.jpg
66,123,523,395,191,03141.jpg
105,47,961,660,132,03142.jpg
1,28,260,132,118,03143.jpg
130,157,938,537,66,03144.jpg
12,60,396,312,111,03145.jpg
18,57,478,274,110,03146.jpg
34,48,471,274,130,03147.jpg
36,129,471,328,181,03148.jpg
133,176,2208,1603,44,03149.jpg
41,4,259,190,118,03150.jpg
160,132,908,559,112,03151.jpg
48,41,511,237,3,03152.jpg
51,114,433,296,179,03153.jpg
71,169,593,447,58,03154.jpg
28,154,435,378,120,03155.jpg
59,71,549,349,62,03156.jpg
28,180,988,694,20,03157.jpg
16,147,377,287,71,03158.jpg
9,3,273,166,100,03159.jpg
17,135,589,439,97,03160.jpg
2,1,639,475,178,03161.jpg
100,360,1172,825,27,03162.jpg
62,243,941,610,66,03163.jpg
40,49,281,182,48,03164.jpg
30,26,589,373,4,03165.jpg
1,87,791,430,122,03166.jpg
44,30,412,199,12,03167.jpg
72,139,532,331,49,03168.jpg
84,13,562,311,3,03169.jpg
31,193,769,520,181,03170.jpg
97,101,495,369,86,03171.jpg
21,38,579,418,82,03172.jpg
50,163,983,552,158,03173.jpg
213,209,1193,685,36,03174.jpg
46,132,620,386,43,03175.jpg
25,19,281,142,106,03176.jpg
105,84,651,472,193,03177.jpg
1,1,500,214,31,03178.jpg
196,113,1563,1118,149,03179.jpg
81,167,1344,984,32,03180.jpg
28,39,473,324,34,03181.jpg
82,124,739,437,100,03182.jpg
68,175,784,492,141,03183.jpg
88,158,746,395,11,03184.jpg
673,981,4278,2553,56,03185.jpg
48,69,573,379,178,03186.jpg
66,39,576,446,89,03187.jpg
57,1,567,375,193,03188.jpg
7,46,195,148,121,03189.jpg
184,493,1666,1027,165,03190.jpg
4,7,299,124,5,03191.jpg
328,325,1540,1090,112,03192.jpg
26,55,355,223,119,03193.jpg
181,253,1501,895,77,03194.jpg
33,95,621,383,54,03195.jpg
170,93,524,345,100,03196.jpg
87,101,284,207,148,03197.jpg
34,36,266,182,76,03198.jpg
364,372,953,820,27,03199.jpg
590,243,1455,829,168,03200.jpg
134,162,502,354,176,03201.jpg
38,129,1765,1002,127,03202.jpg
51,180,976,627,15,03203.jpg
55,109,957,702,166,03204.jpg
119,68,445,301,83,03205.jpg
138,45,602,287,23,03206.jpg
13,67,284,154,92,03207.jpg
114,114,682,382,11,03208.jpg
7,131,424,323,155,03209.jpg
40,153,715,444,87,03210.jpg
169,199,1405,820,55,03211.jpg
8,78,231,160,181,03212.jpg
79,45,493,316,163,03213.jpg
7,12,287,135,30,03214.jpg
25,140,537,329,15,03215.jpg
72,1,578,349,73,03216.jpg
3,152,996,766,61,03217.jpg
75,1,738,470,166,03218.jpg
148,803,3159,1819,112,03219.jpg
31,25,252,167,86,03220.jpg
112,13,690,391,13,03221.jpg
4,4,232,147,54,03222.jpg
1,1,300,103,111,03223.jpg
65,478,1514,989,193,03224.jpg
36,107,986,721,117,03225.jpg
37,460,1901,1066,22,03226.jpg
79,13,575,290,194,03227.jpg
22,8,607,434,94,03228.jpg
84,89,564,435,117,03229.jpg
36,122,3433,1518,167,03230.jpg
61,169,518,343,72,03231.jpg
90,42,340,265,109,03232.jpg
7,14,294,174,13,03233.jpg
44,24,322,228,82,03234.jpg
28,26,394,244,150,03235.jpg
70,15,886,571,60,03236.jpg
57,30,587,455,33,03237.jpg
62,149,560,323,4,03238.jpg
39,144,766,532,9,03239.jpg
3,7,257,101,106,03240.jpg
45,79,795,507,4,03241.jpg
65,60,439,268,66,03242.jpg
51,71,588,375,4,03243.jpg
157,138,731,596,32,03244.jpg
11,53,1001,702,43,03245.jpg
10,199,492,505,110,03246.jpg
95,130,988,685,125,03247.jpg
92,64,256,158,177,03248.jpg
37,104,382,268,81,03249.jpg
366,163,602,301,176,03250.jpg
69,174,444,338,66,03251.jpg
15,116,445,365,85,03252.jpg
11,23,248,172,17,03253.jpg
201,154,447,304,29,03254.jpg
154,120,1051,783,149,03255.jpg
383,797,2407,1754,140,03256.jpg
39,18,522,379,179,03257.jpg
83,82,539,374,160,03258.jpg
136,181,1133,719,180,03259.jpg
35,57,751,472,133,03260.jpg
4,31,259,146,70,03261.jpg
38,13,178,111,158,03262.jpg
72,89,568,274,168,03263.jpg
163,319,1588,1027,98,03264.jpg
33,150,619,409,6,03265.jpg
36,85,476,246,134,03266.jpg
16,115,445,269,2,03267.jpg
43,128,409,284,84,03268.jpg
35,75,351,212,24,03269.jpg
167,147,478,325,98,03270.jpg
7,26,392,225,186,03271.jpg
203,191,1278,812,98,03272.jpg
17,70,527,294,40,03273.jpg
37,53,546,315,132,03274.jpg
18,28,422,280,143,03275.jpg
4,14,499,305,196,03276.jpg
545,333,1496,977,140,03277.jpg
210,257,2274,1379,46,03278.jpg
81,127,1539,1344,132,03279.jpg
31,20,592,352,84,03280.jpg
38,29,615,445,189,03281.jpg
50,48,611,453,79,03282.jpg
37,65,612,367,15,03283.jpg
52,267,544,526,183,03284.jpg
80,121,581,329,41,03285.jpg
83,67,504,309,166,03286.jpg
88,1,588,316,48,03287.jpg
18,86,571,324,35,03288.jpg
172,227,644,432,14,03289.jpg
30,87,963,629,137,03290.jpg
217,151,596,423,56,03291.jpg
125,39,624,442,132,03292.jpg
23,34,405,243,100,03293.jpg
57,17,484,335,34,03294.jpg
1,92,714,575,91,03295.jpg
76,197,730,419,171,03296.jpg
111,260,636,524,160,03297.jpg
6,34,298,210,35,03298.jpg
28,37,233,156,41,03299.jpg
41,164,619,383,191,03300.jpg
1,32,767,688,171,03301.jpg
49,40,565,401,165,03302.jpg
23,145,603,410,155,03303.jpg
228,140,831,412,63,03304.jpg
11,24,630,374,87,03305.jpg
24,43,398,325,110,03306.jpg
72,53,317,207,195,03307.jpg
33,148,598,368,7,03308.jpg
7,151,1015,644,122,03309.jpg
30,90,764,540,179,03310.jpg
22,142,474,326,8,03311.jpg
40,183,548,368,111,03312.jpg
21,55,283,223,13,03313.jpg
12,168,612,347,16,03314.jpg
38,54,593,431,82,03315.jpg
300,221,685,418,7,03316.jpg
32,32,438,394,2,03317.jpg
102,84,534,440,119,03318.jpg
19,35,242,174,125,03319.jpg
24,53,241,151,69,03320.jpg
8,59,498,266,16,03321.jpg
18,16,288,201,127,03322.jpg
111,209,934,501,151,03323.jpg
74,97,648,393,59,03324.jpg
185,116,920,485,165,03325.jpg
32,28,730,512,167,03326.jpg
53,142,385,250,36,03327.jpg
46,16,368,300,88,03328.jpg
13,55,618,435,87,03329.jpg
130,277,1267,859,46,03330.jpg
10,7,964,491,81,03331.jpg
1,70,487,320,127,03332.jpg
16,37,219,168,177,03333.jpg
14,81,615,420,172,03334.jpg
120,105,528,310,42,03335.jpg
26,116,433,275,85,03336.jpg
3,1,497,225,186,03337.jpg
288,198,1645,874,167,03338.jpg
82,177,969,659,37,03339.jpg
43,164,997,663,96,03340.jpg
13,38,236,192,196,03341.jpg
31,99,412,232,51,03342.jpg
57,77,595,379,73,03343.jpg
24,28,416,289,20,03344.jpg
96,159,427,329,194,03345.jpg
34,88,968,640,168,03346.jpg
152,115,469,227,38,03347.jpg
7,30,253,167,121,03348.jpg
26,104,632,392,25,03349.jpg
38,42,263,147,104,03350.jpg
104,145,1203,765,63,03351.jpg
40,81,394,227,67,03352.jpg
20,89,444,256,49,03353.jpg
81,68,612,414,155,03354.jpg
10,12,256,175,67,03355.jpg
51,197,937,563,192,03356.jpg
19,14,434,259,179,03357.jpg
8,159,466,357,181,03358.jpg
17,42,469,344,69,03359.jpg
98,163,747,495,26,03360.jpg
32,60,626,410,37,03361.jpg
75,5,552,353,149,03362.jpg
167,267,763,623,88,03363.jpg
22,63,441,259,125,03364.jpg
40,91,1504,983,123,03365.jpg
70,61,720,537,186,03366.jpg
32,125,762,503,20,03367.jpg
25,42,552,326,177,03368.jpg
154,313,963,623,157,03369.jpg
187,235,934,604,31,03370.jpg
5,115,545,338,76,03371.jpg
13,80,288,178,47,03372.jpg
26,56,389,248,77,03373.jpg
56,99,392,239,162,03374.jpg
147,38,897,696,121,03375.jpg
14,39,278,206,51,03376.jpg
18,102,630,433,71,03377.jpg
7,50,256,145,109,03378.jpg
67,227,1005,746,8,03379.jpg
20,17,251,179,108,03380.jpg
78,111,589,392,155,03381.jpg
297,346,995,584,192,03382.jpg
15,44,245,184,19,03383.jpg
17,93,233,231,85,03384.jpg
3,2,495,228,186,03385.jpg
25,10,584,404,101,03386.jpg
29,55,233,142,92,03387.jpg
70,85,955,681,137,03388.jpg
17,11,240,160,109,03389.jpg
21,198,629,441,10,03390.jpg
139,76,358,216,93,03391.jpg
35,346,1237,736,164,03392.jpg
125,645,1845,1421,1,03393.jpg
20,321,1003,621,164,03394.jpg
279,258,1390,886,93,03395.jpg
53,130,471,304,165,03396.jpg
24,110,618,369,96,03397.jpg
102,117,524,328,103,03398.jpg
140,61,482,283,35,03399.jpg
71,111,558,356,134,03400.jpg
39,112,753,462,62,03401.jpg
7,48,294,179,29,03402.jpg
82,53,438,306,137,03403.jpg
19,116,517,316,41,03404.jpg
104,1,533,476,166,03405.jpg
39,24,577,316,180,03406.jpg
8,28,263,142,128,03407.jpg
101,149,436,285,56,03408.jpg
90,408,1510,866,144,03409.jpg
127,59,449,284,138,03410.jpg
36,62,246,132,67,03411.jpg
37,53,982,725,20,03412.jpg
123,373,1196,827,42,03413.jpg
15,18,204,120,151,03414.jpg
7,82,648,417,84,03415.jpg
71,90,433,290,176,03416.jpg
45,62,247,190,5,03417.jpg
19,109,585,409,13,03418.jpg
25,19,324,183,180,03419.jpg
12,5,282,161,90,03420.jpg
48,72,590,378,45,03421.jpg
207,177,581,343,25,03422.jpg
17,533,637,905,170,03423.jpg
6,98,691,450,194,03424.jpg
36,93,521,319,43,03425.jpg
16,62,384,257,68,03426.jpg
44,89,278,201,22,03427.jpg
25,79,492,369,114,03428.jpg
7,66,475,321,16,03429.jpg
28,181,1585,961,191,03430.jpg
5,18,111,73,123,03431.jpg
180,117,500,362,83,03432.jpg
52,242,632,520,43,03433.jpg
14,79,410,289,128,03434.jpg
4,15,87,54,18,03435.jpg
20,96,564,341,43,03436.jpg
94,325,1531,1099,181,03437.jpg
47,21,620,382,191,03438.jpg
9,77,376,189,18,03439.jpg
106,61,394,306,110,03440.jpg
63,138,539,321,126,03441.jpg
29,101,450,265,62,03442.jpg
31,37,238,164,86,03443.jpg
8,6,241,142,95,03444.jpg
13,113,243,191,22,03445.jpg
5,29,257,183,162,03446.jpg
40,88,468,290,52,03447.jpg
11,45,487,246,78,03448.jpg
12,60,294,185,22,03449.jpg
31,114,460,325,78,03450.jpg
37,31,441,318,34,03451.jpg
73,447,1155,858,160,03452.jpg
27,85,613,403,82,03453.jpg
8,33,195,119,9,03454.jpg
71,124,968,569,41,03455.jpg
47,87,973,589,138,03456.jpg
32,97,462,303,27,03457.jpg
39,198,992,597,11,03458.jpg
29,98,613,298,82,03459.jpg
128,191,894,744,83,03460.jpg
88,97,600,388,123,03461.jpg
8,95,623,375,173,03462.jpg
33,73,760,585,119,03463.jpg
21,30,423,255,44,03464.jpg
6,63,638,391,72,03465.jpg
20,68,618,300,186,03466.jpg
30,152,602,421,4,03467.jpg
2,142,508,429,82,03468.jpg
325,190,1627,997,42,03469.jpg
16,91,676,400,182,03470.jpg
140,368,1973,1006,173,03471.jpg
67,482,638,901,23,03472.jpg
87,81,627,460,122,03473.jpg
754,210,1401,679,148,03474.jpg
197,598,958,1005,103,03475.jpg
26,48,380,244,178,03476.jpg
39,42,584,421,148,03477.jpg
17,24,620,330,34,03478.jpg
21,80,437,308,46,03479.jpg
166,83,807,520,43,03480.jpg
30,65,545,506,125,03481.jpg
55,107,996,721,71,03482.jpg
52,1,996,562,58,03483.jpg
16,52,388,191,67,03484.jpg
59,139,1003,644,172,03485.jpg
51,89,741,474,35,03486.jpg
127,88,1846,1237,183,03487.jpg
37,114,612,335,111,03488.jpg
1,329,3054,2242,149,03489.jpg
37,124,1003,631,183,03490.jpg
24,20,259,170,121,03491.jpg
42,112,783,424,153,03492.jpg
7,104,618,405,178,03493.jpg
57,27,535,363,155,03494.jpg
83,146,605,438,129,03495.jpg
179,165,438,271,29,03496.jpg
213,7,549,203,119,03497.jpg
33,82,327,200,18,03498.jpg
43,96,265,160,59,03499.jpg
16,80,254,152,151,03500.jpg
42,118,633,333,128,03501.jpg
200,521,986,789,11,03502.jpg
40,116,552,360,21,03503.jpg
15,53,355,223,141,03504.jpg
134,136,991,573,87,03505.jpg
209,90,684,460,41,03506.jpg
99,49,508,336,47,03507.jpg
18,162,1017,612,171,03508.jpg
18,38,200,128,125,03509.jpg
67,29,253,181,188,03510.jpg
9,36,293,180,5,03511.jpg
147,215,1468,786,4,03512.jpg
101,131,674,385,16,03513.jpg
12,52,256,186,80,03514.jpg
5,95,1022,633,144,03515.jpg
91,143,582,410,75,03516.jpg
62,23,447,306,165,03517.jpg
266,235,773,708,183,03518.jpg
32,187,948,686,113,03519.jpg
88,75,587,394,89,03520.jpg
6,1,613,447,166,03521.jpg
135,1,1982,1165,97,03522.jpg
43,15,248,154,8,03523.jpg
44,243,1259,711,112,03524.jpg
42,51,208,146,27,03525.jpg
26,90,542,298,74,03526.jpg
1,22,640,230,179,03527.jpg
1,33,240,166,146,03528.jpg
74,81,476,431,85,03529.jpg
203,112,955,644,155,03530.jpg
135,247,541,447,187,03531.jpg
220,41,653,284,174,03532.jpg
6,19,231,144,17,03533.jpg
63,1,594,316,32,03534.jpg
46,28,217,141,162,03535.jpg
17,71,384,250,92,03536.jpg
45,68,426,253,2,03537.jpg
4,98,496,322,36,03538.jpg
48,50,404,177,69,03539.jpg
26,102,618,382,173,03540.jpg
55,59,431,220,56,03541.jpg
135,146,827,491,140,03542.jpg
29,248,760,522,20,03543.jpg
13,111,480,268,56,03544.jpg
68,30,336,253,35,03545.jpg
103,167,695,467,154,03546.jpg
118,131,575,336,14,03547.jpg
200,96,899,654,167,03548.jpg
181,147,741,425,102,03549.jpg
51,156,601,363,87,03550.jpg
59,129,594,453,87,03551.jpg
10,37,312,202,109,03552.jpg
5,150,796,444,50,03553.jpg
22,84,252,168,119,03554.jpg
36,51,817,531,193,03555.jpg
23,23,620,450,110,03556.jpg
39,50,566,413,85,03557.jpg
57,155,589,426,37,03558.jpg
90,141,476,274,56,03559.jpg
458,408,1374,1012,42,03560.jpg
69,60,600,359,11,03561.jpg
8,67,620,268,101,03562.jpg
19,39,275,161,105,03563.jpg
56,152,698,427,179,03564.jpg
16,52,380,280,84,03565.jpg
5,113,466,360,107,03566.jpg
35,180,855,793,154,03567.jpg
38,163,593,342,29,03568.jpg
23,75,283,173,136,03569.jpg
20,100,482,310,33,03570.jpg
123,86,576,408,155,03571.jpg
24,45,426,256,102,03572.jpg
8,40,467,319,110,03573.jpg
48,5,722,497,166,03574.jpg
57,3,615,461,8,03575.jpg
22,138,515,284,101,03576.jpg
33,50,425,303,90,03577.jpg
122,30,491,401,49,03578.jpg
80,265,1180,782,191,03579.jpg
1,31,636,433,145,03580.jpg
45,83,590,452,65,03581.jpg
245,235,560,414,168,03582.jpg
59,164,716,419,140,03583.jpg
276,420,1291,932,112,03584.jpg
69,258,768,583,188,03585.jpg
142,351,1438,975,145,03586.jpg
45,26,393,263,143,03587.jpg
34,5,288,195,195,03588.jpg
57,70,578,328,8,03589.jpg
2,35,262,142,14,03590.jpg
52,340,453,700,144,03591.jpg
197,55,520,217,96,03592.jpg
55,308,949,675,192,03593.jpg
126,3,1178,813,180,03594.jpg
16,207,556,420,22,03595.jpg
247,178,1258,871,191,03596.jpg
17,158,588,401,61,03597.jpg
44,161,615,471,133,03598.jpg
108,292,1243,850,171,03599.jpg
252,201,1275,835,89,03600.jpg
68,82,988,625,94,03601.jpg
3,40,271,157,56,03602.jpg
55,91,497,315,40,03603.jpg
21,85,379,255,68,03604.jpg
375,421,2556,1450,152,03605.jpg
94,104,606,404,57,03606.jpg
58,146,943,553,4,03607.jpg
180,205,538,400,6,03608.jpg
55,3,1007,706,166,03609.jpg
42,1,589,316,96,03610.jpg
1,9,109,72,174,03611.jpg
80,40,350,283,69,03612.jpg
23,61,622,250,194,03613.jpg
17,60,636,441,75,03614.jpg
29,35,478,287,56,03615.jpg
48,92,599,392,87,03616.jpg
9,92,480,311,32,03617.jpg
115,133,715,569,99,03618.jpg
15,76,309,168,21,03619.jpg
62,91,419,213,38,03620.jpg
201,158,800,589,187,03621.jpg
26,302,805,562,112,03622.jpg
73,221,581,409,187,03623.jpg
2,99,599,430,58,03624.jpg
91,63,726,552,82,03625.jpg
271,712,1429,1132,153,03626.jpg
32,69,619,396,148,03627.jpg
48,31,539,470,188,03628.jpg
20,61,591,362,130,03629.jpg
426,596,2286,1416,89,03630.jpg
31,65,475,327,117,03631.jpg
6,35,294,185,70,03632.jpg
32,78,205,173,165,03633.jpg
21,11,229,99,28,03634.jpg
83,45,265,174,100,03635.jpg
1,15,586,480,191,03636.jpg
80,90,549,403,166,03637.jpg
37,226,959,554,66,03638.jpg
69,59,601,346,177,03639.jpg
49,216,992,600,63,03640.jpg
118,78,599,419,5,03641.jpg
433,259,957,613,170,03642.jpg
45,132,533,401,110,03643.jpg
10,202,792,543,21,03644.jpg
64,121,1520,1106,140,03645.jpg
87,28,508,412,85,03646.jpg
9,40,268,142,53,03647.jpg
169,186,778,556,149,03648.jpg
18,38,286,201,95,03649.jpg
51,24,257,194,84,03650.jpg
30,110,578,431,64,03651.jpg
9,19,196,114,73,03652.jpg
15,14,631,468,22,03653.jpg
32,65,287,161,13,03654.jpg
72,101,992,648,43,03655.jpg
44,177,580,441,67,03656.jpg
19,54,490,350,81,03657.jpg
22,28,609,312,103,03658.jpg
19,74,624,267,9,03659.jpg
103,164,555,426,50,03660.jpg
30,103,614,378,182,03661.jpg
224,89,1114,688,9,03662.jpg
70,237,709,567,137,03663.jpg
22,17,292,154,134,03664.jpg
24,83,426,218,28,03665.jpg
47,1,1005,763,63,03666.jpg
26,20,251,163,131,03667.jpg
80,67,502,365,193,03668.jpg
14,12,251,158,76,03669.jpg
146,73,486,236,6,03670.jpg
57,47,619,458,98,03671.jpg
135,308,1098,635,106,03672.jpg
85,43,601,410,16,03673.jpg
64,75,2624,1392,98,03674.jpg
64,78,1174,597,181,03675.jpg
47,55,394,251,39,03676.jpg
63,89,616,448,33,03677.jpg
66,79,224,168,190,03678.jpg
45,31,232,161,82,03679.jpg
50,213,599,415,69,03680.jpg
16,41,231,154,85,03681.jpg
4,80,572,294,126,03682.jpg
15,63,480,360,91,03683.jpg
13,37,433,200,36,03684.jpg
13,62,533,382,70,03685.jpg
42,51,617,438,184,03686.jpg
39,23,517,263,103,03687.jpg
69,138,613,415,133,03688.jpg
10,92,677,276,152,03689.jpg
150,102,877,444,2,03690.jpg
33,54,228,169,91,03691.jpg
71,167,567,402,189,03692.jpg
91,32,523,317,136,03693.jpg
36,35,467,313,161,03694.jpg
32,131,579,439,75,03695.jpg
40,92,480,318,76,03696.jpg
137,38,581,381,120,03697.jpg
22,87,787,516,19,03698.jpg
72,53,289,215,71,03699.jpg
311,224,647,357,150,03700.jpg
6,26,254,165,62,03701.jpg
161,340,1401,945,138,03702.jpg
13,24,276,180,19,03703.jpg
91,68,934,602,147,03704.jpg
36,93,481,344,135,03705.jpg
111,246,647,434,124,03706.jpg
114,122,524,375,100,03707.jpg
21,50,483,316,53,03708.jpg
39,113,604,313,30,03709.jpg
121,87,567,465,135,03710.jpg
41,206,984,706,172,03711.jpg
24,143,1001,587,84,03712.jpg
143,127,461,316,157,03713.jpg
2,50,436,311,105,03714.jpg
1,60,630,379,6,03715.jpg
56,1,588,258,31,03716.jpg
9,25,136,92,17,03717.jpg
25,51,282,164,48,03718.jpg
278,165,872,532,173,03719.jpg
54,87,426,311,175,03720.jpg
60,77,228,161,22,03721.jpg
32,26,183,147,29,03722.jpg
80,57,376,195,12,03723.jpg
172,195,959,564,68,03724.jpg
28,8,433,225,114,03725.jpg
69,92,582,340,102,03726.jpg
116,22,556,343,147,03727.jpg
76,131,386,312,196,03728.jpg
27,45,622,395,127,03729.jpg
41,19,299,205,91,03730.jpg
18,57,236,168,143,03731.jpg
102,74,257,166,9,03732.jpg
99,118,930,589,57,03733.jpg
9,198,777,514,36,03734.jpg
1,49,295,165,108,03735.jpg
13,17,264,164,33,03736.jpg
154,223,1378,1030,61,03737.jpg
76,264,730,526,21,03738.jpg
21,15,267,172,53,03739.jpg
44,170,605,342,26,03740.jpg
21,4,263,150,100,03741.jpg
14,52,443,276,127,03742.jpg
16,47,557,317,144,03743.jpg
17,17,298,210,108,03744.jpg
210,198,593,386,96,03745.jpg
26,27,268,201,97,03746.jpg
74,23,874,660,141,03747.jpg
105,270,1292,996,192,03748.jpg
53,386,2174,1243,55,03749.jpg
137,567,3038,1771,14,03750.jpg
25,26,436,281,46,03751.jpg
51,74,633,361,74,03752.jpg
50,63,388,277,152,03753.jpg
146,262,731,612,176,03754.jpg
191,299,907,667,15,03755.jpg
26,98,428,309,13,03756.jpg
80,126,531,339,53,03757.jpg
12,42,248,160,19,03758.jpg
78,31,431,226,193,03759.jpg
30,41,488,330,40,03760.jpg
114,106,492,292,6,03761.jpg
26,60,356,206,45,03762.jpg
16,113,409,263,68,03763.jpg
30,118,615,316,16,03764.jpg
50,371,1397,800,17,03765.jpg
196,104,756,449,11,03766.jpg
36,40,261,174,2,03767.jpg
19,20,286,212,162,03768.jpg
45,113,431,321,83,03769.jpg
36,81,564,339,154,03770.jpg
7,42,614,380,162,03771.jpg
29,75,271,168,3,03772.jpg
58,226,757,517,140,03773.jpg
20,114,602,355,48,03774.jpg
36,188,672,422,153,03775.jpg
13,8,619,393,94,03776.jpg
53,1,597,439,64,03777.jpg
159,3,636,565,166,03778.jpg
105,146,1573,1098,186,03779.jpg
59,121,553,393,143,03780.jpg
66,43,478,371,196,03781.jpg
9,68,886,598,48,03782.jpg
6,165,545,360,128,03783.jpg
84,150,1029,616,79,03784.jpg
56,120,456,252,194,03785.jpg
10,14,540,264,98,03786.jpg
9,12,649,345,138,03787.jpg
161,105,629,402,142,03788.jpg
13,72,265,163,122,03789.jpg
451,625,2092,1763,7,03790.jpg
26,68,286,193,16,03791.jpg
12,24,342,278,76,03792.jpg
68,79,514,322,134,03793.jpg
47,118,509,326,189,03794.jpg
31,75,480,308,4,03795.jpg
12,13,254,127,125,03796.jpg
38,19,606,430,94,03797.jpg
705,356,1353,748,124,03798.jpg
1,44,224,165,106,03799.jpg
34,5,393,211,68,03800.jpg
38,93,580,375,155,03801.jpg
11,38,248,153,128,03802.jpg
6,61,253,138,92,03803.jpg
12,36,254,170,14,03804.jpg
39,68,598,374,144,03805.jpg
1,70,957,729,147,03806.jpg
41,102,482,264,97,03807.jpg
103,234,599,402,180,03808.jpg
13,70,625,400,155,03809.jpg
258,211,1409,868,150,03810.jpg
166,66,896,767,63,03811.jpg
4,10,388,150,171,03812.jpg
35,168,613,392,6,03813.jpg
143,85,946,621,137,03814.jpg
24,183,938,544,126,03815.jpg
474,234,1574,1021,112,03816.jpg
54,181,417,344,168,03817.jpg
96,82,709,468,14,03818.jpg
21,88,762,508,108,03819.jpg
33,25,1237,721,164,03820.jpg
212,191,1076,603,26,03821.jpg
24,113,387,252,123,03822.jpg
101,41,626,304,187,03823.jpg
82,146,611,353,23,03824.jpg
159,1,554,259,149,03825.jpg
61,77,543,419,58,03826.jpg
40,88,1597,1027,98,03827.jpg
11,56,613,297,9,03828.jpg
21,171,781,553,22,03829.jpg
93,51,491,388,25,03830.jpg
68,90,579,410,61,03831.jpg
41,82,337,197,56,03832.jpg
126,129,576,377,92,03833.jpg
164,119,887,601,132,03834.jpg
7,42,636,402,35,03835.jpg
19,41,449,228,127,03836.jpg
72,32,547,419,89,03837.jpg
13,30,251,156,14,03838.jpg
15,40,281,169,25,03839.jpg
13,103,497,334,137,03840.jpg
112,150,839,441,183,03841.jpg
120,608,1925,1249,24,03842.jpg
86,190,951,560,125,03843.jpg
59,176,549,416,11,03844.jpg
63,57,577,343,58,03845.jpg
23,17,604,391,182,03846.jpg
98,254,951,643,164,03847.jpg
6,47,297,166,22,03848.jpg
83,76,211,151,39,03849.jpg
7,10,625,297,77,03850.jpg
7,131,575,365,91,03851.jpg
142,286,1798,1077,35,03852.jpg
60,60,264,188,174,03853.jpg
157,82,493,257,10,03854.jpg
61,151,481,356,24,03855.jpg
48,75,285,165,74,03856.jpg
282,338,1298,748,184,03857.jpg
18,145,485,346,84,03858.jpg
8,20,247,157,171,03859.jpg
18,30,378,247,39,03860.jpg
71,101,713,392,107,03861.jpg
21,77,283,201,74,03862.jpg
501,709,1261,1169,125,03863.jpg
40,101,549,360,185,03864.jpg
32,70,212,176,34,03865.jpg
39,69,590,392,52,03866.jpg
80,178,953,498,112,03867.jpg
157,196,642,345,153,03868.jpg
37,1,558,454,94,03869.jpg
14,20,286,140,113,03870.jpg
47,100,605,371,3,03871.jpg
99,133,593,368,49,03872.jpg
15,111,489,258,185,03873.jpg
53,67,523,300,28,03874.jpg
45,22,745,514,2,03875.jpg
25,138,464,285,129,03876.jpg
97,111,928,486,6,03877.jpg
152,97,780,553,196,03878.jpg
32,90,609,455,53,03879.jpg
35,11,576,267,193,03880.jpg
10,86,614,383,3,03881.jpg
53,158,1010,463,11,03882.jpg
61,99,920,607,130,03883.jpg
199,120,653,378,183,03884.jpg
20,89,290,212,129,03885.jpg
47,120,410,283,24,03886.jpg
147,517,1942,1269,20,03887.jpg
36,33,216,169,148,03888.jpg
28,117,411,254,138,03889.jpg
60,44,313,206,148,03890.jpg
15,42,615,368,60,03891.jpg
27,13,779,336,24,03892.jpg
118,204,709,397,134,03893.jpg
23,39,366,251,110,03894.jpg
43,102,935,588,126,03895.jpg
41,52,346,236,68,03896.jpg
14,77,538,325,94,03897.jpg
19,23,226,192,196,03898.jpg
90,65,721,503,83,03899.jpg
14,3,382,191,177,03900.jpg
18,38,281,203,65,03901.jpg
14,49,493,289,93,03902.jpg
26,37,284,206,65,03903.jpg
15,27,254,166,72,03904.jpg
120,172,462,392,11,03905.jpg
46,92,413,286,74,03906.jpg
1,133,580,358,101,03907.jpg
27,146,587,398,55,03908.jpg
128,111,547,320,15,03909.jpg
93,59,553,421,166,03910.jpg
120,192,562,356,103,03911.jpg
33,17,481,316,139,03912.jpg
19,36,453,327,135,03913.jpg
34,112,402,332,176,03914.jpg
25,33,239,115,128,03915.jpg
26,15,607,309,186,03916.jpg
466,207,1382,744,133,03917.jpg
8,73,639,463,61,03918.jpg
216,37,817,558,183,03919.jpg
133,86,642,478,94,03920.jpg
307,160,1447,1081,149,03921.jpg
19,42,296,185,190,03922.jpg
3,91,617,446,48,03923.jpg
147,51,896,686,122,03924.jpg
8,4,278,190,53,03925.jpg
18,75,437,331,143,03926.jpg
14,12,383,193,159,03927.jpg
1,46,273,168,41,03928.jpg
132,222,607,468,101,03929.jpg
14,31,250,175,190,03930.jpg
231,143,933,572,167,03931.jpg
127,87,508,399,49,03932.jpg
28,42,437,210,60,03933.jpg
111,195,481,394,73,03934.jpg
188,509,1493,1201,32,03935.jpg
4,24,245,165,22,03936.jpg
15,152,587,447,189,03937.jpg
48,236,498,449,166,03938.jpg
54,81,596,445,155,03939.jpg
254,516,1702,1226,165,03940.jpg
8,51,222,125,107,03941.jpg
95,23,686,437,38,03942.jpg
50,127,587,396,1,03943.jpg
56,197,1226,707,77,03944.jpg
8,56,496,262,194,03945.jpg
1,97,961,646,72,03946.jpg
358,113,1033,528,183,03947.jpg
1,70,466,304,124,03948.jpg
3,70,622,379,171,03949.jpg
100,108,550,358,150,03950.jpg
23,59,386,247,35,03951.jpg
172,6,1127,616,20,03952.jpg
43,105,421,282,29,03953.jpg
39,212,982,683,119,03954.jpg
18,31,215,111,123,03955.jpg
92,82,364,219,142,03956.jpg
11,66,246,160,31,03957.jpg
70,171,373,275,173,03958.jpg
54,79,536,401,69,03959.jpg
42,149,603,414,127,03960.jpg
63,69,486,309,68,03961.jpg
41,167,1227,802,79,03962.jpg
37,126,596,357,103,03963.jpg
23,62,486,289,71,03964.jpg
172,393,1713,1063,5,03965.jpg
6,55,733,449,147,03966.jpg
25,35,266,180,118,03967.jpg
228,623,1813,1322,6,03968.jpg
63,72,757,462,15,03969.jpg
10,63,243,158,62,03970.jpg
30,62,612,419,120,03971.jpg
260,217,1083,659,164,03972.jpg
115,121,600,452,163,03973.jpg
35,56,562,303,137,03974.jpg
26,192,628,389,43,03975.jpg
31,12,259,183,65,03976.jpg
23,143,631,387,120,03977.jpg
34,134,567,384,102,03978.jpg
47,81,1149,684,164,03979.jpg
24,51,612,435,130,03980.jpg
25,89,455,257,16,03981.jpg
67,80,593,266,191,03982.jpg
6,83,474,309,153,03983.jpg
8,19,289,180,90,03984.jpg
12,43,133,98,17,03985.jpg
21,635,2748,1611,172,03986.jpg
41,17,595,263,126,03987.jpg
188,125,612,558,64,03988.jpg
4,6,278,173,189,03989.jpg
91,455,1801,1128,27,03990.jpg
6,128,515,333,181,03991.jpg
49,118,481,355,82,03992.jpg
30,140,1001,603,164,03993.jpg
18,32,537,233,66,03994.jpg
13,147,787,450,195,03995.jpg
42,9,573,366,196,03996.jpg
1,1,477,335,114,03997.jpg
22,47,477,267,67,03998.jpg
1,1,500,367,82,03999.jpg
15,60,388,264,108,04000.jpg
97,259,868,646,164,04001.jpg
33,59,609,345,56,04002.jpg
81,241,994,717,59,04003.jpg
18,68,395,228,190,04004.jpg
185,58,830,604,191,04005.jpg
94,712,1492,1186,163,04006.jpg
24,74,972,661,195,04007.jpg
31,64,264,165,62,04008.jpg
42,102,632,353,72,04009.jpg
91,132,930,655,139,04010.jpg
68,93,440,317,2,04011.jpg
33,45,209,152,188,04012.jpg
17,117,661,405,183,04013.jpg
2,91,196,198,14,04014.jpg
103,356,882,721,81,04015.jpg
180,123,423,268,160,04016.jpg
10,66,478,232,141,04017.jpg
64,110,575,359,37,04018.jpg
40,16,607,380,132,04019.jpg
105,144,654,402,50,04020.jpg
35,85,479,329,93,04021.jpg
1,6,120,77,123,04022.jpg
85,33,485,297,26,04023.jpg
52,41,377,307,121,04024.jpg
1,39,268,183,91,04025.jpg
8,17,468,297,91,04026.jpg
23,33,626,393,79,04027.jpg
35,105,595,411,172,04028.jpg
46,310,1209,732,30,04029.jpg
5,22,295,195,28,04030.jpg
28,93,786,546,135,04031.jpg
65,132,453,356,73,04032.jpg
11,62,198,125,158,04033.jpg
21,12,293,215,109,04034.jpg
94,23,260,205,56,04035.jpg
27,88,406,256,117,04036.jpg
8,25,292,177,91,04037.jpg
8,128,496,286,31,04038.jpg
120,66,673,472,157,04039.jpg
68,354,992,669,21,04040.jpg
8,56,215,121,56,04041.jpg
72,93,940,606,93,04042.jpg
26,96,618,426,81,04043.jpg
152,325,1499,880,145,04044.jpg
20,79,734,431,84,04045.jpg
28,105,778,535,97,04046.jpg
12,19,100,54,123,04047.jpg
73,98,505,298,99,04048.jpg
25,64,633,401,77,04049.jpg
50,363,1129,740,79,04050.jpg
22,60,377,260,62,04051.jpg
5,21,404,251,36,04052.jpg
24,45,452,325,81,04053.jpg
37,188,1273,836,36,04054.jpg
200,147,615,465,100,04055.jpg
28,48,663,302,1,04056.jpg
43,57,654,386,183,04057.jpg
16,75,467,271,64,04058.jpg
19,86,389,227,23,04059.jpg
18,77,565,439,32,04060.jpg
12,48,252,169,19,04061.jpg
38,3,418,328,88,04062.jpg
77,66,596,429,114,04063.jpg
60,91,559,389,115,04064.jpg
65,151,639,435,189,04065.jpg
39,66,376,298,111,04066.jpg
17,114,594,415,33,04067.jpg
26,74,618,411,117,04068.jpg
22,55,285,199,84,04069.jpg
43,44,593,378,193,04070.jpg
81,157,862,599,167,04071.jpg
35,95,609,331,8,04072.jpg
25,116,629,333,49,04073.jpg
51,24,259,147,88,04074.jpg
62,249,796,663,23,04075.jpg
41,52,757,490,195,04076.jpg
32,36,261,154,128,04077.jpg
456,773,2795,1988,191,04078.jpg
37,7,300,195,83,04079.jpg
17,30,463,316,73,04080.jpg
45,53,602,399,144,04081.jpg
9,29,416,255,179,04082.jpg
90,115,416,387,113,04083.jpg
9,101,512,307,177,04084.jpg
103,361,1075,719,7,04085.jpg
106,241,1155,732,27,04086.jpg
48,65,621,443,118,04087.jpg
40,66,399,279,54,04088.jpg
492,248,916,538,26,04089.jpg
136,247,1876,1045,182,04090.jpg
18,95,290,205,48,04091.jpg
137,103,909,667,97,04092.jpg
113,169,1431,993,147,04093.jpg
75,272,1150,846,186,04094.jpg
2,26,264,187,108,04095.jpg
98,89,509,347,136,04096.jpg
161,206,553,377,63,04097.jpg
21,31,416,228,180,04098.jpg
1,31,149,148,157,04099.jpg
51,8,256,187,111,04100.jpg
53,222,973,719,150,04101.jpg
114,149,938,633,94,04102.jpg
160,79,699,457,82,04103.jpg
48,74,2608,1640,70,04104.jpg
20,254,997,642,152,04105.jpg
183,6,694,291,145,04106.jpg
26,83,450,332,148,04107.jpg
16,37,289,165,155,04108.jpg
21,40,445,295,44,04109.jpg
71,33,618,411,101,04110.jpg
27,8,1998,1443,64,04111.jpg
8,29,258,165,129,04112.jpg
13,18,250,175,60,04113.jpg
137,974,1317,1781,133,04114.jpg
46,19,593,410,147,04115.jpg
66,68,1552,981,77,04116.jpg
2,21,356,264,52,04117.jpg
19,77,413,242,83,04118.jpg
183,120,776,375,182,04119.jpg
132,87,547,304,46,04120.jpg
109,132,468,247,8,04121.jpg
17,27,258,194,116,04122.jpg
62,24,343,228,115,04123.jpg
8,70,473,299,67,04124.jpg
12,52,579,377,159,04125.jpg
110,101,519,323,42,04126.jpg
1,24,297,190,83,04127.jpg
71,65,579,396,192,04128.jpg
22,123,591,373,29,04129.jpg
118,75,286,202,158,04130.jpg
37,41,345,173,130,04131.jpg
72,148,555,316,135,04132.jpg
20,54,244,154,128,04133.jpg
43,107,683,392,147,04134.jpg
55,130,989,713,167,04135.jpg
164,394,1954,1053,164,04136.jpg
199,482,3385,2465,58,04137.jpg
30,48,222,144,31,04138.jpg
21,83,633,374,123,04139.jpg
61,24,206,144,113,04140.jpg
5,1,701,350,184,04141.jpg
18,40,210,171,118,04142.jpg
8,103,464,254,171,04143.jpg
178,163,729,452,110,04144.jpg
11,192,555,373,128,04145.jpg
114,34,577,337,182,04146.jpg
31,158,602,373,122,04147.jpg
16,25,271,187,131,04148.jpg
19,82,560,337,33,04149.jpg
28,27,300,181,78,04150.jpg
47,145,608,366,181,04151.jpg
28,58,226,150,27,04152.jpg
23,9,641,352,183,04153.jpg
14,110,619,432,53,04154.jpg
85,106,356,292,15,04155.jpg
11,21,733,529,184,04156.jpg
10,20,256,171,90,04157.jpg
15,49,552,422,135,04158.jpg
21,63,577,324,150,04159.jpg
24,57,372,275,178,04160.jpg
127,166,947,559,89,04161.jpg
4,25,257,165,95,04162.jpg
23,31,238,140,70,04163.jpg
28,182,467,340,113,04164.jpg
107,70,550,318,130,04165.jpg
80,134,708,456,11,04166.jpg
19,175,1582,1081,81,04167.jpg
44,148,537,369,159,04168.jpg
10,41,289,174,128,04169.jpg
29,181,582,398,85,04170.jpg
116,159,788,530,32,04171.jpg
145,97,880,638,164,04172.jpg
161,54,1061,642,173,04173.jpg
34,52,226,157,175,04174.jpg
36,47,611,463,76,04175.jpg
218,500,1375,1061,18,04176.jpg
42,150,415,348,161,04177.jpg
89,120,562,316,182,04178.jpg
78,99,573,404,108,04179.jpg
96,151,599,449,65,04180.jpg
110,108,536,265,177,04181.jpg
72,267,2602,1813,58,04182.jpg
16,109,981,694,170,04183.jpg
1,1,240,99,125,04184.jpg
41,84,583,414,178,04185.jpg
37,216,746,502,8,04186.jpg
99,120,588,415,74,04187.jpg
34,112,961,686,121,04188.jpg
95,179,595,362,64,04189.jpg
16,102,621,423,10,04190.jpg
43,104,550,299,16,04191.jpg
173,62,546,349,102,04192.jpg
91,53,579,325,149,04193.jpg
16,25,638,466,78,04194.jpg
27,154,605,355,20,04195.jpg
117,323,972,794,164,04196.jpg
34,46,563,374,8,04197.jpg
209,290,875,590,130,04198.jpg
8,15,256,178,109,04199.jpg
16,62,243,161,118,04200.jpg
153,67,561,435,61,04201.jpg
56,117,474,266,141,04202.jpg
3,79,239,179,143,04203.jpg
27,73,635,425,80,04204.jpg
4,2,265,182,31,04205.jpg
21,172,666,519,172,04206.jpg
17,13,313,226,106,04207.jpg
81,1,447,275,65,04208.jpg
107,562,1913,1203,96,04209.jpg
56,114,338,323,180,04210.jpg
80,141,988,640,96,04211.jpg
1,7,270,183,65,04212.jpg
8,45,298,145,119,04213.jpg
23,63,227,165,119,04214.jpg
36,141,558,363,194,04215.jpg
30,81,274,163,8,04216.jpg
209,167,777,380,144,04217.jpg
43,117,561,278,59,04218.jpg
34,108,595,410,166,04219.jpg
111,31,554,305,146,04220.jpg
17,30,247,185,73,04221.jpg
17,67,307,236,121,04222.jpg
18,33,437,287,124,04223.jpg
17,152,476,367,6,04224.jpg
8,139,605,431,88,04225.jpg
51,77,2462,1622,145,04226.jpg
34,38,276,182,77,04227.jpg
11,47,270,155,181,04228.jpg
124,75,1069,673,168,04229.jpg
2,33,778,333,107,04230.jpg
14,28,605,489,179,04231.jpg
105,99,579,354,102,04232.jpg
96,66,453,392,116,04233.jpg
1,103,456,266,74,04234.jpg
23,65,637,307,116,04235.jpg
29,160,668,353,107,04236.jpg
143,99,1966,1497,20,04237.jpg
48,100,446,289,81,04238.jpg
84,38,585,429,118,04239.jpg
18,177,778,522,191,04240.jpg
58,140,1209,670,15,04241.jpg
349,88,2212,1429,147,04242.jpg
66,128,617,379,43,04243.jpg
139,172,690,431,2,04244.jpg
23,89,617,479,87,04245.jpg
66,141,739,427,66,04246.jpg
45,40,644,283,8,04247.jpg
18,1,442,225,124,04248.jpg
22,5,304,159,68,04249.jpg
28,84,453,282,45,04250.jpg
95,161,558,420,139,04251.jpg
62,145,450,422,7,04252.jpg
53,136,557,350,171,04253.jpg
8,63,496,281,159,04254.jpg
169,129,414,278,99,04255.jpg
7,10,385,353,100,04256.jpg
83,185,577,441,132,04257.jpg
14,16,609,461,76,04258.jpg
61,84,974,548,73,04259.jpg
36,52,372,218,78,04260.jpg
79,131,275,317,100,04261.jpg
25,33,483,243,105,04262.jpg
41,175,614,399,192,04263.jpg
44,71,594,416,58,04264.jpg
11,86,615,416,150,04265.jpg
23,161,619,458,30,04266.jpg
75,179,564,441,61,04267.jpg
62,13,666,501,65,04268.jpg
39,48,275,180,25,04269.jpg
133,51,1081,872,78,04270.jpg
8,30,500,325,56,04271.jpg
47,113,749,426,189,04272.jpg
61,66,999,696,146,04273.jpg
114,84,967,684,132,04274.jpg
221,577,1736,1340,79,04275.jpg
34,90,474,240,179,04276.jpg
11,30,402,191,186,04277.jpg
177,377,1929,1070,113,04278.jpg
1,39,243,135,161,04279.jpg
37,72,471,224,59,04280.jpg
72,46,261,140,163,04281.jpg
346,229,1567,883,173,04282.jpg
41,28,660,350,96,04283.jpg
1,63,619,411,171,04284.jpg
6,30,253,152,72,04285.jpg
115,89,591,416,172,04286.jpg
24,41,398,276,160,04287.jpg
76,72,926,690,182,04288.jpg
48,41,353,241,51,04289.jpg
152,140,443,355,117,04290.jpg
29,64,215,173,111,04291.jpg
33,72,540,322,11,04292.jpg
74,45,996,627,106,04293.jpg
1,8,852,525,36,04294.jpg
74,224,448,368,153,04295.jpg
183,255,963,671,101,04296.jpg
231,328,1691,1124,98,04297.jpg
67,152,573,464,155,04298.jpg
12,1,599,385,169,04299.jpg
16,29,241,155,76,04300.jpg
44,18,229,135,157,04301.jpg
42,195,834,429,57,04302.jpg
192,581,3976,1791,164,04303.jpg
87,54,581,391,172,04304.jpg
23,130,622,441,118,04305.jpg
1,16,120,94,174,04306.jpg
6,34,242,124,69,04307.jpg
91,90,874,495,9,04308.jpg
16,106,584,379,79,04309.jpg
29,143,614,423,58,04310.jpg
27,115,594,391,117,04311.jpg
3,5,485,210,16,04312.jpg
27,64,250,177,21,04313.jpg
13,9,294,181,186,04314.jpg
6,62,381,277,161,04315.jpg
74,87,579,262,49,04316.jpg
53,339,963,744,107,04317.jpg
21,15,363,255,86,04318.jpg
15,23,292,163,165,04319.jpg
109,14,909,715,154,04320.jpg
98,15,630,294,63,04321.jpg
35,43,445,314,110,04322.jpg
10,13,190,91,31,04323.jpg
24,3,239,179,121,04324.jpg
26,12,457,272,186,04325.jpg
108,207,897,596,63,04326.jpg
59,37,600,369,146,04327.jpg
2,13,221,112,42,04328.jpg
127,170,476,337,100,04329.jpg
72,85,986,646,65,04330.jpg
14,126,500,296,98,04331.jpg
64,151,768,405,182,04332.jpg
71,37,312,134,180,04333.jpg
137,272,654,773,45,04334.jpg
47,58,552,412,185,04335.jpg
61,30,969,767,146,04336.jpg
24,73,600,338,141,04337.jpg
33,67,404,283,5,04338.jpg
69,206,769,511,36,04339.jpg
6,46,255,156,91,04340.jpg
48,34,400,243,91,04341.jpg
15,39,199,124,108,04342.jpg
143,310,915,656,112,04343.jpg
58,124,478,290,188,04344.jpg
172,256,1450,1075,53,04345.jpg
68,95,974,629,79,04346.jpg
58,94,467,293,162,04347.jpg
11,41,615,416,52,04348.jpg
33,182,617,386,4,04349.jpg
27,45,628,441,67,04350.jpg
200,239,1134,695,35,04351.jpg
179,127,472,333,97,04352.jpg
61,225,968,520,43,04353.jpg
53,44,684,444,146,04354.jpg
135,253,1115,817,193,04355.jpg
125,134,477,309,52,04356.jpg
340,11,1687,1062,25,04357.jpg
37,63,267,215,195,04358.jpg
66,68,599,306,19,04359.jpg
9,29,266,154,56,04360.jpg
19,40,210,150,196,04361.jpg
108,81,739,388,160,04362.jpg
38,178,603,371,173,04363.jpg
160,289,1009,947,183,04364.jpg
47,18,562,355,144,04365.jpg
96,69,584,303,49,04366.jpg
24,268,1022,567,105,04367.jpg
42,91,636,444,72,04368.jpg
108,37,682,555,124,04369.jpg
168,201,782,604,63,04370.jpg
103,126,561,414,149,04371.jpg
6,39,257,136,62,04372.jpg
41,197,695,440,91,04373.jpg
12,43,639,426,32,04374.jpg
310,167,602,372,37,04375.jpg
4,67,259,152,161,04376.jpg
17,109,626,438,77,04377.jpg
80,73,706,438,144,04378.jpg
10,13,234,146,12,04379.jpg
7,91,463,296,17,04380.jpg
83,129,367,289,76,04381.jpg
42,80,727,420,168,04382.jpg
1,6,500,240,159,04383.jpg
17,55,285,166,175,04384.jpg
53,53,569,371,35,04385.jpg
37,38,540,245,10,04386.jpg
35,17,607,437,122,04387.jpg
41,155,619,416,180,04388.jpg
25,28,377,249,85,04389.jpg
69,145,855,581,139,04390.jpg
129,74,797,451,148,04391.jpg
32,49,363,222,5,04392.jpg
139,60,745,465,95,04393.jpg
17,8,611,443,58,04394.jpg
68,184,719,467,102,04395.jpg
59,15,753,465,8,04396.jpg
23,24,307,203,111,04397.jpg
721,172,3678,1982,176,04398.jpg
89,83,219,142,39,04399.jpg
40,104,587,363,129,04400.jpg
221,136,425,226,46,04401.jpg
7,88,239,188,100,04402.jpg
1,58,300,187,160,04403.jpg
37,42,290,201,146,04404.jpg
113,69,500,333,77,04405.jpg
39,231,486,374,151,04406.jpg
164,265,974,548,57,04407.jpg
27,135,626,398,75,04408.jpg
51,97,563,390,79,04409.jpg
47,13,463,327,30,04410.jpg
4,70,500,273,160,04411.jpg
1,22,188,188,158,04412.jpg
33,121,695,430,132,04413.jpg
8,48,249,163,65,04414.jpg
39,51,546,383,154,04415.jpg
60,67,582,398,188,04416.jpg
74,13,428,314,178,04417.jpg
56,38,605,415,161,04418.jpg
14,59,408,290,117,04419.jpg
52,105,432,327,90,04420.jpg
36,1,1005,767,154,04421.jpg
61,97,967,690,146,04422.jpg
29,17,1163,715,162,04423.jpg
247,284,892,538,134,04424.jpg
26,49,289,186,95,04425.jpg
48,13,499,345,142,04426.jpg
268,152,794,362,11,04427.jpg
2,49,637,405,14,04428.jpg
108,72,902,412,79,04429.jpg
19,156,619,327,102,04430.jpg
37,408,1552,946,87,04431.jpg
114,134,1230,658,188,04432.jpg
116,324,733,602,144,04433.jpg
80,138,611,357,33,04434.jpg
18,8,620,384,161,04435.jpg
76,4,828,600,182,04436.jpg
75,1,603,434,57,04437.jpg
135,197,627,436,118,04438.jpg
66,218,959,711,69,04439.jpg
26,110,621,435,61,04440.jpg
34,32,872,568,153,04441.jpg
4,18,293,207,83,04442.jpg
50,109,947,521,25,04443.jpg
75,196,951,915,118,04444.jpg
81,44,449,273,195,04445.jpg
147,157,741,407,104,04446.jpg
5,118,551,293,17,04447.jpg
26,76,205,159,13,04448.jpg
35,134,781,431,43,04449.jpg
9,27,275,157,165,04450.jpg
61,407,905,647,160,04451.jpg
35,109,601,346,66,04452.jpg
80,145,443,288,56,04453.jpg
61,95,571,326,102,04454.jpg
94,385,1399,1071,167,04455.jpg
35,123,267,200,15,04456.jpg
1,74,632,429,169,04457.jpg
21,94,240,184,48,04458.jpg
46,28,564,370,176,04459.jpg
109,78,1172,787,130,04460.jpg
20,170,598,359,39,04461.jpg
9,26,617,445,85,04462.jpg
90,139,524,395,58,04463.jpg
33,104,725,352,102,04464.jpg
52,43,534,425,177,04465.jpg
17,41,235,146,143,04466.jpg
9,50,316,186,88,04467.jpg
82,60,445,301,82,04468.jpg
34,55,233,165,31,04469.jpg
19,49,283,191,5,04470.jpg
13,493,1944,1395,127,04471.jpg
110,159,352,249,31,04472.jpg
1,97,1015,696,111,04473.jpg
46,30,354,240,139,04474.jpg
196,159,739,529,25,04475.jpg
29,72,221,144,57,04476.jpg
27,134,479,291,93,04477.jpg
21,66,251,174,54,04478.jpg
33,58,242,148,189,04479.jpg
199,329,1349,829,24,04480.jpg
33,73,545,377,125,04481.jpg
22,88,479,312,4,04482.jpg
136,2,760,379,119,04483.jpg
35,79,271,185,5,04484.jpg
21,39,268,156,97,04485.jpg
60,166,614,425,2,04486.jpg
20,95,615,450,38,04487.jpg
29,53,284,194,175,04488.jpg
26,109,611,384,82,04489.jpg
20,69,629,402,173,04490.jpg
81,58,1550,1069,140,04491.jpg
13,76,488,283,141,04492.jpg
18,27,332,206,8,04493.jpg
128,115,506,358,9,04494.jpg
39,74,233,180,8,04495.jpg
154,313,949,513,112,04496.jpg
63,105,396,353,12,04497.jpg
134,41,553,300,178,04498.jpg
141,47,500,218,132,04499.jpg
35,124,211,179,29,04500.jpg
29,24,467,335,186,04501.jpg
29,68,494,279,66,04502.jpg
26,31,381,251,130,04503.jpg
31,113,411,295,122,04504.jpg
10,4,348,165,28,04505.jpg
478,286,1534,979,63,04506.jpg
2,40,300,151,115,04507.jpg
187,132,453,346,135,04508.jpg
105,52,356,210,9,04509.jpg
107,109,444,255,9,04510.jpg
107,261,893,610,4,04511.jpg
23,91,620,373,77,04512.jpg
21,31,382,228,110,04513.jpg
65,111,402,396,191,04514.jpg
6,42,493,296,154,04515.jpg
257,42,585,223,159,04516.jpg
4,80,247,156,152,04517.jpg
42,85,379,291,121,04518.jpg
42,39,254,143,39,04519.jpg
78,24,621,265,126,04520.jpg
217,565,1366,979,112,04521.jpg
33,81,580,333,97,04522.jpg
49,45,597,338,104,04523.jpg
24,64,278,223,142,04524.jpg
2,5,395,198,82,04525.jpg
103,74,937,557,191,04526.jpg
232,295,947,636,37,04527.jpg
14,27,391,171,98,04528.jpg
17,66,632,363,165,04529.jpg
4,23,393,268,139,04530.jpg
27,103,753,361,43,04531.jpg
99,176,536,376,142,04532.jpg
51,377,971,644,12,04533.jpg
27,73,555,330,195,04534.jpg
21,46,602,370,135,04535.jpg
111,77,439,332,117,04536.jpg
160,203,1363,810,14,04537.jpg
28,165,1005,551,194,04538.jpg
18,118,325,221,72,04539.jpg
307,278,1279,892,144,04540.jpg
182,124,477,325,96,04541.jpg
10,48,483,295,171,04542.jpg
456,363,1433,905,96,04543.jpg
18,18,328,190,1,04544.jpg
95,98,1132,589,102,04545.jpg
369,251,945,529,192,04546.jpg
28,67,240,233,30,04547.jpg
68,66,264,174,27,04548.jpg
37,143,559,309,17,04549.jpg
15,85,289,190,51,04550.jpg
27,19,727,298,28,04551.jpg
57,114,432,291,10,04552.jpg
40,226,768,490,48,04553.jpg
61,158,535,350,155,04554.jpg
50,74,606,360,187,04555.jpg
25,48,252,178,48,04556.jpg
23,50,583,381,142,04557.jpg
39,130,661,454,119,04558.jpg
235,36,678,298,119,04559.jpg
33,65,453,303,59,04560.jpg
9,64,295,165,129,04561.jpg
5,10,497,335,180,04562.jpg
47,62,390,249,125,04563.jpg
47,38,355,227,118,04564.jpg
17,167,781,430,66,04565.jpg
5,54,248,166,54,04566.jpg
14,27,590,208,18,04567.jpg
1,7,300,170,177,04568.jpg
189,216,488,374,177,04569.jpg
200,150,901,515,167,04570.jpg
28,71,411,278,117,04571.jpg
3,122,550,333,82,04572.jpg
24,85,341,252,186,04573.jpg
32,117,356,231,122,04574.jpg
7,227,545,409,105,04575.jpg
4,38,191,133,39,04576.jpg
33,141,606,333,179,04577.jpg
21,18,492,316,1,04578.jpg
31,43,274,184,127,04579.jpg
21,34,482,285,24,04580.jpg
298,331,1411,883,20,04581.jpg
400,125,760,422,183,04582.jpg
6,117,606,406,185,04583.jpg
49,59,581,364,31,04584.jpg
55,355,1333,1135,113,04585.jpg
19,74,490,341,115,04586.jpg
537,329,1214,955,183,04587.jpg
15,9,468,408,3,04588.jpg
21,101,618,386,61,04589.jpg
83,67,181,114,62,04590.jpg
57,44,446,323,67,04591.jpg
148,65,884,530,93,04592.jpg
128,139,503,300,137,04593.jpg
87,99,603,381,34,04594.jpg
33,8,210,100,14,04595.jpg
70,96,418,316,66,04596.jpg
22,177,960,618,106,04597.jpg
46,79,523,338,90,04598.jpg
57,108,441,244,130,04599.jpg
17,47,241,158,190,04600.jpg
96,68,733,497,21,04601.jpg
20,141,635,401,81,04602.jpg
103,69,535,441,166,04603.jpg
32,74,617,407,130,04604.jpg
24,117,618,366,129,04605.jpg
162,216,871,556,66,04606.jpg
29,66,463,307,106,04607.jpg
4,60,519,283,7,04608.jpg
117,134,789,538,161,04609.jpg
15,43,271,198,70,04610.jpg
595,348,1554,659,11,04611.jpg
49,36,227,130,105,04612.jpg
76,153,477,362,42,04613.jpg
15,84,457,271,195,04614.jpg
345,152,634,400,94,04615.jpg
45,247,864,642,92,04616.jpg
163,135,1378,880,112,04617.jpg
4,42,416,345,114,04618.jpg
9,40,255,163,51,04619.jpg
30,183,503,383,81,04620.jpg
93,239,907,661,138,04621.jpg
22,74,477,275,74,04622.jpg
75,57,378,178,156,04623.jpg
23,20,275,185,71,04624.jpg
7,28,249,180,70,04625.jpg
4,49,628,329,67,04626.jpg
73,146,566,344,152,04627.jpg
263,278,939,561,173,04628.jpg
17,148,692,376,66,04629.jpg
86,178,462,315,34,04630.jpg
68,138,591,469,7,04631.jpg
10,30,367,191,181,04632.jpg
7,17,277,166,136,04633.jpg
25,55,291,187,103,04634.jpg
66,106,429,292,178,04635.jpg
28,66,279,208,162,04636.jpg
18,69,582,392,184,04637.jpg
16,241,997,589,75,04638.jpg
24,90,246,188,17,04639.jpg
11,27,250,164,190,04640.jpg
11,55,495,364,186,04641.jpg
41,35,606,269,50,04642.jpg
14,26,467,351,81,04643.jpg
46,107,580,374,27,04644.jpg
167,113,548,378,168,04645.jpg
105,125,1135,688,150,04646.jpg
329,72,823,341,119,04647.jpg
31,164,608,373,114,04648.jpg
119,114,533,407,172,04649.jpg
11,59,253,138,22,04650.jpg
26,118,1009,541,5,04651.jpg
48,135,543,383,11,04652.jpg
13,8,255,169,65,04653.jpg
236,36,1680,1078,147,04654.jpg
9,11,824,489,184,04655.jpg
4,23,280,220,146,04656.jpg
28,21,286,178,65,04657.jpg
173,80,1129,772,47,04658.jpg
134,102,488,255,169,04659.jpg
243,197,889,654,164,04660.jpg
72,303,846,636,191,04661.jpg
12,65,468,278,128,04662.jpg
105,447,1309,1019,170,04663.jpg
5,30,314,212,100,04664.jpg
135,86,463,300,176,04665.jpg
10,37,284,157,118,04666.jpg
3,9,91,59,123,04667.jpg
6,25,257,175,53,04668.jpg
61,98,458,376,1,04669.jpg
39,72,701,461,108,04670.jpg
241,244,1408,928,14,04671.jpg
39,229,744,715,148,04672.jpg
25,120,623,367,25,04673.jpg
40,52,539,343,157,04674.jpg
35,47,464,228,163,04675.jpg
26,66,559,286,22,04676.jpg
84,184,1279,875,107,04677.jpg
29,107,800,525,70,04678.jpg
41,104,455,264,49,04679.jpg
21,41,238,135,143,04680.jpg
121,194,570,475,48,04681.jpg
14,108,629,386,138,04682.jpg
154,71,831,587,140,04683.jpg
289,325,925,711,131,04684.jpg
41,32,220,159,72,04685.jpg
10,137,306,289,152,04686.jpg
18,145,540,296,103,04687.jpg
150,55,488,367,76,04688.jpg
278,284,917,539,21,04689.jpg
50,66,426,272,41,04690.jpg
38,201,761,452,6,04691.jpg
4,1,223,120,109,04692.jpg
1,143,636,343,36,04693.jpg
30,43,978,754,159,04694.jpg
29,94,456,261,81,04695.jpg
101,146,565,395,20,04696.jpg
51,119,734,568,105,04697.jpg
122,110,533,381,177,04698.jpg
74,119,458,360,113,04699.jpg
19,89,730,444,94,04700.jpg
5,113,568,381,98,04701.jpg
13,29,285,188,19,04702.jpg
30,78,576,353,54,04703.jpg
100,302,1473,967,171,04704.jpg
16,136,492,360,120,04705.jpg
144,76,831,663,30,04706.jpg
14,7,478,272,68,04707.jpg
63,175,290,315,104,04708.jpg
43,98,373,241,135,04709.jpg
25,156,610,363,168,04710.jpg
45,114,557,373,75,04711.jpg
175,148,488,345,180,04712.jpg
24,114,618,366,65,04713.jpg
13,123,594,354,37,04714.jpg
25,18,476,234,126,04715.jpg
116,196,376,307,124,04716.jpg
24,122,447,268,128,04717.jpg
44,35,404,223,73,04718.jpg
66,48,609,438,32,04719.jpg
21,7,519,278,126,04720.jpg
24,45,207,142,74,04721.jpg
17,99,630,427,115,04722.jpg
105,58,720,331,63,04723.jpg
27,65,567,361,9,04724.jpg
208,203,794,499,9,04725.jpg
158,233,873,529,187,04726.jpg
14,121,999,610,35,04727.jpg
17,45,244,147,88,04728.jpg
27,63,305,220,38,04729.jpg
20,6,633,451,169,04730.jpg
92,123,921,619,120,04731.jpg
23,116,623,392,126,04732.jpg
1,66,584,322,20,04733.jpg
21,18,635,386,169,04734.jpg
114,59,507,333,154,04735.jpg
12,106,778,467,32,04736.jpg
87,78,503,337,32,04737.jpg
111,87,1509,967,63,04738.jpg
36,91,181,172,151,04739.jpg
48,49,597,403,131,04740.jpg
72,88,378,250,46,04741.jpg
17,32,578,300,35,04742.jpg
26,21,287,159,104,04743.jpg
2,1,280,96,18,04744.jpg
3,31,283,145,157,04745.jpg
48,103,2497,1572,40,04746.jpg
378,125,973,689,39,04747.jpg
38,58,404,293,125,04748.jpg
44,47,590,407,120,04749.jpg
17,54,212,157,9,04750.jpg
144,214,636,522,144,04751.jpg
97,134,602,396,100,04752.jpg
53,103,483,379,14,04753.jpg
303,145,797,478,192,04754.jpg
46,48,277,177,165,04755.jpg
30,84,246,156,128,04756.jpg
54,83,736,436,52,04757.jpg
62,260,974,587,17,04758.jpg
47,39,371,270,117,04759.jpg
18,199,1581,1090,34,04760.jpg
52,44,509,358,59,04761.jpg
58,254,1582,991,182,04762.jpg
5,145,996,594,147,04763.jpg
23,38,263,145,129,04764.jpg
66,222,513,339,152,04765.jpg
249,154,981,569,167,04766.jpg
18,62,352,254,48,04767.jpg
32,105,988,658,63,04768.jpg
6,87,210,164,30,04769.jpg
70,57,526,384,100,04770.jpg
14,31,270,166,41,04771.jpg
7,17,249,187,76,04772.jpg
47,185,999,696,167,04773.jpg
18,31,620,387,54,04774.jpg
67,168,685,499,173,04775.jpg
367,418,1030,669,96,04776.jpg
90,194,1512,914,34,04777.jpg
20,72,769,515,31,04778.jpg
50,44,230,156,39,04779.jpg
77,49,508,305,192,04780.jpg
71,186,1206,781,157,04781.jpg
50,83,394,268,38,04782.jpg
176,298,718,498,41,04783.jpg
7,8,375,234,95,04784.jpg
47,97,612,377,114,04785.jpg
17,48,859,396,79,04786.jpg
210,188,1428,732,175,04787.jpg
55,84,976,679,132,04788.jpg
46,35,593,352,103,04789.jpg
126,97,882,704,119,04790.jpg
9,196,1008,504,153,04791.jpg
41,51,215,152,31,04792.jpg
5,82,550,442,85,04793.jpg
63,26,436,296,47,04794.jpg
32,41,239,153,162,04795.jpg
40,14,856,486,107,04796.jpg
4,13,189,132,80,04797.jpg
7,18,192,127,115,04798.jpg
13,41,300,174,69,04799.jpg
38,52,483,222,124,04800.jpg
67,364,1549,1063,189,04801.jpg
22,25,407,339,20,04802.jpg
52,88,373,248,33,04803.jpg
87,132,672,363,110,04804.jpg
34,19,772,488,150,04805.jpg
228,316,1913,1230,29,04806.jpg
17,69,682,436,140,04807.jpg
106,59,337,284,159,04808.jpg
107,172,789,579,183,04809.jpg
94,190,1597,991,29,04810.jpg
626,176,1465,618,173,04811.jpg
16,59,466,241,44,04812.jpg
70,85,1186,791,144,04813.jpg
60,411,1495,992,36,04814.jpg
31,81,608,391,134,04815.jpg
79,84,528,327,3,04816.jpg
71,116,561,423,50,04817.jpg
19,141,586,371,12,04818.jpg
26,116,485,308,22,04819.jpg
39,123,439,291,138,04820.jpg
7,62,418,214,62,04821.jpg
64,24,274,150,25,04822.jpg
4,37,256,185,156,04823.jpg
137,417,1822,1130,162,04824.jpg
102,211,786,485,7,04825.jpg
18,79,480,304,153,04826.jpg
7,4,277,180,1,04827.jpg
15,43,287,170,110,04828.jpg
68,125,572,363,111,04829.jpg
61,167,589,464,40,04830.jpg
18,84,254,175,84,04831.jpg
32,34,248,213,28,04832.jpg
36,103,544,310,6,04833.jpg
1,39,252,172,156,04834.jpg
9,31,636,443,95,04835.jpg
32,62,272,189,162,04836.jpg
40,73,1561,964,91,04837.jpg
20,40,166,99,107,04838.jpg
172,358,1109,834,15,04839.jpg
1066,1244,4030,2247,34,04840.jpg
86,162,472,393,24,04841.jpg
18,17,256,194,116,04842.jpg
47,69,603,453,129,04843.jpg
35,147,596,372,103,04844.jpg
5,60,285,155,70,04845.jpg
28,68,442,287,155,04846.jpg
54,189,1474,921,85,04847.jpg
17,104,353,201,16,04848.jpg
13,48,442,257,177,04849.jpg
26,107,635,391,133,04850.jpg
65,67,581,410,135,04851.jpg
49,152,943,621,178,04852.jpg
113,89,953,1469,170,04853.jpg
7,134,590,322,102,04854.jpg
34,57,350,226,139,04855.jpg
244,199,625,406,142,04856.jpg
43,152,568,360,11,04857.jpg
120,227,555,413,77,04858.jpg
8,33,251,164,174,04859.jpg
56,229,742,463,182,04860.jpg
53,62,997,642,182,04861.jpg
6,44,377,246,124,04862.jpg
26,80,625,449,114,04863.jpg
92,134,564,399,106,04864.jpg
76,262,944,661,28,04865.jpg
151,148,769,445,159,04866.jpg
51,56,278,159,157,04867.jpg
4,49,426,297,161,04868.jpg
85,98,569,309,168,04869.jpg
36,15,477,305,47,04870.jpg
42,45,449,321,180,04871.jpg
102,63,423,319,99,04872.jpg
120,286,1073,790,166,04873.jpg
9,1,152,103,1,04874.jpg
29,65,249,155,57,04875.jpg
21,30,468,320,196,04876.jpg
39,135,588,393,134,04877.jpg
51,99,1160,754,96,04878.jpg
451,231,2545,1775,67,04879.jpg
63,122,844,410,187,04880.jpg
27,77,460,275,118,04881.jpg
1,98,420,269,104,04882.jpg
117,465,1946,1123,19,04883.jpg
31,35,236,162,8,04884.jpg
318,374,1350,945,25,04885.jpg
38,105,1565,740,44,04886.jpg
8,1,258,165,40,04887.jpg
20,33,241,163,90,04888.jpg
108,114,546,384,94,04889.jpg
40,25,567,378,95,04890.jpg
39,179,1242,829,72,04891.jpg
8,37,294,150,2,04892.jpg
12,39,265,142,16,04893.jpg
56,11,346,186,108,04894.jpg
148,173,749,479,132,04895.jpg
27,71,423,243,56,04896.jpg
6,63,806,510,184,04897.jpg
8,104,623,360,74,04898.jpg
24,51,239,167,65,04899.jpg
111,23,527,315,52,04900.jpg
145,76,581,353,144,04901.jpg
23,91,382,234,98,04902.jpg
2,46,316,213,85,04903.jpg
14,149,304,231,158,04904.jpg
130,100,953,366,185,04905.jpg
57,51,447,273,102,04906.jpg
24,22,226,169,134,04907.jpg
139,109,395,298,158,04908.jpg
184,209,1227,727,167,04909.jpg
203,227,1067,776,104,04910.jpg
99,108,479,301,110,04911.jpg
324,297,1242,788,187,04912.jpg
14,5,388,254,165,04913.jpg
24,216,1021,654,97,04914.jpg
11,1,131,96,34,04915.jpg
16,24,258,172,107,04916.jpg
1,223,1172,611,107,04917.jpg
15,60,242,175,13,04918.jpg
151,112,1528,1069,89,04919.jpg
46,60,575,354,165,04920.jpg
166,170,1076,615,164,04921.jpg
276,83,654,352,147,04922.jpg
100,258,753,457,16,04923.jpg
198,278,1502,1054,43,04924.jpg
73,71,599,411,111,04925.jpg
6,53,633,363,144,04926.jpg
139,130,467,275,38,04927.jpg
15,49,601,331,113,04928.jpg
12,105,282,209,42,04929.jpg
89,40,414,249,137,04930.jpg
75,336,1487,786,16,04931.jpg
127,36,1367,896,140,04932.jpg
22,20,384,178,181,04933.jpg
1,87,799,595,169,04934.jpg
49,73,272,241,157,04935.jpg
53,115,431,293,72,04936.jpg
6,6,496,223,139,04937.jpg
66,65,572,354,86,04938.jpg
31,46,294,161,105,04939.jpg
32,50,278,166,23,04940.jpg
1,37,197,144,161,04941.jpg
96,73,559,399,8,04942.jpg
3,56,253,167,72,04943.jpg
29,55,362,210,19,04944.jpg
69,79,430,276,34,04945.jpg
76,170,884,681,27,04946.jpg
137,149,676,453,110,04947.jpg
113,302,668,527,96,04948.jpg
49,99,594,397,17,04949.jpg
2,158,640,419,87,04950.jpg
57,199,982,675,44,04951.jpg
110,234,339,326,152,04952.jpg
17,214,1587,742,98,04953.jpg
94,163,736,377,55,04954.jpg
48,246,1085,625,176,04955.jpg
29,135,581,380,15,04956.jpg
27,11,241,177,27,04957.jpg
616,321,1111,574,177,04958.jpg
14,73,254,172,190,04959.jpg
44,67,250,171,129,04960.jpg
84,89,686,424,154,04961.jpg
8,108,350,240,153,04962.jpg
19,13,409,268,179,04963.jpg
3,12,300,211,131,04964.jpg
50,88,440,254,178,04965.jpg
17,62,187,123,31,04966.jpg
4,144,799,526,82,04967.jpg
19,104,616,385,159,04968.jpg
2,34,355,176,159,04969.jpg
45,88,799,573,196,04970.jpg
110,133,565,368,171,04971.jpg
197,105,1059,726,38,04972.jpg
56,100,449,346,37,04973.jpg
15,46,290,207,131,04974.jpg
27,93,620,350,38,04975.jpg
95,140,1344,860,193,04976.jpg
23,78,601,403,127,04977.jpg
125,165,574,469,35,04978.jpg
1,167,645,445,55,04979.jpg
61,230,577,457,127,04980.jpg
47,272,919,638,145,04981.jpg
78,264,961,563,193,04982.jpg
49,93,225,169,151,04983.jpg
11,103,617,310,129,04984.jpg
10,44,1027,557,117,04985.jpg
14,95,483,337,120,04986.jpg
76,81,660,420,131,04987.jpg
176,212,498,395,102,04988.jpg
55,149,529,343,44,04989.jpg
124,334,1390,859,160,04990.jpg
14,26,189,91,123,04991.jpg
23,73,486,336,118,04992.jpg
42,90,613,398,75,04993.jpg
27,8,417,346,105,04994.jpg
26,84,401,284,128,04995.jpg
77,139,803,549,124,04996.jpg
80,42,448,285,131,04997.jpg
8,51,799,411,30,04998.jpg
55,80,978,667,111,04999.jpg
15,37,258,180,72,05000.jpg
1,27,640,438,179,05001.jpg
26,46,481,228,12,05002.jpg
8,29,276,178,90,05003.jpg
71,137,595,441,86,05004.jpg
56,60,346,222,115,05005.jpg
22,13,292,188,37,05006.jpg
39,142,617,354,20,05007.jpg
71,77,575,381,73,05008.jpg
71,16,399,321,45,05009.jpg
27,84,281,184,103,05010.jpg
1,31,140,77,34,05011.jpg
42,77,617,463,195,05012.jpg
16,59,472,304,61,05013.jpg
58,364,970,682,156,05014.jpg
172,99,853,696,79,05015.jpg
256,171,580,359,46,05016.jpg
23,53,271,198,116,05017.jpg
23,67,605,392,181,05018.jpg
59,61,558,410,140,05019.jpg
6,81,613,420,71,05020.jpg
86,237,979,588,160,05021.jpg
50,243,1424,883,145,05022.jpg
201,112,513,342,10,05023.jpg
57,189,944,587,186,05024.jpg
22,55,290,221,121,05025.jpg
84,54,443,313,137,05026.jpg
60,99,614,399,190,05027.jpg
52,15,274,142,28,05028.jpg
22,214,783,520,40,05029.jpg
60,76,593,393,1,05030.jpg
46,109,492,317,165,05031.jpg
108,58,316,203,71,05032.jpg
78,106,321,238,52,05033.jpg
8,26,442,313,67,05034.jpg
129,265,1980,1114,119,05035.jpg
58,231,1145,770,164,05036.jpg
111,123,657,436,130,05037.jpg
41,52,218,170,114,05038.jpg
106,17,517,360,178,05039.jpg
381,293,863,512,25,05040.jpg
3,6,202,159,88,05041.jpg
147,119,1078,596,6,05042.jpg
21,69,288,210,190,05043.jpg
18,12,251,183,131,05044.jpg
29,74,605,431,192,05045.jpg
187,337,1438,862,90,05046.jpg
51,46,439,250,155,05047.jpg
40,70,562,350,10,05048.jpg
190,167,581,383,46,05049.jpg
40,70,1582,1030,23,05050.jpg
29,40,418,319,100,05051.jpg
83,93,686,425,3,05052.jpg
21,154,607,367,180,05053.jpg
41,78,990,711,52,05054.jpg
187,225,886,762,165,05055.jpg
37,180,978,619,97,05056.jpg
63,106,435,329,4,05057.jpg
18,55,625,389,33,05058.jpg
139,298,756,598,104,05059.jpg
153,59,861,658,132,05060.jpg
267,753,3247,1744,98,05061.jpg
22,22,310,222,106,05062.jpg
36,56,605,455,13,05063.jpg
85,79,530,401,115,05064.jpg
37,102,605,389,115,05065.jpg
25,74,221,174,42,05066.jpg
17,46,383,230,19,05067.jpg
80,231,1167,667,43,05068.jpg
128,101,347,195,38,05069.jpg
33,74,375,259,77,05070.jpg
66,70,478,293,52,05071.jpg
25,50,239,159,38,05072.jpg
52,64,217,150,103,05073.jpg
23,106,462,301,78,05074.jpg
29,33,243,153,25,05075.jpg
39,73,261,137,151,05076.jpg
25,44,559,273,7,05077.jpg
24,115,582,293,103,05078.jpg
17,21,400,300,159,05079.jpg
18,144,789,463,79,05080.jpg
8,1,498,196,51,05081.jpg
36,35,401,241,66,05082.jpg
22,78,378,236,13,05083.jpg
59,60,542,346,98,05084.jpg
17,44,256,174,23,05085.jpg
14,135,567,305,15,05086.jpg
25,99,587,384,35,05087.jpg
42,78,362,299,178,05088.jpg
68,287,1228,667,179,05089.jpg
134,43,467,158,26,05090.jpg
97,141,955,585,115,05091.jpg
26,48,459,335,113,05092.jpg
13,122,393,283,139,05093.jpg
43,114,486,253,38,05094.jpg
51,193,1001,656,42,05095.jpg
2,82,381,187,153,05096.jpg
11,4,289,180,160,05097.jpg
87,80,827,700,146,05098.jpg
5,63,286,174,107,05099.jpg
14,90,611,446,120,05100.jpg
166,597,1949,1431,164,05101.jpg
13,19,318,235,85,05102.jpg
47,35,590,403,94,05103.jpg
42,188,769,477,145,05104.jpg
27,40,279,142,30,05105.jpg
9,11,246,179,125,05106.jpg
31,44,379,250,152,05107.jpg
5,15,298,139,108,05108.jpg
97,32,518,228,183,05109.jpg
126,171,1665,1182,149,05110.jpg
22,65,473,287,93,05111.jpg
25,112,588,334,66,05112.jpg
16,37,243,158,106,05113.jpg
24,95,276,237,21,05114.jpg
26,64,235,185,113,05115.jpg
32,42,584,347,14,05116.jpg
51,321,1517,1122,187,05117.jpg
16,55,246,163,80,05118.jpg
52,118,743,513,196,05119.jpg
31,219,613,417,194,05120.jpg
117,196,661,383,124,05121.jpg
44,56,397,306,20,05122.jpg
108,149,1137,637,96,05123.jpg
26,147,629,386,50,05124.jpg
42,170,591,389,4,05125.jpg
188,106,581,295,152,05126.jpg
19,37,235,134,188,05127.jpg
15,58,246,139,5,05128.jpg
172,107,582,335,22,05129.jpg
35,38,222,163,86,05130.jpg
50,159,595,456,155,05131.jpg
35,92,405,309,32,05132.jpg
37,72,281,187,157,05133.jpg
19,61,472,309,139,05134.jpg
3,11,258,137,108,05135.jpg
32,116,569,370,105,05136.jpg
54,44,578,401,133,05137.jpg
21,6,341,146,15,05138.jpg
21,104,514,377,154,05139.jpg
37,102,723,407,58,05140.jpg
59,85,994,677,63,05141.jpg
24,86,472,309,92,05142.jpg
3,24,572,275,10,05143.jpg
43,276,973,562,21,05144.jpg
17,68,402,241,44,05145.jpg
123,69,489,259,25,05146.jpg
53,114,577,299,171,05147.jpg
72,109,529,323,13,05148.jpg
55,22,593,399,149,05149.jpg
55,113,523,331,21,05150.jpg
47,140,611,426,120,05151.jpg
48,92,261,161,59,05152.jpg
28,94,614,389,144,05153.jpg
335,234,992,740,149,05154.jpg
22,53,1773,1013,120,05155.jpg
89,137,524,335,31,05156.jpg
172,22,760,469,151,05157.jpg
1,31,443,299,39,05158.jpg
9,66,600,373,114,05159.jpg
12,64,254,140,107,05160.jpg
32,43,620,437,131,05161.jpg
29,32,472,331,20,05162.jpg
68,116,543,371,38,05163.jpg
15,107,624,363,182,05164.jpg
16,83,564,322,172,05165.jpg
36,60,586,354,122,05166.jpg
11,24,117,76,174,05167.jpg
40,184,702,493,68,05168.jpg
55,167,769,406,194,05169.jpg
6,85,292,192,104,05170.jpg
214,27,558,235,195,05171.jpg
208,207,772,513,177,05172.jpg
48,70,274,200,35,05173.jpg
18,63,639,396,70,05174.jpg
111,11,531,320,187,05175.jpg
48,51,279,179,62,05176.jpg
16,24,580,282,17,05177.jpg
5,169,799,506,79,05178.jpg
2,63,625,402,61,05179.jpg
45,120,569,362,179,05180.jpg
30,162,565,379,17,05181.jpg
21,121,390,381,105,05182.jpg
15,59,1147,617,25,05183.jpg
24,144,607,398,83,05184.jpg
80,231,861,679,112,05185.jpg
14,47,467,221,114,05186.jpg
29,5,211,144,106,05187.jpg
28,42,463,308,111,05188.jpg
17,49,584,433,146,05189.jpg
80,86,544,299,93,05190.jpg
24,138,617,358,59,05191.jpg
55,14,529,374,53,05192.jpg
72,103,598,302,142,05193.jpg
29,44,587,463,95,05194.jpg
67,355,1549,1063,170,05195.jpg
41,41,239,134,111,05196.jpg
39,141,594,355,7,05197.jpg
244,153,632,397,140,05198.jpg
224,49,621,346,119,05199.jpg
86,19,505,316,138,05200.jpg
12,47,251,162,97,05201.jpg
21,45,269,160,177,05202.jpg
6,50,300,167,45,05203.jpg
46,81,507,278,157,05204.jpg
35,50,673,495,124,05205.jpg
118,39,882,681,172,05206.jpg
111,184,543,358,126,05207.jpg
100,240,1577,968,55,05208.jpg
3,40,300,154,92,05209.jpg
18,84,205,167,161,05210.jpg
52,21,400,262,180,05211.jpg
15,82,337,223,20,05212.jpg
99,124,961,665,75,05213.jpg
16,434,1266,894,79,05214.jpg
14,19,793,452,183,05215.jpg
135,116,897,579,63,05216.jpg
111,82,886,584,148,05217.jpg
34,162,703,428,60,05218.jpg
279,316,1345,921,170,05219.jpg
16,79,727,449,130,05220.jpg
34,49,281,144,69,05221.jpg
70,101,850,460,69,05222.jpg
19,12,252,181,113,05223.jpg
5,14,93,58,1,05224.jpg
108,103,2743,1758,178,05225.jpg
366,401,1516,1012,25,05226.jpg
41,138,760,519,94,05227.jpg
17,19,640,289,96,05228.jpg
21,25,463,288,109,05229.jpg
223,66,552,261,157,05230.jpg
6,34,427,266,69,05231.jpg
195,248,854,557,192,05232.jpg
70,46,529,309,144,05233.jpg
101,120,944,685,183,05234.jpg
43,27,594,351,73,05235.jpg
151,166,1441,1027,101,05236.jpg
29,32,399,330,195,05237.jpg
58,217,975,608,141,05238.jpg
55,36,426,314,100,05239.jpg
24,61,672,487,87,05240.jpg
60,420,1634,981,182,05241.jpg
43,113,618,428,125,05242.jpg
1,8,111,78,88,05243.jpg
53,109,506,379,127,05244.jpg
11,27,226,163,196,05245.jpg
129,73,519,405,110,05246.jpg
41,120,589,315,179,05247.jpg
382,172,1249,883,133,05248.jpg
118,128,462,266,55,05249.jpg
31,38,631,438,109,05250.jpg
35,105,531,397,190,05251.jpg
20,126,932,725,95,05252.jpg
53,1,687,495,95,05253.jpg
5,16,200,150,123,05254.jpg
40,51,538,326,29,05255.jpg
137,93,488,416,195,05256.jpg
6,1,608,367,101,05257.jpg
80,100,401,371,38,05258.jpg
179,177,753,452,2,05259.jpg
19,12,613,456,176,05260.jpg
10,34,242,126,2,05261.jpg
44,108,560,355,60,05262.jpg
300,176,1185,711,12,05263.jpg
75,95,578,368,153,05264.jpg
8,28,1005,616,14,05265.jpg
40,66,269,164,14,05266.jpg
23,47,255,183,65,05267.jpg
10,5,545,315,23,05268.jpg
40,10,241,162,69,05269.jpg
85,107,938,608,187,05270.jpg
39,43,584,227,18,05271.jpg
47,164,986,706,21,05272.jpg
22,43,424,203,33,05273.jpg
36,65,633,347,61,05274.jpg
101,160,464,308,35,05275.jpg
9,18,626,471,154,05276.jpg
21,41,415,330,155,05277.jpg
17,139,379,251,39,05278.jpg
41,35,592,377,142,05279.jpg
137,114,919,544,15,05280.jpg
147,125,471,426,3,05281.jpg
256,310,1504,727,182,05282.jpg
109,224,890,619,167,05283.jpg
15,13,294,195,118,05284.jpg
67,102,564,368,187,05285.jpg
295,106,1653,1057,147,05286.jpg
110,75,272,151,152,05287.jpg
88,320,1204,747,176,05288.jpg
42,103,618,411,104,05289.jpg
250,343,1345,994,35,05290.jpg
67,56,606,427,89,05291.jpg
14,159,548,457,194,05292.jpg
13,62,276,179,138,05293.jpg
40,63,444,280,150,05294.jpg
30,16,430,215,2,05295.jpg
24,27,429,257,136,05296.jpg
518,493,1090,981,145,05297.jpg
25,60,487,286,102,05298.jpg
68,111,561,378,137,05299.jpg
1,32,192,133,171,05300.jpg
12,179,326,367,97,05301.jpg
56,79,552,251,151,05302.jpg
19,81,238,168,104,05303.jpg
11,31,271,179,8,05304.jpg
147,118,940,663,75,05305.jpg
53,169,582,389,9,05306.jpg
58,85,532,433,4,05307.jpg
32,75,564,241,128,05308.jpg
5,35,266,169,65,05309.jpg
163,162,563,375,39,05310.jpg
39,57,838,528,144,05311.jpg
154,125,324,286,45,05312.jpg
201,241,965,594,112,05313.jpg
72,83,718,457,33,05314.jpg
21,96,380,275,13,05315.jpg
27,42,589,301,158,05316.jpg
35,64,487,306,68,05317.jpg
79,57,552,381,119,05318.jpg
19,105,448,272,118,05319.jpg
28,56,605,288,184,05320.jpg
124,392,1137,760,163,05321.jpg
59,43,253,171,188,05322.jpg
304,266,971,667,117,05323.jpg
23,94,402,269,4,05324.jpg
518,452,1332,1004,169,05325.jpg
6,9,217,110,17,05326.jpg
43,197,973,686,185,05327.jpg
80,295,944,717,63,05328.jpg
56,109,859,356,39,05329.jpg
133,105,603,471,26,05330.jpg
13,1,612,450,169,05331.jpg
14,20,273,174,54,05332.jpg
189,174,800,542,3,05333.jpg
118,15,601,450,71,05334.jpg
17,41,484,265,81,05335.jpg
93,231,1833,1341,176,05336.jpg
51,135,1247,736,38,05337.jpg
33,118,455,322,61,05338.jpg
123,291,929,587,126,05339.jpg
129,379,1973,985,59,05340.jpg
6,30,318,140,40,05341.jpg
10,1,102,85,88,05342.jpg
16,101,1409,696,127,05343.jpg
50,328,777,725,29,05344.jpg
28,65,345,245,102,05345.jpg
2,56,199,138,39,05346.jpg
108,201,706,429,3,05347.jpg
23,99,373,221,91,05348.jpg
189,198,756,468,7,05349.jpg
19,22,235,162,174,05350.jpg
132,20,774,505,45,05351.jpg
59,54,590,385,132,05352.jpg
86,137,586,334,13,05353.jpg
19,1,639,480,172,05354.jpg
33,74,531,283,169,05355.jpg
48,214,1233,724,139,05356.jpg
29,93,630,480,119,05357.jpg
125,129,499,348,120,05358.jpg
49,59,239,142,19,05359.jpg
36,111,505,326,103,05360.jpg
40,38,392,254,188,05361.jpg
11,3,292,115,117,05362.jpg
137,149,624,579,116,05363.jpg
148,105,687,498,172,05364.jpg
56,68,587,387,154,05365.jpg
313,188,657,401,10,05366.jpg
75,93,539,400,193,05367.jpg
147,11,590,218,65,05368.jpg
27,42,457,342,113,05369.jpg
11,50,616,339,54,05370.jpg
161,104,798,415,162,05371.jpg
8,66,361,227,127,05372.jpg
6,30,359,242,8,05373.jpg
162,128,351,244,47,05374.jpg
13,128,495,359,120,05375.jpg
36,172,772,514,194,05376.jpg
31,4,388,258,115,05377.jpg
11,123,640,413,73,05378.jpg
75,11,945,378,35,05379.jpg
41,47,274,195,53,05380.jpg
10,62,680,415,125,05381.jpg
30,217,759,522,9,05382.jpg
23,54,429,284,119,05383.jpg
64,20,344,251,92,05384.jpg
92,270,418,410,192,05385.jpg
19,59,334,258,7,05386.jpg
348,467,1626,963,187,05387.jpg
339,496,1418,1021,170,05388.jpg
45,25,578,447,171,05389.jpg
92,70,342,314,113,05390.jpg
93,138,907,536,127,05391.jpg
4,21,236,160,19,05392.jpg
9,61,274,155,177,05393.jpg
14,45,194,176,196,05394.jpg
74,130,564,444,29,05395.jpg
26,91,615,411,50,05396.jpg
115,142,641,386,151,05397.jpg
41,157,607,404,104,05398.jpg
68,102,463,430,166,05399.jpg
14,37,244,165,131,05400.jpg
18,44,250,138,116,05401.jpg
21,45,241,157,37,05402.jpg
271,185,630,347,93,05403.jpg
36,26,413,313,28,05404.jpg
66,277,932,564,4,05405.jpg
3,25,295,214,129,05406.jpg
145,87,524,375,156,05407.jpg
73,94,286,175,19,05408.jpg
125,58,268,172,158,05409.jpg
34,88,396,274,188,05410.jpg
205,162,646,516,128,05411.jpg
57,114,378,253,83,05412.jpg
177,434,2613,1549,23,05413.jpg
185,123,503,359,168,05414.jpg
35,89,763,429,112,05415.jpg
80,200,595,447,75,05416.jpg
47,45,269,175,189,05417.jpg
51,15,217,164,174,05418.jpg
186,90,556,280,99,05419.jpg
143,135,548,280,185,05420.jpg
43,166,961,606,51,05421.jpg
63,103,582,423,184,05422.jpg
73,388,1217,734,101,05423.jpg
17,17,280,155,105,05424.jpg
53,180,1119,725,25,05425.jpg
83,148,562,363,22,05426.jpg
54,126,576,420,100,05427.jpg
24,79,724,369,115,05428.jpg
16,26,460,258,24,05429.jpg
37,121,287,192,163,05430.jpg
313,423,1201,901,96,05431.jpg
93,135,913,679,65,05432.jpg
5,18,295,178,109,05433.jpg
54,107,543,344,3,05434.jpg
3,39,281,149,19,05435.jpg
72,43,725,483,55,05436.jpg
96,416,4252,2792,61,05437.jpg
15,142,461,296,193,05438.jpg
47,172,773,459,68,05439.jpg
292,148,1306,1060,179,05440.jpg
48,40,469,380,175,05441.jpg
30,83,489,298,45,05442.jpg
94,16,419,190,33,05443.jpg
38,42,704,439,119,05444.jpg
127,376,1516,964,28,05445.jpg
6,129,630,452,58,05446.jpg
13,34,248,183,69,05447.jpg
15,33,273,173,19,05448.jpg
101,243,924,571,70,05449.jpg
427,517,1426,835,96,05450.jpg
13,32,253,150,70,05451.jpg
56,50,1229,660,165,05452.jpg
34,179,608,381,43,05453.jpg
8,8,269,177,40,05454.jpg
54,91,268,211,148,05455.jpg
11,23,370,234,82,05456.jpg
22,15,244,181,111,05457.jpg
52,28,752,429,99,05458.jpg
2,7,581,293,185,05459.jpg
90,108,579,378,128,05460.jpg
141,184,424,350,102,05461.jpg
134,180,576,315,160,05462.jpg
22,45,409,252,32,05463.jpg
6,80,294,187,17,05464.jpg
36,33,230,181,113,05465.jpg
80,185,879,614,132,05466.jpg
68,398,634,603,168,05467.jpg
142,46,729,294,49,05468.jpg
187,124,683,454,163,05469.jpg
8,35,154,92,80,05470.jpg
39,111,404,261,34,05471.jpg
15,30,436,322,71,05472.jpg
86,102,451,290,25,05473.jpg
150,116,361,241,115,05474.jpg
30,69,763,374,172,05475.jpg
5,40,295,173,88,05476.jpg
24,30,193,121,34,05477.jpg
57,222,1248,900,34,05478.jpg
38,83,461,327,70,05479.jpg
122,193,595,393,160,05480.jpg
13,131,431,291,163,05481.jpg
36,178,988,669,21,05482.jpg
132,127,1057,753,51,05483.jpg
56,83,425,255,189,05484.jpg
268,238,1009,604,180,05485.jpg
74,406,976,686,105,05486.jpg
28,101,277,195,117,05487.jpg
60,63,587,417,78,05488.jpg
23,177,510,390,82,05489.jpg
233,118,698,374,102,05490.jpg
1,13,189,121,106,05491.jpg
33,21,185,103,190,05492.jpg
49,1,521,400,82,05493.jpg
71,165,1179,641,175,05494.jpg
69,128,444,268,114,05495.jpg
17,80,618,409,90,05496.jpg
176,82,898,615,93,05497.jpg
39,77,588,396,192,05498.jpg
30,119,508,313,55,05499.jpg
11,47,625,451,85,05500.jpg
46,95,493,296,130,05501.jpg
25,33,628,414,180,05502.jpg
1,46,799,511,166,05503.jpg
47,74,595,352,168,05504.jpg
107,87,398,271,157,05505.jpg
91,119,591,456,132,05506.jpg
84,75,262,168,116,05507.jpg
54,1,849,530,99,05508.jpg
30,191,609,380,98,05509.jpg
18,47,292,187,141,05510.jpg
55,26,595,307,184,05511.jpg
17,28,137,95,106,05512.jpg
329,279,803,617,101,05513.jpg
79,76,490,380,26,05514.jpg
24,75,355,276,131,05515.jpg
249,135,1043,655,79,05516.jpg
47,16,416,198,21,05517.jpg
350,521,1555,977,22,05518.jpg
22,208,618,525,190,05519.jpg
77,61,484,362,120,05520.jpg
57,177,953,491,141,05521.jpg
29,21,564,423,172,05522.jpg
148,87,608,315,135,05523.jpg
57,118,441,316,81,05524.jpg
37,143,988,613,66,05525.jpg
7,145,631,475,125,05526.jpg
81,141,537,331,186,05527.jpg
54,159,572,418,191,05528.jpg
15,77,567,306,11,05529.jpg
45,63,269,163,152,05530.jpg
35,24,381,244,84,05531.jpg
179,381,1483,916,122,05532.jpg
217,374,1483,1101,176,05533.jpg
17,46,247,156,8,05534.jpg
60,89,463,272,33,05535.jpg
11,18,190,126,84,05536.jpg
667,274,3686,2221,176,05537.jpg
21,129,611,331,182,05538.jpg
28,59,566,367,44,05539.jpg
80,154,748,472,47,05540.jpg
8,29,266,172,28,05541.jpg
34,86,597,280,44,05542.jpg
9,18,250,173,65,05543.jpg
66,71,223,144,76,05544.jpg
55,95,563,320,3,05545.jpg
173,102,623,322,138,05546.jpg
19,51,283,189,35,05547.jpg
22,128,586,407,41,05548.jpg
43,43,974,658,135,05549.jpg
91,78,919,692,94,05550.jpg
35,16,383,193,146,05551.jpg
36,78,449,257,103,05552.jpg
81,24,589,431,188,05553.jpg
41,187,600,411,84,05554.jpg
144,643,3656,2288,57,05555.jpg
240,594,1355,989,46,05556.jpg
39,27,608,476,55,05557.jpg
66,325,1012,609,171,05558.jpg
19,5,587,359,79,05559.jpg
108,286,461,480,157,05560.jpg
1009,313,1934,1023,170,05561.jpg
12,47,575,447,89,05562.jpg
1,10,442,296,179,05563.jpg
19,45,738,303,53,05564.jpg
16,83,634,361,161,05565.jpg
33,55,620,374,89,05566.jpg
105,64,219,120,8,05567.jpg
207,256,971,832,30,05568.jpg
62,1,421,294,60,05569.jpg
1,62,1619,830,31,05570.jpg
93,122,932,673,75,05571.jpg
116,121,501,339,19,05572.jpg
71,73,381,268,118,05573.jpg
33,24,438,335,114,05574.jpg
26,51,243,170,90,05575.jpg
3,52,294,162,18,05576.jpg
82,145,913,750,148,05577.jpg
48,47,545,408,66,05578.jpg
36,116,571,312,10,05579.jpg
30,20,802,405,97,05580.jpg
12,67,456,357,161,05581.jpg
62,256,1004,606,167,05582.jpg
40,47,526,394,183,05583.jpg
18,28,1442,812,34,05584.jpg
7,94,295,186,156,05585.jpg
24,108,251,190,27,05586.jpg
78,297,948,621,13,05587.jpg
354,722,1185,1095,167,05588.jpg
21,86,379,293,155,05589.jpg
43,62,450,320,118,05590.jpg
48,165,1005,514,103,05591.jpg
16,33,290,155,30,05592.jpg
36,71,607,385,82,05593.jpg
19,10,428,321,17,05594.jpg
13,23,293,187,68,05595.jpg
53,51,585,422,169,05596.jpg
253,204,377,286,151,05597.jpg
47,125,687,471,84,05598.jpg
41,85,618,408,154,05599.jpg
6,80,499,307,60,05600.jpg
26,44,588,259,123,05601.jpg
28,46,383,315,109,05602.jpg
17,85,583,364,42,05603.jpg
43,194,728,426,30,05604.jpg
152,356,2504,1323,50,05605.jpg
79,62,553,323,146,05606.jpg
5,79,624,416,191,05607.jpg
13,167,465,293,101,05608.jpg
17,36,252,174,113,05609.jpg
46,14,492,346,93,05610.jpg
20,98,620,386,96,05611.jpg
57,61,249,184,109,05612.jpg
68,76,295,209,175,05613.jpg
118,15,601,450,64,05614.jpg
78,221,1131,747,140,05615.jpg
42,50,219,159,27,05616.jpg
25,54,286,163,110,05617.jpg
140,173,1358,762,161,05618.jpg
8,7,275,211,116,05619.jpg
241,66,701,254,182,05620.jpg
5,59,462,231,150,05621.jpg
41,120,778,398,179,05622.jpg
146,94,259,156,175,05623.jpg
57,101,416,383,11,05624.jpg
41,44,624,439,194,05625.jpg
87,248,867,586,167,05626.jpg
101,30,1192,781,147,05627.jpg
1,268,1528,829,79,05628.jpg
39,86,571,392,179,05629.jpg
78,37,1022,748,63,05630.jpg
113,276,1150,788,170,05631.jpg
28,63,560,321,153,05632.jpg
20,125,431,264,30,05633.jpg
9,48,252,184,27,05634.jpg
5,119,638,396,171,05635.jpg
24,21,297,178,138,05636.jpg
84,23,905,644,147,05637.jpg
81,49,263,157,104,05638.jpg
6,7,253,179,65,05639.jpg
19,27,461,241,39,05640.jpg
36,76,721,431,152,05641.jpg
9,30,183,126,190,05642.jpg
9,33,253,174,188,05643.jpg
23,89,619,366,23,05644.jpg
22,64,2159,1050,18,05645.jpg
26,30,295,147,60,05646.jpg
40,6,264,180,25,05647.jpg
5,8,241,141,40,05648.jpg
71,92,599,389,114,05649.jpg
48,95,382,217,29,05650.jpg
40,204,795,586,105,05651.jpg
60,283,926,619,157,05652.jpg
7,149,1022,738,90,05653.jpg
83,359,1209,861,28,05654.jpg
19,88,612,455,108,05655.jpg
1,45,250,145,116,05656.jpg
5,8,91,59,1,05657.jpg
22,82,470,314,81,05658.jpg
66,196,696,549,101,05659.jpg
69,61,451,302,56,05660.jpg
53,134,635,392,154,05661.jpg
99,72,919,604,96,05662.jpg
65,59,770,419,116,05663.jpg
135,107,890,717,119,05664.jpg
16,31,272,181,82,05665.jpg
43,196,578,375,185,05666.jpg
166,181,842,602,81,05667.jpg
28,59,285,210,104,05668.jpg
22,28,599,310,105,05669.jpg
23,78,659,378,43,05670.jpg
229,96,417,211,6,05671.jpg
44,1,582,375,58,05672.jpg
12,110,584,369,173,05673.jpg
16,60,295,166,22,05674.jpg
4,125,420,267,151,05675.jpg
99,38,510,331,141,05676.jpg
62,9,682,427,166,05677.jpg
1,1,639,528,169,05678.jpg
82,91,480,291,190,05679.jpg
49,131,579,300,173,05680.jpg
55,84,393,278,77,05681.jpg
39,116,572,421,87,05682.jpg
417,414,1012,791,45,05683.jpg
36,113,535,437,87,05684.jpg
101,80,547,329,33,05685.jpg
69,136,510,347,85,05686.jpg
26,26,476,310,154,05687.jpg
21,190,750,555,24,05688.jpg
27,8,509,255,132,05689.jpg
7,38,274,145,148,05690.jpg
144,294,1453,782,66,05691.jpg
16,101,679,540,48,05692.jpg
11,34,171,91,116,05693.jpg
12,86,394,276,9,05694.jpg
37,153,478,282,40,05695.jpg
12,9,646,387,169,05696.jpg
44,87,597,396,117,05697.jpg
15,12,276,215,52,05698.jpg
39,193,994,621,43,05699.jpg
126,72,900,606,183,05700.jpg
1,46,261,156,51,05701.jpg
102,187,546,353,53,05702.jpg
61,118,973,731,169,05703.jpg
50,33,229,144,122,05704.jpg
14,61,328,250,20,05705.jpg
52,100,450,296,35,05706.jpg
13,36,264,198,44,05707.jpg
70,46,468,291,189,05708.jpg
126,30,507,301,99,05709.jpg
286,178,1001,554,26,05710.jpg
21,28,244,162,171,05711.jpg
123,247,549,463,129,05712.jpg
28,156,620,372,18,05713.jpg
68,2,741,300,122,05714.jpg
33,156,564,345,77,05715.jpg
110,64,1036,677,89,05716.jpg
29,37,300,188,17,05717.jpg
41,31,565,235,10,05718.jpg
45,54,547,299,36,05719.jpg
167,154,642,522,26,05720.jpg
48,48,476,319,85,05721.jpg
218,146,1091,770,41,05722.jpg
37,74,994,615,90,05723.jpg
1,66,700,480,73,05724.jpg
83,180,600,428,143,05725.jpg
67,167,692,380,59,05726.jpg
179,95,602,412,140,05727.jpg
4,38,236,178,76,05728.jpg
17,49,280,144,25,05729.jpg
11,34,256,185,54,05730.jpg
106,102,602,396,94,05731.jpg
19,65,458,268,113,05732.jpg
7,22,255,175,136,05733.jpg
23,35,178,137,171,05734.jpg
229,124,805,411,151,05735.jpg
34,17,453,359,146,05736.jpg
20,212,621,377,46,05737.jpg
53,105,596,390,53,05738.jpg
40,136,842,538,64,05739.jpg
81,196,850,588,55,05740.jpg
271,307,1735,1108,52,05741.jpg
651,546,1400,962,178,05742.jpg
41,96,509,286,62,05743.jpg
36,132,985,656,145,05744.jpg
98,88,1089,664,79,05745.jpg
43,285,953,625,135,05746.jpg
3,51,263,159,156,05747.jpg
26,49,477,288,3,05748.jpg
78,49,444,235,189,05749.jpg
22,22,1011,744,181,05750.jpg
12,23,246,172,119,05751.jpg
44,139,529,394,85,05752.jpg
30,35,231,167,113,05753.jpg
4,9,96,88,1,05754.jpg
71,89,688,423,140,05755.jpg
13,114,618,426,156,05756.jpg
14,56,442,292,124,05757.jpg
61,26,578,480,50,05758.jpg
132,85,1127,624,63,05759.jpg
158,411,1127,760,45,05760.jpg
15,129,440,355,173,05761.jpg
13,116,621,476,81,05762.jpg
230,468,1122,784,41,05763.jpg
62,83,326,320,78,05764.jpg
56,133,538,322,97,05765.jpg
56,31,587,452,190,05766.jpg
11,144,625,407,77,05767.jpg
19,46,237,149,97,05768.jpg
128,100,414,274,42,05769.jpg
113,56,634,488,178,05770.jpg
1,1,500,375,118,05771.jpg
89,358,738,766,37,05772.jpg
32,48,629,363,130,05773.jpg
201,100,674,471,176,05774.jpg
44,94,377,247,123,05775.jpg
11,87,944,736,145,05776.jpg
21,28,245,174,188,05777.jpg
15,18,365,226,159,05778.jpg
17,74,579,435,44,05779.jpg
81,183,1799,1227,149,05780.jpg
1,42,298,194,73,05781.jpg
31,51,568,357,100,05782.jpg
52,76,603,420,110,05783.jpg
133,97,630,377,89,05784.jpg
80,187,903,679,169,05785.jpg
89,161,529,336,60,05786.jpg
8,9,209,93,18,05787.jpg
66,111,754,459,72,05788.jpg
169,77,576,369,175,05789.jpg
38,55,621,411,159,05790.jpg
70,262,815,740,89,05791.jpg
36,52,461,292,93,05792.jpg
26,49,283,179,156,05793.jpg
95,94,308,207,28,05794.jpg
18,24,466,230,185,05795.jpg
49,4,825,313,155,05796.jpg
165,153,836,463,160,05797.jpg
45,120,953,642,139,05798.jpg
25,87,617,393,94,05799.jpg
97,99,665,426,45,05800.jpg
66,146,571,453,118,05801.jpg
8,35,255,159,16,05802.jpg
11,17,198,116,41,05803.jpg
4,15,94,63,1,05804.jpg
24,55,285,188,102,05805.jpg
130,41,476,385,119,05806.jpg
63,163,558,367,161,05807.jpg
62,105,980,656,74,05808.jpg
61,7,424,339,65,05809.jpg
15,36,615,385,70,05810.jpg
34,86,368,196,59,05811.jpg
133,1,871,648,133,05812.jpg
127,117,497,335,91,05813.jpg
86,46,544,405,49,05814.jpg
78,91,524,318,96,05815.jpg
30,162,561,350,45,05816.jpg
68,79,399,358,169,05817.jpg
37,44,598,392,65,05818.jpg
110,172,819,536,134,05819.jpg
91,93,449,300,51,05820.jpg
18,36,263,146,8,05821.jpg
48,129,577,385,92,05822.jpg
13,16,491,267,159,05823.jpg
17,30,516,256,23,05824.jpg
15,33,685,468,89,05825.jpg
23,86,469,286,91,05826.jpg
182,153,593,357,140,05827.jpg
10,48,253,176,129,05828.jpg
21,38,625,368,142,05829.jpg
27,349,760,564,36,05830.jpg
36,216,778,580,87,05831.jpg
54,307,2237,1527,68,05832.jpg
25,189,617,386,61,05833.jpg
104,68,710,499,35,05834.jpg
25,172,677,457,53,05835.jpg
283,189,607,436,167,05836.jpg
131,60,447,233,59,05837.jpg
42,123,583,343,187,05838.jpg
77,184,452,399,26,05839.jpg
58,148,666,450,50,05840.jpg
61,49,837,351,195,05841.jpg
52,124,460,261,74,05842.jpg
7,101,584,397,124,05843.jpg
13,158,985,673,63,05844.jpg
224,241,478,422,166,05845.jpg
328,242,847,397,112,05846.jpg
18,122,955,648,94,05847.jpg
26,42,234,158,190,05848.jpg
208,323,1279,887,170,05849.jpg
14,11,576,480,147,05850.jpg
10,4,395,258,95,05851.jpg
31,105,250,205,38,05852.jpg
3,82,260,176,129,05853.jpg
349,423,848,694,183,05854.jpg
183,136,814,484,176,05855.jpg
15,46,600,462,182,05856.jpg
32,39,232,143,14,05857.jpg
22,80,364,268,130,05858.jpg
58,21,601,455,110,05859.jpg
17,54,378,276,76,05860.jpg
252,169,1049,729,38,05861.jpg
12,33,385,297,116,05862.jpg
74,64,558,330,126,05863.jpg
39,63,579,407,126,05864.jpg
24,15,229,146,40,05865.jpg
12,62,614,447,80,05866.jpg
206,48,1385,888,34,05867.jpg
46,76,252,168,38,05868.jpg
1,13,222,170,18,05869.jpg
72,121,963,646,43,05870.jpg
24,110,597,356,85,05871.jpg
39,35,591,413,184,05872.jpg
54,75,359,239,39,05873.jpg
101,275,383,383,104,05874.jpg
61,240,1154,703,40,05875.jpg
32,61,565,390,153,05876.jpg
22,34,455,304,33,05877.jpg
47,166,655,364,27,05878.jpg
33,48,204,150,97,05879.jpg
119,90,269,185,155,05880.jpg
2,7,273,133,52,05881.jpg
37,72,385,259,72,05882.jpg
39,135,290,233,118,05883.jpg
50,56,226,129,104,05884.jpg
1,343,1007,757,80,05885.jpg
178,249,984,620,25,05886.jpg
53,215,723,517,24,05887.jpg
206,210,867,590,85,05888.jpg
1,44,146,135,29,05889.jpg
140,55,572,300,193,05890.jpg
179,308,2329,1830,125,05891.jpg
155,142,1113,687,31,05892.jpg
42,98,469,301,43,05893.jpg
19,34,258,171,189,05894.jpg
20,121,656,370,126,05895.jpg
28,61,462,366,98,05896.jpg
33,105,410,284,37,05897.jpg
60,81,629,376,140,05898.jpg
69,84,519,375,124,05899.jpg
20,20,1003,746,147,05900.jpg
23,32,231,174,121,05901.jpg
60,82,338,221,25,05902.jpg
26,90,612,425,190,05903.jpg
9,99,296,191,175,05904.jpg
11,14,249,182,119,05905.jpg
53,125,428,318,117,05906.jpg
145,332,1537,867,173,05907.jpg
61,72,302,249,24,05908.jpg
57,155,525,364,9,05909.jpg
3,100,698,478,106,05910.jpg
40,37,590,377,78,05911.jpg
47,46,524,306,49,05912.jpg
226,135,812,483,120,05913.jpg
60,185,587,438,177,05914.jpg
20,89,607,404,137,05915.jpg
146,92,689,356,6,05916.jpg
30,117,615,365,155,05917.jpg
25,55,277,150,3,05918.jpg
36,59,982,658,106,05919.jpg
32,159,600,377,138,05920.jpg
111,213,907,683,1,05921.jpg
112,51,559,376,105,05922.jpg
116,119,378,256,44,05923.jpg
64,153,614,528,16,05924.jpg
77,28,407,315,122,05925.jpg
102,72,528,377,156,05926.jpg
68,329,1561,1025,89,05927.jpg
74,62,490,370,41,05928.jpg
20,18,467,305,126,05929.jpg
38,92,420,241,2,05930.jpg
23,51,218,172,190,05931.jpg
128,132,505,331,55,05932.jpg
10,25,249,171,116,05933.jpg
33,66,266,147,105,05934.jpg
84,88,438,292,126,05935.jpg
13,1,965,679,58,05936.jpg
31,27,209,167,88,05937.jpg
23,142,487,308,103,05938.jpg
505,524,1451,958,170,05939.jpg
84,57,595,402,137,05940.jpg
27,104,588,446,190,05941.jpg
19,70,729,452,68,05942.jpg
46,36,226,168,121,05943.jpg
93,79,497,361,51,05944.jpg
1648,1508,5205,3389,63,05945.jpg
9,58,220,165,44,05946.jpg
12,31,638,456,28,05947.jpg
24,26,240,176,48,05948.jpg
18,12,287,186,72,05949.jpg
105,127,481,322,144,05950.jpg
102,26,654,435,183,05951.jpg
153,390,1560,970,118,05952.jpg
14,64,611,415,96,05953.jpg
61,62,403,293,180,05954.jpg
47,113,841,506,136,05955.jpg
8,66,249,164,188,05956.jpg
68,94,251,163,104,05957.jpg
62,65,609,409,129,05958.jpg
37,55,475,297,126,05959.jpg
18,47,594,295,90,05960.jpg
15,7,231,142,83,05961.jpg
165,101,627,447,162,05962.jpg
283,553,1591,1105,170,05963.jpg
12,58,260,178,21,05964.jpg
63,70,382,299,20,05965.jpg
9,62,461,271,142,05966.jpg
14,67,482,302,3,05967.jpg
6,76,400,264,17,05968.jpg
69,202,753,435,57,05969.jpg
51,164,602,359,115,05970.jpg
79,130,565,361,41,05971.jpg
48,10,592,426,23,05972.jpg
40,73,452,302,151,05973.jpg
73,62,608,453,186,05974.jpg
128,152,433,322,155,05975.jpg
18,114,704,498,123,05976.jpg
135,95,1142,789,192,05977.jpg
44,58,221,149,92,05978.jpg
73,86,441,306,4,05979.jpg
1,1,365,264,117,05980.jpg
9,12,626,450,44,05981.jpg
22,55,540,258,185,05982.jpg
27,52,477,285,59,05983.jpg
33,36,593,428,75,05984.jpg
61,110,972,606,28,05985.jpg
16,28,418,239,20,05986.jpg
151,171,648,408,116,05987.jpg
81,73,559,407,132,05988.jpg
49,172,982,681,90,05989.jpg
162,143,478,307,151,05990.jpg
91,164,534,396,68,05991.jpg
14,11,639,412,48,05992.jpg
105,3,869,700,63,05993.jpg
275,80,657,351,145,05994.jpg
19,82,618,393,161,05995.jpg
12,102,390,280,77,05996.jpg
18,120,638,413,50,05997.jpg
313,250,1291,967,170,05998.jpg
32,103,440,325,159,05999.jpg
54,58,596,435,87,06000.jpg
10,47,612,375,176,06001.jpg
77,114,960,646,8,06002.jpg
358,366,1300,860,103,06003.jpg
8,7,256,190,196,06004.jpg
18,13,207,108,42,06005.jpg
33,55,186,121,39,06006.jpg
54,176,493,388,160,06007.jpg
130,346,1489,1090,12,06008.jpg
27,17,367,271,160,06009.jpg
55,149,552,342,77,06010.jpg
39,64,215,143,19,06011.jpg
45,156,608,434,120,06012.jpg
101,59,602,389,195,06013.jpg
274,376,1120,826,100,06014.jpg
22,114,450,295,156,06015.jpg
25,103,599,389,187,06016.jpg
1,34,290,260,105,06017.jpg
13,74,287,158,92,06018.jpg
28,35,230,166,90,06019.jpg
19,63,457,306,12,06020.jpg
30,56,681,293,144,06021.jpg
30,37,544,335,93,06022.jpg
77,124,528,297,186,06023.jpg
5,5,498,211,8,06024.jpg
41,128,588,398,78,06025.jpg
31,41,272,189,59,06026.jpg
38,66,379,289,32,06027.jpg
39,77,1790,919,44,06028.jpg
11,20,637,445,70,06029.jpg
1,89,403,370,30,06030.jpg
150,239,780,479,101,06031.jpg
12,48,636,422,67,06032.jpg
94,269,516,428,73,06033.jpg
139,244,1534,1081,112,06034.jpg
94,382,1531,1036,39,06035.jpg
30,102,680,334,114,06036.jpg
106,72,711,480,16,06037.jpg
59,65,772,456,160,06038.jpg
43,142,1984,1054,120,06039.jpg
168,88,583,252,35,06040.jpg
20,116,588,338,127,06041.jpg
80,35,450,360,154,06042.jpg
4,28,415,340,130,06043.jpg
13,104,356,243,74,06044.jpg
132,48,533,395,172,06045.jpg
15,13,464,360,157,06046.jpg
24,20,283,163,165,06047.jpg
30,88,509,307,57,06048.jpg
411,311,1627,1095,50,06049.jpg
38,45,388,278,68,06050.jpg
13,51,588,338,38,06051.jpg
9,14,490,368,1,06052.jpg
12,57,558,476,119,06053.jpg
8,12,294,160,108,06054.jpg
6,63,638,429,75,06055.jpg
58,73,365,246,139,06056.jpg
6,41,462,319,114,06057.jpg
59,97,431,275,185,06058.jpg
107,193,552,348,130,06059.jpg
42,63,588,367,54,06060.jpg
434,441,1805,1126,2,06061.jpg
116,114,914,584,89,06062.jpg
5,9,498,312,130,06063.jpg
35,58,242,148,69,06064.jpg
8,100,430,257,138,06065.jpg
29,20,509,224,68,06066.jpg
76,220,829,555,15,06067.jpg
40,109,615,414,195,06068.jpg
162,101,641,435,154,06069.jpg
128,61,529,420,139,06070.jpg
37,34,347,207,19,06071.jpg
12,44,179,132,42,06072.jpg
131,82,540,406,89,06073.jpg
41,313,1061,1333,112,06074.jpg
13,62,288,175,37,06075.jpg
37,22,472,337,44,06076.jpg
15,4,234,172,148,06077.jpg
34,39,343,246,27,06078.jpg
26,58,496,362,181,06079.jpg
13,11,288,163,34,06080.jpg
39,43,148,125,161,06081.jpg
22,70,398,243,165,06082.jpg
134,471,1514,1071,98,06083.jpg
23,124,553,413,81,06084.jpg
138,87,542,359,157,06085.jpg
31,112,477,271,93,06086.jpg
58,92,569,407,64,06087.jpg
22,39,221,160,12,06088.jpg
48,151,540,355,27,06089.jpg
26,53,236,146,129,06090.jpg
1,108,479,471,75,06091.jpg
300,172,721,457,168,06092.jpg
6,37,258,113,171,06093.jpg
36,54,193,131,19,06094.jpg
13,27,243,153,134,06095.jpg
323,493,1280,863,164,06096.jpg
87,77,545,362,84,06097.jpg
20,61,588,376,104,06098.jpg
69,83,544,372,4,06099.jpg
47,107,973,711,148,06100.jpg
33,285,1561,993,145,06101.jpg
54,218,566,438,137,06102.jpg
9,19,542,386,81,06103.jpg
28,63,684,334,190,06104.jpg
19,31,566,395,22,06105.jpg
16,37,248,170,108,06106.jpg
27,112,576,294,26,06107.jpg
8,36,469,328,71,06108.jpg
39,183,1007,686,128,06109.jpg
8,76,254,196,41,06110.jpg
65,114,407,327,193,06111.jpg
43,74,547,370,126,06112.jpg
74,20,564,435,181,06113.jpg
81,100,637,512,184,06114.jpg
75,3,532,350,135,06115.jpg
13,20,163,104,70,06116.jpg
17,116,303,309,139,06117.jpg
61,92,778,522,124,06118.jpg
2,51,624,409,85,06119.jpg
21,51,639,445,58,06120.jpg
5,37,176,106,92,06121.jpg
7,174,967,689,35,06122.jpg
25,143,723,456,183,06123.jpg
48,99,584,440,50,06124.jpg
51,39,558,377,64,06125.jpg
70,1,570,414,99,06126.jpg
74,96,572,394,194,06127.jpg
16,67,421,249,40,06128.jpg
185,226,1765,1223,66,06129.jpg
12,18,235,163,162,06130.jpg
271,440,3392,1955,110,06131.jpg
10,52,251,132,80,06132.jpg
19,30,393,276,113,06133.jpg
151,44,485,422,88,06134.jpg
12,58,591,302,171,06135.jpg
66,138,611,427,51,06136.jpg
195,268,1230,962,81,06137.jpg
11,39,258,162,134,06138.jpg
148,247,1261,1051,72,06139.jpg
28,376,1564,985,79,06140.jpg
32,74,917,763,147,06141.jpg
7,50,311,236,48,06142.jpg
85,119,644,374,134,06143.jpg
19,74,1013,659,172,06144.jpg
48,59,612,432,4,06145.jpg
1,25,275,160,76,06146.jpg
31,103,617,317,77,06147.jpg
30,38,234,153,107,06148.jpg
28,70,576,367,185,06149.jpg
22,58,623,413,169,06150.jpg
62,105,976,631,20,06151.jpg
174,79,639,408,109,06152.jpg
18,33,437,287,125,06153.jpg
7,27,246,161,119,06154.jpg
4,19,200,120,46,06155.jpg
11,31,275,171,86,06156.jpg
12,37,246,167,76,06157.jpg
87,235,740,517,7,06158.jpg
86,81,371,252,1,06159.jpg
59,130,974,675,122,06160.jpg
112,265,1507,1099,149,06161.jpg
46,75,425,255,103,06162.jpg
19,93,382,267,12,06163.jpg
29,102,436,251,115,06164.jpg
19,96,615,416,67,06165.jpg
3,81,500,279,55,06166.jpg
19,94,461,294,60,06167.jpg
42,92,588,288,185,06168.jpg
48,121,387,278,25,06169.jpg
377,430,1308,943,183,06170.jpg
27,84,492,375,154,06171.jpg
43,46,691,364,83,06172.jpg
11,30,293,208,65,06173.jpg
1,1,300,179,1,06174.jpg
14,224,1011,612,181,06175.jpg
27,98,624,390,75,06176.jpg
121,78,730,449,145,06177.jpg
73,9,573,427,73,06178.jpg
131,42,500,349,6,06179.jpg
11,27,259,153,74,06180.jpg
30,25,229,165,41,06181.jpg
34,22,594,330,105,06182.jpg
105,91,528,338,5,06183.jpg
47,211,623,426,115,06184.jpg
163,189,1180,723,145,06185.jpg
18,21,237,213,150,06186.jpg
57,107,752,476,89,06187.jpg
97,137,965,652,192,06188.jpg
55,86,414,301,109,06189.jpg
99,135,931,613,96,06190.jpg
2,30,455,337,48,06191.jpg
75,245,1207,695,133,06192.jpg
34,123,267,209,22,06193.jpg
37,3,639,415,133,06194.jpg
245,97,567,315,146,06195.jpg
6,63,571,303,6,06196.jpg
75,68,583,356,50,06197.jpg
9,8,223,108,157,06198.jpg
7,32,294,213,53,06199.jpg
117,90,538,365,89,06200.jpg
32,55,607,403,118,06201.jpg
36,40,372,290,28,06202.jpg
5,42,636,473,36,06203.jpg
3,31,273,176,32,06204.jpg
72,109,1003,686,53,06205.jpg
3,60,404,215,8,06206.jpg
61,6,299,164,175,06207.jpg
16,6,203,151,15,06208.jpg
19,206,632,467,87,06209.jpg
15,17,343,199,130,06210.jpg
117,53,513,439,182,06211.jpg
19,33,243,148,48,06212.jpg
40,19,599,402,178,06213.jpg
27,5,239,182,37,06214.jpg
131,532,2152,1327,50,06215.jpg
16,74,283,189,98,06216.jpg
202,71,1086,705,41,06217.jpg
35,42,194,105,80,06218.jpg
19,68,603,439,128,06219.jpg
3,43,259,178,82,06220.jpg
60,102,759,418,104,06221.jpg
2,112,552,372,43,06222.jpg
12,32,466,225,117,06223.jpg
313,367,1333,901,17,06224.jpg
47,68,1179,513,47,06225.jpg
155,651,1970,1328,36,06226.jpg
32,111,630,431,14,06227.jpg
48,58,605,373,106,06228.jpg
51,134,594,416,23,06229.jpg
40,244,1144,637,21,06230.jpg
20,82,399,294,78,06231.jpg
18,332,1105,810,163,06232.jpg
6,31,256,128,41,06233.jpg
37,43,217,178,34,06234.jpg
66,70,872,501,182,06235.jpg
27,119,625,462,23,06236.jpg
169,165,707,501,105,06237.jpg
29,86,603,388,144,06238.jpg
15,65,441,258,10,06239.jpg
1,5,639,480,179,06240.jpg
14,42,613,384,135,06241.jpg
45,56,580,347,123,06242.jpg
18,25,230,178,65,06243.jpg
118,402,1011,733,6,06244.jpg
58,87,561,400,82,06245.jpg
33,120,514,471,125,06246.jpg
115,112,1471,1087,183,06247.jpg
68,56,352,213,90,06248.jpg
31,98,371,245,25,06249.jpg
36,21,639,480,166,06250.jpg
21,20,281,167,152,06251.jpg
10,14,394,252,32,06252.jpg
139,371,1954,1241,62,06253.jpg
134,269,664,546,47,06254.jpg
26,41,521,287,116,06255.jpg
3,18,295,159,122,06256.jpg
42,111,521,409,163,06257.jpg
31,17,621,445,149,06258.jpg
60,183,502,532,168,06259.jpg
12,12,787,498,194,06260.jpg
3,181,601,413,87,06261.jpg
6,20,123,88,1,06262.jpg
12,23,245,183,125,06263.jpg
109,118,550,304,105,06264.jpg
78,123,435,283,26,06265.jpg
43,93,612,401,127,06266.jpg
14,60,308,134,103,06267.jpg
1,99,591,400,74,06268.jpg
337,375,1116,745,7,06269.jpg
7,53,386,250,56,06270.jpg
15,35,261,147,88,06271.jpg
20,53,992,667,183,06272.jpg
16,29,480,283,73,06273.jpg
27,45,284,155,128,06274.jpg
86,63,509,317,144,06275.jpg
49,82,965,706,159,06276.jpg
26,21,253,156,19,06277.jpg
20,43,461,329,37,06278.jpg
39,123,615,353,126,06279.jpg
26,17,396,257,92,06280.jpg
66,33,960,613,173,06281.jpg
64,207,907,483,152,06282.jpg
33,51,609,397,113,06283.jpg
7,41,83,64,57,06284.jpg
30,68,366,215,190,06285.jpg
73,301,642,538,193,06286.jpg
54,53,572,356,176,06287.jpg
76,97,971,685,135,06288.jpg
37,7,351,250,100,06289.jpg
8,53,247,137,107,06290.jpg
12,50,196,130,18,06291.jpg
36,185,990,629,5,06292.jpg
49,37,613,428,113,06293.jpg
105,412,1163,816,163,06294.jpg
68,72,424,230,53,06295.jpg
24,38,246,172,5,06296.jpg
4,21,204,121,88,06297.jpg
76,379,1392,843,30,06298.jpg
8,40,247,156,31,06299.jpg
135,159,459,327,173,06300.jpg
180,284,866,572,156,06301.jpg
24,341,1001,696,4,06302.jpg
339,447,1213,699,105,06303.jpg
4,19,470,222,150,06304.jpg
41,60,410,295,54,06305.jpg
6,127,483,298,98,06306.jpg
72,98,565,404,58,06307.jpg
39,188,332,342,37,06308.jpg
25,55,456,279,7,06309.jpg
26,295,1003,727,107,06310.jpg
52,238,1710,1188,145,06311.jpg
39,59,416,322,95,06312.jpg
7,74,292,200,5,06313.jpg
11,75,490,326,56,06314.jpg
27,113,614,369,149,06315.jpg
31,52,291,192,83,06316.jpg
22,45,279,169,31,06317.jpg
36,125,576,479,153,06318.jpg
9,23,293,166,95,06319.jpg
45,23,306,245,88,06320.jpg
45,217,741,499,68,06321.jpg
28,55,270,170,138,06322.jpg
24,102,529,354,97,06323.jpg
20,64,614,396,108,06324.jpg
17,17,279,195,131,06325.jpg
55,88,540,325,41,06326.jpg
127,123,503,299,98,06327.jpg
15,14,278,171,3,06328.jpg
183,191,364,317,163,06329.jpg
31,73,792,429,123,06330.jpg
252,19,494,298,147,06331.jpg
43,512,1994,1399,76,06332.jpg
80,81,575,393,85,06333.jpg
192,63,618,415,92,06334.jpg
27,38,262,152,19,06335.jpg
14,33,288,144,121,06336.jpg
36,23,554,323,122,06337.jpg
6,48,249,168,174,06338.jpg
2,103,633,444,87,06339.jpg
136,124,1084,707,193,06340.jpg
57,173,527,379,153,06341.jpg
112,129,887,478,177,06342.jpg
75,174,487,504,191,06343.jpg
45,35,639,403,23,06344.jpg
10,67,528,352,52,06345.jpg
46,51,457,261,78,06346.jpg
37,235,921,640,134,06347.jpg
1,26,570,336,168,06348.jpg
30,17,620,425,149,06349.jpg
9,102,573,397,98,06350.jpg
3,10,1182,881,132,06351.jpg
74,180,543,433,161,06352.jpg
6,59,447,310,83,06353.jpg
97,32,984,585,58,06354.jpg
30,114,867,413,56,06355.jpg
23,64,274,195,74,06356.jpg
1,37,300,237,71,06357.jpg
26,23,379,269,46,06358.jpg
1,43,1278,806,91,06359.jpg
4,2,106,82,88,06360.jpg
16,46,622,282,66,06361.jpg
2,19,104,60,18,06362.jpg
51,61,534,355,125,06363.jpg
31,63,192,136,161,06364.jpg
13,32,785,464,172,06365.jpg
29,211,619,410,57,06366.jpg
10,80,576,317,185,06367.jpg
53,30,538,265,134,06368.jpg
1,47,279,149,44,06369.jpg
12,39,790,488,154,06370.jpg
242,544,1315,1006,179,06371.jpg
76,59,218,157,56,06372.jpg
73,38,512,374,196,06373.jpg
44,21,420,210,181,06374.jpg
3,21,558,378,9,06375.jpg
8,91,600,408,126,06376.jpg
6,49,709,475,49,06377.jpg
9,70,471,346,53,06378.jpg
209,407,1863,1277,144,06379.jpg
27,22,581,325,160,06380.jpg
24,122,631,411,9,06381.jpg
21,45,557,273,117,06382.jpg
35,111,932,599,97,06383.jpg
27,131,560,350,101,06384.jpg
65,71,590,441,109,06385.jpg
4,106,494,274,55,06386.jpg
53,161,470,322,28,06387.jpg
52,35,246,174,5,06388.jpg
2,50,531,241,141,06389.jpg
81,107,660,431,189,06390.jpg
57,354,967,635,112,06391.jpg
28,83,557,317,45,06392.jpg
169,255,2492,1244,170,06393.jpg
46,59,438,325,141,06394.jpg
54,97,448,278,39,06395.jpg
23,81,606,423,54,06396.jpg
72,13,1021,610,179,06397.jpg
80,172,951,627,126,06398.jpg
10,117,456,330,161,06399.jpg
18,57,247,144,143,06400.jpg
16,433,1585,1072,102,06401.jpg
42,105,581,433,113,06402.jpg
38,72,627,423,133,06403.jpg
12,86,478,305,124,06404.jpg
36,91,601,383,39,06405.jpg
1,1,1484,900,3,06406.jpg
34,41,624,411,125,06407.jpg
42,95,370,229,139,06408.jpg
14,54,453,197,185,06409.jpg
50,80,223,167,80,06410.jpg
2,30,257,168,38,06411.jpg
8,20,191,99,143,06412.jpg
61,93,755,290,152,06413.jpg
34,45,562,345,120,06414.jpg
44,318,976,640,171,06415.jpg
65,15,468,264,188,06416.jpg
105,156,946,536,144,06417.jpg
8,175,793,547,162,06418.jpg
26,16,244,164,109,06419.jpg
38,97,460,316,110,06420.jpg
85,141,588,348,161,06421.jpg
37,93,608,404,4,06422.jpg
31,46,427,255,177,06423.jpg
61,58,420,290,93,06424.jpg
13,99,631,425,138,06425.jpg
68,167,437,325,34,06426.jpg
148,47,547,340,182,06427.jpg
79,132,548,378,108,06428.jpg
20,132,513,365,146,06429.jpg
32,18,232,173,181,06430.jpg
8,195,626,435,48,06431.jpg
41,114,975,670,19,06432.jpg
257,352,1332,840,11,06433.jpg
121,90,838,513,187,06434.jpg
126,80,588,326,148,06435.jpg
9,111,388,258,139,06436.jpg
47,23,585,480,119,06437.jpg
52,105,612,327,72,06438.jpg
309,199,1152,522,144,06439.jpg
18,135,468,314,181,06440.jpg
8,15,253,165,76,06441.jpg
42,69,477,289,193,06442.jpg
34,90,452,352,31,06443.jpg
61,118,581,347,67,06444.jpg
36,122,615,348,114,06445.jpg
13,22,886,556,122,06446.jpg
11,174,967,575,76,06447.jpg
33,19,347,199,88,06448.jpg
29,27,210,112,151,06449.jpg
7,49,255,173,13,06450.jpg
17,72,602,386,165,06451.jpg
645,281,3464,2572,145,06452.jpg
28,175,898,551,10,06453.jpg
95,86,900,599,138,06454.jpg
197,97,575,346,132,06455.jpg
3,53,419,259,69,06456.jpg
120,134,1060,660,45,06457.jpg
65,156,827,447,29,06458.jpg
19,68,606,384,68,06459.jpg
95,35,553,390,89,06460.jpg
69,59,582,434,94,06461.jpg
74,61,584,420,192,06462.jpg
27,32,252,168,113,06463.jpg
5,103,1019,690,113,06464.jpg
43,43,221,169,196,06465.jpg
16,181,992,531,75,06466.jpg
112,149,921,610,46,06467.jpg
21,77,262,167,84,06468.jpg
6,24,254,155,67,06469.jpg
27,79,629,375,119,06470.jpg
35,75,216,179,195,06471.jpg
72,14,463,316,166,06472.jpg
72,69,730,437,158,06473.jpg
96,81,572,400,140,06474.jpg
56,157,590,422,23,06475.jpg
6,32,250,191,131,06476.jpg
44,40,262,184,83,06477.jpg
84,120,560,367,99,06478.jpg
109,118,1456,1150,178,06479.jpg
92,45,534,267,7,06480.jpg
84,76,602,414,119,06481.jpg
193,197,1023,751,167,06482.jpg
20,24,636,295,139,06483.jpg
1,11,92,47,123,06484.jpg
74,106,483,319,10,06485.jpg
2,38,323,293,29,06486.jpg
24,32,609,397,133,06487.jpg
27,172,536,335,97,06488.jpg
190,221,638,419,182,06489.jpg
55,93,608,447,77,06490.jpg
6,66,409,278,119,06491.jpg
35,85,996,626,176,06492.jpg
17,95,398,301,128,06493.jpg
349,402,1122,817,101,06494.jpg
9,15,246,186,109,06495.jpg
43,95,585,422,187,06496.jpg
8,95,618,388,126,06497.jpg
39,91,380,234,36,06498.jpg
96,187,566,357,114,06499.jpg
45,168,535,358,135,06500.jpg
109,89,467,280,104,06501.jpg
9,24,134,102,70,06502.jpg
64,109,395,274,80,06503.jpg
230,218,864,498,161,06504.jpg
2,64,264,198,44,06505.jpg
71,70,418,311,84,06506.jpg
42,66,461,272,139,06507.jpg
157,1187,1491,2055,58,06508.jpg
1,14,275,171,22,06509.jpg
89,1,342,261,150,06510.jpg
8,26,269,116,82,06511.jpg
22,79,407,243,67,06512.jpg
24,76,399,288,65,06513.jpg
13,103,499,281,54,06514.jpg
1,1,639,480,12,06515.jpg
18,84,478,307,3,06516.jpg
115,54,666,425,169,06517.jpg
133,431,1962,1072,7,06518.jpg
165,151,1480,1292,170,06519.jpg
6,53,448,263,44,06520.jpg
39,93,540,229,103,06521.jpg
29,72,982,674,132,06522.jpg
86,77,423,257,175,06523.jpg
11,158,1012,663,171,06524.jpg
135,73,609,365,73,06525.jpg
62,81,467,318,150,06526.jpg
45,71,465,335,138,06527.jpg
51,95,625,472,54,06528.jpg
91,74,509,240,11,06529.jpg
72,73,316,217,8,06530.jpg
12,7,252,182,39,06531.jpg
255,528,1451,1084,170,06532.jpg
12,83,627,465,127,06533.jpg
21,30,463,244,78,06534.jpg
59,94,477,332,73,06535.jpg
22,30,383,181,21,06536.jpg
11,7,265,176,69,06537.jpg
19,126,598,421,6,06538.jpg
28,41,265,198,9,06539.jpg
42,120,591,438,119,06540.jpg
32,61,628,398,69,06541.jpg
33,195,990,590,164,06542.jpg
16,39,228,163,162,06543.jpg
18,154,756,426,112,06544.jpg
38,89,379,281,21,06545.jpg
69,166,760,391,22,06546.jpg
27,153,620,471,70,06547.jpg
63,87,575,440,89,06548.jpg
10,137,579,411,43,06549.jpg
68,122,498,335,52,06550.jpg
15,18,788,417,83,06551.jpg
49,110,579,377,127,06552.jpg
25,106,608,414,19,06553.jpg
25,43,237,164,88,06554.jpg
124,177,567,429,149,06555.jpg
11,28,256,196,53,06556.jpg
18,26,260,138,27,06557.jpg
179,549,1004,879,102,06558.jpg
21,42,453,329,32,06559.jpg
41,59,785,431,194,06560.jpg
83,119,510,392,190,06561.jpg
23,118,608,349,138,06562.jpg
4,51,422,314,71,06563.jpg
22,32,297,188,90,06564.jpg
8,95,430,364,24,06565.jpg
53,121,551,423,53,06566.jpg
26,58,587,397,59,06567.jpg
1,43,128,91,17,06568.jpg
1,87,398,257,142,06569.jpg
99,346,1421,951,13,06570.jpg
20,16,449,300,2,06571.jpg
18,86,631,401,177,06572.jpg
153,412,1806,1080,189,06573.jpg
84,46,512,365,28,06574.jpg
64,70,452,366,47,06575.jpg
64,347,629,577,184,06576.jpg
33,86,614,396,65,06577.jpg
31,15,378,185,125,06578.jpg
15,20,630,477,64,06579.jpg
21,131,628,305,175,06580.jpg
51,147,588,422,22,06581.jpg
74,55,671,388,129,06582.jpg
77,128,1211,711,40,06583.jpg
20,37,480,316,122,06584.jpg
2,9,231,163,190,06585.jpg
44,62,555,294,14,06586.jpg
25,53,238,167,53,06587.jpg
60,129,604,377,51,06588.jpg
121,409,1146,779,55,06589.jpg
137,38,574,371,76,06590.jpg
38,43,225,156,106,06591.jpg
3,30,295,192,70,06592.jpg
112,190,697,483,25,06593.jpg
22,46,643,311,105,06594.jpg
27,34,250,160,83,06595.jpg
5,22,257,159,83,06596.jpg
9,34,240,150,108,06597.jpg
15,43,346,236,33,06598.jpg
81,83,1524,851,92,06599.jpg
29,6,271,168,14,06600.jpg
8,11,194,122,125,06601.jpg
7,1,1597,1207,183,06602.jpg
39,127,595,360,7,06603.jpg
151,442,1950,1100,169,06604.jpg
10,8,747,582,32,06605.jpg
57,147,563,413,152,06606.jpg
124,130,372,269,127,06607.jpg
58,82,1231,789,196,06608.jpg
15,24,234,167,111,06609.jpg
3,3,200,114,18,06610.jpg
8,19,266,179,54,06611.jpg
17,17,249,140,72,06612.jpg
1,199,1492,885,112,06613.jpg
39,29,470,286,4,06614.jpg
11,210,1011,600,112,06615.jpg
32,36,437,272,23,06616.jpg
195,147,838,583,144,06617.jpg
21,164,607,359,61,06618.jpg
26,80,630,458,115,06619.jpg
73,1,412,210,32,06620.jpg
54,92,471,334,145,06621.jpg
36,37,231,198,175,06622.jpg
143,181,984,663,124,06623.jpg
23,134,619,349,2,06624.jpg
52,171,970,563,105,06625.jpg
8,8,234,143,119,06626.jpg
78,143,596,423,115,06627.jpg
94,281,2952,1412,59,06628.jpg
59,42,231,173,109,06629.jpg
19,30,246,154,51,06630.jpg
57,297,757,639,170,06631.jpg
7,7,342,219,195,06632.jpg
24,60,382,292,35,06633.jpg
26,39,252,155,174,06634.jpg
44,96,621,360,44,06635.jpg
49,22,548,358,41,06636.jpg
1,133,400,285,151,06637.jpg
31,5,1247,799,183,06638.jpg
64,59,948,675,147,06639.jpg
12,21,258,161,69,06640.jpg
47,83,380,293,153,06641.jpg
25,14,484,303,121,06642.jpg
106,89,606,425,64,06643.jpg
338,82,1133,733,7,06644.jpg
48,161,725,450,49,06645.jpg
35,41,187,108,16,06646.jpg
12,7,289,232,71,06647.jpg
21,195,588,478,101,06648.jpg
15,70,480,290,108,06649.jpg
5,3,284,129,76,06650.jpg
51,87,573,355,94,06651.jpg
207,454,1766,1100,150,06652.jpg
82,47,565,358,39,06653.jpg
96,8,401,328,166,06654.jpg
52,28,269,210,143,06655.jpg
98,2,554,422,168,06656.jpg
28,67,555,334,81,06657.jpg
13,51,461,336,188,06658.jpg
2,73,635,477,146,06659.jpg
46,86,557,287,6,06660.jpg
103,70,934,688,164,06661.jpg
90,112,681,486,32,06662.jpg
99,114,969,683,32,06663.jpg
62,117,465,250,18,06664.jpg
80,142,567,366,49,06665.jpg
14,117,617,383,79,06666.jpg
9,29,259,153,60,06667.jpg
49,34,751,501,166,06668.jpg
61,58,269,148,134,06669.jpg
17,49,536,302,106,06670.jpg
4,76,583,326,158,06671.jpg
60,51,622,424,181,06672.jpg
33,55,531,414,189,06673.jpg
76,178,353,328,188,06674.jpg
204,410,986,730,10,06675.jpg
41,4,275,192,32,06676.jpg
70,88,247,188,20,06677.jpg
7,149,897,556,21,06678.jpg
60,45,594,428,147,06679.jpg
416,420,988,777,132,06680.jpg
3,9,249,144,142,06681.jpg
135,81,375,230,118,06682.jpg
13,98,287,198,9,06683.jpg
37,171,1052,472,57,06684.jpg
5,99,292,191,151,06685.jpg
44,275,1237,858,140,06686.jpg
24,117,468,364,96,06687.jpg
10,84,551,321,103,06688.jpg
316,432,1690,1458,185,06689.jpg
20,130,607,421,79,06690.jpg
3,22,149,110,90,06691.jpg
7,128,1003,688,71,06692.jpg
138,163,783,417,61,06693.jpg
55,61,480,257,98,06694.jpg
4,37,220,119,82,06695.jpg
42,75,382,273,30,06696.jpg
76,104,455,284,174,06697.jpg
33,57,255,162,165,06698.jpg
102,92,937,567,141,06699.jpg
23,31,790,395,147,06700.jpg
51,14,560,409,47,06701.jpg
103,7,549,278,50,06702.jpg
44,44,563,261,27,06703.jpg
172,137,501,358,25,06704.jpg
59,25,260,127,22,06705.jpg
93,153,807,472,177,06706.jpg
46,78,583,334,105,06707.jpg
106,168,752,512,12,06708.jpg
126,270,694,466,102,06709.jpg
39,328,754,567,175,06710.jpg
55,20,393,205,90,06711.jpg
40,84,959,700,36,06712.jpg
28,84,453,282,46,06713.jpg
80,51,650,409,33,06714.jpg
25,50,1608,843,53,06715.jpg
11,79,295,223,21,06716.jpg
167,54,610,551,166,06717.jpg
97,2,599,409,6,06718.jpg
21,42,563,248,47,06719.jpg
169,301,1489,991,125,06720.jpg
53,388,1236,729,151,06721.jpg
155,242,954,653,168,06722.jpg
252,217,536,392,116,06723.jpg
4,6,261,99,129,06724.jpg
267,128,1517,965,145,06725.jpg
82,174,994,640,66,06726.jpg
125,131,1529,977,170,06727.jpg
5,41,194,150,48,06728.jpg
292,232,857,509,41,06729.jpg
199,219,1369,781,187,06730.jpg
29,21,583,382,83,06731.jpg
26,31,681,412,147,06732.jpg
97,104,285,210,134,06733.jpg
66,349,643,545,26,06734.jpg
13,237,602,434,92,06735.jpg
21,64,289,171,148,06736.jpg
83,105,480,375,110,06737.jpg
38,59,597,452,80,06738.jpg
13,20,293,147,54,06739.jpg
47,51,611,432,166,06740.jpg
50,53,545,377,20,06741.jpg
6,15,315,142,76,06742.jpg
113,38,485,280,193,06743.jpg
5,36,239,140,92,06744.jpg
65,145,564,395,137,06745.jpg
18,44,443,314,113,06746.jpg
20,122,1009,667,72,06747.jpg
15,36,290,181,86,06748.jpg
68,87,909,631,121,06749.jpg
14,122,626,377,95,06750.jpg
8,80,250,184,3,06751.jpg
22,160,1360,739,27,06752.jpg
34,14,1005,658,147,06753.jpg
22,61,774,517,119,06754.jpg
32,59,469,298,135,06755.jpg
80,104,284,196,22,06756.jpg
10,143,539,334,56,06757.jpg
57,4,269,161,34,06758.jpg
176,89,1175,735,196,06759.jpg
15,50,385,295,115,06760.jpg
22,53,329,204,109,06761.jpg
23,24,237,177,82,06762.jpg
11,45,253,189,80,06763.jpg
54,77,609,402,137,06764.jpg
31,86,758,501,68,06765.jpg
2,95,318,183,158,06766.jpg
24,4,235,173,62,06767.jpg
49,293,1003,696,40,06768.jpg
68,183,549,349,179,06769.jpg
35,6,276,190,76,06770.jpg
35,105,598,351,10,06771.jpg
28,43,236,152,72,06772.jpg
24,22,559,371,139,06773.jpg
115,507,2457,1658,5,06774.jpg
129,38,326,114,106,06775.jpg
143,85,482,373,168,06776.jpg
109,359,1477,1082,183,06777.jpg
51,103,284,192,22,06778.jpg
40,40,569,306,60,06779.jpg
9,112,439,278,61,06780.jpg
9,39,272,156,44,06781.jpg
64,96,596,360,8,06782.jpg
163,229,1033,651,192,06783.jpg
1,66,619,339,3,06784.jpg
142,72,367,235,180,06785.jpg
60,79,576,401,128,06786.jpg
22,100,435,313,47,06787.jpg
28,46,263,183,108,06788.jpg
8,22,249,127,143,06789.jpg
14,111,788,388,82,06790.jpg
61,178,1240,1066,167,06791.jpg
74,166,619,430,39,06792.jpg
17,71,227,175,21,06793.jpg
152,46,1137,744,47,06794.jpg
26,375,1001,734,156,06795.jpg
57,88,361,293,90,06796.jpg
220,153,415,263,146,06797.jpg
39,46,1413,904,99,06798.jpg
72,114,1019,692,112,06799.jpg
9,51,293,165,42,06800.jpg
7,97,422,295,59,06801.jpg
10,130,477,273,67,06802.jpg
70,21,670,466,89,06803.jpg
42,39,589,437,85,06804.jpg
15,38,228,174,143,06805.jpg
50,173,579,375,126,06806.jpg
52,129,579,320,61,06807.jpg
132,109,870,513,149,06808.jpg
8,29,252,188,106,06809.jpg
13,45,294,171,72,06810.jpg
21,29,229,175,106,06811.jpg
59,133,955,688,133,06812.jpg
120,151,534,345,119,06813.jpg
37,32,747,505,106,06814.jpg
46,93,423,283,54,06815.jpg
10,24,254,158,3,06816.jpg
5,50,499,308,106,06817.jpg
17,40,245,153,136,06818.jpg
139,101,678,410,192,06819.jpg
2,3,541,479,166,06820.jpg
56,76,750,485,190,06821.jpg
22,186,975,652,148,06822.jpg
74,56,577,276,31,06823.jpg
21,52,638,340,110,06824.jpg
117,226,1404,1055,114,06825.jpg
70,77,479,241,22,06826.jpg
32,17,427,250,142,06827.jpg
8,50,242,129,92,06828.jpg
28,36,570,285,35,06829.jpg
15,155,486,323,20,06830.jpg
114,48,570,450,166,06831.jpg
1,239,1436,932,8,06832.jpg
3,23,132,98,1,06833.jpg
75,47,327,246,67,06834.jpg
63,76,551,321,182,06835.jpg
10,122,432,243,103,06836.jpg
259,730,1381,1117,164,06837.jpg
66,22,984,617,164,06838.jpg
34,53,270,139,2,06839.jpg
55,116,639,377,161,06840.jpg
13,46,291,165,177,06841.jpg
13,166,1005,638,135,06842.jpg
23,52,270,188,136,06843.jpg
34,49,872,430,178,06844.jpg
90,40,628,365,14,06845.jpg
80,82,831,572,138,06846.jpg
45,157,596,395,87,06847.jpg
2,24,255,138,74,06848.jpg
14,41,463,322,48,06849.jpg
101,314,894,612,5,06850.jpg
91,258,1079,825,145,06851.jpg
20,122,465,307,24,06852.jpg
61,39,206,160,121,06853.jpg
31,60,253,145,158,06854.jpg
45,89,988,612,145,06855.jpg
32,52,432,277,71,06856.jpg
17,27,207,98,14,06857.jpg
184,185,571,314,180,06858.jpg
40,98,595,377,12,06859.jpg
20,46,291,170,40,06860.jpg
43,135,756,420,162,06861.jpg
28,85,577,309,62,06862.jpg
69,191,722,430,50,06863.jpg
128,194,519,407,75,06864.jpg
40,48,287,191,148,06865.jpg
39,141,602,337,187,06866.jpg
13,93,880,511,185,06867.jpg
44,158,568,371,84,06868.jpg
17,17,236,170,15,06869.jpg
104,165,416,381,196,06870.jpg
34,28,171,104,18,06871.jpg
20,38,615,394,178,06872.jpg
1,3,224,95,18,06873.jpg
26,11,269,221,155,06874.jpg
10,22,488,280,125,06875.jpg
8,36,455,318,71,06876.jpg
27,33,608,381,139,06877.jpg
39,222,1021,587,114,06878.jpg
66,80,426,192,29,06879.jpg
11,8,575,314,72,06880.jpg
28,75,618,290,84,06881.jpg
95,105,917,592,79,06882.jpg
109,142,530,323,59,06883.jpg
79,139,447,317,155,06884.jpg
62,318,1455,803,30,06885.jpg
9,1,799,501,57,06886.jpg
6,529,737,945,101,06887.jpg
103,414,1643,1086,86,06888.jpg
44,126,613,429,182,06889.jpg
196,43,1372,1156,108,06890.jpg
31,10,718,323,29,06891.jpg
6,17,297,179,31,06892.jpg
29,179,623,438,115,06893.jpg
24,46,607,242,27,06894.jpg
147,737,1950,1430,154,06895.jpg
4,61,423,276,9,06896.jpg
11,22,394,178,162,06897.jpg
29,93,485,334,66,06898.jpg
135,135,865,613,148,06899.jpg
105,169,733,477,144,06900.jpg
55,16,499,280,82,06901.jpg
283,346,1357,877,55,06902.jpg
95,120,581,336,97,06903.jpg
26,36,302,221,12,06904.jpg
6,19,285,174,114,06905.jpg
37,229,563,429,10,06906.jpg
105,68,393,269,32,06907.jpg
37,32,337,240,146,06908.jpg
45,75,591,421,147,06909.jpg
213,138,588,390,101,06910.jpg
70,45,436,271,177,06911.jpg
25,44,626,420,115,06912.jpg
39,114,603,377,91,06913.jpg
100,145,590,308,20,06914.jpg
44,42,581,280,42,06915.jpg
54,95,603,376,25,06916.jpg
12,62,310,181,60,06917.jpg
104,227,1168,706,139,06918.jpg
26,102,633,389,30,06919.jpg
7,164,636,342,156,06920.jpg
12,58,248,150,9,06921.jpg
57,29,690,409,133,06922.jpg
16,72,452,216,55,06923.jpg
44,34,225,159,48,06924.jpg
25,34,588,254,60,06925.jpg
120,80,673,445,150,06926.jpg
44,178,564,402,178,06927.jpg
29,23,463,333,138,06928.jpg
7,31,294,214,110,06929.jpg
63,80,557,421,142,06930.jpg
46,120,675,343,87,06931.jpg
20,55,285,177,127,06932.jpg
47,39,751,337,145,06933.jpg
42,79,371,273,30,06934.jpg
21,107,484,273,193,06935.jpg
19,61,222,139,141,06936.jpg
14,180,1017,708,91,06937.jpg
23,108,613,355,79,06938.jpg
54,74,588,394,125,06939.jpg
31,74,689,411,76,06940.jpg
7,406,1492,1024,55,06941.jpg
216,214,816,447,134,06942.jpg
1,37,260,161,123,06943.jpg
22,82,988,533,79,06944.jpg
102,191,973,559,30,06945.jpg
17,48,234,154,70,06946.jpg
14,61,938,406,17,06947.jpg
78,13,556,419,94,06948.jpg
192,135,647,437,26,06949.jpg
59,291,963,640,167,06950.jpg
183,113,506,367,133,06951.jpg
7,10,206,115,41,06952.jpg
268,440,953,820,39,06953.jpg
96,33,687,264,20,06954.jpg
47,91,491,286,142,06955.jpg
42,64,267,195,23,06956.jpg
44,57,506,390,137,06957.jpg
50,137,583,395,179,06958.jpg
13,136,626,380,80,06959.jpg
45,142,591,337,194,06960.jpg
185,40,1648,1065,147,06961.jpg
4,73,480,238,92,06962.jpg
69,99,582,368,109,06963.jpg
7,56,286,174,108,06964.jpg
30,106,599,340,184,06965.jpg
66,49,959,706,85,06966.jpg
10,102,451,360,113,06967.jpg
57,69,467,328,131,06968.jpg
99,147,712,516,21,06969.jpg
95,22,499,216,96,06970.jpg
65,83,420,305,71,06971.jpg
7,103,456,280,52,06972.jpg
167,196,1274,824,138,06973.jpg
52,46,487,247,3,06974.jpg
95,87,961,702,154,06975.jpg
5,6,397,185,82,06976.jpg
83,131,536,368,149,06977.jpg
41,105,973,606,87,06978.jpg
92,190,481,357,101,06979.jpg
91,197,949,606,167,06980.jpg
67,27,181,81,174,06981.jpg
88,122,1200,772,142,06982.jpg
82,270,1113,740,173,06983.jpg
33,97,413,245,15,06984.jpg
54,515,1220,884,80,06985.jpg
74,71,610,399,100,06986.jpg
19,88,390,228,135,06987.jpg
18,41,263,132,174,06988.jpg
11,48,1008,491,170,06989.jpg
128,179,665,534,149,06990.jpg
53,274,894,641,13,06991.jpg
39,47,177,118,136,06992.jpg
58,210,899,685,89,06993.jpg
11,16,324,203,44,06994.jpg
187,205,545,369,103,06995.jpg
12,37,255,176,92,06996.jpg
187,113,604,443,37,06997.jpg
54,26,603,455,175,06998.jpg
3,78,450,257,80,06999.jpg
22,21,252,174,177,07000.jpg
22,38,480,274,118,07001.jpg
6,28,297,157,18,07002.jpg
213,18,617,280,186,07003.jpg
41,130,475,361,155,07004.jpg
3,108,1333,887,11,07005.jpg
66,49,551,397,188,07006.jpg
110,69,647,416,130,07007.jpg
75,85,1178,780,12,07008.jpg
6,19,399,280,155,07009.jpg
118,112,485,351,120,07010.jpg
46,107,493,270,143,07011.jpg
36,52,553,320,96,07012.jpg
168,288,1125,704,167,07013.jpg
38,32,243,167,118,07014.jpg
37,50,609,402,133,07015.jpg
34,61,501,361,141,07016.jpg
12,52,391,231,51,07017.jpg
295,292,1234,892,173,07018.jpg
17,87,615,397,69,07019.jpg
346,293,1027,764,89,07020.jpg
21,48,579,480,95,07021.jpg
11,64,891,512,28,07022.jpg
1,35,180,156,116,07023.jpg
55,16,767,500,160,07024.jpg
52,25,751,507,1,07025.jpg
158,67,1147,759,196,07026.jpg
17,42,258,145,38,07027.jpg
17,89,557,310,18,07028.jpg
1,1,300,95,51,07029.jpg
102,291,975,872,97,07030.jpg
159,432,1462,896,28,07031.jpg
45,48,457,314,110,07032.jpg
30,31,440,190,139,07033.jpg
53,31,460,330,34,07034.jpg
22,89,921,629,75,07035.jpg
7,94,397,223,72,07036.jpg
43,97,591,397,181,07037.jpg
277,171,578,369,147,07038.jpg
29,141,749,397,22,07039.jpg
129,99,427,249,31,07040.jpg
152,139,432,309,117,07041.jpg
11,78,250,159,175,07042.jpg
3,227,637,452,102,07043.jpg
57,41,242,151,90,07044.jpg
32,49,445,302,30,07045.jpg
77,129,475,316,80,07046.jpg
14,18,284,223,71,07047.jpg
301,239,1239,607,11,07048.jpg
10,49,576,403,191,07049.jpg
29,444,1253,928,4,07050.jpg
69,30,832,582,35,07051.jpg
50,55,432,261,59,07052.jpg
49,34,190,109,16,07053.jpg
313,460,1399,1150,115,07054.jpg
59,62,1435,916,166,07055.jpg
34,134,883,546,35,07056.jpg
66,339,1756,1429,94,07057.jpg
202,181,1513,1120,48,07058.jpg
3,80,638,410,19,07059.jpg
207,201,533,374,105,07060.jpg
55,53,567,269,7,07061.jpg
6,74,471,320,118,07062.jpg
42,60,265,153,141,07063.jpg
30,24,232,164,86,07064.jpg
202,121,561,384,116,07065.jpg
27,207,597,392,194,07066.jpg
284,291,1247,732,194,07067.jpg
62,288,1215,686,57,07068.jpg
17,15,200,126,123,07069.jpg
107,71,293,216,78,07070.jpg
65,101,583,357,123,07071.jpg
18,77,600,393,127,07072.jpg
55,102,930,676,192,07073.jpg
33,33,605,376,78,07074.jpg
15,28,466,313,54,07075.jpg
2,34,128,81,17,07076.jpg
29,92,640,386,63,07077.jpg
9,214,971,631,140,07078.jpg
20,102,620,407,108,07079.jpg
491,252,904,437,152,07080.jpg
134,89,787,590,34,07081.jpg
21,103,459,249,45,07082.jpg
31,22,239,193,106,07083.jpg
17,35,458,256,51,07084.jpg
9,21,473,293,68,07085.jpg
6,31,247,175,51,07086.jpg
54,128,564,420,86,07087.jpg
41,133,1007,748,147,07088.jpg
76,117,443,336,59,07089.jpg
8,53,462,252,15,07090.jpg
75,82,328,204,98,07091.jpg
16,13,600,408,191,07092.jpg
19,11,626,445,139,07093.jpg
6,22,259,165,156,07094.jpg
146,264,860,654,107,07095.jpg
47,60,530,344,163,07096.jpg
12,30,613,438,71,07097.jpg
17,67,632,416,107,07098.jpg
125,24,882,621,107,07099.jpg
33,170,587,374,157,07100.jpg
34,100,454,250,86,07101.jpg
22,111,559,383,185,07102.jpg
11,99,427,229,15,07103.jpg
41,79,593,355,78,07104.jpg
54,60,212,169,97,07105.jpg
59,85,572,411,159,07106.jpg
91,246,1499,947,97,07107.jpg
42,110,456,292,45,07108.jpg
31,93,774,531,40,07109.jpg
39,59,532,261,60,07110.jpg
5,88,500,257,126,07111.jpg
50,145,599,354,50,07112.jpg
59,57,625,457,168,07113.jpg
353,314,955,568,144,07114.jpg
53,60,224,152,22,07115.jpg
81,189,769,427,57,07116.jpg
15,93,417,288,117,07117.jpg
25,54,596,295,11,07118.jpg
39,149,600,445,33,07119.jpg
31,244,1447,946,81,07120.jpg
28,34,297,182,3,07121.jpg
9,220,1262,740,60,07122.jpg
95,39,322,230,78,07123.jpg
7,108,496,262,158,07124.jpg
109,196,1483,1087,166,07125.jpg
42,95,404,301,52,07126.jpg
36,38,466,201,159,07127.jpg
71,115,597,309,104,07128.jpg
24,83,253,176,155,07129.jpg
19,41,375,241,16,07130.jpg
38,14,225,160,33,07131.jpg
653,379,1373,833,46,07132.jpg
39,168,590,346,173,07133.jpg
42,111,603,367,32,07134.jpg
22,38,297,185,158,07135.jpg
18,68,579,342,184,07136.jpg
32,40,247,172,118,07137.jpg
1,50,299,173,68,07138.jpg
1,20,625,384,64,07139.jpg
257,445,1145,808,162,07140.jpg
4,50,800,404,160,07141.jpg
32,84,569,364,19,07142.jpg
12,78,741,424,114,07143.jpg
28,8,498,342,27,07144.jpg
30,102,607,446,149,07145.jpg
39,47,238,155,29,07146.jpg
55,160,963,663,192,07147.jpg
8,50,475,329,111,07148.jpg
31,21,588,423,178,07149.jpg
25,77,431,300,62,07150.jpg
36,60,539,266,176,07151.jpg
39,160,1019,671,64,07152.jpg
25,117,414,251,119,07153.jpg
167,54,1066,720,40,07154.jpg
29,88,1457,681,28,07155.jpg
38,30,197,163,108,07156.jpg
45,131,276,259,42,07157.jpg
68,52,661,349,111,07158.jpg
168,376,1929,1098,110,07159.jpg
55,62,607,402,169,07160.jpg
38,194,1175,953,66,07161.jpg
5,8,199,109,108,07162.jpg
134,62,910,652,104,07163.jpg
45,64,940,671,154,07164.jpg
14,63,419,297,60,07165.jpg
39,79,561,410,73,07166.jpg
468,144,789,352,58,07167.jpg
166,247,1480,982,42,07168.jpg
49,113,463,280,7,07169.jpg
8,37,639,474,85,07170.jpg
282,154,592,336,6,07171.jpg
317,71,1242,937,182,07172.jpg
55,214,714,447,29,07173.jpg
63,66,566,299,6,07174.jpg
283,298,1405,979,3,07175.jpg
65,149,766,454,165,07176.jpg
90,95,1153,691,193,07177.jpg
102,210,601,419,127,07178.jpg
71,87,591,380,133,07179.jpg
78,126,965,721,167,07180.jpg
9,68,298,227,136,07181.jpg
17,52,284,156,92,07182.jpg
14,25,467,283,122,07183.jpg
3,65,233,171,189,07184.jpg
156,143,699,386,151,07185.jpg
141,243,913,498,66,07186.jpg
151,157,865,688,34,07187.jpg
24,125,384,259,135,07188.jpg
30,175,376,307,133,07189.jpg
110,185,832,608,80,07190.jpg
62,176,400,330,4,07191.jpg
72,125,595,360,65,07192.jpg
542,749,3860,2657,36,07193.jpg
46,126,208,184,54,07194.jpg
5,2,216,74,18,07195.jpg
29,203,637,450,51,07196.jpg
8,51,254,140,108,07197.jpg
17,34,285,171,104,07198.jpg
63,63,366,213,152,07199.jpg
14,64,1013,733,147,07200.jpg
98,114,481,367,133,07201.jpg
217,280,1812,1179,196,07202.jpg
5,109,468,292,153,07203.jpg
100,74,870,596,180,07204.jpg
22,43,261,160,72,07205.jpg
6,93,281,186,12,07206.jpg
76,15,353,216,142,07207.jpg
86,114,567,391,133,07208.jpg
15,20,258,178,97,07209.jpg
69,71,249,164,174,07210.jpg
10,86,584,401,138,07211.jpg
43,87,978,683,75,07212.jpg
68,18,713,439,18,07213.jpg
2,50,617,488,4,07214.jpg
92,185,398,346,135,07215.jpg
3,30,217,141,83,07216.jpg
59,291,1005,709,164,07217.jpg
75,158,956,588,149,07218.jpg
27,126,628,417,101,07219.jpg
14,158,982,708,164,07220.jpg
634,364,1783,907,104,07221.jpg
50,78,579,372,109,07222.jpg
55,71,883,607,149,07223.jpg
58,50,289,187,109,07224.jpg
120,105,1211,766,168,07225.jpg
51,61,595,357,85,07226.jpg
95,67,663,370,145,07227.jpg
20,43,490,294,34,07228.jpg
86,118,851,568,89,07229.jpg
8,24,259,166,129,07230.jpg
49,325,1261,1081,173,07231.jpg
8,56,399,268,46,07232.jpg
156,97,902,511,47,07233.jpg
23,51,577,383,169,07234.jpg
105,147,575,331,64,07235.jpg
12,48,481,366,47,07236.jpg
91,95,607,428,64,07237.jpg
9,7,293,196,48,07238.jpg
324,334,1115,772,112,07239.jpg
16,51,474,275,115,07240.jpg
277,513,1160,833,12,07241.jpg
60,240,1201,656,92,07242.jpg
42,96,443,291,100,07243.jpg
100,58,510,294,94,07244.jpg
8,28,253,178,74,07245.jpg
108,44,562,353,169,07246.jpg
13,129,593,480,83,07247.jpg
67,111,596,438,94,07248.jpg
47,74,581,425,89,07249.jpg
41,128,915,577,133,07250.jpg
75,198,816,627,167,07251.jpg
16,62,470,253,31,07252.jpg
83,85,567,429,99,07253.jpg
278,313,1356,852,66,07254.jpg
54,153,748,477,159,07255.jpg
13,67,219,177,69,07256.jpg
24,17,236,183,65,07257.jpg
52,122,552,365,24,07258.jpg
61,224,953,582,188,07259.jpg
35,57,239,183,90,07260.jpg
20,13,416,257,62,07261.jpg
16,1,271,182,28,07262.jpg
36,56,620,433,32,07263.jpg
33,63,612,434,81,07264.jpg
128,241,1248,636,56,07265.jpg
18,39,247,164,121,07266.jpg
25,89,603,480,81,07267.jpg
12,95,612,324,135,07268.jpg
79,109,554,360,30,07269.jpg
1,2,259,190,107,07270.jpg
1,77,480,275,124,07271.jpg
40,29,567,368,176,07272.jpg
22,23,376,244,16,07273.jpg
9,42,632,456,146,07274.jpg
19,211,1525,893,191,07275.jpg
21,55,444,320,59,07276.jpg
70,127,379,264,39,07277.jpg
34,68,232,145,8,07278.jpg
1,13,113,83,1,07279.jpg
31,8,616,301,187,07280.jpg
227,308,1135,633,150,07281.jpg
72,68,544,272,169,07282.jpg
108,95,621,392,82,07283.jpg
13,1,629,480,127,07284.jpg
26,143,496,352,41,07285.jpg
13,63,305,179,35,07286.jpg
84,155,890,644,132,07287.jpg
27,62,519,298,186,07288.jpg
62,57,575,435,168,07289.jpg
15,111,271,272,1,07290.jpg
31,31,1543,1018,99,07291.jpg
26,53,474,293,33,07292.jpg
66,160,878,654,147,07293.jpg
150,486,2007,1887,146,07294.jpg
376,206,955,540,23,07295.jpg
53,1,396,347,45,07296.jpg
1,78,638,399,89,07297.jpg
28,144,464,356,117,07298.jpg
30,89,997,717,132,07299.jpg
61,206,996,621,122,07300.jpg
88,172,971,718,183,07301.jpg
91,301,1013,656,63,07302.jpg
23,102,623,440,125,07303.jpg
29,1,491,381,180,07304.jpg
3,10,602,385,176,07305.jpg
24,21,575,317,178,07306.jpg
35,119,874,538,12,07307.jpg
25,40,269,209,32,07308.jpg
141,144,686,365,142,07309.jpg
26,30,271,111,80,07310.jpg
10,1,292,213,32,07311.jpg
3,31,299,180,19,07312.jpg
49,61,574,349,19,07313.jpg
68,96,583,372,165,07314.jpg
8,5,204,117,123,07315.jpg
14,41,244,146,125,07316.jpg
8,73,416,284,95,07317.jpg
112,162,846,617,147,07318.jpg
33,87,470,296,137,07319.jpg
80,38,546,315,76,07320.jpg
44,102,426,311,69,07321.jpg
96,146,570,354,126,07322.jpg
21,1,277,196,134,07323.jpg
129,173,926,561,140,07324.jpg
22,154,358,319,60,07325.jpg
207,387,1446,835,78,07326.jpg
36,38,617,449,117,07327.jpg
12,151,615,362,74,07328.jpg
10,21,289,170,134,07329.jpg
143,541,3812,2094,140,07330.jpg
55,144,583,354,95,07331.jpg
34,72,919,554,94,07332.jpg
47,179,593,436,171,07333.jpg
132,282,768,581,79,07334.jpg
12,44,288,165,160,07335.jpg
62,3,513,419,135,07336.jpg
32,17,349,143,143,07337.jpg
152,377,1087,803,47,07338.jpg
106,187,509,406,24,07339.jpg
80,164,678,389,11,07340.jpg
56,6,595,469,50,07341.jpg
36,24,226,172,88,07342.jpg
13,30,135,100,174,07343.jpg
31,117,566,455,95,07344.jpg
22,79,558,356,190,07345.jpg
13,115,787,440,3,07346.jpg
6,12,86,49,123,07347.jpg
187,270,1103,735,140,07348.jpg
62,43,465,296,62,07349.jpg
24,48,646,337,128,07350.jpg
49,322,925,646,7,07351.jpg
80,116,1200,775,142,07352.jpg
45,34,706,392,43,07353.jpg
34,36,622,305,36,07354.jpg
11,44,463,319,85,07355.jpg
34,89,568,350,174,07356.jpg
274,312,668,479,138,07357.jpg
26,127,617,356,187,07358.jpg
10,67,599,303,163,07359.jpg
296,398,1588,995,192,07360.jpg
15,131,692,380,74,07361.jpg
342,148,1405,951,151,07362.jpg
31,31,561,324,33,07363.jpg
71,145,629,460,4,07364.jpg
140,102,537,361,157,07365.jpg
11,27,289,141,35,07366.jpg
2,22,243,91,151,07367.jpg
29,26,1260,778,137,07368.jpg
61,47,500,320,195,07369.jpg
29,82,473,297,93,07370.jpg
34,36,954,573,84,07371.jpg
93,108,519,332,178,07372.jpg
45,39,419,272,193,07373.jpg
8,5,602,322,158,07374.jpg
15,47,254,192,188,07375.jpg
63,105,564,387,180,07376.jpg
26,50,253,146,14,07377.jpg
11,45,354,226,85,07378.jpg
20,129,431,277,66,07379.jpg
84,20,961,731,86,07380.jpg
6,59,447,310,84,07381.jpg
18,119,612,390,142,07382.jpg
19,100,245,172,18,07383.jpg
27,108,269,196,18,07384.jpg
69,41,477,282,42,07385.jpg
178,790,3061,2333,10,07386.jpg
80,89,558,392,75,07387.jpg
90,222,852,583,59,07388.jpg
56,89,717,519,32,07389.jpg
27,44,485,304,110,07390.jpg
21,36,319,198,146,07391.jpg
147,202,1066,629,3,07392.jpg
55,140,579,387,187,07393.jpg
17,78,249,175,109,07394.jpg
11,13,252,149,74,07395.jpg
4,36,264,169,44,07396.jpg
14,31,286,192,83,07397.jpg
73,53,618,395,120,07398.jpg
26,55,559,375,172,07399.jpg
130,70,1169,806,182,07400.jpg
58,133,589,344,151,07401.jpg
76,204,524,397,193,07402.jpg
127,148,1444,931,182,07403.jpg
214,224,1000,629,194,07404.jpg
37,379,1579,1180,56,07405.jpg
15,75,640,398,70,07406.jpg
149,102,892,508,33,07407.jpg
88,111,321,222,15,07408.jpg
82,123,573,371,168,07409.jpg
24,45,262,179,188,07410.jpg
62,183,589,365,79,07411.jpg
21,4,495,341,99,07412.jpg
31,62,621,414,195,07413.jpg
17,27,382,181,181,07414.jpg
25,79,287,188,121,07415.jpg
27,272,627,462,79,07416.jpg
7,54,493,236,33,07417.jpg
49,493,1537,1033,127,07418.jpg
14,128,479,331,59,07419.jpg
329,224,1351,931,132,07420.jpg
103,262,604,445,168,07421.jpg
24,74,559,364,120,07422.jpg
16,142,384,292,14,07423.jpg
22,25,454,304,186,07424.jpg
20,31,492,306,57,07425.jpg
27,27,249,153,53,07426.jpg
69,178,747,495,117,07427.jpg
17,26,558,448,131,07428.jpg
74,299,973,744,81,07429.jpg
226,1,668,376,94,07430.jpg
58,325,1238,688,55,07431.jpg
47,145,946,585,67,07432.jpg
61,103,546,425,41,07433.jpg
55,64,563,409,133,07434.jpg
10,33,340,135,185,07435.jpg
25,9,276,194,131,07436.jpg
8,12,478,234,66,07437.jpg
62,236,916,675,172,07438.jpg
45,58,460,216,12,07439.jpg
11,64,424,254,51,07440.jpg
110,142,718,449,193,07441.jpg
30,132,1015,658,86,07442.jpg
60,72,523,315,129,07443.jpg
25,44,444,238,171,07444.jpg
69,8,432,325,4,07445.jpg
42,70,556,338,117,07446.jpg
48,31,226,164,95,07447.jpg
61,132,898,711,172,07448.jpg
32,236,1245,551,150,07449.jpg
20,45,252,153,5,07450.jpg
189,224,1115,623,45,07451.jpg
51,18,419,306,196,07452.jpg
20,13,247,187,84,07453.jpg
22,52,451,235,193,07454.jpg
121,87,465,278,196,07455.jpg
4,180,1258,831,172,07456.jpg
93,60,567,390,191,07457.jpg
13,33,607,423,43,07458.jpg
36,147,316,245,134,07459.jpg
44,332,1256,795,112,07460.jpg
33,310,387,529,176,07461.jpg
14,112,457,360,113,07462.jpg
18,69,485,260,4,07463.jpg
43,50,137,107,107,07464.jpg
67,44,523,393,94,07465.jpg
9,55,580,366,104,07466.jpg
2,15,160,92,152,07467.jpg
9,174,678,388,16,07468.jpg
3,13,76,52,57,07469.jpg
42,193,605,476,139,07470.jpg
2,1,400,248,9,07471.jpg
133,202,1005,722,65,07472.jpg
248,255,1291,804,151,07473.jpg
26,182,579,391,85,07474.jpg
24,32,260,202,109,07475.jpg
9,73,342,219,160,07476.jpg
4,34,251,175,189,07477.jpg
25,110,614,369,83,07478.jpg
48,78,593,373,56,07479.jpg
14,28,290,215,37,07480.jpg
17,100,692,467,73,07481.jpg
44,33,268,167,98,07482.jpg
43,160,774,541,6,07483.jpg
19,65,263,156,56,07484.jpg
80,89,555,403,89,07485.jpg
259,80,723,407,140,07486.jpg
20,48,385,283,1,07487.jpg
35,179,522,378,97,07488.jpg
108,222,554,446,172,07489.jpg
31,20,229,133,53,07490.jpg
54,4,220,165,45,07491.jpg
69,160,971,666,182,07492.jpg
16,64,300,209,18,07493.jpg
299,285,988,542,167,07494.jpg
48,170,589,404,44,07495.jpg
22,57,155,120,16,07496.jpg
4,25,270,165,80,07497.jpg
101,63,607,451,64,07498.jpg
26,80,607,361,60,07499.jpg
20,27,613,413,196,07500.jpg
32,56,515,323,26,07501.jpg
28,235,1022,583,79,07502.jpg
25,134,618,427,23,07503.jpg
98,123,641,425,145,07504.jpg
33,109,604,417,163,07505.jpg
18,128,607,398,177,07506.jpg
70,364,1519,1105,165,07507.jpg
367,247,1603,1084,128,07508.jpg
62,239,940,679,48,07509.jpg
32,80,615,421,168,07510.jpg
14,270,1593,895,37,07511.jpg
55,58,500,321,137,07512.jpg
5,43,299,144,175,07513.jpg
106,150,1012,633,63,07514.jpg
20,64,458,304,156,07515.jpg
15,58,602,379,107,07516.jpg
22,83,1686,833,129,07517.jpg
28,7,406,211,48,07518.jpg
110,176,981,509,79,07519.jpg
61,211,859,620,167,07520.jpg
27,83,284,176,129,07521.jpg
42,142,655,457,82,07522.jpg
31,175,964,611,98,07523.jpg
35,197,838,605,27,07524.jpg
17,112,576,314,74,07525.jpg
41,59,409,199,62,07526.jpg
32,62,435,337,159,07527.jpg
113,69,509,315,49,07528.jpg
13,68,627,425,50,07529.jpg
70,69,610,391,47,07530.jpg
33,28,865,567,150,07531.jpg
21,86,702,429,147,07532.jpg
38,57,220,153,53,07533.jpg
13,81,633,429,75,07534.jpg
7,107,575,301,16,07535.jpg
28,62,383,280,51,07536.jpg
47,65,249,180,196,07537.jpg
23,28,185,115,51,07538.jpg
55,120,588,432,91,07539.jpg
417,497,2981,2088,191,07540.jpg
49,59,954,610,72,07541.jpg
2,169,588,430,151,07542.jpg
20,13,276,159,114,07543.jpg
188,377,838,613,171,07544.jpg
87,118,627,354,56,07545.jpg
66,95,529,326,141,07546.jpg
53,58,657,385,50,07547.jpg
19,53,479,293,72,07548.jpg
31,8,183,147,143,07549.jpg
13,19,298,175,181,07550.jpg
333,281,2021,1485,192,07551.jpg
2,33,200,136,90,07552.jpg
30,59,287,177,24,07553.jpg
115,168,553,405,76,07554.jpg
20,132,1007,621,97,07555.jpg
7,33,249,161,90,07556.jpg
52,81,380,262,30,07557.jpg
36,32,734,531,174,07558.jpg
20,235,342,345,97,07559.jpg
11,87,564,334,151,07560.jpg
155,117,471,317,79,07561.jpg
60,177,589,453,24,07562.jpg
22,103,298,209,67,07563.jpg
88,220,645,423,80,07564.jpg
6,267,1278,776,85,07565.jpg
5,4,214,121,17,07566.jpg
62,69,481,289,156,07567.jpg
54,87,462,316,155,07568.jpg
21,48,434,206,52,07569.jpg
50,50,469,207,55,07570.jpg
72,227,455,360,153,07571.jpg
55,601,1384,982,13,07572.jpg
52,89,424,269,92,07573.jpg
102,217,1218,739,26,07574.jpg
14,54,624,278,55,07575.jpg
67,74,558,404,98,07576.jpg
33,39,258,228,29,07577.jpg
35,79,257,214,52,07578.jpg
68,155,489,399,149,07579.jpg
17,13,457,328,154,07580.jpg
302,432,1226,802,138,07581.jpg
147,161,523,427,181,07582.jpg
206,268,1444,711,173,07583.jpg
37,164,626,380,65,07584.jpg
66,78,768,522,50,07585.jpg
18,33,190,117,14,07586.jpg
34,172,992,613,68,07587.jpg
37,81,484,282,148,07588.jpg
34,87,394,289,108,07589.jpg
34,224,980,700,24,07590.jpg
24,145,538,339,87,07591.jpg
24,44,264,163,32,07592.jpg
141,126,646,400,143,07593.jpg
29,34,381,273,196,07594.jpg
100,101,351,214,142,07595.jpg
55,206,1240,640,150,07596.jpg
35,84,684,447,127,07597.jpg
5,116,579,335,43,07598.jpg
7,66,615,359,10,07599.jpg
18,168,626,402,50,07600.jpg
56,34,655,424,172,07601.jpg
28,111,450,304,93,07602.jpg
24,188,582,433,65,07603.jpg
23,122,602,353,83,07604.jpg
31,44,256,172,44,07605.jpg
118,397,682,619,164,07606.jpg
6,1,251,186,174,07607.jpg
32,47,607,366,174,07608.jpg
17,12,275,183,195,07609.jpg
102,271,1374,783,11,07610.jpg
23,50,625,463,131,07611.jpg
16,68,397,242,117,07612.jpg
120,78,771,492,112,07613.jpg
34,293,996,679,63,07614.jpg
51,110,512,342,94,07615.jpg
375,380,1196,820,173,07616.jpg
128,44,659,436,147,07617.jpg
1,67,772,573,44,07618.jpg
58,72,527,350,46,07619.jpg
40,53,332,243,139,07620.jpg
225,452,1974,1339,96,07621.jpg
66,138,486,326,73,07622.jpg
42,28,226,189,177,07623.jpg
19,28,259,158,97,07624.jpg
52,133,745,452,50,07625.jpg
32,132,595,333,75,07626.jpg
4,30,260,158,156,07627.jpg
118,49,759,484,182,07628.jpg
32,43,600,380,149,07629.jpg
17,36,707,528,179,07630.jpg
43,43,432,271,86,07631.jpg
8,23,233,174,143,07632.jpg
40,177,620,460,194,07633.jpg
195,147,859,621,192,07634.jpg
108,102,307,277,46,07635.jpg
16,89,624,406,176,07636.jpg
41,43,618,444,184,07637.jpg
18,32,410,337,110,07638.jpg
14,58,309,201,31,07639.jpg
23,13,231,112,151,07640.jpg
45,89,610,426,148,07641.jpg
98,48,1001,695,180,07642.jpg
54,89,1211,644,79,07643.jpg
71,99,607,460,95,07644.jpg
22,64,380,264,84,07645.jpg
13,15,939,604,15,07646.jpg
83,54,941,588,150,07647.jpg
1,71,400,246,189,07648.jpg
75,115,576,378,18,07649.jpg
21,13,543,385,179,07650.jpg
55,111,600,420,33,07651.jpg
67,30,227,161,177,07652.jpg
9,24,200,109,171,07653.jpg
1,144,885,546,103,07654.jpg
16,18,249,159,107,07655.jpg
1,143,489,373,92,07656.jpg
36,61,235,145,34,07657.jpg
50,240,986,540,153,07658.jpg
50,284,921,636,192,07659.jpg
68,122,980,690,90,07660.jpg
66,114,597,407,4,07661.jpg
20,11,1007,717,131,07662.jpg
13,35,250,153,3,07663.jpg
15,56,243,183,69,07664.jpg
68,117,618,382,51,07665.jpg
89,128,515,361,6,07666.jpg
20,201,1007,650,146,07667.jpg
222,33,535,347,180,07668.jpg
78,169,913,563,29,07669.jpg
35,121,485,272,59,07670.jpg
151,347,1513,1072,170,07671.jpg
85,86,672,442,36,07672.jpg
394,259,920,609,45,07673.jpg
90,82,914,360,105,07674.jpg
732,282,1633,963,164,07675.jpg
18,99,368,237,68,07676.jpg
14,32,633,440,109,07677.jpg
519,438,1460,1152,33,07678.jpg
97,150,493,310,43,07679.jpg
34,105,433,322,70,07680.jpg
15,31,249,152,13,07681.jpg
245,245,1379,791,120,07682.jpg
99,131,566,439,195,07683.jpg
14,18,148,107,1,07684.jpg
162,466,1950,1202,120,07685.jpg
41,95,597,396,109,07686.jpg
31,69,288,157,129,07687.jpg
160,332,1112,708,164,07688.jpg
10,12,474,184,27,07689.jpg
52,49,449,243,101,07690.jpg
13,49,250,168,141,07691.jpg
3,47,300,207,42,07692.jpg
21,57,554,278,17,07693.jpg
22,60,604,384,163,07694.jpg
27,122,671,390,129,07695.jpg
42,4,750,469,6,07696.jpg
36,80,622,441,143,07697.jpg
72,125,508,271,180,07698.jpg
12,45,639,421,54,07699.jpg
62,378,1228,880,81,07700.jpg
34,82,600,398,165,07701.jpg
59,50,588,418,194,07702.jpg
151,120,393,267,65,07703.jpg
19,43,301,146,9,07704.jpg
55,63,577,398,117,07705.jpg
89,134,1194,699,4,07706.jpg
42,38,615,417,184,07707.jpg
31,90,543,385,125,07708.jpg
3,116,475,341,38,07709.jpg
1,59,400,240,155,07710.jpg
410,20,794,300,145,07711.jpg
36,18,1009,767,164,07712.jpg
44,17,235,167,67,07713.jpg
7,104,613,408,79,07714.jpg
63,137,730,417,182,07715.jpg
13,74,450,333,111,07716.jpg
52,72,333,284,157,07717.jpg
4,58,423,321,33,07718.jpg
258,349,966,786,146,07719.jpg
74,79,549,311,154,07720.jpg
87,18,944,717,30,07721.jpg
224,57,457,366,166,07722.jpg
257,205,697,438,130,07723.jpg
30,137,601,503,105,07724.jpg
18,94,397,300,188,07725.jpg
135,208,982,617,66,07726.jpg
76,96,447,294,15,07727.jpg
76,171,507,352,185,07728.jpg
51,9,384,309,143,07729.jpg
90,163,547,439,120,07730.jpg
1,17,408,242,35,07731.jpg
15,18,245,181,113,07732.jpg
9,14,296,223,155,07733.jpg
432,174,804,348,79,07734.jpg
28,34,1022,756,81,07735.jpg
11,15,1261,932,153,07736.jpg
17,43,290,201,84,07737.jpg
20,93,618,392,121,07738.jpg
144,101,991,588,46,07739.jpg
78,244,1218,696,11,07740.jpg
26,64,574,431,166,07741.jpg
37,64,364,228,141,07742.jpg
36,61,560,309,179,07743.jpg
22,22,422,199,125,07744.jpg
24,148,528,343,66,07745.jpg
13,77,282,198,156,07746.jpg
1,15,640,319,161,07747.jpg
102,237,934,644,167,07748.jpg
15,34,350,203,55,07749.jpg
43,16,383,302,124,07750.jpg
139,148,473,333,29,07751.jpg
18,149,621,354,4,07752.jpg
110,149,1503,1079,145,07753.jpg
14,32,263,190,42,07754.jpg
94,307,969,733,129,07755.jpg
30,81,372,244,73,07756.jpg
42,78,572,341,120,07757.jpg
27,13,500,366,158,07758.jpg
31,121,476,315,36,07759.jpg
51,73,606,329,140,07760.jpg
1,145,1126,735,123,07761.jpg
134,55,553,420,94,07762.jpg
30,39,210,157,77,07763.jpg
49,129,458,334,36,07764.jpg
71,35,587,375,14,07765.jpg
27,180,670,401,46,07766.jpg
7,2,259,178,33,07767.jpg
16,181,999,667,98,07768.jpg
17,62,425,314,7,07769.jpg
92,105,649,332,189,07770.jpg
117,181,684,537,147,07771.jpg
55,1,685,531,115,07772.jpg
55,127,526,378,131,07773.jpg
1,79,300,202,17,07774.jpg
39,55,203,164,106,07775.jpg
51,118,465,360,122,07776.jpg
132,121,484,315,173,07777.jpg
47,70,542,351,43,07778.jpg
1,163,1597,817,191,07779.jpg
66,188,541,399,67,07780.jpg
1,15,212,159,88,07781.jpg
5,23,474,324,85,07782.jpg
24,24,256,153,104,07783.jpg
17,47,252,177,68,07784.jpg
62,49,274,176,95,07785.jpg
82,1,570,384,121,07786.jpg
24,125,636,440,81,07787.jpg
55,147,894,566,192,07788.jpg
7,10,491,298,44,07789.jpg
12,21,631,385,102,07790.jpg
57,164,1005,504,171,07791.jpg
61,73,587,405,186,07792.jpg
51,99,566,359,31,07793.jpg
13,16,254,172,121,07794.jpg
60,143,609,425,143,07795.jpg
110,126,813,404,173,07796.jpg
28,50,389,255,44,07797.jpg
7,108,339,233,161,07798.jpg
65,1,431,308,179,07799.jpg
30,200,680,452,6,07800.jpg
87,170,942,683,81,07801.jpg
8,32,299,220,73,07802.jpg
12,32,265,169,80,07803.jpg
152,177,575,365,92,07804.jpg
11,30,249,165,27,07805.jpg
42,72,584,410,178,07806.jpg
4,70,321,215,177,07807.jpg
32,128,423,287,193,07808.jpg
24,98,590,343,73,07809.jpg
50,89,575,383,154,07810.jpg
26,30,246,165,148,07811.jpg
33,26,221,165,38,07812.jpg
27,95,395,274,111,07813.jpg
14,67,616,353,173,07814.jpg
119,168,697,423,189,07815.jpg
77,125,601,399,132,07816.jpg
70,332,1548,1044,161,07817.jpg
20,56,616,350,91,07818.jpg
141,61,880,715,184,07819.jpg
99,301,1167,680,112,07820.jpg
35,27,605,429,172,07821.jpg
2,40,259,166,19,07822.jpg
21,23,244,149,190,07823.jpg
25,101,615,297,73,07824.jpg
51,44,481,269,162,07825.jpg
17,112,390,238,152,07826.jpg
27,106,407,275,175,07827.jpg
41,133,990,642,119,07828.jpg
7,162,621,388,102,07829.jpg
27,9,471,280,110,07830.jpg
4,34,250,148,57,07831.jpg
40,76,584,315,96,07832.jpg
135,132,535,330,7,07833.jpg
47,86,554,377,176,07834.jpg
259,71,1258,833,157,07835.jpg
14,77,489,287,93,07836.jpg
253,313,1372,919,112,07837.jpg
88,220,500,430,148,07838.jpg
3,1,122,96,174,07839.jpg
54,8,595,349,105,07840.jpg
52,62,559,271,29,07841.jpg
128,89,928,575,77,07842.jpg
14,54,481,323,117,07843.jpg
37,71,668,441,120,07844.jpg
78,185,933,505,171,07845.jpg
78,289,669,633,196,07846.jpg
36,89,670,351,156,07847.jpg
142,52,639,475,50,07848.jpg
60,99,625,380,102,07849.jpg
157,180,1022,565,59,07850.jpg
77,277,1160,763,164,07851.jpg
1,168,948,503,74,07852.jpg
16,50,418,310,52,07853.jpg
91,337,1014,749,21,07854.jpg
42,106,336,266,95,07855.jpg
142,397,1477,835,156,07856.jpg
73,1,487,343,166,07857.jpg
40,103,626,378,194,07858.jpg
49,173,991,620,172,07859.jpg
58,73,570,387,6,07860.jpg
143,438,1954,1293,62,07861.jpg
27,50,228,162,123,07862.jpg
34,116,955,589,74,07863.jpg
98,183,949,686,132,07864.jpg
7,51,290,181,153,07865.jpg
42,70,820,461,191,07866.jpg
133,318,1129,812,45,07867.jpg
56,30,212,172,69,07868.jpg
8,54,255,135,92,07869.jpg
1,57,244,187,104,07870.jpg
27,75,619,421,75,07871.jpg
71,105,323,265,148,07872.jpg
25,50,625,431,145,07873.jpg
29,18,242,192,48,07874.jpg
5,126,633,361,111,07875.jpg
7,39,295,160,56,07876.jpg
250,172,1594,980,160,07877.jpg
13,71,417,242,24,07878.jpg
138,268,1953,1088,19,07879.jpg
8,13,622,267,26,07880.jpg
30,49,482,314,130,07881.jpg
241,358,1597,898,160,07882.jpg
11,78,967,675,95,07883.jpg
44,88,538,432,166,07884.jpg
28,84,433,288,21,07885.jpg
70,100,657,324,137,07886.jpg
27,48,279,175,134,07887.jpg
712,346,1375,706,164,07888.jpg
40,67,275,160,24,07889.jpg
54,74,1391,934,192,07890.jpg
9,114,568,313,152,07891.jpg
13,170,612,413,50,07892.jpg
37,50,272,188,162,07893.jpg
170,381,885,735,50,07894.jpg
31,6,494,272,196,07895.jpg
10,12,783,437,35,07896.jpg
18,141,603,367,2,07897.jpg
107,123,554,422,93,07898.jpg
55,181,1237,583,93,07899.jpg
78,83,594,419,194,07900.jpg
60,58,536,389,38,07901.jpg
1,337,835,712,147,07902.jpg
42,95,640,356,159,07903.jpg
74,50,315,157,74,07904.jpg
15,41,383,184,107,07905.jpg
68,134,524,425,119,07906.jpg
6,16,272,167,68,07907.jpg
79,150,531,326,49,07908.jpg
103,72,649,402,100,07909.jpg
24,51,276,192,51,07910.jpg
43,53,455,319,74,07911.jpg
42,29,602,406,96,07912.jpg
138,38,559,294,81,07913.jpg
53,276,1330,723,161,07914.jpg
48,171,678,400,136,07915.jpg
78,153,594,421,4,07916.jpg
45,55,590,391,188,07917.jpg
13,22,477,357,116,07918.jpg
1,2,476,415,171,07919.jpg
10,122,371,256,141,07920.jpg
32,122,486,286,47,07921.jpg
24,152,460,314,34,07922.jpg
44,282,1151,867,95,07923.jpg
7,143,994,733,94,07924.jpg
73,141,702,435,55,07925.jpg
155,18,637,493,172,07926.jpg
36,112,526,357,119,07927.jpg
116,122,969,621,159,07928.jpg
26,49,591,432,184,07929.jpg
23,100,577,381,16,07930.jpg
35,168,959,614,56,07931.jpg
20,74,984,548,173,07932.jpg
116,185,546,413,108,07933.jpg
189,213,499,378,183,07934.jpg
49,30,747,484,179,07935.jpg
53,275,2769,1378,167,07936.jpg
45,90,582,407,109,07937.jpg
20,61,421,306,24,07938.jpg
51,30,572,328,189,07939.jpg
180,48,805,460,47,07940.jpg
111,94,421,289,157,07941.jpg
2,6,300,213,131,07942.jpg
13,75,421,243,62,07943.jpg
29,158,745,354,158,07944.jpg
15,42,291,174,128,07945.jpg
26,69,227,194,143,07946.jpg
92,87,593,383,89,07947.jpg
18,261,633,464,44,07948.jpg
31,71,1775,1010,191,07949.jpg
62,118,422,353,120,07950.jpg
60,135,657,336,49,07951.jpg
30,60,280,158,128,07952.jpg
24,67,432,327,77,07953.jpg
5,29,265,166,56,07954.jpg
21,56,623,376,117,07955.jpg
15,64,290,158,51,07956.jpg
29,79,1260,647,181,07957.jpg
44,36,2313,1495,192,07958.jpg
1,57,150,136,157,07959.jpg
2,24,288,129,2,07960.jpg
8,61,295,156,128,07961.jpg
73,219,533,371,129,07962.jpg
86,158,537,401,69,07963.jpg
21,22,248,183,42,07964.jpg
6,55,265,150,82,07965.jpg
79,469,1537,1198,1,07966.jpg
42,48,405,299,95,07967.jpg
91,142,417,295,52,07968.jpg
173,139,960,576,62,07969.jpg
22,71,280,166,171,07970.jpg
51,78,444,349,99,07971.jpg
40,70,574,317,107,07972.jpg
67,204,614,480,82,07973.jpg
6,87,256,194,53,07974.jpg
74,150,370,324,175,07975.jpg
36,162,982,675,13,07976.jpg
213,31,842,397,168,07977.jpg
68,238,872,525,151,07978.jpg
62,83,449,274,82,07979.jpg
49,177,774,544,70,07980.jpg
104,111,453,309,93,07981.jpg
21,111,626,317,176,07982.jpg
23,33,467,232,93,07983.jpg
150,137,441,289,179,07984.jpg
73,81,674,446,119,07985.jpg
42,165,789,498,145,07986.jpg
38,224,947,519,187,07987.jpg
52,4,485,257,134,07988.jpg
10,32,292,181,190,07989.jpg
42,75,509,372,43,07990.jpg
13,18,533,283,154,07991.jpg
47,106,880,447,137,07992.jpg
20,112,604,348,103,07993.jpg
6,26,254,120,31,07994.jpg
16,37,247,184,108,07995.jpg
6,6,245,180,171,07996.jpg
67,69,412,256,142,07997.jpg
6,82,245,181,76,07998.jpg
1,96,631,363,70,07999.jpg
99,200,1103,668,162,08000.jpg
24,18,627,434,149,08001.jpg
57,111,691,413,161,08002.jpg
20,58,243,162,131,08003.jpg
90,175,626,411,30,08004.jpg
131,124,537,329,3,08005.jpg
30,146,666,378,140,08006.jpg
27,147,1240,836,36,08007.jpg
349,229,1237,907,66,08008.jpg
12,339,1437,1073,162,08009.jpg
35,73,372,248,17,08010.jpg
10,6,250,110,1,08011.jpg
60,136,1165,617,150,08012.jpg
28,229,1022,679,119,08013.jpg
6,40,400,246,12,08014.jpg
80,517,1235,901,40,08015.jpg
69,50,204,156,5,08016.jpg
16,14,247,170,65,08017.jpg
181,51,427,232,6,08018.jpg
24,27,616,346,138,08019.jpg
32,194,584,452,87,08020.jpg
49,264,976,669,28,08021.jpg
58,141,701,446,152,08022.jpg
50,177,976,632,141,08023.jpg
152,195,595,446,159,08024.jpg
1,20,140,82,119,08025.jpg
208,157,811,583,24,08026.jpg
8,61,500,273,13,08027.jpg
85,59,774,522,13,08028.jpg
22,26,281,182,106,08029.jpg
111,101,350,281,99,08030.jpg
12,16,117,71,1,08031.jpg
42,107,481,313,34,08032.jpg
48,68,488,273,36,08033.jpg
48,123,708,480,138,08034.jpg
83,68,561,373,73,08035.jpg
41,392,984,719,187,08036.jpg
55,210,1007,665,71,08037.jpg
16,91,257,177,80,08038.jpg
417,32,1664,1262,147,08039.jpg
88,21,928,601,57,08040.jpg
14,44,241,154,165,08041.jpg
77,229,588,433,50,08042.jpg
1,146,533,357,17,08043.jpg
32,121,651,410,10,08044.jpg
40,97,614,456,139,08045.jpg
168,162,633,416,188,08046.jpg
226,481,1531,1126,79,08047.jpg
31,86,456,410,36,08048.jpg
65,40,477,387,64,08049.jpg
79,191,595,476,94,08050.jpg
82,92,1178,753,11,08051.jpg
36,201,1918,933,154,08052.jpg
35,96,434,315,24,08053.jpg
31,71,541,284,117,08054.jpg
228,564,1436,1025,22,08055.jpg
62,98,583,416,119,08056.jpg
5,43,258,181,143,08057.jpg
10,48,292,219,32,08058.jpg
89,69,332,274,121,08059.jpg
40,44,1253,885,145,08060.jpg
14,41,547,343,166,08061.jpg
6,30,258,170,54,08062.jpg
35,119,766,460,121,08063.jpg
20,69,576,480,132,08064.jpg
134,15,530,317,148,08065.jpg
49,197,594,409,115,08066.jpg
70,102,569,360,150,08067.jpg
201,77,634,294,37,08068.jpg
42,33,390,276,155,08069.jpg
34,17,223,94,62,08070.jpg
12,89,453,353,193,08071.jpg
1,63,500,265,126,08072.jpg
40,119,575,349,42,08073.jpg
70,502,977,951,63,08074.jpg
90,47,807,499,63,08075.jpg
44,271,970,532,105,08076.jpg
44,90,550,298,66,08077.jpg
85,141,1201,622,182,08078.jpg
80,93,932,558,114,08079.jpg
20,146,629,384,75,08080.jpg
19,25,287,217,23,08081.jpg
9,87,490,357,37,08082.jpg
111,231,917,634,164,08083.jpg
111,58,451,312,130,08084.jpg
92,107,632,416,10,08085.jpg
41,60,318,268,12,08086.jpg
5,14,84,55,123,08087.jpg
30,42,241,159,190,08088.jpg
42,13,246,171,129,08089.jpg
19,180,596,439,90,08090.jpg
55,91,614,439,95,08091.jpg
11,168,626,385,87,08092.jpg
85,273,493,425,102,08093.jpg
59,85,615,411,54,08094.jpg
268,269,641,454,45,08095.jpg
25,118,319,232,8,08096.jpg
39,138,649,339,55,08097.jpg
10,12,445,251,181,08098.jpg
17,42,297,158,116,08099.jpg
23,68,626,450,81,08100.jpg
63,85,587,394,168,08101.jpg
222,337,1764,942,164,08102.jpg
78,164,741,495,189,08103.jpg
31,61,551,425,187,08104.jpg
30,80,1740,694,85,08105.jpg
33,73,396,307,151,08106.jpg
95,174,1215,770,79,08107.jpg
11,42,249,156,60,08108.jpg
52,135,422,284,155,08109.jpg
22,13,289,200,186,08110.jpg
148,85,1504,1036,170,08111.jpg
44,51,253,144,97,08112.jpg
50,53,431,305,117,08113.jpg
12,137,540,368,166,08114.jpg
1015,664,1525,989,160,08115.jpg
25,46,775,555,163,08116.jpg
107,151,932,656,75,08117.jpg
21,127,628,413,32,08118.jpg
27,53,242,148,67,08119.jpg
37,111,582,391,128,08120.jpg
20,32,280,188,153,08121.jpg
15,42,475,318,52,08122.jpg
65,55,437,271,178,08123.jpg
10,54,374,212,40,08124.jpg
24,85,225,159,55,08125.jpg
69,60,603,345,117,08126.jpg
38,29,380,177,5,08127.jpg
61,138,768,526,112,08128.jpg
529,463,1306,808,46,08129.jpg
46,31,572,417,46,08130.jpg
19,77,619,398,119,08131.jpg
53,65,424,269,153,08132.jpg
57,236,881,569,3,08133.jpg
26,26,300,222,124,08134.jpg
53,44,430,293,85,08135.jpg
54,122,942,590,187,08136.jpg
30,287,999,658,17,08137.jpg
50,155,637,392,181,08138.jpg
117,84,583,403,188,08139.jpg
3,44,423,336,78,08140.jpg
138,150,706,523,196,08141.jpg
26,246,660,449,163,08142.jpg
78,526,1489,908,112,08143.jpg
20,240,862,677,17,08144.jpg
1,1,1,1,197,l_1723858688.483.jpg
1,1,1,1,197,l_1723858689.907.jpg
1,1,1,1,197,l_1723858693.840.jpg
1,1,1,1,197,l_1723858694.765.jpg
1,1,1,1,197,l_1732078199.221.jpg
1,1,1,1,197,l_1732495331.787.jpg
1,1,1,1,197,l_1732495332.373.jpg
1,1,1,1,197,l_1732495332.600.jpg
1,1,1,1,197,l_1734430421.443.jpg
1,1,1,1,197,l_1735129863.960.jpg
1,1,1,1,197,l_1735129882.324.jpg
1,1,1,1,197,l_1736751203.415.jpg
1,1,1,1,197,l_1736751209.365.jpg
1,1,1,1,197,l_1736751214.628.jpg
1,1,1,1,197,l_1736751225.692.jpg
1,1,1,1,197,l_1736751379.314.jpg
1,1,1,1,197,l_1743825574.949.jpg
1,1,1,1,197,l_1743825575.987.jpg
1,1,1,1,197,l_1744815998.355.jpg
1,1,1,1,197,l_1744815999.646.jpg
1,1,1,1,197,l_1745912061.713.jpg
1,1,1,1,197,l_1745912065.445.jpg
1,1,1,1,197,l_1725596823_box_3.jpg
1,1,1,1,197,l_1725596823_box_5.jpg
1,1,1,1,197,l_1725596824_box_0.jpg
1,1,1,1,197,l_1725596827_box_0.jpg
1,1,1,1,197,l_1725596827_box_4.jpg
1,1,1,1,197,l_1725597479_box_1.jpg
1,1,1,1,197,l_1725597480_box_0.jpg
1,1,1,1,197,l_1725597481_box_0.jpg
1,1,1,1,197,l_1725597482_box_0.jpg
1,1,1,1,197,l_1725597483_box_0.jpg
1,1,1,1,197,l_1726629588_box_0.jpg
1,1,1,1,197,l_1726721297_box_0.jpg
1,1,1,1,197,l_1726721300_box_0.jpg
1,1,1,1,197,l_1726721301_box_0.jpg
1,1,1,1,197,l_1726721301_box_1.jpg
1,1,1,1,197,l_1726721302_box_0.jpg
1,1,1,1,197,l_1727232706_box_0.jpg
1,1,1,1,197,l_1727232706_box_1.jpg
1,1,1,1,197,l_1727232707_box_0.jpg
1,1,1,1,197,l_1729919631_box_0.jpg
1,1,1,1,197,l_1729919631_box_2.jpg
1,1,1,1,197,l_1731299379_box_1.jpg
1,1,1,1,197,l_1731299380_box_0.jpg
1,1,1,1,197,l_1731299382_box_0.jpg
1,1,1,1,197,l_1731423874_box_0.jpg
1,1,1,1,197,l_1731423875_box_0.jpg
1,1,1,1,197,l_1731423876_box_1.jpg
1,1,1,1,197,l_1731423879_box_0.jpg
1,1,1,1,197,l_1731423880_box_0.jpg
1,1,1,1,197,l_1731423880_box_1.jpg
1,1,1,1,197,l_1731489480_box_3.jpg
1,1,1,1,197,l_1731489480_box_4.jpg
1,1,1,1,197,l_1731489481_box_0.jpg
1,1,1,1,197,l_1731489484_box_0.jpg
1,1,1,1,197,l_1731489486_box_0.jpg
1,1,1,1,197,l_1731507848_box_0.jpg
1,1,1,1,197,l_1731507850_box_0.jpg
1,1,1,1,197,l_1731507851_box_1.jpg
1,1,1,1,197,l_1722401571_box_0.jpg
1,1,1,1,197,l_1722401571_box_1.jpg
1,1,1,1,197,l_1722401571_box_2.jpg
1,1,1,1,197,l_1722401572_box_0.jpg
1,1,1,1,197,l_1722401588_box_0.jpg
1,1,1,1,197,l_1722825329_box_1.jpg
1,1,1,1,197,l_1722825329_box_2.jpg
1,1,1,1,197,l_1722825330_box_0.jpg
1,1,1,1,197,l_1722825331_box_0.jpg
1,1,1,1,197,l_1722825332_box_1.jpg
1,1,1,1,197,l_1722825333_box_0.jpg
1,1,1,1,197,l_1723858689_box_0.jpg
1,1,1,1,197,l_1723858690_box_0.jpg
1,1,1,1,197,l_1723858691_box_0.jpg
1,1,1,1,197,l_1723858693_box_0.jpg
1,1,1,1,197,l_1723858694_box_0.jpg
1,1,1,1,198,l_1726205147.401.jpg
1,1,1,1,198,l_1726205153.973.jpg
1,1,1,1,198,l_1726205157.254.jpg
1,1,1,1,198,l_1726205166.428.jpg
1,1,1,1,198,l_1731048015.402.jpg
1,1,1,1,198,l_1731048016.217.jpg
1,1,1,1,198,l_1731048019.559.jpg
1,1,1,1,198,l_1731048019.755.jpg
1,1,1,1,198,l_1731048020.870.jpg
1,1,1,1,198,l_1731048021.829.jpg
1,1,1,1,198,l_1734062678.677.jpg
1,1,1,1,198,l_1734062679.802.jpg
1,1,1,1,198,l_1734062679.884.jpg
1,1,1,1,198,l_1734062680.714.jpg
1,1,1,1,198,l_1734062680.864.jpg
1,1,1,1,198,l_1734067898.273.jpg
1,1,1,1,198,l_1734067899.760.jpg
1,1,1,1,198,l_1734067900.845.jpg
1,1,1,1,198,l_1734067901.580.jpg
1,1,1,1,198,l_1734067901.820.jpg
1,1,1,1,198,l_1737440371.584.jpg
1,1,1,1,198,l_1737440371.638.jpg
1,1,1,1,198,l_1737440372.189.jpg
1,1,1,1,198,l_1737440372.282.jpg
1,1,1,1,198,l_1737440373.548.jpg
1,1,1,1,198,l_1737440373.903.jpg
1,1,1,1,198,l_1739352419.371.jpg
1,1,1,1,198,l_1739352420.507.jpg
1,1,1,1,198,l_1739352422.649.jpg
1,1,1,1,198,l_1739352424.978.jpg
1,1,1,1,198,l_1739352491.481.jpg
1,1,1,1,198,l_1739352509.868.jpg
1,1,1,1,198,l_1739758250.263.jpg
1,1,1,1,198,l_1739758251.399.jpg
1,1,1,1,198,l_1739758252.505.jpg
1,1,1,1,198,l_1739758253.395.jpg
1,1,1,1,198,l_1739758256.762.jpg
1,1,1,1,198,l_1740645432.306.jpg
1,1,1,1,198,l_1740645437.312.jpg
1,1,1,1,198,l_1740645442.870.jpg
1,1,1,1,198,l_1740645447.972.jpg
1,1,1,1,198,l_1740716691.372.jpg
1,1,1,1,198,l_1740716691.890.jpg
1,1,1,1,198,l_1740716692.295.jpg
1,1,1,1,198,l_1740716692.881.jpg
1,1,1,1,198,l_1742967994.197.jpg
1,1,1,1,198,l_1742967994.842.jpg
1,1,1,1,198,l_1742967995.322.jpg
1,1,1,1,198,l_1742967995.459.jpg
1,1,1,1,198,l_1742967996.922.jpg
1,1,1,1,198,l_1742967997.336.jpg
1,1,1,1,198,l_1745199560.707.jpg
1,1,1,1,198,l_1745199561.865.jpg
1,1,1,1,198,l_1745199562.622.jpg
1,1,1,1,198,l_1745199562.863.jpg
1,1,1,1,198,l_1745199565.943.jpg
1,1,1,1,198,l_1745199566.250.jpg
1,1,1,1,198,l_1746688688.325.jpg
1,1,1,1,198,l_1746688688.678.jpg
1,1,1,1,198,l_1746688689.589.jpg
1,1,1,1,198,l_1746688690.253.jpg
1,1,1,1,198,l_1746688690.488.jpg
1,1,1,1,198,l_1746763895.576.jpg
1,1,1,1,198,l_1746763895.942.jpg
1,1,1,1,198,l_1746763898.987.jpg
1,1,1,1,198,l_1746763899.623.jpg
1,1,1,1,198,l_1746763900.918.jpg
1,1,1,1,198,l_1746763901.944.jpg
1,1,1,1,199,l_1714697430.396.jpg
1,1,1,1,199,l_1714697431.291.jpg
1,1,1,1,199,l_1714697432.270.jpg
1,1,1,1,199,l_1714697432.755.jpg
1,1,1,1,199,l_1714697433.522.jpg
1,1,1,1,199,l_1714697434.692.jpg
1,1,1,1,199,l_1718607422.335 (1).jpg
1,1,1,1,199,l_1718607422.335.jpg
1,1,1,1,199,l_1718607423.245 (1).jpg
1,1,1,1,199,l_1718607423.245.jpg
1,1,1,1,199,l_1718607425.810 (1).jpg
1,1,1,1,199,l_1718607425.810.jpg
1,1,1,1,199,l_1718607426.447 (1).jpg
1,1,1,1,199,l_1718607426.447.jpg
1,1,1,1,199,l_1718607427.167 (1).jpg
1,1,1,1,199,l_1718607427.167.jpg
1,1,1,1,199,l_1724034509.925.jpg
1,1,1,1,199,l_1724034510.859.jpg
1,1,1,1,199,l_1724034511.367 (1).jpg
1,1,1,1,199,l_1724034511.367.jpg
1,1,1,1,199,l_1724034512.804 (1).jpg
1,1,1,1,199,l_1724034512.804.jpg
1,1,1,1,199,l_1724034513.724 (1).jpg
1,1,1,1,199,l_1724034513.724.jpg
1,1,1,1,199,l_1726059728.243.jpg
1,1,1,1,199,l_1726059728.882.jpg
1,1,1,1,199,l_1726059729.583.jpg
1,1,1,1,199,l_1737996684.810.jpg
1,1,1,1,199,l_1737996685.510.jpg
1,1,1,1,199,l_1737996689.384.jpg
1,1,1,1,199,l_1740120352.184.jpg
1,1,1,1,199,l_1740120355.731.jpg
1,1,1,1,199,l_1740120357.562.jpg
1,1,1,1,199,l_1740120358.770.jpg
1,1,1,1,199,l_1740968638.579.jpg
1,1,1,1,199,l_1742194164.466 (1).jpg
1,1,1,1,199,l_1742194164.466.jpg
1,1,1,1,199,l_1742194164.476 (1).jpg
1,1,1,1,199,l_1742194164.476.jpg
1,1,1,1,199,l_1742263747.458.jpg
1,1,1,1,199,l_1742263751.187.jpg
1,1,1,1,199,l_1742263752.310.jpg
1,1,1,1,199,l_1742263754.414.jpg
1,1,1,1,199,l_1742263755.636.jpg
1,1,1,1,199,l_1742313764.916.jpg
1,1,1,1,199,l_1742313765.135.jpg
1,1,1,1,199,l_1742313766.293.jpg
1,1,1,1,199,l_1742313766.507.jpg
1,1,1,1,199,l_1742313767.504.jpg
1,1,1,1,199,l_1743068563.148.jpg
1,1,1,1,199,l_1744093738.638.jpg
1,1,1,1,199,l_1744093739.212.jpg
1,1,1,1,199,l_1744093740.667.jpg
1,1,1,1,199,l_1744093740.900.jpg
1,1,1,1,199,l_1745586033.515.jpg
1,1,1,1,199,l_1745586034.391.jpg
1,1,1,1,199,l_1745586034.446.jpg
1,1,1,1,199,l_1745586035.922.jpg
1,1,1,1,199,l_1745586035.956.jpg
1,1,1,1,199,l_1745586036.180.jpg
1,1,1,1,200,l_1724300609.840.jpg
1,1,1,1,200,l_1724300610.708.jpg
1,1,1,1,200,l_1724300612.734.jpg
1,1,1,1,200,l_1724300614.478.jpg
1,1,1,1,200,l_1729173803.402.jpg
1,1,1,1,200,l_1729173804.761.jpg
1,1,1,1,200,l_1729173805.334.jpg
1,1,1,1,200,l_1729173805.655.jpg
1,1,1,1,200,l_1729173806.437.jpg
1,1,1,1,200,l_1729174207.680.jpg
1,1,1,1,200,l_1729174208.769.jpg
1,1,1,1,200,l_1729174209.196.jpg
1,1,1,1,200,l_1729174209.605.jpg
1,1,1,1,200,l_1729174211.231.jpg
1,1,1,1,200,l_1729174211.417.jpg
1,1,1,1,200,l_1733126355.306.jpg
1,1,1,1,200,l_1733126356.872.jpg
1,1,1,1,200,l_1733126358.965.jpg
1,1,1,1,200,l_1733126359.817.jpg
1,1,1,1,200,l_1733126360.220.jpg
1,1,1,1,200,l_1733126360.839.jpg
1,1,1,1,200,l_1736260595.176.jpg
1,1,1,1,200,l_1736260597.462.jpg
1,1,1,1,200,l_1736260598.974.jpg
1,1,1,1,200,l_1736260600.204.jpg
1,1,1,1,200,l_1736260602.249.jpg
1,1,1,1,200,l_1736260603.295.jpg
1,1,1,1,200,l_1736260605.877.jpg
1,1,1,1,200,l_1736490297.497.jpg
1,1,1,1,200,l_1736490298.299.jpg
1,1,1,1,200,l_1736490298.596.jpg
1,1,1,1,200,l_1736686620.373.jpg
1,1,1,1,200,l_1736686621.382.jpg
1,1,1,1,200,l_1736686625.147.jpg
1,1,1,1,200,l_1736686626.812.jpg
1,1,1,1,200,l_1736754197.622.jpg
1,1,1,1,200,l_1736754198.224.jpg
1,1,1,1,200,l_1736754199.341.jpg
1,1,1,1,200,l_1736754200.565.jpg
1,1,1,1,200,l_1736754201.621.jpg
1,1,1,1,200,l_1736756804.585.jpg
1,1,1,1,200,l_1736756805.955.jpg
1,1,1,1,200,l_1736756806.557.jpg
1,1,1,1,200,l_1736756807.662.jpg
1,1,1,1,200,l_1736756808.684.jpg
1,1,1,1,200,l_1740536259.348.jpg
1,1,1,1,200,l_1740536259.899.jpg
1,1,1,1,200,l_1740536260.169.jpg
1,1,1,1,200,l_1740536260.978.jpg
1,1,1,1,200,l_1740536261.302.jpg
1,1,1,1,200,l_1740536261.930.jpg
1,1,1,1,200,l_1740818947.955.jpg
1,1,1,1,200,l_1740818950.244.jpg
1,1,1,1,200,l_1740818951.405.jpg
1,1,1,1,200,l_1740818952.486.jpg
1,1,1,1,200,l_1740818952.637.jpg
1,1,1,1,200,l_1740818953.809.jpg
1,1,1,1,200,l_1744102815.164.jpg
1,1,1,1,200,l_1744102815.983.jpg
1,1,1,1,200,l_1744102816.579.jpg
1,1,1,1,200,l_1744102816.894.jpg
1,1,1,1,200,l_1744102817.664.jpg
1,1,1,1,200,l_1744596834.134.jpg
1,1,1,1,200,l_1744596835.928.jpg
1,1,1,1,200,l_1744596836.454.jpg
1,1,1,1,200,l_1744596836.892.jpg
1,1,1,1,200,l_1744596837.113.jpg
1,1,1,1,200,l_1745030598.805.jpg
1,1,1,1,200,l_1745030599.109.jpg
1,1,1,1,200,l_1745030600.650.jpg
1,1,1,1,200,l_1745030601.538.jpg
1,1,1,1,200,l_1745030603.552.jpg
1,1,1,1,200,l_1745399164.253.jpg
1,1,1,1,200,l_1745399165.729.jpg
1,1,1,1,200,l_1745399166.477.jpg
1,1,1,1,200,l_1745399180.430.jpg
1,1,1,1,200,l_1745399185.380.jpg
1,1,1,1,200,l_1745548136.943.jpg
1,1,1,1,200,l_1745548138.536.jpg
1,1,1,1,200,l_1745548138.896.jpg
1,1,1,1,200,l_1745548139.431.jpg
1,1,1,1,200,l_1745557788.917.jpg
1,1,1,1,200,l_1745557789.192.jpg
1,1,1,1,200,l_1745557790.180.jpg
1,1,1,1,200,l_1746177120.499.jpg
1,1,1,1,200,l_1746443768.201.jpg
1,1,1,1,200,l_1746443771.177.jpg
1,1,1,1,200,l_1746443772.940.jpg
1,1,1,1,200,l_1746443775.483.jpg
1,1,1,1,201,l_1718608239.520.jpg
1,1,1,1,201,l_1718608239.927.jpg
1,1,1,1,201,l_1718608240.338.jpg
1,1,1,1,201,l_1718608240.809.jpg
1,1,1,1,201,l_1718702609.733.jpg
1,1,1,1,201,l_1718702611.895.jpg
1,1,1,1,201,l_1718702612.974.jpg
1,1,1,1,201,l_1718702616.390.jpg
1,1,1,1,201,l_1718702616.502.jpg
1,1,1,1,201,l_1723794390.617.jpg
1,1,1,1,201,l_1723794394.772.jpg
1,1,1,1,201,l_1723794400.554.jpg
1,1,1,1,201,l_1723794403.182.jpg
1,1,1,1,201,l_1723794407.929.jpg
1,1,1,1,201,l_1723794425.473.jpg
1,1,1,1,201,l_1723794429.961.jpg
1,1,1,1,201,l_1723822653.211.jpg
1,1,1,1,201,l_1723822654.563.jpg
1,1,1,1,201,l_1723822655.526.jpg
1,1,1,1,201,l_1723822655.930.jpg
1,1,1,1,201,l_1726978326.702.jpg
1,1,1,1,201,l_1726978326.902.jpg
1,1,1,1,201,l_1726978327.885.jpg
1,1,1,1,201,l_1726978327.902.jpg
1,1,1,1,201,l_1726978328.490.jpg
1,1,1,1,201,l_1726978328.545.jpg
1,1,1,1,201,l_1726978329.124.jpg
1,1,1,1,201,l_1728440772.910.jpg
1,1,1,1,201,l_1728440773.753.jpg
1,1,1,1,201,l_1728440774.141.jpg
1,1,1,1,201,l_1728440774.689.jpg
1,1,1,1,201,l_1728440775.710.jpg
1,1,1,1,201,l_1728440775.831.jpg
1,1,1,1,201,l_1728440776.450.jpg
1,1,1,1,201,l_1728440854.705.jpg
1,1,1,1,201,l_1728440855.178.jpg
1,1,1,1,201,l_1728440855.628.jpg
1,1,1,1,201,l_1728440856.474.jpg
1,1,1,1,201,l_1728440857.629.jpg
1,1,1,1,201,l_1729127504.126.jpg
1,1,1,1,201,l_1729127504.680.jpg
1,1,1,1,201,l_1729127505.567.jpg
1,1,1,1,201,l_1729127505.630.jpg
1,1,1,1,201,l_1729173287.884.jpg
1,1,1,1,201,l_1729173288.651.jpg
1,1,1,1,201,l_1729173288.682.jpg
1,1,1,1,201,l_1729173289.380.jpg
1,1,1,1,201,l_1729173290.741.jpg
1,1,1,1,201,l_1729173291.726.jpg
1,1,1,1,201,l_1729173291.962.jpg
1,1,1,1,201,l_1730871515.741.jpg
1,1,1,1,201,l_1730871516.143.jpg
1,1,1,1,201,l_1730871517.826.jpg
1,1,1,1,201,l_1730871518.796.jpg
1,1,1,1,201,l_1731721042.440.jpg
1,1,1,1,201,l_1731721045.711.jpg
1,1,1,1,201,l_1731721049.163.jpg
1,1,1,1,201,l_1731721050.903.jpg
1,1,1,1,201,l_1731721051.730.jpg
1,1,1,1,201,l_1731721052.662.jpg
1,1,1,1,201,l_1736751622.947.jpg
1,1,1,1,201,l_1736751623.376.jpg
1,1,1,1,201,l_1736751624.303.jpg
1,1,1,1,201,l_1736751624.991.jpg
1,1,1,1,201,l_1736751625.226.jpg
1,1,1,1,201,l_1736751625.722.jpg
1,1,1,1,201,l_1736751626.148.jpg
1,1,1,1,201,l_1736751627.608.jpg
1,1,1,1,201,l_1736751627.648.jpg
1,1,1,1,201,l_1736751628.821.jpg
1,1,1,1,201,l_1736752302.526.jpg
1,1,1,1,201,l_1736752305.309.jpg
1,1,1,1,201,l_1736752308.925.jpg
1,1,1,1,201,l_1736752316.290.jpg
1,1,1,1,201,l_1736752323.654.jpg
1,1,1,1,201,l_1736752328.874.jpg
1,1,1,1,201,l_1736752331.632.jpg
1,1,1,1,201,l_1737603357.711.jpg
1,1,1,1,201,l_1737603360.198.jpg
1,1,1,1,201,l_1737603363.458.jpg
1,1,1,1,201,l_1737603366.378.jpg
1,1,1,1,201,l_1743826182.816.jpg
1,1,1,1,201,l_1743826183.428.jpg
1,1,1,1,201,l_1743826184.422.jpg
1,1,1,1,201,l_1743826185.705.jpg
1,1,1,1,201,l_1743826186.544.jpg
1,1,1,1,201,l_1743826188.299.jpg
1,1,1,1,201,l_1743826188.321.jpg
1,1,1,1,201,l_1743826189.347.jpg
1,1,1,1,201,l_1745492885.724.jpg
1,1,1,1,201,l_1745492900.206.jpg
1,1,1,1,201,l_1745492911.600.jpg
1,1,1,1,201,l_1745492917.518.jpg
1,1,1,1,201,l_1745492923.736.jpg
1,1,1,1,201,l_1745900076.637.jpg
1,1,1,1,201,l_1745900077.324.jpg
1,1,1,1,201,l_1745900078.577.jpg
1,1,1,1,201,l_1745900081.641.jpg
1,1,1,1,228,l_1702345744.869.jpg
1,1,1,1,228,l_1702345746.649.jpg
1,1,1,1,228,l_1702345747.103.jpg
1,1,1,1,228,l_1702345749.144.jpg
1,1,1,1,228,l_1702345750.969.jpg
1,1,1,1,228,l_1734836635.385.jpg
1,1,1,1,228,l_1734836636.474.jpg
1,1,1,1,228,l_1734836636.624.jpg
1,1,1,1,228,l_1734836637.129.jpg
1,1,1,1,228,l_1734836637.835.jpg
1,1,1,1,228,l_1740043441.368.jpg
1,1,1,1,228,l_1740043441.504.jpg
1,1,1,1,228,l_1740043442.190.jpg
1,1,1,1,228,l_1740043443.487.jpg
1,1,1,1,228,l_1740043444.692.jpg
1,1,1,1,228,l_1740543355.142.jpg
1,1,1,1,228,l_1740543355.215.jpg
1,1,1,1,228,l_1740543356.409.jpg
1,1,1,1,228,l_1740543357.840.jpg
1,1,1,1,228,l_1740543358.748.jpg
1,1,1,1,228,l_1742183450.148.jpg
1,1,1,1,228,l_1742183451.857.jpg
1,1,1,1,228,l_1742183452.116.jpg
1,1,1,1,228,l_1742806276.847.jpg
1,1,1,1,228,l_1742806277.485.jpg
1,1,1,1,228,l_1742806278.441.jpg
1,1,1,1,228,l_1742806280.395.jpg
1,1,1,1,228,l_1742806281.647.jpg
1,1,1,1,228,l_1742829956.409.jpg
1,1,1,1,228,l_1742829958.385.jpg
1,1,1,1,228,l_1742829960.775.jpg
1,1,1,1,228,l_1742829962.603.jpg
1,1,1,1,228,l_1742829970.657.jpg
1,1,1,1,228,l_1743070926.434.jpg
1,1,1,1,228,l_1743070927.966.jpg
1,1,1,1,228,l_1743070928.680.jpg
1,1,1,1,228,l_1743070928.899.jpg
1,1,1,1,228,l_1743070929.501.jpg
1,1,1,1,228,l_1743133573.949.jpg
1,1,1,1,228,l_1743133574.295.jpg
1,1,1,1,228,l_1743133575.931.jpg
1,1,1,1,228,l_1743133600.804.jpg
1,1,1,1,228,l_1743555038.942.jpg
1,1,1,1,228,l_1743555039.802.jpg
1,1,1,1,228,l_1743555040.721.jpg
1,1,1,1,228,l_1743555041.106.jpg
1,1,1,1,228,l_1743555042.559.jpg
1,1,1,1,228,l_1743604356.640.jpg
1,1,1,1,228,l_1743604357.305.jpg
1,1,1,1,228,l_1743604357.688.jpg
1,1,1,1,228,l_1743604358.824.jpg
1,1,1,1,228,l_1743604359.153.jpg
1,1,1,1,228,l_1744184941.679.jpg
1,1,1,1,228,l_1744184942.213.jpg
1,1,1,1,228,l_1744184943.656.jpg
1,1,1,1,228,l_1744184944.245.jpg
1,1,1,1,228,l_1744422180.361.jpg
1,1,1,1,228,l_1744422183.679.jpg
1,1,1,1,228,l_1744422188.296.jpg
1,1,1,1,228,l_1744422211.463.jpg
1,1,1,1,228,l_1744422215.953.jpg
1,1,1,1,228,l_1744789621.365.jpg
1,1,1,1,228,l_1744789621.396.jpg
1,1,1,1,228,l_1744789622.391.jpg
1,1,1,1,228,l_1744789627.796.jpg
1,1,1,1,228,l_1744812374.225.jpg
1,1,1,1,228,l_1744812376.500.jpg
1,1,1,1,228,l_1744812377.775.jpg
1,1,1,1,228,l_1745894962.716.jpg
1,1,1,1,228,l_1745894964.264.jpg
1,1,1,1,228,l_1745894969.904.jpg
1,1,1,1,228,l_1745894970.954.jpg
1,1,1,1,229,l_1732849328.167.jpg
1,1,1,1,229,l_1732849330.141.jpg
1,1,1,1,229,l_1732849331.249.jpg
1,1,1,1,229,l_1732849334.140.jpg
1,1,1,1,229,l_1736299353.250.jpg
1,1,1,1,229,l_1736299353.662.jpg
1,1,1,1,229,l_1736299354.748.jpg
1,1,1,1,229,l_1736299354.998.jpg
1,1,1,1,229,l_1736299355.778.jpg
1,1,1,1,229,l_1736299356.630.jpg
1,1,1,1,229,l_1736308800.514.jpg
1,1,1,1,229,l_1736308800.535.jpg
1,1,1,1,229,l_1736308801.596.jpg
1,1,1,1,229,l_1736308802.688.jpg
1,1,1,1,229,l_1736308804.803.jpg
1,1,1,1,229,l_1736308819.146.jpg
1,1,1,1,229,l_1736308820.736.jpg
1,1,1,1,229,l_1736308821.190.jpg
1,1,1,1,229,l_1741058286.802.jpg
1,1,1,1,229,l_1741058312.886.jpg
1,1,1,1,229,l_1741058315.252.jpg
1,1,1,1,229,l_1741058321.712.jpg
1,1,1,1,229,l_1741313870.937.jpg
1,1,1,1,229,l_1741313881.597.jpg
1,1,1,1,229,l_1741313888.925.jpg
1,1,1,1,229,l_1741313895.516.jpg
1,1,1,1,229,l_1741313904.657.jpg
1,1,1,1,229,l_1741488471.622.jpg
1,1,1,1,229,l_1741488471.882.jpg
1,1,1,1,229,l_1741488472.252.jpg
1,1,1,1,229,l_1741488474.857.jpg
1,1,1,1,229,l_1743587630.286.jpg
1,1,1,1,229,l_1743587631.536.jpg
1,1,1,1,229,l_1743587632.631.jpg
1,1,1,1,229,l_1743587633.815.jpg
1,1,1,1,229,l_1743587657.539.jpg
1,1,1,1,229,l_1743922256.577.jpg
1,1,1,1,229,l_1743922256.677.jpg
1,1,1,1,229,l_1743922257.336.jpg
1,1,1,1,229,l_1743922258.351.jpg
1,1,1,1,229,l_1744128756.217.jpg
1,1,1,1,229,l_1744128757.980.jpg
1,1,1,1,229,l_1744128758.214.jpg
1,1,1,1,229,l_1744173751.825.jpg
1,1,1,1,229,l_1744173752.396.jpg
1,1,1,1,229,l_1744173752.657.jpg
1,1,1,1,229,l_1744173753.581.jpg
1,1,1,1,229,l_1744591489.324.jpg
1,1,1,1,229,l_1744591490.257.jpg
1,1,1,1,229,l_1744591490.378.jpg
1,1,1,1,229,l_1744591491.855.jpg
1,1,1,1,229,l_1744591492.106.jpg
1,1,1,1,229,l_1744796362.978.jpg
1,1,1,1,229,l_1744796363.681.jpg
1,1,1,1,229,l_1744796363.799.jpg
1,1,1,1,229,l_1745025369.895.jpg
1,1,1,1,229,l_1745025370.882.jpg
1,1,1,1,229,l_1745025371.375.jpg
1,1,1,1,229,l_1745025373.677.jpg
1,1,1,1,229,l_1745025376.165.jpg
1,1,1,1,229,l_1746406789.724.jpg
1,1,1,1,229,l_1746406790.159.jpg
1,1,1,1,229,l_1746406791.246.jpg
1,1,1,1,229,l_1746406791.616.jpg
1,1,1,1,229,l_1746406792.540.jpg
1,1,1,1,229,l_1746406792.564.jpg
1,1,1,1,229,l_1746431991.390.jpg
1,1,1,1,229,l_1746431994.224.jpg
1,1,1,1,229,l_1746431999.506.jpg
1,1,1,1,229,l_1746432000.677.jpg
1,1,1,1,229,l_1746599279.755.jpg
1,1,1,1,229,l_1746599280.143.jpg
1,1,1,1,229,l_1746599281.410.jpg
1,1,1,1,229,l_1746599282.785.jpg
1,1,1,1,229,l_1746599283.207.jpg
1,1,1,1,229,l_1746610543.751.jpg
1,1,1,1,229,l_1746610543.994.jpg
1,1,1,1,229,l_1746610544.196.jpg
1,1,1,1,229,l_1746610545.539.jpg
1,1,1,1,229,l_1746610552.474.jpg
1,1,1,1,229,l_1746610554.140.jpg
1,1,1,1,229,l_1746696594.256.jpg
1,1,1,1,229,l_1746696615.713.jpg
1,1,1,1,229,l_1746696615.751.jpg
1,1,1,1,229,l_1746696616.949.jpg
1,1,1,1,229,l_1746696617.293.jpg
1,1,1,1,229,l_1746696617.540.jpg
1,1,1,1,230,l_1685524180.381.jpg
1,1,1,1,230,l_1685524180.840.jpg
1,1,1,1,230,l_1685524181.263.jpg
1,1,1,1,230,l_1685524181.424.jpg
1,1,1,1,230,l_1685524182.153.jpg
1,1,1,1,230,l_1685524182.333.jpg
1,1,1,1,230,l_1685524182.416.jpg
1,1,1,1,230,l_1688697307.139.jpg
1,1,1,1,230,l_1688697308.151.jpg
1,1,1,1,230,l_1688697308.890.jpg
1,1,1,1,230,l_1688697313.363.jpg
1,1,1,1,230,l_1688697803.139.jpg
1,1,1,1,230,l_1688697804.144.jpg
1,1,1,1,230,l_1688697804.937.jpg
1,1,1,1,230,l_1688697806.660.jpg
1,1,1,1,230,l_1692068439.569.jpg
1,1,1,1,230,l_1692068440.836.jpg
1,1,1,1,230,l_1692068441.563.jpg
1,1,1,1,230,l_1692068441.584.jpg
1,1,1,1,230,l_1692068442.622.jpg
1,1,1,1,230,l_1694061846.174.jpg
1,1,1,1,230,l_1694061847.516.jpg
1,1,1,1,230,l_1694061865.888.jpg
1,1,1,1,230,l_1699932076.539.jpg
1,1,1,1,230,l_1699932077.910.jpg
1,1,1,1,230,l_1699932077.991.jpg
1,1,1,1,230,l_1699932078.185.jpg
1,1,1,1,230,l_1699932079.445.jpg
1,1,1,1,230,l_1699932079.730.jpg
1,1,1,1,230,l_1721963116.344.jpg
1,1,1,1,230,l_1721963116.683.jpg
1,1,1,1,230,l_1721963117.326.jpg
1,1,1,1,230,l_1721963117.851.jpg
1,1,1,1,230,l_1721963118.285.jpg
1,1,1,1,230,l_1722067688.580.jpg
1,1,1,1,230,l_1722067689.630.jpg
1,1,1,1,230,l_1722067689.697.jpg
1,1,1,1,230,l_1734339535.265.jpg
1,1,1,1,230,l_1734339536.766.jpg
1,1,1,1,230,l_1734339538.992.jpg
1,1,1,1,230,l_1734339539.322.jpg
1,1,1,1,230,l_1741924941.529.jpg
1,1,1,1,230,l_1741924942.868.jpg
1,1,1,1,230,l_1741924942.975.jpg
1,1,1,1,230,l_1741924943.820.jpg
1,1,1,1,230,l_1742176633.630.jpg
1,1,1,1,230,l_1742176634.872.jpg
1,1,1,1,230,l_1742176635.604.jpg
1,1,1,1,230,l_1742176636.940.jpg
1,1,1,1,230,l_1742176637.601.jpg
1,1,1,1,230,l_1742176638.201.jpg
1,1,1,1,230,l_1742176792.183.jpg
1,1,1,1,230,l_1742176796.831.jpg
1,1,1,1,230,l_1743469187.217.jpg
1,1,1,1,230,l_1743469188.704.jpg
1,1,1,1,230,l_1743469189.813.jpg
1,1,1,1,230,l_1744105970.531.jpg
1,1,1,1,230,l_1744105971.562.jpg
1,1,1,1,230,l_1744105971.929.jpg
1,1,1,1,230,l_1744105972.670.jpg
1,1,1,1,230,l_1744128755.404.jpg
1,1,1,1,230,l_1744128757.712.jpg
1,1,1,1,230,l_1745398833.168.jpg
1,1,1,1,230,l_1745398834.467.jpg
1,1,1,1,230,l_1745398834.773.jpg
1,1,1,1,230,l_1745398835.364.jpg
1,1,1,1,230,l_1745398836.376.jpg
1,1,1,1,230,l_1745398836.517.jpg
1,1,1,1,230,l_1746612975.404.jpg
1,1,1,1,230,l_1746612976.185.jpg
1,1,1,1,230,l_1746612976.610.jpg
1,1,1,1,230,l_1746612977.162.jpg
1,1,1,1,230,l_1746612978.424.jpg
1,1,1,1,230,l_1746612978.574.jpg
1,1,1,1,231,l_1688718208.886.jpg
1,1,1,1,231,l_1688718209.382.jpg
1,1,1,1,231,l_1688718211.217.jpg
1,1,1,1,231,l_1688718212.391.jpg
1,1,1,1,231,l_1688718213.342.jpg
1,1,1,1,231,l_1688718213.354.jpg
1,1,1,1,231,l_1692067798.494.jpg
1,1,1,1,231,l_1692067799.818.jpg
1,1,1,1,231,l_1692067799.951.jpg
1,1,1,1,231,l_1722046646.423.jpg
1,1,1,1,231,l_1722046647.123.jpg
1,1,1,1,231,l_1722046648.876.jpg
1,1,1,1,231,l_1722046648.931.jpg
1,1,1,1,231,l_1731315900.550.jpg
1,1,1,1,231,l_1731315902.486.jpg
1,1,1,1,231,l_1731315903.235.jpg
1,1,1,1,231,l_1731315903.248.jpg
1,1,1,1,231,l_1731315904.114.jpg
1,1,1,1,231,l_1735206681.756.jpg
1,1,1,1,231,l_1735206681.758.jpg
1,1,1,1,231,l_1735206682.204.jpg
1,1,1,1,231,l_1735637461.102.jpg
1,1,1,1,231,l_1735637461.596.jpg
1,1,1,1,231,l_1741426452.336.jpg
1,1,1,1,231,l_1741426455.743.jpg
1,1,1,1,231,l_1741426457.834.jpg
1,1,1,1,231,l_1741426459.746.jpg
1,1,1,1,231,l_1741426462.121.jpg
1,1,1,1,231,l_1741426464.600.jpg
1,1,1,1,231,l_1741426467.902.jpg
1,1,1,1,231,l_1741869333.596.jpg
1,1,1,1,231,l_1741869335.961.jpg
1,1,1,1,231,l_1741869337.725.jpg
1,1,1,1,231,l_1741869339.215.jpg
1,1,1,1,231,l_1741869341.853.jpg
1,1,1,1,231,l_1741869343.377.jpg
1,1,1,1,231,l_1742613904.821.jpg
1,1,1,1,231,l_1742613905.414.jpg
1,1,1,1,231,l_1742613905.795.jpg
1,1,1,1,231,l_1742613906.605.jpg
1,1,1,1,231,l_1742613906.798.jpg
1,1,1,1,231,l_1743221327.584.jpg
1,1,1,1,231,l_1743221335.231.jpg
1,1,1,1,231,l_1743221338.512.jpg
1,1,1,1,231,l_1743221340.383.jpg
1,1,1,1,231,l_1743221348.189.jpg
1,1,1,1,231,l_1743221357.594.jpg
1,1,1,1,231,l_1743585508.962.jpg
1,1,1,1,231,l_1743585509.783.jpg
1,1,1,1,231,l_1743585510.117.jpg
1,1,1,1,231,l_1743585511.960.jpg
1,1,1,1,231,l_1744166569.719.jpg
1,1,1,1,231,l_1744166570.600.jpg
1,1,1,1,231,l_1744166570.761.jpg
1,1,1,1,231,l_1744166571.755.jpg
1,1,1,1,231,l_1745749388.796.jpg
1,1,1,1,231,l_1745749391.312.jpg
1,1,1,1,231,l_1745749393.770.jpg
1,1,1,1,231,l_1745749395.760.jpg
1,1,1,1,231,l_1745749397.729.jpg
1,1,1,1,231,l_1745749400.304.jpg
1,1,1,1,231,l_1745749402.139.jpg
1,1,1,1,231,l_1746347278.754.jpg
1,1,1,1,231,l_1746347280.989.jpg
1,1,1,1,231,l_1746347284.369.jpg
1,1,1,1,231,l_1746347287.769.jpg
1,1,1,1,231,l_1746347289.110.jpg
1,1,1,1,231,l_1746356160.263.jpg
1,1,1,1,231,l_1746356164.239.jpg
1,1,1,1,231,l_1746356166.185.jpg
1,1,1,1,231,l_1746356168.928.jpg
1,1,1,1,231,l_1746356171.574.jpg
1,1,1,1,231,l_1746356173.112.jpg
1,1,1,1,231,l_1746415274.467.jpg
1,1,1,1,231,l_1746415275.598.jpg
1,1,1,1,231,l_1746415275.969.jpg
1,1,1,1,231,l_1746415276.396.jpg
1,1,1,1,231,l_1746415277.590.jpg
1,1,1,1,231,l_1746415278.741.jpg
1,1,1,1,231,l_1746415483.792.jpg
1,1,1,1,231,l_1746415487.204.jpg
1,1,1,1,231,l_1746415490.364.jpg
1,1,1,1,231,l_1746415504.609.jpg
1,1,1,1,231,l_1746415509.513.jpg
1,1,1,1,231,l_1746415516.850.jpg
1,1,1,1,232,l_1714632507.290.jpg
1,1,1,1,232,l_1714632508.184.jpg
1,1,1,1,232,l_1714632508.440.jpg
1,1,1,1,232,l_1714632509.180.jpg
1,1,1,1,232,l_1714632509.985.jpg
1,1,1,1,232,l_1714632511.466.jpg
1,1,1,1,232,l_1731396785.205.jpg
1,1,1,1,232,l_1731396785.967.jpg
1,1,1,1,232,l_1731396786.738.jpg
1,1,1,1,232,l_1731396787.225.jpg
1,1,1,1,232,l_1731396796.527.jpg
1,1,1,1,232,l_1732765778.770.jpg
1,1,1,1,232,l_1732765780.106.jpg
1,1,1,1,232,l_1732765780.636.jpg
1,1,1,1,232,l_1732765781.416.jpg
1,1,1,1,232,l_1732765782.669.jpg
1,1,1,1,232,l_1732765783.197.jpg
1,1,1,1,232,l_1736758232.436.jpg
1,1,1,1,232,l_1736758232.863.jpg
1,1,1,1,232,l_1736758235.731.jpg
1,1,1,1,232,l_1739500586.171.jpg
1,1,1,1,232,l_1739500586.470.jpg
1,1,1,1,232,l_1739500587.203.jpg
1,1,1,1,232,l_1739500587.643.jpg
1,1,1,1,232,l_1739500595.567.jpg
1,1,1,1,232,l_1739702677.220.jpg
1,1,1,1,232,l_1739702677.300.jpg
1,1,1,1,232,l_1739702678.105.jpg
1,1,1,1,232,l_1739702679.111.jpg
1,1,1,1,232,l_1739702679.574.jpg
1,1,1,1,232,l_1739702683.866.jpg
1,1,1,1,232,l_1741487745.790.jpg
1,1,1,1,232,l_1741487746.694.jpg
1,1,1,1,232,l_1741487746.720.jpg
1,1,1,1,232,l_1741487747.697.jpg
1,1,1,1,232,l_1742550236.256.jpg
1,1,1,1,232,l_1742550237.117.jpg
1,1,1,1,232,l_1742550238.645.jpg
1,1,1,1,232,l_1742550238.970.jpg
1,1,1,1,232,l_1742550239.260.jpg
1,1,1,1,232,l_1742550240.425.jpg
1,1,1,1,232,l_1743575248.797.jpg
1,1,1,1,232,l_1743575250.233.jpg
1,1,1,1,232,l_1743575251.573.jpg
1,1,1,1,232,l_1743575254.201.jpg
1,1,1,1,232,l_1743575256.569.jpg
1,1,1,1,232,l_1743575257.622.jpg
1,1,1,1,232,l_1743988313.691.jpg
1,1,1,1,232,l_1743988314.167.jpg
1,1,1,1,232,l_1743988315.449.jpg
1,1,1,1,232,l_1743988316.490.jpg
1,1,1,1,232,l_1744084421.123.jpg
1,1,1,1,232,l_1744084422.248.jpg
1,1,1,1,232,l_1744084422.459.jpg
1,1,1,1,232,l_1744084423.449.jpg
1,1,1,1,232,l_1744084424.883.jpg
1,1,1,1,232,l_1744084425.940.jpg
1,1,1,1,232,l_1744123936.711.jpg
1,1,1,1,232,l_1744123939.505.jpg
1,1,1,1,232,l_1744123941.480.jpg
1,1,1,1,232,l_1744123943.300.jpg
1,1,1,1,232,l_1744123945.683.jpg
1,1,1,1,232,l_1744275022.835.jpg
1,1,1,1,232,l_1744275023.687.jpg
1,1,1,1,232,l_1744275023.709.jpg
1,1,1,1,232,l_1744275024.785.jpg
1,1,1,1,232,l_1744275024.816.jpg
1,1,1,1,232,l_1744275336.639.jpg
1,1,1,1,232,l_1744275337.795.jpg
1,1,1,1,232,l_1744275338.656.jpg
1,1,1,1,232,l_1744275338.828.jpg
1,1,1,1,232,l_1744275339.953.jpg
1,1,1,1,232,l_1744962150.304.jpg
1,1,1,1,232,l_1744962150.581.jpg
1,1,1,1,232,l_1744962151.872.jpg
1,1,1,1,232,l_1744962152.341.jpg
1,1,1,1,232,l_1744962152.358.jpg
1,1,1,1,232,l_1745392618.932.jpg
1,1,1,1,232,l_1745392619.161.jpg
1,1,1,1,232,l_1745392620.554.jpg
1,1,1,1,232,l_1745854966.113.jpg
1,1,1,1,232,l_1745854966.551.jpg
1,1,1,1,232,l_1745854967.203.jpg
1,1,1,1,232,l_1746536007.557.jpg
1,1,1,1,232,l_1746536008.811.jpg
1,1,1,1,232,l_1746536009.297.jpg
1,1,1,1,232,l_1746693949.332.jpg
1,1,1,1,232,l_1746693949.514.jpg
1,1,1,1,232,l_1746693950.151.jpg
1,1,1,1,232,l_1746693951.887.jpg
1,1,1,1,232,l_1746693952.623.jpg
1,1,1,1,232,l_1746693954.266.jpg
1,1,1,1,233,l_1698223584.371.jpg
1,1,1,1,233,l_1698223584.959.jpg
1,1,1,1,233,l_1698223585.601.jpg
1,1,1,1,233,l_1698223586.694.jpg
1,1,1,1,233,l_1698223586.756.jpg
1,1,1,1,233,l_1724225395.466.jpg
1,1,1,1,233,l_1724225396.792.jpg
1,1,1,1,233,l_1724225397.876.jpg
1,1,1,1,233,l_1724225398.763.jpg
1,1,1,1,233,l_1724225398.959.jpg
1,1,1,1,233,l_1727148703.615.jpg
1,1,1,1,233,l_1727148704.936.jpg
1,1,1,1,233,l_1727148705.595.jpg
1,1,1,1,233,l_1738984382.746.jpg
1,1,1,1,233,l_1738984384.330.jpg
1,1,1,1,233,l_1738984385.545.jpg
1,1,1,1,233,l_1738984386.425.jpg
1,1,1,1,233,l_1738984387.484.jpg
1,1,1,1,233,l_1741527759.647.jpg
1,1,1,1,233,l_1741527761.944.jpg
1,1,1,1,233,l_1741527762.489.jpg
1,1,1,1,233,l_1741527763.441.jpg
1,1,1,1,233,l_1741527767.871.jpg
1,1,1,1,233,l_1741926985.500.jpg
1,1,1,1,233,l_1741927003.591.jpg
1,1,1,1,233,l_1741927004.287.jpg
1,1,1,1,233,l_1741927005.269.jpg
1,1,1,1,233,l_1741927005.652.jpg
1,1,1,1,233,l_1741951594.319.jpg
1,1,1,1,233,l_1741951595.407.jpg
1,1,1,1,233,l_1741951597.647.jpg
1,1,1,1,233,l_1742095983.914.jpg
1,1,1,1,233,l_1742095984.151.jpg
1,1,1,1,233,l_1742095984.900.jpg
1,1,1,1,233,l_1742782563.925.jpg
1,1,1,1,233,l_1742782567.874.jpg
1,1,1,1,233,l_1742782570.508.jpg
1,1,1,1,233,l_1742782573.928.jpg
1,1,1,1,233,l_1742782576.425.jpg
1,1,1,1,233,l_1743848080.607.jpg
1,1,1,1,233,l_1743848081.787.jpg
1,1,1,1,233,l_1743848081.823.jpg
1,1,1,1,233,l_1743848083.186.jpg
1,1,1,1,233,l_1743848084.357.jpg
1,1,1,1,233,l_1744039819.251.jpg
1,1,1,1,233,l_1744039821.158.jpg
1,1,1,1,233,l_1744039822.397.jpg
1,1,1,1,233,l_1744039826.409.jpg
1,1,1,1,233,l_1744039836.231.jpg
1,1,1,1,233,l_1744081165.332.jpg
1,1,1,1,233,l_1744081165.905.jpg
1,1,1,1,233,l_1744081166.668.jpg
1,1,1,1,233,l_1744081169.901.jpg
1,1,1,1,233,l_1744081171.928.jpg
1,1,1,1,233,l_1744356344.621.jpg
1,1,1,1,233,l_1744356346.600.jpg
1,1,1,1,233,l_1744356347.379.jpg
1,1,1,1,233,l_1744356347.463.jpg
1,1,1,1,233,l_1744356348.689.jpg
1,1,1,1,233,l_1744356350.717.jpg
1,1,1,1,233,l_1744681586.479.jpg
1,1,1,1,233,l_1744681586.507.jpg
1,1,1,1,233,l_1744681587.904.jpg
1,1,1,1,233,l_1744681588.313.jpg
1,1,1,1,233,l_1746336968.448.jpg
1,1,1,1,233,l_1746336969.199.jpg
1,1,1,1,233,l_1746336970.438.jpg
1,1,1,1,233,l_1746336970.591.jpg
1,1,1,1,233,l_1746336971.494.jpg
1,1,1,1,233,l_1746336972.914.jpg
1,1,1,1,233,l_1746336975.621.jpg
1,1,1,1,233,l_1746584266.584.jpg
1,1,1,1,233,l_1746584267.319.jpg
1,1,1,1,233,l_1746584269.789.jpg
1,1,1,1,233,l_1746584270.246.jpg
1,1,1,1,233,l_1746585746.786.jpg
1,1,1,1,233,l_1746585747.602.jpg
1,1,1,1,233,l_1746585747.889.jpg
1,1,1,1,233,l_1746585748.890.jpg
1,1,1,1,233,l_1746585748.953.jpg
1,1,1,1,234,l_1656468776.424.jpg
1,1,1,1,234,l_1656468777.547.jpg
1,1,1,1,234,l_1656468849.790.jpg
1,1,1,1,234,l_1686725952.412.jpg
1,1,1,1,234,l_1686725952.996.jpg
1,1,1,1,234,l_1686725953.273.jpg
1,1,1,1,234,l_1686725954.726.jpg
1,1,1,1,234,l_1692068813.615.jpg
1,1,1,1,234,l_1692068814.470.jpg
1,1,1,1,234,l_1692068816.266.jpg
1,1,1,1,234,l_1692068820.495.jpg
1,1,1,1,234,l_1721964289.228.jpg
1,1,1,1,234,l_1721964289.992.jpg
1,1,1,1,234,l_1721964290.362.jpg
1,1,1,1,234,l_1721964290.596.jpg
1,1,1,1,234,l_1721964291.281.jpg
1,1,1,1,234,l_1732537264.127.jpg
1,1,1,1,234,l_1732537264.865.jpg
1,1,1,1,234,l_1732537265.262.jpg
1,1,1,1,234,l_1732537265.277.jpg
1,1,1,1,234,l_1732537268.482.jpg
1,1,1,1,234,l_1737107414.472.jpg
1,1,1,1,234,l_1737107415.174.jpg
1,1,1,1,234,l_1737107415.894.jpg
1,1,1,1,234,l_1737107416.222.jpg
1,1,1,1,234,l_1737107416.300.jpg
1,1,1,1,234,l_1740382043.334.jpg
1,1,1,1,234,l_1740382043.415.jpg
1,1,1,1,234,l_1740382043.866.jpg
1,1,1,1,234,l_1740382047.944.jpg
1,1,1,1,234,l_1743064835.515.jpg
1,1,1,1,234,l_1743064836.832.jpg
1,1,1,1,234,l_1743064845.546.jpg
1,1,1,1,234,l_1743064845.817.jpg
1,1,1,1,234,l_1743124415.421.jpg
1,1,1,1,234,l_1743124416.923.jpg
1,1,1,1,234,l_1743124417.908.jpg
1,1,1,1,234,l_1743124418.340.jpg
1,1,1,1,234,l_1743124421.145.jpg
1,1,1,1,234,l_1743752482.757.jpg
1,1,1,1,234,l_1744084902.719.jpg
1,1,1,1,234,l_1744450509.267.jpg
1,1,1,1,234,l_1744450509.472.jpg
1,1,1,1,234,l_1744450510.835.jpg
1,1,1,1,234,l_1744450511.160.jpg
1,1,1,1,234,l_1744450512.892.jpg
1,1,1,1,234,l_1744795288.353.jpg
1,1,1,1,234,l_1744795289.708.jpg
1,1,1,1,234,l_1744795290.217.jpg
1,1,1,1,234,l_1744795290.426.jpg
1,1,1,1,234,l_1744795291.501.jpg
1,1,1,1,234,l_1745024865.487.jpg
1,1,1,1,234,l_1745024866.626.jpg
1,1,1,1,234,l_1745024868.507.jpg
1,1,1,1,234,l_1745024869.344.jpg
1,1,1,1,234,l_1745024871.211.jpg
1,1,1,1,234,l_1745389726.371.jpg
1,1,1,1,234,l_1745389726.717.jpg
1,1,1,1,234,l_1745389727.813.jpg
1,1,1,1,234,l_1746419382.954.jpg
1,1,1,1,234,l_1746419383.476.jpg
1,1,1,1,234,l_1746419383.794.jpg
1,1,1,1,234,l_1746419384.511.jpg
1,1,1,1,234,l_1746433602.305.jpg
1,1,1,1,234,l_1746433602.497.jpg
1,1,1,1,234,l_1746433604.959.jpg
1,1,1,1,234,l_1746433607.166.jpg
1,1,1,1,235,l_1736915755.850.jpg
1,1,1,1,235,l_1736915758.892.jpg
1,1,1,1,235,l_1736915763.241.jpg
1,1,1,1,235,l_1736915766.629.jpg
1,1,1,1,235,l_1736915783.110.jpg
1,1,1,1,235,l_1739965365.118.jpg
1,1,1,1,235,l_1739965365.337.jpg
1,1,1,1,235,l_1739965366.120.jpg
1,1,1,1,235,l_1739965367.567.jpg
1,1,1,1,235,l_1742372462.643.jpg
1,1,1,1,235,l_1742372463.501.jpg
1,1,1,1,235,l_1742372464.744.jpg
1,1,1,1,235,l_1742372465.410.jpg
1,1,1,1,235,l_1743136478.441.jpg
1,1,1,1,235,l_1743136479.888.jpg
1,1,1,1,235,l_1743136480.927.jpg
1,1,1,1,235,l_1743236281.304.jpg
1,1,1,1,235,l_1743236282.314.jpg
1,1,1,1,235,l_1743236284.629.jpg
1,1,1,1,235,l_1743236285.456.jpg
1,1,1,1,235,l_1743236286.125.jpg
1,1,1,1,235,l_1744423166.588.jpg
1,1,1,1,235,l_1744423168.390.jpg
1,1,1,1,235,l_1744423171.434.jpg
1,1,1,1,235,l_1744423177.842.jpg
1,1,1,1,235,l_1744423179.585.jpg
1,1,1,1,235,l_1744595416.182.jpg
1,1,1,1,235,l_1744595416.634.jpg
1,1,1,1,235,l_1744595417.309.jpg
1,1,1,1,235,l_1744595417.761.jpg
1,1,1,1,235,l_1745207938.477.jpg
1,1,1,1,235,l_1745207940.934.jpg
1,1,1,1,235,l_1745207941.666.jpg
1,1,1,1,235,l_1745207951.708.jpg
1,1,1,1,235,l_1745767419.335.jpg
1,1,1,1,235,l_1745767420.333.jpg
1,1,1,1,235,l_1745767641.464.jpg
1,1,1,1,235,l_1745818831.114.jpg
1,1,1,1,235,l_1745818831.552.jpg
1,1,1,1,235,l_1745818832.475.jpg
1,1,1,1,235,l_1745818833.590.jpg
1,1,1,1,235,l_1745818834.280.jpg
1,1,1,1,235,l_1746432602.349.jpg
1,1,1,1,235,l_1746432603.849.jpg
1,1,1,1,235,l_1746432603.959.jpg
1,1,1,1,235,l_1746587572.715.jpg
1,1,1,1,235,l_1746587572.972.jpg
1,1,1,1,235,l_1746587573.357.jpg
1,1,1,1,235,l_1746587575.238.jpg
1,1,1,1,235,l_1746588415.422.jpg
1,1,1,1,235,l_1746588415.615.jpg
1,1,1,1,235,l_1746588419.100.jpg
1,1,1,1,235,l_1746588420.421.jpg
1,1,1,1,236,l_1651203639.428.jpg
1,1,1,1,236,l_1669175261.429.jpg
1,1,1,1,236,l_1669175262.958.jpg
1,1,1,1,236,l_1736909852.868.jpg
1,1,1,1,236,l_1736909853.361.jpg
1,1,1,1,236,l_1736909853.724.jpg
1,1,1,1,236,l_1736909854.175.jpg
1,1,1,1,236,l_1736909854.451.jpg
1,1,1,1,236,l_1736909855.981.jpg
1,1,1,1,236,l_1740062073.647.jpg
1,1,1,1,236,l_1740062074.799.jpg
1,1,1,1,236,l_1740062074.869.jpg
1,1,1,1,236,l_1740062075.244.jpg
1,1,1,1,236,l_1740062075.851.jpg
1,1,1,1,236,l_1740628372.807.jpg
1,1,1,1,236,l_1740628373.252.jpg
1,1,1,1,236,l_1740628376.829.jpg
1,1,1,1,236,l_1741594509.125.jpg
1,1,1,1,236,l_1741594531.691.jpg
1,1,1,1,236,l_1741594532.998.jpg
1,1,1,1,236,l_1741594533.792.jpg
1,1,1,1,236,l_1741594535.831.jpg
1,1,1,1,236,l_1741594536.596.jpg
1,1,1,1,236,l_1741919322.570.jpg
1,1,1,1,236,l_1741919325.869.jpg
1,1,1,1,236,l_1741919326.821.jpg
1,1,1,1,236,l_1741919327.569.jpg
1,1,1,1,236,l_1741919329.724.jpg
1,1,1,1,236,l_1742957332.625.jpg
1,1,1,1,236,l_1742957333.102.jpg
1,1,1,1,236,l_1742985597.114.jpg
1,1,1,1,236,l_1742985597.759.jpg
1,1,1,1,236,l_1742985598.939.jpg
1,1,1,1,236,l_1742985599.792.jpg
1,1,1,1,236,l_1744867597.921.jpg
1,1,1,1,236,l_1744867598.740.jpg
1,1,1,1,236,l_1744867598.785.jpg
1,1,1,1,236,l_1744867599.641.jpg
1,1,1,1,236,l_1744867600.670.jpg
1,1,1,1,236,l_1745158138.407.jpg
1,1,1,1,236,l_1745158140.700.jpg
1,1,1,1,236,l_1745158143.921.jpg
1,1,1,1,236,l_1745158144.708.jpg
1,1,1,1,236,l_1745158144.985.jpg
1,1,1,1,236,l_1745488113.719 (1).jpg
1,1,1,1,236,l_1745488113.719.jpg
1,1,1,1,236,l_1745488116.701 (1).jpg
1,1,1,1,236,l_1745488116.701.jpg
1,1,1,1,236,l_1745488119.852 (1).jpg
1,1,1,1,236,l_1745488119.852.jpg
1,1,1,1,236,l_1745488122.437 (1).jpg
1,1,1,1,236,l_1745488122.437.jpg
1,1,1,1,236,l_1745488125.537 (1).jpg
1,1,1,1,236,l_1745488125.537.jpg
1,1,1,1,236,l_1746441332.946.jpg
1,1,1,1,236,l_1746442569.343.jpg
1,1,1,1,236,l_1746454625.123.jpg
1,1,1,1,236,l_1746454628.556.jpg
1,1,1,1,236,l_1746454630.411.jpg
1,1,1,1,236,l_1746454634.888.jpg
1,1,1,1,236,l_1746454636.324.jpg
1,1,1,1,236,l_1746678936.722.jpg
1,1,1,1,236,l_1746678937.744.jpg
1,1,1,1,236,l_1746678939.808.jpg
1,1,1,1,236,l_1746678940.469.jpg
1,1,1,1,236,l_1746692566.356.jpg
1,1,1,1,236,l_1746692568.226.jpg
1,1,1,1,236,l_1746692568.454.jpg
1,1,1,1,236,l_1746692571.310.jpg
1,1,1,1,237,l_1695292641.811.jpg
1,1,1,1,237,l_1695292642.600.jpg
1,1,1,1,237,l_1695292642.969.jpg
1,1,1,1,237,l_1695355827.769.jpg
1,1,1,1,237,l_1695355827.820.jpg
1,1,1,1,237,l_1695355829.681.jpg
1,1,1,1,237,l_1699603265.459.jpg
1,1,1,1,237,l_1699603266.174.jpg
1,1,1,1,237,l_1699611504.161.jpg
1,1,1,1,237,l_1699611505.802.jpg
1,1,1,1,237,l_1702261255.522.jpg
1,1,1,1,237,l_1702261256.885.jpg
1,1,1,1,237,l_1702261257.964.jpg
1,1,1,1,237,l_1702261258.371.jpg
1,1,1,1,237,l_1705043915.319.jpg
1,1,1,1,237,l_1705043916.792.jpg
1,1,1,1,237,l_1720681098.147.jpg
1,1,1,1,237,l_1720681098.182.jpg
1,1,1,1,237,l_1722314960.137.jpg
1,1,1,1,237,l_1722314960.679.jpg
1,1,1,1,237,l_1722314962.171.jpg
1,1,1,1,237,l_1722314963.325.jpg
1,1,1,1,237,l_1735368886.575.jpg
1,1,1,1,237,l_1735368887.158.jpg
1,1,1,1,237,l_1735368887.901.jpg
1,1,1,1,237,l_1735368888.146.jpg
1,1,1,1,237,l_1735368888.314.jpg
1,1,1,1,237,l_1735368889.945.jpg
1,1,1,1,237,l_1735368890.577.jpg
1,1,1,1,237,l_1735368890.991.jpg
1,1,1,1,237,l_1739158597.346.jpg
1,1,1,1,237,l_1739158598.355.jpg
1,1,1,1,237,l_1739158598.433.jpg
1,1,1,1,237,l_1739158599.238.jpg
1,1,1,1,237,l_1739158599.783.jpg
1,1,1,1,237,l_1740631044.939.jpg
1,1,1,1,237,l_1741661327.831.jpg
1,1,1,1,237,l_1741661331.127.jpg
1,1,1,1,237,l_1741661337.812.jpg
1,1,1,1,237,l_1741661370.551.jpg
1,1,1,1,237,l_1741661371.379.jpg
1,1,1,1,237,l_1741847265.496.jpg
1,1,1,1,237,l_1741847266.809.jpg
1,1,1,1,237,l_1741847267.369.jpg
1,1,1,1,237,l_1741847267.857.jpg
1,1,1,1,237,l_1741847268.257.jpg
1,1,1,1,237,l_1741847272.731.jpg
1,1,1,1,237,l_1741847273.491.jpg
1,1,1,1,237,l_1743404048.959.jpg
1,1,1,1,237,l_1743404049.631.jpg
1,1,1,1,237,l_1745732075.221.jpg
1,1,1,1,237,l_1745732077.484.jpg
1,1,1,1,237,l_1746203447.612.jpg
1,1,1,1,237,l_1746203448.184.jpg
1,1,1,1,237,l_1746203449.348.jpg
1,1,1,1,238,l_1736050530.616.jpg
1,1,1,1,238,l_1736050531.793.jpg
1,1,1,1,238,l_1736050532.103.jpg
1,1,1,1,238,l_1736050532.515.jpg
1,1,1,1,238,l_1739259719.747.jpg
1,1,1,1,238,l_1739259721.302.jpg
1,1,1,1,238,l_1739259721.318.jpg
1,1,1,1,238,l_1739259724.177.jpg
1,1,1,1,238,l_1739341530.195.jpg
1,1,1,1,238,l_1739341531.832.jpg
1,1,1,1,238,l_1739341531.886.jpg
1,1,1,1,238,l_1739341532.236.jpg
1,1,1,1,238,l_1739341533.961.jpg
1,1,1,1,238,l_1739342353.408.jpg
1,1,1,1,238,l_1739342353.878.jpg
1,1,1,1,238,l_1739342354.667.jpg
1,1,1,1,238,l_1739342354.861.jpg
1,1,1,1,238,l_1739342355.684.jpg
1,1,1,1,238,l_1739412230.208.jpg
1,1,1,1,238,l_1739412231.915.jpg
1,1,1,1,238,l_1739412232.736.jpg
1,1,1,1,238,l_1739412234.302.jpg
1,1,1,1,238,l_1739412235.445.jpg
1,1,1,1,238,l_1739412237.694.jpg
1,1,1,1,238,l_1742814288.735.jpg
1,1,1,1,238,l_1742814290.720.jpg
1,1,1,1,238,l_1742814291.359.jpg
1,1,1,1,238,l_1742814293.776.jpg
1,1,1,1,238,l_1742870127.537.jpg
1,1,1,1,238,l_1742870129.182.jpg
1,1,1,1,238,l_1742870130.729.jpg
1,1,1,1,238,l_1742870131.461.jpg
1,1,1,1,238,l_1742870134.254.jpg
1,1,1,1,238,l_1742953026.713.jpg
1,1,1,1,238,l_1742953027.907.jpg
1,1,1,1,238,l_1742953029.600.jpg
1,1,1,1,238,l_1742953029.914.jpg
1,1,1,1,238,l_1742953030.111.jpg
1,1,1,1,238,l_1744104723.275.jpg
1,1,1,1,238,l_1744104723.917.jpg
1,1,1,1,238,l_1744104724.496.jpg
1,1,1,1,238,l_1744104724.610.jpg
1,1,1,1,238,l_1744104726.899.jpg
1,1,1,1,238,l_1745327329.174.jpg
1,1,1,1,238,l_1745327332.549.jpg
1,1,1,1,238,l_1745327336.223.jpg
1,1,1,1,238,l_1745327338.720.jpg
1,1,1,1,238,l_1745327341.762.jpg
1,1,1,1,238,l_1745327344.950.jpg
1,1,1,1,238,l_1745739313.234.jpg
1,1,1,1,238,l_1745739313.399.jpg
1,1,1,1,238,l_1745739314.469.jpg
1,1,1,1,238,l_1745739314.972.jpg
1,1,1,1,238,l_1746444952.364.jpg
1,1,1,1,238,l_1746444953.594.jpg
1,1,1,1,238,l_1746444953.892.jpg
1,1,1,1,238,l_1746444954.976.jpg
1,1,1,1,238,l_1746496612.928.jpg
1,1,1,1,238,l_1746496615.921.jpg
1,1,1,1,238,l_1746496617.958.jpg
1,1,1,1,238,l_1746496619.296.jpg
1,1,1,1,238,l_1746496621.695.jpg
1,1,1,1,238,l_1746588650.109.jpg
1,1,1,1,238,l_1746588652.453.jpg
1,1,1,1,238,l_1746588654.636.jpg
1,1,1,1,238,l_1746588656.622.jpg
1,1,1,1,238,l_1746590085.764.jpg
1,1,1,1,238,l_1746590086.919.jpg
1,1,1,1,238,l_1746590087.891.jpg
1,1,1,1,238,l_1746590089.184.jpg
1,1,1,1,238,l_1746590089.443.jpg
1,1,1,1,238,l_1746590092.630.jpg
1,1,1,1,238,l_1746592545.878.jpg
1,1,1,1,238,l_1746592546.473.jpg
1,1,1,1,238,l_1746592546.785.jpg
1,1,1,1,238,l_1746592547.394.jpg
1,1,1,1,239,l_1733750496.813.jpg
1,1,1,1,239,l_1733750506.892.jpg
1,1,1,1,239,l_1733750515.947.jpg
1,1,1,1,239,l_1733750532.830.jpg
1,1,1,1,239,l_1733750547.949.jpg
1,1,1,1,239,l_1735368733.199.jpg
1,1,1,1,239,l_1735368733.363.jpg
1,1,1,1,239,l_1735368734.131.jpg
1,1,1,1,239,l_1735368734.785.jpg
1,1,1,1,239,l_1735368738.580.jpg
1,1,1,1,239,l_1735960306.505.jpg
1,1,1,1,239,l_1735960307.657.jpg
1,1,1,1,239,l_1735960310.104.jpg
1,1,1,1,239,l_1735960311.508.jpg
1,1,1,1,239,l_1735960312.289.jpg
1,1,1,1,239,l_1735960315.953.jpg
1,1,1,1,239,l_1735960329.841.jpg
1,1,1,1,239,l_1741939460.527.jpg
1,1,1,1,239,l_1741939461.234.jpg
1,1,1,1,239,l_1742365993.742.jpg
1,1,1,1,239,l_1742365994.248.jpg
1,1,1,1,239,l_1742805369.696.jpg
1,1,1,1,239,l_1742805371.538.jpg
1,1,1,1,239,l_1742805374.933.jpg
1,1,1,1,239,l_1742805375.741.jpg
1,1,1,1,239,l_1742805378.436.jpg
1,1,1,1,239,l_1743392556.759.jpg
1,1,1,1,239,l_1743392558.951.jpg
1,1,1,1,239,l_1743392561.978.jpg
1,1,1,1,239,l_1743392563.464.jpg
1,1,1,1,239,l_1743476569.199.jpg
1,1,1,1,239,l_1743476570.125.jpg
1,1,1,1,239,l_1743476571.517.jpg
1,1,1,1,239,l_1743476571.637.jpg
1,1,1,1,239,l_1743656682.615.jpg
1,1,1,1,239,l_1743656682.694.jpg
1,1,1,1,239,l_1743656683.529.jpg
1,1,1,1,239,l_1743656683.619.jpg
1,1,1,1,239,l_1743656684.803.jpg
1,1,1,1,239,l_1744005085.981.jpg
1,1,1,1,239,l_1744005086.752.jpg
1,1,1,1,239,l_1744005086.813.jpg
1,1,1,1,239,l_1744005087.478.jpg
1,1,1,1,239,l_1744005087.774.jpg
1,1,1,1,239,l_1744128397.378.jpg
1,1,1,1,239,l_1744128398.283.jpg
1,1,1,1,239,l_1744128398.995.jpg
1,1,1,1,239,l_1744128399.886.jpg
1,1,1,1,239,l_1744128400.604.jpg
1,1,1,1,239,l_1745375404.124.jpg
1,1,1,1,239,l_1745375405.902.jpg
1,1,1,1,239,l_1745375406.676.jpg
1,1,1,1,239,l_1745661340.838.jpg
1,1,1,1,239,l_1745661341.961.jpg
1,1,1,1,239,l_1745661342.574.jpg
1,1,1,1,239,l_1745661345.565.jpg
1,1,1,1,239,l_1745661346.343.jpg
1,1,1,1,239,l_1745894047.898.jpg
1,1,1,1,239,l_1745894048.486.jpg
1,1,1,1,239,l_1745894049.739.jpg
1,1,1,1,239,l_1745894050.139.jpg
1,1,1,1,239,l_1745894050.356.jpg
1,1,1,1,239,l_1745894052.726.jpg
1,1,1,1,239,l_1745922479.602.jpg
1,1,1,1,239,l_1745922480.245.jpg
1,1,1,1,239,l_1745922481.412.jpg
1,1,1,1,239,l_1745922483.808.jpg
1,1,1,1,239,l_1745922485.469.jpg
1,1,1,1,239,l_1745979767.298.jpg
1,1,1,1,239,l_1745979770.734.jpg
1,1,1,1,239,l_1745979773.274.jpg
1,1,1,1,239,l_1745979776.909.jpg
1,1,1,1,239,l_1745979779.242.jpg
1,1,1,1,239,l_1745979784.637.jpg
1,1,1,1,239,l_1745979788.146.jpg
1,1,1,1,239,l_1745979791.165.jpg
1,1,1,1,239,l_1746450225.990.jpg
1,1,1,1,239,l_1746450226.273.jpg
1,1,1,1,239,l_1746450226.799.jpg
1,1,1,1,239,l_1746450227.839.jpg
1,1,1,1,239,l_1746450227.965.jpg
1,1,1,1,239,l_1746589422.236.jpg
1,1,1,1,239,l_1746589422.812.jpg
1,1,1,1,239,l_1746589423.294.jpg
1,1,1,1,239,l_1746589423.383.jpg
1,1,1,1,239,l_1746589424.942.jpg
1,1,1,1,239,l_1746589426.700.jpg
1,1,1,1,239,l_1746590327.190.jpg
1,1,1,1,239,l_1746590327.723.jpg
1,1,1,1,239,l_1746590327.966.jpg
1,1,1,1,239,l_1746591288.239.jpg
1,1,1,1,239,l_1746591297.297.jpg
1,1,1,1,239,l_1746591304.202.jpg
1,1,1,1,239,l_1746591322.724.jpg
1,1,1,1,240,l_1742870862.540.jpg
1,1,1,1,240,l_1742870862.889.jpg
1,1,1,1,240,l_1742870863.288.jpg
1,1,1,1,240,l_1742870863.660.jpg
1,1,1,1,240,l_1742870864.805.jpg
1,1,1,1,240,l_1742870865.464.jpg
1,1,1,1,240,l_1742870866.794.jpg
1,1,1,1,240,l_1744082939.894.jpg
1,1,1,1,240,l_1744082940.664.jpg
1,1,1,1,240,l_1744082940.684.jpg
1,1,1,1,240,l_1744082941.802.jpg
1,1,1,1,240,l_1744082942.945.jpg
1,1,1,1,240,l_1744083053.403.jpg
1,1,1,1,240,l_1744083054.221.jpg
1,1,1,1,240,l_1744083055.752.jpg
1,1,1,1,240,l_1744083056.203.jpg
1,1,1,1,240,l_1744083057.542.jpg
1,1,1,1,240,l_1744187274.485.jpg
1,1,1,1,240,l_1744187274.550.jpg
1,1,1,1,240,l_1744187275.257.jpg
1,1,1,1,240,l_1744187275.835.jpg
1,1,1,1,240,l_1744386813.744.jpg
1,1,1,1,240,l_1744507746.320.jpg
1,1,1,1,240,l_1744507746.493.jpg
1,1,1,1,240,l_1744507747.409.jpg
1,1,1,1,240,l_1744507747.414.jpg
1,1,1,1,240,l_1744507748.225.jpg
1,1,1,1,240,l_1744792443.146.jpg
1,1,1,1,240,l_1744792449.224.jpg
1,1,1,1,240,l_1744792457.875.jpg
1,1,1,1,240,l_1744792474.497.jpg
1,1,1,1,240,l_1744961009.836.jpg
1,1,1,1,240,l_1744961009.977.jpg
1,1,1,1,240,l_1744961011.997.jpg
1,1,1,1,240,l_1745231557.320.jpg
1,1,1,1,240,l_1745231557.803.jpg
1,1,1,1,240,l_1745231558.207.jpg
1,1,1,1,240,l_1745231559.654.jpg
1,1,1,1,240,l_1745231560.371.jpg
1,1,1,1,240,l_1745231561.723.jpg
1,1,1,1,240,l_1745380080.611.jpg
1,1,1,1,240,l_1745380082.193.jpg
1,1,1,1,240,l_1745380087.364.jpg
1,1,1,1,240,l_1745380089.467.jpg
1,1,1,1,240,l_1745380090.586.jpg
1,1,1,1,240,l_1745729155.206.jpg
1,1,1,1,240,l_1745729156.626.jpg
1,1,1,1,240,l_1745729156.967.jpg
1,1,1,1,240,l_1745729157.500.jpg
1,1,1,1,240,l_1745729157.550.jpg
1,1,1,1,240,l_1746324093.973.jpg
1,1,1,1,240,l_1746516988.212.jpg
1,1,1,1,240,l_1746516991.251.jpg
1,1,1,1,240,l_1746629210.184.jpg
1,1,1,1,240,l_1746629211.899.jpg
1,1,1,1,240,l_1746629212.213.jpg
1,1,1,1,240,l_1746629212.631.jpg
1,1,1,1,240,l_1746629213.788.jpg
1,1,1,1,241,l_1746585814.782.jpg
1,1,1,1,241,l_1708522284.747.jpg
1,1,1,1,241,l_1708522286.518.jpg
1,1,1,1,241,l_1724915094.123.jpg
1,1,1,1,241,l_1724915094.172.jpg
1,1,1,1,241,l_1724915095.414.jpg
1,1,1,1,241,l_1724915098.674.jpg
1,1,1,1,241,l_1724915099.574.jpg
1,1,1,1,241,l_1734659571.801.jpg
1,1,1,1,241,l_1734659572.747.jpg
1,1,1,1,241,l_1734659575.315.jpg
1,1,1,1,241,l_1734659576.568.jpg
1,1,1,1,241,l_1734659759.768.jpg
1,1,1,1,241,l_1739243035.289.jpg
1,1,1,1,241,l_1739243036.556.jpg
1,1,1,1,241,l_1739243036.571.jpg
1,1,1,1,241,l_1739243037.224.jpg
1,1,1,1,241,l_1739243037.391.jpg
1,1,1,1,241,l_1739243039.492.jpg
1,1,1,1,241,l_1740717682.711.jpg
1,1,1,1,241,l_1740717684.644.jpg
1,1,1,1,241,l_1740717686.500.jpg
1,1,1,1,241,l_1740717687.247.jpg
1,1,1,1,241,l_1740717688.105.jpg
1,1,1,1,241,l_1740717688.596.jpg
1,1,1,1,241,l_1740717689.877.jpg
1,1,1,1,241,l_1741663207.589.jpg
1,1,1,1,241,l_1741663208.213.jpg
1,1,1,1,241,l_1741663208.820.jpg
1,1,1,1,241,l_1741663209.274.jpg
1,1,1,1,241,l_1741763692.136.jpg
1,1,1,1,241,l_1741763693.260.jpg
1,1,1,1,241,l_1741763693.335.jpg
1,1,1,1,241,l_1741763694.959.jpg
1,1,1,1,241,l_1743858552.720.jpg
1,1,1,1,241,l_1743858553.251.jpg
1,1,1,1,241,l_1743858553.812.jpg
1,1,1,1,241,l_1743858555.466.jpg
1,1,1,1,241,l_1744272320.473.jpg
1,1,1,1,241,l_1744272321.322.jpg
1,1,1,1,241,l_1744272321.352.jpg
1,1,1,1,241,l_1744272322.335.jpg
1,1,1,1,241,l_1745220265.618.jpg
1,1,1,1,241,l_1745220266.278.jpg
1,1,1,1,241,l_1745220266.331.jpg
1,1,1,1,241,l_1745220267.185.jpg
1,1,1,1,241,l_1745220268.382.jpg
1,1,1,1,241,l_1745220269.188.jpg
1,1,1,1,241,l_1745220273.232.jpg
1,1,1,1,241,l_1745895053.659.jpg
1,1,1,1,241,l_1745895054.186.jpg
1,1,1,1,241,l_1745895054.783.jpg
1,1,1,1,241,l_1745895055.757.jpg
1,1,1,1,241,l_1745895055.797.jpg
1,1,1,1,241,l_1746344773.193.jpg
1,1,1,1,241,l_1746344774.605.jpg
1,1,1,1,241,l_1746344774.690.jpg
1,1,1,1,241,l_1746344775.589.jpg
1,1,1,1,241,l_1746344776.887.jpg
1,1,1,1,241,l_1746502642.267.jpg
1,1,1,1,241,l_1746502642.322.jpg
1,1,1,1,241,l_1746502643.290.jpg
1,1,1,1,241,l_1746585811.892.jpg
1,1,1,1,241,l_1746585812.135.jpg
1,1,1,1,241,l_1746585814.697.jpg
1,1,1,1,242,l_1726906842.889.jpg
1,1,1,1,242,l_1726906843.641.jpg
1,1,1,1,242,l_1726906844.828.jpg
1,1,1,1,242,l_1727767712.455.jpg
1,1,1,1,242,l_1727767713.415.jpg
1,1,1,1,242,l_1727767714.667.jpg
1,1,1,1,242,l_1729133771.419.jpg
1,1,1,1,242,l_1729133772.570.jpg
1,1,1,1,242,l_1731987814.jpg
1,1,1,1,242,l_1731987819.jpg
1,1,1,1,242,l_1733202065.932.jpg
1,1,1,1,242,l_1733202066.644.jpg
1,1,1,1,242,l_1733202072.187.jpg
1,1,1,1,242,l_1733805694.135.jpg
1,1,1,1,242,l_1733805695.913.jpg
1,1,1,1,242,l_1733805696.904.jpg
1,1,1,1,242,l_1737773038.946.jpg
1,1,1,1,242,l_1737773039.117.jpg
1,1,1,1,242,l_1737773040.248.jpg
1,1,1,1,242,l_1737773040.670.jpg
1,1,1,1,242,l_1738981848.870.jpg
1,1,1,1,242,l_1738981849.915.jpg
1,1,1,1,242,l_1740793354.875.jpg
1,1,1,1,242,l_1740793355.521.jpg
1,1,1,1,242,l_1740793355.815.jpg
1,1,1,1,242,l_1741750643.919.jpg
1,1,1,1,242,l_1741750644.580.jpg
1,1,1,1,242,l_1741750644.733.jpg
1,1,1,1,242,l_1741750645.156.jpg
1,1,1,1,242,l_1741750645.858.jpg
1,1,1,1,242,l_1742527752.257.jpg
1,1,1,1,242,l_1743217932.762.jpg
1,1,1,1,242,l_1743217933.473.jpg
1,1,1,1,242,l_1743217934.910.jpg
1,1,1,1,242,l_1743217935.143.jpg
1,1,1,1,242,l_1743217936.521.jpg
1,1,1,1,242,l_1743240687.744.jpg
1,1,1,1,242,l_1743240688.798.jpg
1,1,1,1,242,l_1743240689.250.jpg
1,1,1,1,242,l_1743240689.623.jpg
1,1,1,1,242,l_1743843978.520.jpg
1,1,1,1,242,l_1743843979.683.jpg
1,1,1,1,242,l_1743843980.512.jpg
1,1,1,1,242,l_1743843981.589.jpg
1,1,1,1,242,l_1743843982.636.jpg
1,1,1,1,242,l_1744386817.350.jpg
1,1,1,1,242,l_1744444770.271.jpg
1,1,1,1,242,l_1744444777.272.jpg
1,1,1,1,242,l_1744444779.181.jpg
1,1,1,1,242,l_1745074646.334.jpg
1,1,1,1,242,l_1745074647.685.jpg
1,1,1,1,242,l_1745074648.921.jpg
1,1,1,1,242,l_1745074649.913.jpg
1,1,1,1,242,l_1745074650.175.jpg
1,1,1,1,242,l_1745743198.277.jpg
1,1,1,1,242,l_1746498895.268.jpg
1,1,1,1,242,l_1746503345.136.jpg
1,1,1,1,242,l_1746503349.820.jpg
1,1,1,1,242,l_1746503350.465.jpg
1,1,1,1,242,l_1746516985.417.jpg
1,1,1,1,242,l_1746516986.642.jpg
1,1,1,1,242,l_1746516987.173.jpg
1,1,1,1,242,l_1746626051.512.jpg
1,1,1,1,242,l_1746633350.911.jpg
1,1,1,1,242,l_1746633351.173.jpg
1,1,1,1,242,l_1746633351.470.jpg
1,1,1,1,242,l_1746633352.895.jpg
1,1,1,1,242,l_1746633352.970.jpg
1,1,1,1,242,l_1746633353.642.jpg
1,1,1,1,242,l_1746633354.636.jpg
1,1,1,1,242,l_1746664071.377.jpg
1,1,1,1,242,l_1746664072.299.jpg
1,1,1,1,242,l_1746664072.772.jpg
1,1,1,1,242,l_1746774631.398.jpg
1,1,1,1,242,l_1746774633.980.jpg
1,1,1,1,242,l_1746774635.635.jpg
1,1,1,1,242,l_1746774636.959.jpg
1,1,1,1,242,l_1746778538.988.jpg
1,1,1,1,242,l_1746778539.158.jpg
1,1,1,1,242,l_1746778540.979.jpg
1,1,1,1,244,l_1733383752.500.jpg
1,1,1,1,244,l_1733383756.199.jpg
1,1,1,1,244,l_1733383760.983.jpg
1,1,1,1,244,l_1733384165.455.jpg
1,1,1,1,244,l_1736299472.919.jpg
1,1,1,1,244,l_1736299473.651.jpg
1,1,1,1,244,l_1736299474.243.jpg
1,1,1,1,244,l_1736299474.818.jpg
1,1,1,1,244,l_1736299475.238.jpg
1,1,1,1,244,l_1736299475.556.jpg
1,1,1,1,244,l_1736412800.252.jpg
1,1,1,1,244,l_1736412801.491.jpg
1,1,1,1,244,l_1736412803.856.jpg
1,1,1,1,244,l_1736412804.224.jpg
1,1,1,1,244,l_1736412805.796.jpg
1,1,1,1,244,l_1739767325.634.jpg
1,1,1,1,244,l_1739767327.663.jpg
1,1,1,1,244,l_1739767328.134.jpg
1,1,1,1,244,l_1739767330.510.jpg
1,1,1,1,244,l_1739767331.376.jpg
1,1,1,1,244,l_1740793356.202.jpg
1,1,1,1,244,l_1743491242.717.jpg
1,1,1,1,244,l_1743491243.809.jpg
1,1,1,1,244,l_1743491244.283.jpg
1,1,1,1,244,l_1743491245.559.jpg
1,1,1,1,244,l_1743491250.572.jpg
1,1,1,1,244,l_1743491251.450.jpg
1,1,1,1,244,l_1743585132.409.jpg
1,1,1,1,244,l_1743585135.546.jpg
1,1,1,1,244,l_1743585138.168.jpg
1,1,1,1,244,l_1745023984.535.jpg
1,1,1,1,244,l_1745023985.490.jpg
1,1,1,1,244,l_1745023985.612.jpg
1,1,1,1,244,l_1745023985.992.jpg
1,1,1,1,244,l_1745027063.413.jpg
1,1,1,1,244,l_1745027063.781.jpg
1,1,1,1,244,l_1745027064.460.jpg
1,1,1,1,244,l_1745027064.954.jpg
1,1,1,1,244,l_1745027065.392.jpg
1,1,1,1,244,l_1745384423.798.jpg
1,1,1,1,244,l_1745384424.788.jpg
1,1,1,1,244,l_1745384425.500.jpg
1,1,1,1,244,l_1745384426.239.jpg
1,1,1,1,244,l_1745400952.778.jpg
1,1,1,1,244,l_1745400953.137.jpg
1,1,1,1,244,l_1745400954.915.jpg
1,1,1,1,244,l_1745400955.354.jpg
1,1,1,1,244,l_1745477986.446.jpg
1,1,1,1,244,l_1745477987.250.jpg
1,1,1,1,244,l_1745477987.414.jpg
1,1,1,1,244,l_1745477990.523.jpg
1,1,1,1,244,l_1745477990.982.jpg
1,1,1,1,244,l_1745922489.193.jpg
1,1,1,1,244,l_1745922489.940.jpg
1,1,1,1,244,l_1745922490.349.jpg
1,1,1,1,244,l_1745922491.349.jpg
1,1,1,1,244,l_1745922491.450.jpg
1,1,1,1,244,l_1746010065.882.jpg
1,1,1,1,244,l_1746010066.110.jpg
1,1,1,1,244,l_1746010066.264.jpg
1,1,1,1,244,l_1746010067.794.jpg
1,1,1,1,244,l_1746010067.857.jpg
1,1,1,1,244,l_1746435533.285.jpg
1,1,1,1,244,l_1746435534.351.jpg
1,1,1,1,244,l_1746435534.408.jpg
1,1,1,1,244,l_1746498895.768.jpg
1,1,1,1,244,l_1746498896.155.jpg
1,1,1,1,244,l_1746691554.560.jpg
1,1,1,1,244,l_1746691556.264.jpg
1,1,1,1,244,l_1746691559.260.jpg
1,1,1,1,244,l_1746691562.959.jpg
1,1,1,1,244,l_1746691565.433.jpg
1,1,1,1,244,l_1746776260.123.jpg
1,1,1,1,244,l_1746776261.228.jpg
1,1,1,1,244,l_1746776261.788.jpg
1,1,1,1,244,l_1746776262.334.jpg
1,1,1,1,244,l_1746780458.237.jpg
1,1,1,1,244,l_1746780458.662.jpg
1,1,1,1,244,l_1746780459.107.jpg
1,1,1,1,244,l_1746780459.114.jpg
1,1,1,1,244,l_1746780460.538.jpg
1,1,1,1,243,l_1747321869.117.jpg
1,1,1,1,243,l_1713843311.141.jpg
1,1,1,1,243,l_1713843311.287.jpg
1,1,1,1,243,l_1713843312.681.jpg
1,1,1,1,243,l_1713843312.916.jpg
1,1,1,1,243,l_1713843315.924.jpg
1,1,1,1,243,l_1714712836.558.jpg
1,1,1,1,243,l_1714712838.685.jpg
1,1,1,1,243,l_1714712839.554.jpg
1,1,1,1,243,l_1714712840.423.jpg
1,1,1,1,243,l_1714712840.447.jpg
1,1,1,1,243,l_1714712841.479.jpg
1,1,1,1,243,l_1714712842.145.jpg
1,1,1,1,243,l_1719027275.746.jpg
1,1,1,1,243,l_1719027276.295.jpg
1,1,1,1,243,l_1719027276.598.jpg
1,1,1,1,243,l_1719027277.722.jpg
1,1,1,1,243,l_1719888268.223.jpg
1,1,1,1,243,l_1719888269.552.jpg
1,1,1,1,243,l_1719888269.955.jpg
1,1,1,1,243,l_1722312932.785.jpg
1,1,1,1,243,l_1722312932.791.jpg
1,1,1,1,243,l_1722312933.217.jpg
1,1,1,1,243,l_1729498660.893.jpg
1,1,1,1,243,l_1729498661.115.jpg
1,1,1,1,243,l_1729498662.563.jpg
1,1,1,1,243,l_1729498663.839.jpg
1,1,1,1,243,l_1729498694.870.jpg
1,1,1,1,243,l_1729498695.410.jpg
1,1,1,1,243,l_1729498695.987.jpg
1,1,1,1,243,l_1729498696.969.jpg
1,1,1,1,243,l_1729498698.482.jpg
1,1,1,1,243,l_1735527608.749.jpg
1,1,1,1,243,l_1735527610.146.jpg
1,1,1,1,243,l_1735527610.680.jpg
1,1,1,1,243,l_1740552413.855.jpg
1,1,1,1,243,l_1740552414.324.jpg
1,1,1,1,243,l_1740552415.414.jpg
1,1,1,1,243,l_1740630486.168.jpg
1,1,1,1,243,l_1740630506.137.jpg
1,1,1,1,243,l_1741151634.228.jpg
1,1,1,1,243,l_1741151634.506.jpg
1,1,1,1,243,l_1741151670.332.jpg
1,1,1,1,243,l_1741153224.264.jpg
1,1,1,1,243,l_1742487699.140.jpg
1,1,1,1,243,l_1742487699.843.jpg
1,1,1,1,243,l_1742487700.537.jpg
1,1,1,1,243,l_1742487701.114.jpg
1,1,1,1,243,l_1742487701.498.jpg
1,1,1,1,243,l_1743407917.388.jpg
1,1,1,1,243,l_1743407917.811.jpg
1,1,1,1,243,l_1743407919.891.jpg
1,1,1,1,243,l_1743407920.997.jpg
1,1,1,1,243,l_1743407921.319.jpg
1,1,1,1,243,l_1743407922.160.jpg
1,1,1,1,243,l_1744701541.481.jpg
1,1,1,1,243,l_1744701542.937.jpg
1,1,1,1,243,l_1744701543.298.jpg
1,1,1,1,243,l_1744701543.754.jpg
1,1,1,1,243,l_1744701544.214.jpg
1,1,1,1,243,l_1744701547.237.jpg
1,1,1,1,243,l_1744702386.574.jpg
1,1,1,1,243,l_1744702386.691.jpg
1,1,1,1,243,l_1744702387.137.jpg
1,1,1,1,243,l_1744702388.223.jpg
1,1,1,1,243,l_1744969157.534.jpg
1,1,1,1,243,l_1744969157.817.jpg
1,1,1,1,243,l_1744969158.229.jpg
1,1,1,1,243,l_1744969158.838.jpg
1,1,1,1,243,l_1744969159.488.jpg
1,1,1,1,243,l_1747110731.166.jpg
1,1,1,1,243,l_1747110732.102.jpg
1,1,1,1,243,l_1747110732.643.jpg
1,1,1,1,243,l_1747110733.914.jpg
1,1,1,1,243,l_1747121336.697.jpg
1,1,1,1,243,l_1747121337.503.jpg
1,1,1,1,243,l_1747121337.821.jpg
1,1,1,1,243,l_1747121338.321.jpg
1,1,1,1,243,l_1747121338.846.jpg
1,1,1,1,243,l_1747282749.243.jpg
1,1,1,1,243,l_1747282750.526.jpg
1,1,1,1,243,l_1747282751.388.jpg
1,1,1,1,243,l_1747282751.628.jpg
1,1,1,1,243,l_1747282752.949.jpg
1,1,1,1,243,l_1747282753.928.jpg
1,1,1,1,338,l_1742785161.626.jpg
1,1,1,1,338,l_1742785161.878.jpg
1,1,1,1,338,l_1742785162.759.jpg
1,1,1,1,338,l_1742785162.803.jpg
1,1,1,1,338,l_1742785163.594.jpg
1,1,1,1,338,l_1743394419.153.jpg
1,1,1,1,338,l_1743394420.486.jpg
1,1,1,1,338,l_1743394421.346.jpg
1,1,1,1,338,l_1743394421.426.jpg
1,1,1,1,338,l_1743394422.984.jpg
1,1,1,1,338,l_1743394423.277.jpg
1,1,1,1,338,l_1743571144.433.jpg
1,1,1,1,338,l_1743571146.109.jpg
1,1,1,1,338,l_1743571148.978.jpg
1,1,1,1,338,l_1743571149.962.jpg
1,1,1,1,338,l_1743825204.767.jpg
1,1,1,1,338,l_1743825210.834.jpg
1,1,1,1,338,l_1743825211.778.jpg
1,1,1,1,338,l_1744870406.672.jpg
1,1,1,1,338,l_1744870407.372.jpg
1,1,1,1,338,l_1744870407.497.jpg
1,1,1,1,338,l_1744870408.345.jpg
1,1,1,1,338,l_1744870409.831.jpg
1,1,1,1,338,l_1744880266.132.jpg
1,1,1,1,338,l_1744880266.863.jpg
1,1,1,1,338,l_1744979035.211.jpg
1,1,1,1,338,l_1744979036.979.jpg
1,1,1,1,338,l_1744979037.463.jpg
1,1,1,1,338,l_1744979037.622.jpg
1,1,1,1,338,l_1745719566.724.jpg
1,1,1,1,338,l_1745719567.983.jpg
1,1,1,1,338,l_1745719576.955.jpg
1,1,1,1,338,l_1746260391.129.jpg
1,1,1,1,338,l_1746260392.202.jpg
1,1,1,1,338,l_1746260392.242.jpg
1,1,1,1,338,l_1746260393.415.jpg
1,1,1,1,338,l_1746260393.989.jpg
1,1,1,1,338,l_1746386543.719.jpg
1,1,1,1,338,l_1746386547.355.jpg
1,1,1,1,338,l_1746386549.941.jpg
1,1,1,1,338,l_1746444607.876.jpg
1,1,1,1,338,l_1746635913.792.jpg
1,1,1,1,338,l_1746635914.189.jpg
1,1,1,1,338,l_1746635915.425.jpg
1,1,1,1,338,l_1746635917.804.jpg
1,1,1,1,338,l_1746689113.148.jpg
1,1,1,1,338,l_1746689113.238.jpg
1,1,1,1,338,l_1746689114.757.jpg
1,1,1,1,338,l_1746695048.392.jpg
1,1,1,1,338,l_1746695048.552.jpg
1,1,1,1,338,l_1746695049.894.jpg
1,1,1,1,338,l_1746695050.512.jpg
1,1,1,1,338,l_1746695050.829.jpg
1,1,1,1,338,l_1746695051.305.jpg
1,1,1,1,338,l_1746696883.916.jpg
1,1,1,1,338,l_1746696885.334.jpg
1,1,1,1,338,l_1746696885.947.jpg
1,1,1,1,338,l_1746696886.319.jpg
1,1,1,1,339,l_1739897835.550.jpg
1,1,1,1,339,l_1739897835.874.jpg
1,1,1,1,339,l_1739897836.108.jpg
1,1,1,1,339,l_1739897836.772.jpg
1,1,1,1,339,l_1739897837.761.jpg
1,1,1,1,339,l_1739897837.803.jpg
1,1,1,1,339,l_1741091766.980.jpg
1,1,1,1,339,l_1741091768.146.jpg
1,1,1,1,339,l_1741091768.365.jpg
1,1,1,1,339,l_1741091769.582.jpg
1,1,1,1,339,l_1741091780.350.jpg
1,1,1,1,339,l_1741091781.621.jpg
1,1,1,1,339,l_1742448563.851.jpg
1,1,1,1,339,l_1742448564.638.jpg
1,1,1,1,339,l_1742448564.996.jpg
1,1,1,1,339,l_1742448565.467.jpg
1,1,1,1,339,l_1742448568.803.jpg
1,1,1,1,339,l_1742779619.961.jpg
1,1,1,1,339,l_1742779620.222.jpg
1,1,1,1,339,l_1742779620.826.jpg
1,1,1,1,339,l_1742779621.590.jpg
1,1,1,1,339,l_1743391938.287.jpg
1,1,1,1,339,l_1743391939.617.jpg
1,1,1,1,339,l_1743391939.859.jpg
1,1,1,1,339,l_1743391940.559.jpg
1,1,1,1,339,l_1743391940.569.jpg
1,1,1,1,339,l_1743421245.286.jpg
1,1,1,1,339,l_1743421246.917.jpg
1,1,1,1,339,l_1743421247.866.jpg
1,1,1,1,339,l_1743421247.918.jpg
1,1,1,1,339,l_1743421248.304.jpg
1,1,1,1,339,l_1743421248.896.jpg
1,1,1,1,339,l_1743507370.100.jpg
1,1,1,1,339,l_1743507372.166.jpg
1,1,1,1,339,l_1743507375.759.jpg
1,1,1,1,339,l_1743507377.917.jpg
1,1,1,1,339,l_1743507379.851.jpg
1,1,1,1,339,l_1744086821.310.jpg
1,1,1,1,339,l_1744086821.984.jpg
1,1,1,1,339,l_1744692216.724.jpg
1,1,1,1,339,l_1744692230.325.jpg
1,1,1,1,339,l_1744692241.273.jpg
1,1,1,1,339,l_1744692248.916.jpg
1,1,1,1,339,l_1744692294.305.jpg
1,1,1,1,339,l_1744697793.314.jpg
1,1,1,1,339,l_1744697794.277.jpg
1,1,1,1,339,l_1744779071.966.jpg
1,1,1,1,339,l_1744779072.854.jpg
1,1,1,1,339,l_1744779073.282.jpg
1,1,1,1,339,l_1744779075.877.jpg
1,1,1,1,339,l_1744779076.957.jpg
1,1,1,1,339,l_1745286648.119.jpg
1,1,1,1,339,l_1745286648.642.jpg
1,1,1,1,339,l_1745286649.443.jpg
1,1,1,1,339,l_1745286650.205.jpg
1,1,1,1,339,l_1745377951.330.jpg
1,1,1,1,339,l_1745377954.124.jpg
1,1,1,1,339,l_1745377957.693.jpg
1,1,1,1,339,l_1745377960.314.jpg
1,1,1,1,339,l_1745377963.814.jpg
1,1,1,1,339,l_1745395982.556.jpg
1,1,1,1,339,l_1745395988.728.jpg
1,1,1,1,339,l_1745395991.419.jpg
1,1,1,1,339,l_1745396014.539.jpg
1,1,1,1,339,l_1745737731.644.jpg
1,1,1,1,339,l_1745737731.982.jpg
1,1,1,1,339,l_1745737732.859.jpg
1,1,1,1,339,l_1745737733.481.jpg
1,1,1,1,339,l_1745737734.765.jpg
1,1,1,1,339,l_1745765054.200.jpg
1,1,1,1,339,l_1745765055.526.jpg
1,1,1,1,339,l_1745765055.993.jpg
1,1,1,1,339,l_1745765056.443.jpg
1,1,1,1,339,l_1745765056.728.jpg
1,1,1,1,339,l_1746347861.183.jpg
1,1,1,1,339,l_1746347862.349.jpg
1,1,1,1,339,l_1746347863.938.jpg
1,1,1,1,339,l_1746420894.jpg
1,1,1,1,339,l_1746527926.492.jpg
1,1,1,1,339,l_1746527929.372.jpg
1,1,1,1,339,l_1746527932.495.jpg
1,1,1,1,339,l_1746527937.119.jpg
1,1,1,1,340,l_1714011974.709.jpg
1,1,1,1,340,l_1714011975.758.jpg
1,1,1,1,340,l_1714011977.703.jpg
1,1,1,1,340,l_1714011979.420.jpg
1,1,1,1,340,l_1714011980.349.jpg
1,1,1,1,340,l_1714011981.860.jpg
1,1,1,1,340,l_1733730624.481.jpg
1,1,1,1,340,l_1733730624.726.jpg
1,1,1,1,340,l_1738998121.617.jpg
1,1,1,1,340,l_1738998123.404.jpg
1,1,1,1,340,l_1738998123.500.jpg
1,1,1,1,340,l_1738998125.420.jpg
1,1,1,1,340,l_1741231536.550.jpg
1,1,1,1,340,l_1741231544.732.jpg
1,1,1,1,340,l_1741231546.152.jpg
1,1,1,1,340,l_1741231549.101.jpg
1,1,1,1,340,l_1741588665.564.jpg
1,1,1,1,340,l_1741588666.189.jpg
1,1,1,1,340,l_1741588667.105.jpg
1,1,1,1,340,l_1741588667.969.jpg
1,1,1,1,340,l_1741588668.153.jpg
1,1,1,1,340,l_1741588670.232.jpg
1,1,1,1,340,l_1741588670.253.jpg
1,1,1,1,340,l_1741707852.700.jpg
1,1,1,1,340,l_1741707853.208.jpg
1,1,1,1,340,l_1741707853.938.jpg
1,1,1,1,340,l_1741707854.396.jpg
1,1,1,1,340,l_1741707854.716.jpg
1,1,1,1,340,l_1741707855.537.jpg
1,1,1,1,340,l_1741707856.948.jpg
1,1,1,1,340,l_1742871187.267.jpg
1,1,1,1,340,l_1742871191.807.jpg
1,1,1,1,340,l_1742871198.544.jpg
1,1,1,1,340,l_1742871220.465.jpg
1,1,1,1,340,l_1742871221.712.jpg
1,1,1,1,340,l_1742871221.974.jpg
1,1,1,1,340,l_1743219358.148.jpg
1,1,1,1,340,l_1743219358.167.jpg
1,1,1,1,340,l_1743219359.496.jpg
1,1,1,1,340,l_1743219359.563.jpg
1,1,1,1,340,l_1743219360.210.jpg
1,1,1,1,340,l_1743940869.173.jpg
1,1,1,1,340,l_1743940870.304.jpg
1,1,1,1,340,l_1743940870.626.jpg
1,1,1,1,340,l_1743940871.697.jpg
1,1,1,1,340,l_1743940872.814.jpg
1,1,1,1,340,l_1744103977.301.jpg
1,1,1,1,340,l_1744103980.645.jpg
1,1,1,1,340,l_1744103980.901.jpg
1,1,1,1,340,l_1744103981.162.jpg
1,1,1,1,340,l_1744103981.545.jpg
1,1,1,1,340,l_1744103982.882.jpg
1,1,1,1,340,l_1744103983.600.jpg
1,1,1,1,340,l_1744187086.435.jpg
1,1,1,1,340,l_1744187087.786.jpg
1,1,1,1,340,l_1744187088.252.jpg
1,1,1,1,340,l_1744187088.441.jpg
1,1,1,1,340,l_1744187089.276.jpg
1,1,1,1,340,l_1744187089.428.jpg
1,1,1,1,340,l_1744187089.463.jpg
1,1,1,1,340,l_1744187090.639.jpg
1,1,1,1,340,l_1744792670.271.jpg
1,1,1,1,340,l_1744792670.705.jpg
1,1,1,1,340,l_1744792671.992.jpg
1,1,1,1,340,l_1744792672.508.jpg
1,1,1,1,340,l_1744859087.525.jpg
1,1,1,1,340,l_1744859090.469.jpg
1,1,1,1,340,l_1744859092.577.jpg
1,1,1,1,340,l_1745048029.580.jpg
1,1,1,1,340,l_1745048030.161.jpg
1,1,1,1,340,l_1745048030.898.jpg
1,1,1,1,340,l_1745048034.947.jpg
1,1,1,1,340,l_1745048036.214.jpg
1,1,1,1,340,l_1745382870.842.jpg
1,1,1,1,340,l_1745382871.488.jpg
1,1,1,1,340,l_1745382871.987.jpg
1,1,1,1,340,l_1745382872.467.jpg
1,1,1,1,340,l_1745382873.688.jpg
1,1,1,1,340,l_1745679636.696.jpg
1,1,1,1,340,l_1745679639.245.jpg
1,1,1,1,340,l_1745679640.325.jpg
1,1,1,1,340,l_1745679640.914.jpg
1,1,1,1,340,l_1745679641.626.jpg
1,1,1,1,340,l_1745679641.765.jpg
1,1,1,1,340,l_1745679642.486.jpg
1,1,1,1,340,m_1732845571.412.jpg
1,1,1,1,340,m_1732845572.493.jpg
1,1,1,1,340,m_1732845573.477.jpg
1,1,1,1,341,l_1733728769.219.jpg
1,1,1,1,341,l_1733728769.228.jpg
1,1,1,1,341,l_1733728770.146.jpg
1,1,1,1,341,l_1733728771.239.jpg
1,1,1,1,341,l_1733728773.839.jpg
1,1,1,1,341,l_1740988154.963.jpg
1,1,1,1,341,l_1740988155.194.jpg
1,1,1,1,341,l_1740988155.868.jpg
1,1,1,1,341,l_1740988158.325.jpg
1,1,1,1,341,l_1740988159.698.jpg
1,1,1,1,341,l_1740989673.448.jpg
1,1,1,1,341,l_1740989674.815.jpg
1,1,1,1,341,l_1740989675.114.jpg
1,1,1,1,341,l_1742972532.261.jpg
1,1,1,1,341,l_1742972532.272.jpg
1,1,1,1,341,l_1742972533.591.jpg
1,1,1,1,341,l_1742972533.735.jpg
1,1,1,1,341,l_1742973283.200.jpg
1,1,1,1,341,l_1742973283.622.jpg
1,1,1,1,341,l_1742973284.389.jpg
1,1,1,1,341,l_1742973285.922.jpg
1,1,1,1,341,l_1742973285.957.jpg
1,1,1,1,341,l_1743068903.753.jpg
1,1,1,1,341,l_1743068903.823.jpg
1,1,1,1,341,l_1743068904.155.jpg
1,1,1,1,341,l_1743068904.717.jpg
1,1,1,1,341,l_1743068905.808.jpg
1,1,1,1,341,l_1743091922.729.jpg
1,1,1,1,341,l_1743091923.134.jpg
1,1,1,1,341,l_1743091924.391.jpg
1,1,1,1,341,l_1743091924.443.jpg
1,1,1,1,341,l_1743091925.321.jpg
1,1,1,1,341,l_1743091926.164.jpg
1,1,1,1,341,l_1743091927.909.jpg
1,1,1,1,341,l_1743091928.266.jpg
1,1,1,1,341,l_1743833742.474.jpg
1,1,1,1,341,l_1743833749.763.jpg
1,1,1,1,341,l_1743833751.997.jpg
1,1,1,1,341,l_1743833752.535.jpg
1,1,1,1,341,l_1744034274.592.jpg
1,1,1,1,341,l_1744034275.608.jpg
1,1,1,1,341,l_1744034275.767.jpg
1,1,1,1,341,l_1744034276.497.jpg
1,1,1,1,341,l_1744034277.199.jpg
1,1,1,1,341,l_1744090586.889.jpg
1,1,1,1,341,l_1744090586.920.jpg
1,1,1,1,341,l_1744090587.337.jpg
1,1,1,1,341,l_1744090587.848.jpg
1,1,1,1,341,l_1744090588.435.jpg
1,1,1,1,341,l_1744090588.979.jpg
1,1,1,1,341,l_1744101113.211.jpg
1,1,1,1,341,l_1744101113.607.jpg
1,1,1,1,341,l_1744101115.852.jpg
1,1,1,1,341,l_1744101116.300.jpg
1,1,1,1,341,l_1744615840.521.jpg
1,1,1,1,341,l_1744615840.963.jpg
1,1,1,1,341,l_1744687883.542.jpg
1,1,1,1,341,l_1744687883.633.jpg
1,1,1,1,341,l_1744687884.269.jpg
1,1,1,1,341,l_1744687885.386.jpg
1,1,1,1,341,l_1744687885.937.jpg
1,1,1,1,341,l_1744687887.376.jpg
1,1,1,1,341,l_1744778679.148.jpg
1,1,1,1,341,l_1744778679.239.jpg
1,1,1,1,341,l_1744778680.236.jpg
1,1,1,1,341,l_1744778680.623.jpg
1,1,1,1,341,l_1744778681.431.jpg
1,1,1,1,341,l_1744786231.477.jpg
1,1,1,1,341,l_1744786232.423.jpg
1,1,1,1,341,l_1744786232.514.jpg
1,1,1,1,341,l_1744786233.147.jpg
1,1,1,1,341,l_1744786234.319.jpg
1,1,1,1,341,l_1744786235.966.jpg
1,1,1,1,341,l_1745420288.471.jpg
1,1,1,1,341,l_1745420289.111.jpg
1,1,1,1,341,l_1745420291.840.jpg
1,1,1,1,341,l_1745420292.171.jpg
1,1,1,1,341,l_1745420293.304.jpg
1,1,1,1,341,l_1745420294.543.jpg
1,1,1,1,341,l_1745420295.255.jpg
1,1,1,1,341,l_1745426394.781.jpg
1,1,1,1,341,l_1745426395.937.jpg
1,1,1,1,341,l_1745426396.136.jpg
1,1,1,1,341,l_1746699432.372.jpg
1,1,1,1,341,l_1746699432.965.jpg
1,1,1,1,341,l_1746699433.596.jpg
1,1,1,1,341,l_1746699436.691.jpg
1,1,1,1,341,l_1746699731.274.jpg
1,1,1,1,341,l_1746699732.768.jpg
1,1,1,1,341,l_1746699732.869.jpg
1,1,1,1,341,l_1746699733.897.jpg
1,1,1,1,342,l_1726646341.968.jpg
1,1,1,1,342,l_1726646342.663.jpg
1,1,1,1,342,l_1726646343.531.jpg
1,1,1,1,342,l_1726646345.435.jpg
1,1,1,1,342,l_1726646345.604.jpg
1,1,1,1,342,l_1727431800.891.jpg
1,1,1,1,342,l_1727431805.956.jpg
1,1,1,1,342,l_1732070658.420.jpg
1,1,1,1,342,l_1732070676.531.jpg
1,1,1,1,342,l_1734162099.893.jpg
1,1,1,1,342,l_1734162100.582.jpg
1,1,1,1,342,l_1734162101.393.jpg
1,1,1,1,342,l_1734162102.649.jpg
1,1,1,1,342,l_1735541498.287.jpg
1,1,1,1,342,l_1735541505.993.jpg
1,1,1,1,342,l_1735541513.829.jpg
1,1,1,1,342,l_1735541522.280.jpg
1,1,1,1,342,l_1735541571.446.jpg
1,1,1,1,342,l_1736230215.807.jpg
1,1,1,1,342,l_1736230216.134.jpg
1,1,1,1,342,l_1736230217.505.jpg
1,1,1,1,342,l_1738585580.672.jpg
1,1,1,1,342,l_1738585581.770.jpg
1,1,1,1,342,l_1738585581.963.jpg
1,1,1,1,342,l_1738585582.140.jpg
1,1,1,1,342,l_1739157549.112.jpg
1,1,1,1,342,l_1739157550.956.jpg
1,1,1,1,342,l_1739157552.500.jpg
1,1,1,1,342,l_1739157553.391.jpg
1,1,1,1,342,l_1739157553.671.jpg
1,1,1,1,342,l_1739157554.312.jpg
1,1,1,1,342,l_1739174736.386.jpg
1,1,1,1,342,l_1739174737.321.jpg
1,1,1,1,342,l_1739174739.206.jpg
1,1,1,1,342,l_1739174740.796.jpg
1,1,1,1,342,l_1739174743.472.jpg
1,1,1,1,342,l_1740039372.640.jpg
1,1,1,1,342,l_1740039373.594.jpg
1,1,1,1,342,l_1740039374.301.jpg
1,1,1,1,342,l_1740039374.666.jpg
1,1,1,1,342,l_1740039384.445.jpg
1,1,1,1,342,l_1740628350.485.jpg
1,1,1,1,342,l_1740628352.848.jpg
1,1,1,1,342,l_1740628352.948.jpg
1,1,1,1,342,l_1740628354.744.jpg
1,1,1,1,342,l_1740628355.749.jpg
1,1,1,1,342,l_1740981385.688.jpg
1,1,1,1,342,l_1740981386.206.jpg
1,1,1,1,342,l_1740981387.643.jpg
1,1,1,1,342,l_1740981389.532.jpg
1,1,1,1,342,l_1740981391.467.jpg
1,1,1,1,342,l_1741589588.391.jpg
1,1,1,1,342,l_1741589590.639.jpg
1,1,1,1,342,l_1741589591.549.jpg
1,1,1,1,342,l_1741589593.292.jpg
1,1,1,1,342,l_1741748617.298.jpg
1,1,1,1,342,l_1741748618.156.jpg
1,1,1,1,342,l_1741748621.882.jpg
1,1,1,1,342,l_1743498472.457.jpg
1,1,1,1,342,l_1743498473.885.jpg
1,1,1,1,342,l_1743498473.959.jpg
1,1,1,1,342,l_1743498474.975.jpg
1,1,1,1,342,l_1743498475.627.jpg
1,1,1,1,342,l_1743672681.249.jpg
1,1,1,1,342,l_1743672681.481.jpg
1,1,1,1,342,l_1743672682.111.jpg
1,1,1,1,342,l_1743672682.911.jpg
1,1,1,1,342,l_1743672683.340.jpg
1,1,1,1,342,l_1743672686.661.jpg
1,1,1,1,342,l_1743672687.539.jpg
1,1,1,1,342,l_1744454594.402.jpg
1,1,1,1,342,l_1744454595.199.jpg
1,1,1,1,342,l_1744454596.176.jpg
1,1,1,1,342,l_1744454597.323.jpg
1,1,1,1,342,l_1745030789.522.jpg
1,1,1,1,342,l_1745030792.234.jpg
1,1,1,1,342,l_1745030793.218.jpg
1,1,1,1,342,l_1745030793.383.jpg
1,1,1,1,342,l_1745030794.851.jpg
1,1,1,1,342,l_1746635955.995.jpg
1,1,1,1,342,l_1746635957.611.jpg
1,1,1,1,342,l_1746635959.771.jpg
1,1,1,1,342,l_1746635961.956.jpg
1,1,1,1,342,l_1746635963.266.jpg
1,1,1,1,343,l_1696654326.844.jpg
1,1,1,1,343,l_1696654328.972.jpg
1,1,1,1,343,l_1696654330.558.jpg
1,1,1,1,343,l_1696654332.751.jpg
1,1,1,1,343,l_1710823590.372.jpg
1,1,1,1,343,l_1710823590.436.jpg
1,1,1,1,343,l_1710823591.195.jpg
1,1,1,1,343,l_1710823591.250.jpg
1,1,1,1,343,l_1710823591.649.jpg
1,1,1,1,343,l_1710823592.628.jpg
1,1,1,1,343,l_1710823643.583.jpg
1,1,1,1,343,l_1710823643.925.jpg
1,1,1,1,343,l_1710823644.648.jpg
1,1,1,1,343,l_1731575535.769.jpg
1,1,1,1,343,l_1731575536.756.jpg
1,1,1,1,343,l_1731575537.712.jpg
1,1,1,1,343,l_1731575537.771.jpg
1,1,1,1,343,l_1731575538.780.jpg
1,1,1,1,343,l_1732870114.475.jpg
1,1,1,1,343,l_1732870116.281.jpg
1,1,1,1,343,l_1732870118.603.jpg
1,1,1,1,343,l_1732870120.617.jpg
1,1,1,1,343,l_1732870122.551.jpg
1,1,1,1,343,l_1732870222.287.jpg
1,1,1,1,343,l_1732870222.825.jpg
1,1,1,1,343,l_1732870223.414.jpg
1,1,1,1,343,l_1738998581.187.jpg
1,1,1,1,343,l_1738998581.759.jpg
1,1,1,1,343,l_1738998582.211.jpg
1,1,1,1,343,l_1738998584.511.jpg
1,1,1,1,343,l_1738998586.588.jpg
1,1,1,1,343,l_1741081731.611.jpg
1,1,1,1,343,l_1741081731.901.jpg
1,1,1,1,343,l_1741081732.314.jpg
1,1,1,1,343,l_1741081768.608.jpg
1,1,1,1,343,l_1741081769.387.jpg
1,1,1,1,343,l_1741081769.415.jpg
1,1,1,1,343,l_1741081823.515.jpg
1,1,1,1,343,l_1741081823.528.jpg
1,1,1,1,343,l_1741081824.640.jpg
1,1,1,1,343,l_1743234442.693.jpg
1,1,1,1,343,l_1743234443.626.jpg
1,1,1,1,343,l_1743234443.876.jpg
1,1,1,1,343,l_1743234444.113.jpg
1,1,1,1,343,l_1743234444.543.jpg
1,1,1,1,343,l_1743234445.576.jpg
1,1,1,1,343,l_1743234445.797.jpg
1,1,1,1,343,l_1743510117.659.jpg
1,1,1,1,343,l_1743510120.604.jpg
1,1,1,1,343,l_1743510127.360.jpg
1,1,1,1,343,l_1743510133.337.jpg
1,1,1,1,343,l_1745288883.319.jpg
1,1,1,1,343,l_1745288885.728.jpg
1,1,1,1,343,l_1745288885.772.jpg
1,1,1,1,343,l_1745288887.610.jpg
1,1,1,1,343,l_1745289847.310.jpg
1,1,1,1,343,l_1745289847.710.jpg
1,1,1,1,343,l_1745289849.322.jpg
1,1,1,1,343,l_1745289852.576.jpg
1,1,1,1,343,l_1745289854.954.jpg
1,1,1,1,343,l_1745289856.391.jpg
1,1,1,1,343,l_1745291479.273.jpg
1,1,1,1,343,l_1745291480.488.jpg
1,1,1,1,343,l_1745291481.620.jpg
1,1,1,1,343,l_1745291481.710.jpg
1,1,1,1,343,l_1745661349.640.jpg
1,1,1,1,343,l_1745661350.598.jpg
1,1,1,1,343,l_1745661351.535.jpg
1,1,1,1,343,l_1745661352.777.jpg
1,1,1,1,343,l_1745661352.862.jpg
1,1,1,1,343,l_1745661356.972.jpg
1,1,1,1,343,l_1746175058.502.jpg
1,1,1,1,343,l_1746175076.346.jpg
1,1,1,1,343,l_1746175078.170.jpg
1,1,1,1,343,l_1746175078.447.jpg
1,1,1,1,343,l_1746175095.868.jpg
1,1,1,1,344,l_1717468838.895.jpg
1,1,1,1,344,l_1717468839.485.jpg
1,1,1,1,344,l_1717468839.643.jpg
1,1,1,1,344,l_1717468842.247.jpg
1,1,1,1,344,l_1723617581.942.jpg
1,1,1,1,344,l_1723617582.594.jpg
1,1,1,1,344,l_1723617583.822.jpg
1,1,1,1,344,l_1723617584.753.jpg
1,1,1,1,344,l_1723617585.332.jpg
1,1,1,1,344,l_1727842110.618.jpg
1,1,1,1,344,l_1727842111.181.jpg
1,1,1,1,344,l_1727842111.817.jpg
1,1,1,1,344,l_1731576495.366.jpg
1,1,1,1,344,l_1731576496.600.jpg
1,1,1,1,344,l_1731576497.333.jpg
1,1,1,1,344,l_1731576497.830.jpg
1,1,1,1,344,l_1732519054.446.jpg
1,1,1,1,344,l_1732519055.382.jpg
1,1,1,1,344,l_1732519055.402.jpg
1,1,1,1,344,l_1732519056.278.jpg
1,1,1,1,344,l_1738997583.214.jpg
1,1,1,1,344,l_1738997583.586.jpg
1,1,1,1,344,l_1738997584.654.jpg
1,1,1,1,344,l_1738997585.487.jpg
1,1,1,1,344,l_1738997587.615.jpg
1,1,1,1,344,l_1738997589.228.jpg
1,1,1,1,344,l_1740551468.565.jpg
1,1,1,1,344,l_1740551470.603.jpg
1,1,1,1,344,l_1740551516.146.jpg
1,1,1,1,344,l_1740551516.202.jpg
1,1,1,1,344,l_1740551520.628.jpg
1,1,1,1,344,l_1740551523.364.jpg
1,1,1,1,344,l_1740551525.571.jpg
1,1,1,1,344,l_1740627806.523.jpg
1,1,1,1,344,l_1740627808.228.jpg
1,1,1,1,344,l_1740627808.272.jpg
1,1,1,1,344,l_1743565653.137.jpg
1,1,1,1,344,l_1743565654.288.jpg
1,1,1,1,344,l_1743565655.340.jpg
1,1,1,1,344,l_1743565655.871.jpg
1,1,1,1,344,l_1743565656.751.jpg
1,1,1,1,344,l_1744346831.125.jpg
1,1,1,1,344,l_1744346831.318.jpg
1,1,1,1,344,l_1744346831.498.jpg
1,1,1,1,344,l_1744346832.612.jpg
1,1,1,1,344,l_1744346832.881.jpg
1,1,1,1,344,l_1745480865.116.jpg
1,1,1,1,344,l_1745480866.782.jpg
1,1,1,1,344,l_1745480867.603.jpg
1,1,1,1,344,l_1745480868.561.jpg
1,1,1,1,344,l_1745480869.237.jpg
1,1,1,1,344,l_1745480869.954.jpg
1,1,1,1,344,l_1745482746.795.jpg
1,1,1,1,344,l_1745482747.772.jpg
1,1,1,1,344,l_1745482749.249.jpg
1,1,1,1,344,l_1745482750.129.jpg
1,1,1,1,344,l_1745482750.701.jpg
1,1,1,1,344,l_1746516736.733.jpg
1,1,1,1,344,l_1746516736.808.jpg
1,1,1,1,344,l_1746516738.402.jpg
1,1,1,1,344,l_1746516792.705.jpg
1,1,1,1,344,l_1746530576.711.jpg
1,1,1,1,344,l_1746530576.882.jpg
1,1,1,1,344,l_1746530578.602.jpg
1,1,1,1,344,l_1746530579.719.jpg
1,1,1,1,344,l_1746530580.199.jpg
1,1,1,1,344,l_1746530583.703.jpg
1,1,1,1,344,l_1746531942.274.jpg
1,1,1,1,344,l_1746531942.787.jpg
1,1,1,1,344,l_1746531943.401.jpg
1,1,1,1,344,l_1746531944.528.jpg
1,1,1,1,344,l_1746531945.600.jpg
1,1,1,1,344,l_1746591687.744.jpg
1,1,1,1,344,l_1746591688.168.jpg
1,1,1,1,344,l_1746591689.549.jpg
1,1,1,1,344,l_1746591803.105.jpg
1,1,1,1,344,l_1746591805.516.jpg
1,1,1,1,344,l_1746591806.727.jpg
1,1,1,1,345,l_1675329669.501.jpg
1,1,1,1,345,l_1675329670.378.jpg
1,1,1,1,345,l_1675329670.748.jpg
1,1,1,1,345,l_1675329671.184.jpg
1,1,1,1,345,l_1679361964.576.jpg
1,1,1,1,345,l_1679362001.982.jpg
1,1,1,1,345,l_1679362018.523.jpg
1,1,1,1,345,l_1679362054.247.jpg
1,1,1,1,345,l_1682391975.748.jpg
1,1,1,1,345,l_1682391976.676.jpg
1,1,1,1,345,l_1682391976.717.jpg
1,1,1,1,345,l_1682391989.838.jpg
1,1,1,1,345,l_1682392010.873.jpg
1,1,1,1,345,l_1682394047.837.jpg
1,1,1,1,345,l_1682394049.769.jpg
1,1,1,1,345,l_1682394050.768.jpg
1,1,1,1,345,l_1682394089.261.jpg
1,1,1,1,345,l_1682394089.849.jpg
1,1,1,1,345,l_1726971700.879.jpg
1,1,1,1,345,l_1726971731.326.jpg
1,1,1,1,345,l_1726971733.209.jpg
1,1,1,1,345,l_1726971736.609.jpg
1,1,1,1,345,l_1726971744.108.jpg
1,1,1,1,345,l_1726971745.649.jpg
1,1,1,1,345,l_1726971747.875.jpg
1,1,1,1,345,l_1727839941.483.jpg
1,1,1,1,345,l_1727839941.859.jpg
1,1,1,1,345,l_1727839942.972.jpg
1,1,1,1,345,l_1727839943.989.jpg
1,1,1,1,345,l_1727840062.577.jpg
1,1,1,1,345,l_1727840063.922.jpg
1,1,1,1,345,l_1727840064.201.jpg
1,1,1,1,345,l_1727840065.168.jpg
1,1,1,1,345,l_1727840066.922.jpg
1,1,1,1,345,l_1727840067.392.jpg
1,1,1,1,345,l_1727840130.474.jpg
1,1,1,1,345,l_1727840130.804.jpg
1,1,1,1,345,l_1727840131.181.jpg
1,1,1,1,345,l_1727840132.357.jpg
1,1,1,1,345,l_1731579073.685.jpg
1,1,1,1,345,l_1731579075.195.jpg
1,1,1,1,345,l_1731579075.620.jpg
1,1,1,1,345,l_1739782675.114.jpg
1,1,1,1,345,l_1739782676.954.jpg
1,1,1,1,345,l_1739782677.371.jpg
1,1,1,1,345,l_1739782678.837.jpg
1,1,1,1,345,l_1739782679.735.jpg
1,1,1,1,345,l_1739782681.332.jpg
1,1,1,1,345,l_1739782683.642.jpg
1,1,1,1,345,l_1739782685.882.jpg
1,1,1,1,345,l_1739782687.486.jpg
1,1,1,1,345,l_1739782687.555.jpg
1,1,1,1,345,l_1740468625.352.jpg
1,1,1,1,345,l_1740468626.138.jpg
1,1,1,1,345,l_1740468627.550.jpg
1,1,1,1,345,l_1740468628.404.jpg
1,1,1,1,345,l_1740468629.983.jpg
1,1,1,1,345,l_1740468630.736.jpg
1,1,1,1,345,l_1742353890.202.jpg
1,1,1,1,345,l_1742353891.685.jpg
1,1,1,1,345,l_1742353891.770.jpg
1,1,1,1,345,l_1744354904.611.jpg
1,1,1,1,345,l_1744354905.721.jpg
1,1,1,1,345,l_1744354905.978.jpg
1,1,1,1,345,l_1744354906.223.jpg
1,1,1,1,345,l_1744774009.861.jpg
1,1,1,1,345,l_1744774013.225.jpg
1,1,1,1,345,l_1744774228.475.jpg
1,1,1,1,345,l_1744774229.528.jpg
1,1,1,1,345,l_1744774230.992.jpg
1,1,1,1,345,l_1744774232.948.jpg
1,1,1,1,345,l_1744774235.135.jpg
1,1,1,1,345,l_1744774290.672.jpg
1,1,1,1,345,l_1744774290.714.jpg
1,1,1,1,345,l_1744774291.175.jpg
1,1,1,1,345,l_1744774291.221.jpg
1,1,1,1,345,l_1744774292.498.jpg
1,1,1,1,345,l_1745655729.174.jpg
1,1,1,1,345,l_1745655729.982.jpg
1,1,1,1,345,l_1745655730.884.jpg
1,1,1,1,345,l_1745655731.104.jpg
1,1,1,1,345,l_1745655732.361.jpg
1,1,1,1,345,l_1745655732.848.jpg
1,1,1,1,345,l_1745834536.384.jpg
1,1,1,1,345,l_1745834537.280.jpg
1,1,1,1,345,l_1745834538.654.jpg
1,1,1,1,345,l_1745834539.850.jpg
1,1,1,1,345,l_1745834540.989.jpg
1,1,1,1,345,l_1745834541.485.jpg
1,1,1,1,345,l_1745834542.284.jpg
1,1,1,1,345,l_1745834542.343.jpg
1,1,1,1,345,l_1745834543.533.jpg
1,1,1,1,346,l_1725634134.767.jpg
1,1,1,1,346,l_1726735400.153.jpg
1,1,1,1,346,l_1726735400.306.jpg
1,1,1,1,346,l_1726735401.951.jpg
1,1,1,1,346,l_1726735402.453.jpg
1,1,1,1,346,l_1726735402.651.jpg
1,1,1,1,346,l_1727840357.159.jpg
1,1,1,1,346,l_1727840357.555.jpg
1,1,1,1,346,l_1727840358.467.jpg
1,1,1,1,346,l_1727840358.926.jpg
1,1,1,1,346,l_1727840359.152.jpg
1,1,1,1,346,l_1727840360.512.jpg
1,1,1,1,346,l_1727840540.824.jpg
1,1,1,1,346,l_1727840543.961.jpg
1,1,1,1,346,l_1727840545.827.jpg
1,1,1,1,346,l_1727840547.756.jpg
1,1,1,1,346,l_1731646682.615.jpg
1,1,1,1,346,l_1731646686.154.jpg
1,1,1,1,346,l_1731646686.549.jpg
1,1,1,1,346,l_1733888044.263.jpg
1,1,1,1,346,l_1733888045.486.jpg
1,1,1,1,346,l_1733888045.551.jpg
1,1,1,1,346,l_1733888307.429.jpg
1,1,1,1,346,l_1733888308.129.jpg
1,1,1,1,346,l_1733888308.927.jpg
1,1,1,1,346,l_1739155458.384.jpg
1,1,1,1,346,l_1739155458.715.jpg
1,1,1,1,346,l_1739155459.158.jpg
1,1,1,1,346,l_1739847832.433.jpg
1,1,1,1,346,l_1739847835.499.jpg
1,1,1,1,346,l_1739847837.650.jpg
1,1,1,1,346,l_1739847841.364.jpg
1,1,1,1,346,l_1739847845.513.jpg
1,1,1,1,346,l_1739848326.620.jpg
1,1,1,1,346,l_1739848327.600.jpg
1,1,1,1,346,l_1739848336.228.jpg
1,1,1,1,346,l_1741941856.476.jpg
1,1,1,1,346,l_1741941858.124.jpg
1,1,1,1,346,l_1741941858.317.jpg
1,1,1,1,346,l_1741941859.195.jpg
1,1,1,1,346,l_1743751301.974.jpg
1,1,1,1,346,l_1743751301.979.jpg
1,1,1,1,346,l_1743751302.429.jpg
1,1,1,1,346,l_1743751303.668.jpg
1,1,1,1,346,l_1743751303.986.jpg
1,1,1,1,346,l_1743928775.239.jpg
1,1,1,1,346,l_1743928775.865.jpg
1,1,1,1,346,l_1743928776.434.jpg
1,1,1,1,346,l_1743928776.718.jpg
1,1,1,1,346,l_1744355345.285.jpg
1,1,1,1,346,l_1744355346.347.jpg
1,1,1,1,346,l_1744355346.908.jpg
1,1,1,1,346,l_1744355347.429.jpg
1,1,1,1,346,l_1744774369.947.jpg
1,1,1,1,346,l_1744774370.331.jpg
1,1,1,1,346,l_1744774370.765.jpg
1,1,1,1,346,l_1744774371.588.jpg
1,1,1,1,346,l_1744774428.278.jpg
1,1,1,1,346,l_1744774429.253.jpg
1,1,1,1,346,l_1744774429.271.jpg
1,1,1,1,346,l_1744774430.900.jpg
1,1,1,1,346,l_1744792582.606.jpg
1,1,1,1,346,l_1744792583.774.jpg
1,1,1,1,346,l_1744792584.174.jpg
1,1,1,1,245,l_1744962880.677.jpg
1,1,1,1,245,l_1744962875.432.jpg
1,1,1,1,245,l_1744962876.758.jpg
1,1,1,1,245,l_1744962879.494.jpg
1,1,1,1,245,l_1744962879.957.jpg
1,1,1,1,245,l_1746866460.714.jpg
1,1,1,1,245,l_1725003920.485.jpg
1,1,1,1,245,l_1725003922.320.jpg
1,1,1,1,245,l_1725003924.833.jpg
1,1,1,1,245,l_1725003926.428.jpg
1,1,1,1,245,l_1725003928.225.jpg
1,1,1,1,245,l_1730544943.915.jpg
1,1,1,1,245,l_1730544945.670.jpg
1,1,1,1,245,l_1730544947.344.jpg
1,1,1,1,245,l_1730544951.645.jpg
1,1,1,1,245,l_1730544952.650.jpg
1,1,1,1,245,l_1730544954.756.jpg
1,1,1,1,245,l_1730544957.379.jpg
1,1,1,1,245,l_1731129273.644.jpg
1,1,1,1,245,l_1731129274.691.jpg
1,1,1,1,245,l_1731129275.137.jpg
1,1,1,1,245,l_1731129275.854.jpg
1,1,1,1,245,l_1731129276.534.jpg
1,1,1,1,245,l_1731129277.434.jpg
1,1,1,1,245,l_1734017556.357.jpg
1,1,1,1,245,l_1734017557.159.jpg
1,1,1,1,245,l_1734017558.195.jpg
1,1,1,1,245,l_1734017577.765.jpg
1,1,1,1,245,l_1736844693.383.jpg
1,1,1,1,245,l_1736844696.217.jpg
1,1,1,1,245,l_1736844699.229.jpg
1,1,1,1,245,l_1736844811.543.jpg
1,1,1,1,245,l_1736844814.494.jpg
1,1,1,1,245,l_1739798713.465.jpg
1,1,1,1,245,l_1739798714.498.jpg
1,1,1,1,245,l_1739798715.555.jpg
1,1,1,1,245,l_1739798727.178.jpg
1,1,1,1,245,l_1739798741.214.jpg
1,1,1,1,245,l_1740156065.182.jpg
1,1,1,1,245,l_1740156066.762.jpg
1,1,1,1,245,l_1740156069.988.jpg
1,1,1,1,245,l_1740642038.916.jpg
1,1,1,1,245,l_1740642041.903.jpg
1,1,1,1,245,l_1740642044.213.jpg
1,1,1,1,245,l_1740642257.127.jpg
1,1,1,1,245,l_1740642260.565.jpg
1,1,1,1,245,l_1740642262.418.jpg
1,1,1,1,245,l_1740642264.128.jpg
1,1,1,1,245,l_1740642266.331.jpg
1,1,1,1,245,l_1740642268.283.jpg
1,1,1,1,245,l_1740644799.687.jpg
1,1,1,1,245,l_1740644800.436.jpg
1,1,1,1,245,l_1740644800.624.jpg
1,1,1,1,245,l_1740644801.142.jpg
1,1,1,1,245,l_1740644801.518.jpg
1,1,1,1,245,l_1740644801.580.jpg
1,1,1,1,245,l_1740650704.234.jpg
1,1,1,1,245,l_1740650705.252.jpg
1,1,1,1,245,l_1740650705.729.jpg
1,1,1,1,245,l_1740650706.656.jpg
1,1,1,1,245,l_1740650707.470.jpg
1,1,1,1,245,l_1744732087.888.jpg
1,1,1,1,245,l_1744732088.623.jpg
1,1,1,1,245,l_1744732089.591.jpg
1,1,1,1,245,l_1744732090.329.jpg
1,1,1,1,245,l_1744732090.335.jpg
1,1,1,1,245,l_1744732092.453.jpg
1,1,1,1,245,l_1744733504.995.jpg
1,1,1,1,245,l_1744733505.460.jpg
1,1,1,1,245,l_1744733507.833.jpg
1,1,1,1,245,l_1744770244.539.jpg
1,1,1,1,245,l_1744770247.280.jpg
1,1,1,1,245,l_1744770249.910.jpg
1,1,1,1,245,l_1744770250.379.jpg
1,1,1,1,245,l_1745223241.663.jpg
1,1,1,1,245,l_1745223244.549.jpg
1,1,1,1,245,l_1745223245.828.jpg
1,1,1,1,245,l_1745223246.640.jpg
1,1,1,1,245,l_1745223247.766.jpg
1,1,1,1,245,l_1745421804.897.jpg
1,1,1,1,245,l_1745421805.335.jpg
1,1,1,1,245,l_1745421806.272.jpg
1,1,1,1,245,l_1746632674.337.jpg
1,1,1,1,245,l_1746632674.599.jpg
1,1,1,1,245,l_1746632675.345.jpg
1,1,1,1,245,l_1746632675.925.jpg
1,1,1,1,245,l_1746632676.235.jpg
1,1,1,1,245,l_1746690366.410.jpg
1,1,1,1,245,l_1746690367.565.jpg
1,1,1,1,245,l_1746690368.273.jpg
1,1,1,1,245,l_1746690368.413.jpg
1,1,1,1,245,l_1746866451.899.jpg
1,1,1,1,245,l_1746866453.373.jpg
1,1,1,1,245,l_1746866455.629.jpg
1,1,1,1,245,l_1746866455.795.jpg
1,1,1,1,245,l_1746866456.809.jpg
1,1,1,1,245,l_1746866457.232.jpg
1,1,1,1,246,l_1740650337.461.jpg
1,1,1,1,246,l_1740650338.188.jpg
1,1,1,1,246,l_1740650338.800.jpg
1,1,1,1,246,l_1740650339.886.jpg
1,1,1,1,246,l_1740650336.180.jpg
1,1,1,1,246,l_1746319693.547.jpg
1,1,1,1,246,l_1731567987.623.jpg
1,1,1,1,246,l_1731567989.659.jpg
1,1,1,1,246,l_1735365007.219.jpg
1,1,1,1,246,l_1735365009.786.jpg
1,1,1,1,246,l_1735365011.755.jpg
1,1,1,1,246,l_1735365013.710.jpg
1,1,1,1,246,l_1735365016.246.jpg
1,1,1,1,246,l_1735365018.526.jpg
1,1,1,1,246,l_1736905117.288.jpg
1,1,1,1,246,l_1736905117.913.jpg
1,1,1,1,246,l_1736905118.651.jpg
1,1,1,1,246,l_1736905119.164.jpg
1,1,1,1,246,l_1736905119.370.jpg
1,1,1,1,246,l_1736905120.551.jpg
1,1,1,1,246,l_1740642441.844.jpg
1,1,1,1,246,l_1740642443.907.jpg
1,1,1,1,246,l_1740642446.173.jpg
1,1,1,1,246,l_1740642665.186.jpg
1,1,1,1,246,l_1740642665.841.jpg
1,1,1,1,246,l_1740642666.752.jpg
1,1,1,1,246,l_1740643000.167.jpg
1,1,1,1,246,l_1740643000.752.jpg
1,1,1,1,246,l_1740643002.555.jpg
1,1,1,1,246,l_1740643422.969.jpg
1,1,1,1,246,l_1740643423.156.jpg
1,1,1,1,246,l_1740643423.581.jpg
1,1,1,1,246,l_1740643424.184.jpg
1,1,1,1,246,l_1740643424.472.jpg
1,1,1,1,246,l_1740644910.508.jpg
1,1,1,1,246,l_1740644910.850.jpg
1,1,1,1,246,l_1740644911.919.jpg
1,1,1,1,246,l_1740644912.533.jpg
1,1,1,1,246,l_1740644913.839.jpg
1,1,1,1,246,l_1740644914.918.jpg
1,1,1,1,246,l_1740650212.378.jpg
1,1,1,1,246,l_1740650212.903.jpg
1,1,1,1,246,l_1740650213.271.jpg
1,1,1,1,246,l_1740650213.754.jpg
1,1,1,1,246,l_1740650214.343.jpg
1,1,1,1,246,l_1740650547.734.jpg
1,1,1,1,246,l_1740650548.781.jpg
1,1,1,1,246,l_1740650549.743.jpg
1,1,1,1,246,l_1740650549.993.jpg
1,1,1,1,246,l_1740738737.116.jpg
1,1,1,1,246,l_1740738738.909.jpg
1,1,1,1,246,l_1740738739.257.jpg
1,1,1,1,246,l_1740738739.569.jpg
1,1,1,1,246,l_1744092560.440.jpg
1,1,1,1,246,l_1744183369.277.jpg
1,1,1,1,246,l_1744183370.242.jpg
1,1,1,1,246,l_1744183370.755.jpg
1,1,1,1,246,l_1744789394.136.jpg
1,1,1,1,246,l_1744789395.786.jpg
1,1,1,1,246,l_1744789396.316.jpg
1,1,1,1,246,l_1744789396.665.jpg
1,1,1,1,246,l_1745485189.651.jpg
1,1,1,1,246,l_1745485190.557.jpg
1,1,1,1,246,l_1745485190.665.jpg
1,1,1,1,246,l_1745485191.623.jpg
1,1,1,1,246,l_1745485191.682.jpg
1,1,1,1,246,l_1745485192.231.jpg
1,1,1,1,246,l_1745556155.114.jpg
1,1,1,1,246,l_1745556156.253.jpg
1,1,1,1,246,l_1745556158.955.jpg
1,1,1,1,246,l_1746319688.335.jpg
1,1,1,1,246,l_1746319689.239.jpg
1,1,1,1,246,l_1746319690.746.jpg
1,1,1,1,246,l_1746319690.886.jpg
1,1,1,1,246,l_1746319691.800.jpg
1,1,1,1,247,l_1743783310.157.jpg
1,1,1,1,247,l_1743783310.282.jpg
1,1,1,1,247,l_1743783311.871.jpg
1,1,1,1,247,l_1743783311.874.jpg
1,1,1,1,247,l_1744272454.500.jpg
1,1,1,1,247,l_1744272455.829.jpg
1,1,1,1,247,l_1744272593.391.jpg
1,1,1,1,247,l_1744272750.651.jpg
1,1,1,1,247,l_1744272750.803.jpg
1,1,1,1,247,l_1744272751.571.jpg
1,1,1,1,247,l_1744431366.377.jpg
1,1,1,1,247,l_1744431366.683.jpg
1,1,1,1,247,l_1744431367.248.jpg
1,1,1,1,247,l_1744431368.537.jpg
1,1,1,1,247,l_1744431368.892.jpg
1,1,1,1,247,l_1745049649.608.jpg
1,1,1,1,247,l_1745049651.170.jpg
1,1,1,1,247,l_1745049652.681.jpg
1,1,1,1,247,l_1745049654.220.jpg
1,1,1,1,247,l_1745049654.696.jpg
1,1,1,1,247,l_1745055005.224.jpg
1,1,1,1,247,l_1745055006.477.jpg
1,1,1,1,247,l_1745055007.372.jpg
1,1,1,1,247,l_1745055009.811.jpg
1,1,1,1,247,l_1745059100.130.jpg
1,1,1,1,247,l_1745059113.487.jpg
1,1,1,1,247,l_1745059117.121.jpg
1,1,1,1,247,l_1745059120.222.jpg
1,1,1,1,247,l_1745059123.872.jpg
1,1,1,1,247,l_1745059126.681.jpg
1,1,1,1,247,l_1745288170.401.jpg
1,1,1,1,247,l_1745288171.117.jpg
1,1,1,1,247,l_1745288171.401.jpg
1,1,1,1,247,l_1745288172.702.jpg
1,1,1,1,247,l_1745296634.526.jpg
1,1,1,1,247,l_1745296634.607.jpg
1,1,1,1,247,l_1745296635.608.jpg
1,1,1,1,247,l_1745296635.849.jpg
1,1,1,1,247,l_1745479725.475.jpg
1,1,1,1,247,l_1745479725.512.jpg
1,1,1,1,247,l_1745479726.956.jpg
1,1,1,1,247,l_1745479726.968.jpg
1,1,1,1,247,l_1745479727.851.jpg
1,1,1,1,247,l_1745804179.237.jpg
1,1,1,1,247,l_1745804180.481.jpg
1,1,1,1,247,l_1745804180.705.jpg
1,1,1,1,247,l_1745804181.210.jpg
1,1,1,1,247,l_1745824394.769.jpg
1,1,1,1,247,l_1745824394.930.jpg
1,1,1,1,247,l_1745824395.560.jpg
1,1,1,1,247,l_1745824396.979.jpg
1,1,1,1,247,l_1745824397.401.jpg
1,1,1,1,247,l_1745824400.671.jpg
1,1,1,1,247,l_1745911962.980.jpg
1,1,1,1,247,l_1745911965.472.jpg
1,1,1,1,247,l_1745911967.769.jpg
1,1,1,1,247,l_1746343531.585.jpg
1,1,1,1,247,l_1746343531.606.jpg
1,1,1,1,247,l_1746343531.874.jpg
1,1,1,1,247,l_1746343532.539.jpg
1,1,1,1,247,l_1746343532.581.jpg
1,1,1,1,247,l_1746343533.865.jpg
1,1,1,1,247,l_1746603346.329.jpg
1,1,1,1,247,l_1746603347.404.jpg
1,1,1,1,247,l_1746603348.426.jpg
1,1,1,1,247,l_1746603349.524.jpg
1,1,1,1,247,l_1746603349.631.jpg
1,1,1,1,248,l_1741056445.203.jpg
1,1,1,1,248,l_1741056445.514.jpg
1,1,1,1,248,l_1741056446.569.jpg
1,1,1,1,248,l_1741056446.950.jpg
1,1,1,1,248,l_1741254942.876.jpg
1,1,1,1,248,l_1741254946.503.jpg
1,1,1,1,248,l_1741254947.407.jpg
1,1,1,1,248,l_1741254950.571.jpg
1,1,1,1,248,l_1741254951.189.jpg
1,1,1,1,248,l_1742631081.201.jpg
1,1,1,1,248,l_1742631086.918.jpg
1,1,1,1,248,l_1742631087.325.jpg
1,1,1,1,248,l_1742631089.903.jpg
1,1,1,1,248,l_1742631090.550.jpg
1,1,1,1,248,l_1744529286.882.jpg
1,1,1,1,248,l_1744529290.699.jpg
1,1,1,1,248,l_1744529294.782.jpg
1,1,1,1,248,l_1744529298.706.jpg
1,1,1,1,248,l_1744772105.847.jpg
1,1,1,1,248,l_1744772107.302.jpg
1,1,1,1,248,l_1744772108.327.jpg
1,1,1,1,248,l_1745828638.712.jpg
1,1,1,1,248,l_1745828641.316.jpg
1,1,1,1,248,l_1745890082.676.jpg
1,1,1,1,248,l_1745890084.339.jpg
1,1,1,1,248,l_1745890085.796.jpg
1,1,1,1,248,l_1745893333.275.jpg
1,1,1,1,248,l_1745893334.243.jpg
1,1,1,1,248,l_1745893334.954.jpg
1,1,1,1,248,l_1745893335.685.jpg
1,1,1,1,248,l_1745893337.692.jpg
1,1,1,1,248,l_1745995578.973.jpg
1,1,1,1,248,l_1745995579.424.jpg
1,1,1,1,248,l_1745995580.450.jpg
1,1,1,1,248,l_1745995581.893.jpg
1,1,1,1,248,l_1745995582.271.jpg
1,1,1,1,248,l_1745995582.339.jpg
1,1,1,1,248,l_1746589947.508.jpg
1,1,1,1,248,l_1746589947.955.jpg
1,1,1,1,248,l_1746589949.521.jpg
1,1,1,1,248,l_1746589950.921.jpg
1,1,1,1,248,l_1746602332.723.jpg
1,1,1,1,248,l_1746602332.761.jpg
1,1,1,1,248,l_1746605261.114.jpg
1,1,1,1,248,l_1746605261.759.jpg
1,1,1,1,248,l_1746605263.163.jpg
1,1,1,1,248,l_1746605263.400.jpg
1,1,1,1,248,l_1746670499.338.jpg
1,1,1,1,248,l_1746670500.408.jpg
1,1,1,1,248,l_1746670500.671.jpg
1,1,1,1,248,l_1746670501.152.jpg
1,1,1,1,248,l_1746670502.166.jpg
1,1,1,1,248,l_1746671610.997.jpg
1,1,1,1,248,l_1746671611.294.jpg
1,1,1,1,248,l_1746671611.649.jpg
1,1,1,1,248,l_1746671612.543.jpg
1,1,1,1,248,l_1746766820.505.jpg
1,1,1,1,248,l_1746766824.805.jpg
1,1,1,1,248,l_1746766828.454.jpg
1,1,1,1,248,l_1746766830.941.jpg
1,1,1,1,249,l_1734920662.885.jpg
1,1,1,1,249,l_1734920663.568.jpg
1,1,1,1,249,l_1734920664.657.jpg
1,1,1,1,249,l_1734920665.130.jpg
1,1,1,1,249,l_1734920665.978.jpg
1,1,1,1,249,l_1740124942.567.jpg
1,1,1,1,249,l_1740124943.369.jpg
1,1,1,1,249,l_1740124944.260.jpg
1,1,1,1,249,l_1740124945.837.jpg
1,1,1,1,249,l_1740124946.327.jpg
1,1,1,1,249,l_1740124947.468.jpg
1,1,1,1,249,l_1740131859.598.jpg
1,1,1,1,249,l_1740131860.196.jpg
1,1,1,1,249,l_1740131860.276.jpg
1,1,1,1,249,l_1740131860.410.jpg
1,1,1,1,249,l_1740131861.319.jpg
1,1,1,1,249,l_1740131861.989.jpg
1,1,1,1,249,l_1740206469.815.jpg
1,1,1,1,249,l_1740206491.988.jpg
1,1,1,1,249,l_1740206493.713.jpg
1,1,1,1,249,l_1740206494.334.jpg
1,1,1,1,249,l_1741921440.731.jpg
1,1,1,1,249,l_1741921441.106.jpg
1,1,1,1,249,l_1741921443.427.jpg
1,1,1,1,249,l_1741921450.927.jpg
1,1,1,1,249,l_1742805089.601.jpg
1,1,1,1,249,l_1742805089.799.jpg
1,1,1,1,249,l_1742805090.704.jpg
1,1,1,1,249,l_1742805091.909.jpg
1,1,1,1,249,l_1742805092.292.jpg
1,1,1,1,249,l_1744125199.209.jpg
1,1,1,1,249,l_1744125200.712.jpg
1,1,1,1,249,l_1744125201.675.jpg
1,1,1,1,249,l_1744125201.910.jpg
1,1,1,1,249,l_1744125202.107.jpg
1,1,1,1,249,l_1744255569.533.jpg
1,1,1,1,249,l_1744255570.844.jpg
1,1,1,1,249,l_1744255574.747.jpg
1,1,1,1,249,l_1744255578.895.jpg
1,1,1,1,249,l_1745201295.489.jpg
1,1,1,1,249,l_1745201295.641.jpg
1,1,1,1,249,l_1745201302.949.jpg
1,1,1,1,249,l_1745235098.143.jpg
1,1,1,1,249,l_1745235098.808.jpg
1,1,1,1,249,l_1745235099.586.jpg
1,1,1,1,249,l_1745638793.197.jpg
1,1,1,1,249,l_1745638793.658.jpg
1,1,1,1,249,l_1745638794.124.jpg
1,1,1,1,249,l_1745638794.864.jpg
1,1,1,1,249,l_1745638795.692.jpg
1,1,1,1,249,l_1745855234.206.jpg
1,1,1,1,249,l_1745855234.741.jpg
1,1,1,1,249,l_1745855235.217.jpg
1,1,1,1,249,l_1746260874.728.jpg
1,1,1,1,249,l_1746260875.957.jpg
1,1,1,1,249,l_1746260876.338.jpg
1,1,1,1,249,l_1746260876.437.jpg
1,1,1,1,249,l_1746260877.254.jpg
1,1,1,1,249,l_1746260877.528.jpg
1,1,1,1,249,l_1746343040.209.jpg
1,1,1,1,249,l_1746343040.814.jpg
1,1,1,1,249,l_1746343041.589.jpg
1,1,1,1,249,l_1746343042.470.jpg
1,1,1,1,249,l_1746343042.840.jpg
1,1,1,1,249,l_1746444222.506.jpg
1,1,1,1,249,l_1746444223.189.jpg
1,1,1,1,249,l_1746444223.478.jpg
1,1,1,1,249,l_1746444224.463.jpg
1,1,1,1,249,l_1746444224.620.jpg
1,1,1,1,249,l_1746608160.522.jpg
1,1,1,1,249,l_1746608161.345.jpg
1,1,1,1,249,l_1746608163.424.jpg
1,1,1,1,249,l_1746608163.999.jpg
1,1,1,1,249,l_1746608165.492.jpg
1,1,1,1,250,l_1731396938.923.jpg
1,1,1,1,250,l_1731396939.247.jpg
1,1,1,1,250,l_1731396942.530.jpg
1,1,1,1,250,l_1731396946.477.jpg
1,1,1,1,250,l_1731396947.391.jpg
1,1,1,1,250,l_1736037898.196.jpg
1,1,1,1,250,l_1736037912.519.jpg
1,1,1,1,250,l_1736037919.470.jpg
1,1,1,1,250,l_1736037926.230.jpg
1,1,1,1,250,l_1736388379.262.jpg
1,1,1,1,250,l_1736388380.529.jpg
1,1,1,1,250,l_1736388380.688.jpg
1,1,1,1,250,l_1736388381.668.jpg
1,1,1,1,250,l_1736388381.804.jpg
1,1,1,1,250,l_1736388384.255.jpg
1,1,1,1,250,l_1740636178.727.jpg
1,1,1,1,250,l_1740636178.795.jpg
1,1,1,1,250,l_1740636179.349.jpg
1,1,1,1,250,l_1745032486.843.jpg
1,1,1,1,250,l_1745032490.383.jpg
1,1,1,1,250,l_1745032494.646.jpg
1,1,1,1,250,l_1745032500.297.jpg
1,1,1,1,250,l_1745032503.283.jpg
1,1,1,1,250,l_1745385689.873.jpg
1,1,1,1,250,l_1745385692.726.jpg
1,1,1,1,250,l_1745385692.812.jpg
1,1,1,1,250,l_1745385693.123.jpg
1,1,1,1,250,l_1745385694.255.jpg
1,1,1,1,250,l_1745385694.999.jpg
1,1,1,1,250,l_1745385695.446.jpg
1,1,1,1,250,l_1745670685.420.jpg
1,1,1,1,250,l_1745670687.561.jpg
1,1,1,1,250,l_1745670688.345.jpg
1,1,1,1,250,l_1745670689.253.jpg
1,1,1,1,250,l_1745670689.286.jpg
1,1,1,1,250,l_1745670690.877.jpg
1,1,1,1,250,l_1745670691.958.jpg
1,1,1,1,250,l_1745936167.366.jpg
1,1,1,1,250,l_1745936168.937.jpg
1,1,1,1,250,l_1745936169.415.jpg
1,1,1,1,250,l_1745936170.483.jpg
1,1,1,1,250,l_1745936171.595.jpg
1,1,1,1,250,l_1746368962.860.jpg
1,1,1,1,250,l_1746368963.297.jpg
1,1,1,1,250,l_1746368964.744.jpg
1,1,1,1,250,l_1746368964.922.jpg
1,1,1,1,250,l_1746606355.897.jpg
1,1,1,1,250,l_1746611621.463.jpg
1,1,1,1,250,l_1746611621.627.jpg
1,1,1,1,250,l_1746611622.422.jpg
1,1,1,1,250,l_1746611622.624.jpg
1,1,1,1,250,l_1746611623.131.jpg
1,1,1,1,250,l_1746611623.866.jpg
1,1,1,1,250,l_1746611944.290.jpg
1,1,1,1,250,l_1746611944.904.jpg
1,1,1,1,250,l_1746611945.686.jpg
1,1,1,1,250,l_1746611949.186.jpg
1,1,1,1,251,l_1747364198.463.jpg
1,1,1,1,251,l_1727617908.675.jpg
1,1,1,1,251,l_1727617909.214.jpg
1,1,1,1,251,l_1727617909.986.jpg
1,1,1,1,251,l_1727617910.881.jpg
1,1,1,1,251,l_1727617911.500.jpg
1,1,1,1,251,l_1734064989.170.jpg
1,1,1,1,251,l_1734064992.296.jpg
1,1,1,1,251,l_1734064996.635.jpg
1,1,1,1,251,l_1737788767.215.jpg
1,1,1,1,251,l_1737788767.285.jpg
1,1,1,1,251,l_1737788768.275.jpg
1,1,1,1,251,l_1737788770.562.jpg
1,1,1,1,251,l_1737788771.306.jpg
1,1,1,1,251,l_1737788771.464.jpg
1,1,1,1,251,l_1737788772.786.jpg
1,1,1,1,251,l_1741252483.144.jpg
1,1,1,1,251,l_1741252486.914.jpg
1,1,1,1,251,l_1741252490.912.jpg
1,1,1,1,251,l_1741252491.107.jpg
1,1,1,1,251,l_1741580968.875.jpg
1,1,1,1,251,l_1741580969.125.jpg
1,1,1,1,251,l_1741580970.307.jpg
1,1,1,1,251,l_1741580970.761.jpg
1,1,1,1,251,l_1741580972.321.jpg
1,1,1,1,251,l_1742649621.708.jpg
1,1,1,1,251,l_1742649622.426.jpg
1,1,1,1,251,l_1742649624.675.jpg
1,1,1,1,251,l_1742649625.857.jpg
1,1,1,1,251,l_1743096499.302.jpg
1,1,1,1,251,l_1743096500.855.jpg
1,1,1,1,251,l_1743096500.981.jpg
1,1,1,1,251,l_1743096501.511.jpg
1,1,1,1,251,l_1743096501.930.jpg
1,1,1,1,251,l_1743130320.255.jpg
1,1,1,1,251,l_1743130324.554.jpg
1,1,1,1,251,l_1743130326.127.jpg
1,1,1,1,251,l_1743130327.972.jpg
1,1,1,1,251,l_1743130328.934.jpg
1,1,1,1,251,l_1743407850.598.jpg
1,1,1,1,251,l_1743407850.844.jpg
1,1,1,1,251,l_1743407851.211.jpg
1,1,1,1,251,l_1743407851.935.jpg
1,1,1,1,251,l_1743407852.271.jpg
1,1,1,1,251,l_1743773614.415.jpg
1,1,1,1,251,l_1743773615.703.jpg
1,1,1,1,251,l_1743773615.895.jpg
1,1,1,1,251,l_1743773616.471.jpg
1,1,1,1,251,l_1744122503.441.jpg
1,1,1,1,251,l_1744122504.908.jpg
1,1,1,1,251,l_1744122519.382.jpg
1,1,1,1,251,l_1744122521.427.jpg
1,1,1,1,251,l_1744122524.664.jpg
1,1,1,1,251,l_1744152661.399.jpg
1,1,1,1,251,l_1744152662.654.jpg
1,1,1,1,251,l_1744152663.511.jpg
1,1,1,1,251,l_1744152663.590.jpg
1,1,1,1,251,l_1744360444.715.jpg
1,1,1,1,251,l_1744360446.721.jpg
1,1,1,1,251,l_1744360458.554.jpg
1,1,1,1,251,l_1744729608.865.jpg
1,1,1,1,251,l_1744729608.960.jpg
1,1,1,1,251,l_1744729609.853.jpg
1,1,1,1,251,l_1744729610.750.jpg
1,1,1,1,251,l_1746605666.390.jpg
1,1,1,1,251,l_1746605666.855.jpg
1,1,1,1,251,l_1746605667.392.jpg
1,1,1,1,251,l_1746605667.748.jpg
1,1,1,1,251,l_1746605668.899.jpg
1,1,1,1,251,l_1746762953.196.jpg
1,1,1,1,251,l_1746762955.557.jpg
1,1,1,1,251,l_1746762957.368.jpg
1,1,1,1,251,l_1746762959.581.jpg
1,1,1,1,251,l_1746781502.727.jpg
1,1,1,1,251,l_1746781503.707.jpg
1,1,1,1,251,l_1746781504.727.jpg
1,1,1,1,251,l_1746781509.758.jpg
1,1,1,1,251,l_1747279008.172.jpg
1,1,1,1,251,l_1747279008.637.jpg
1,1,1,1,251,l_1747279010.140.jpg
1,1,1,1,251,l_1747279010.332.jpg
1,1,1,1,251,l_1747279012.426.jpg
1,1,1,1,251,l_1747279013.870.jpg
1,1,1,1,251,l_1747282488.273.jpg
1,1,1,1,251,l_1747282490.716.jpg
1,1,1,1,251,l_1747282492.465.jpg
1,1,1,1,251,l_1747282494.997.jpg
1,1,1,1,251,l_1747282496.566.jpg
1,1,1,1,251,l_1747282498.833.jpg
1,1,1,1,251,l_1747364196.568.jpg
1,1,1,1,251,l_1747364196.747.jpg
1,1,1,1,251,l_1747364197.752.jpg
1,1,1,1,252,l_1711513691.436.jpg
1,1,1,1,252,l_1711513694.115.jpg
1,1,1,1,252,l_1711513697.199.jpg
1,1,1,1,252,l_1711513702.129.jpg
1,1,1,1,252,l_1711513705.546.jpg
1,1,1,1,252,l_1741020612.608.jpg
1,1,1,1,252,l_1741707195.407.jpg
1,1,1,1,252,l_1741707196.748.jpg
1,1,1,1,252,l_1741707197.188.jpg
1,1,1,1,252,l_1741707198.484.jpg
1,1,1,1,252,l_1743847618.676.jpg
1,1,1,1,252,l_1743847619.208.jpg
1,1,1,1,252,l_1743847620.119.jpg
1,1,1,1,252,l_1743847620.247.jpg
1,1,1,1,252,l_1743910257.434.jpg
1,1,1,1,252,l_1743910261.389.jpg
1,1,1,1,252,l_1743910265.282.jpg
1,1,1,1,252,l_1743910268.240.jpg
1,1,1,1,252,l_1743910271.376.jpg
1,1,1,1,252,l_1744272459.867.jpg
1,1,1,1,252,l_1744272460.421.jpg
1,1,1,1,252,l_1744272590.596.jpg
1,1,1,1,252,l_1744278056.984.jpg
1,1,1,1,252,l_1744278057.992.jpg
1,1,1,1,252,l_1744278058.283.jpg
1,1,1,1,252,l_1744278060.381.jpg
1,1,1,1,252,l_1744278064.975.jpg
1,1,1,1,252,l_1744744590.887.jpg
1,1,1,1,252,l_1744744592.203.jpg
1,1,1,1,252,l_1744744597.925.jpg
1,1,1,1,252,l_1744744600.132.jpg
1,1,1,1,252,l_1744744607.180.jpg
1,1,1,1,252,l_1744744610.250.jpg
1,1,1,1,252,l_1744744611.758.jpg
1,1,1,1,252,l_1745074392.671.jpg
1,1,1,1,252,l_1745074393.249.jpg
1,1,1,1,252,l_1745074395.682.jpg
1,1,1,1,252,l_1745074396.680.jpg
1,1,1,1,252,l_1745196833.919.jpg
1,1,1,1,252,l_1745196834.413.jpg
1,1,1,1,252,l_1745196838.448.jpg
1,1,1,1,252,l_1745196839.277.jpg
1,1,1,1,252,l_1745196839.730.jpg
1,1,1,1,252,l_1745196840.758.jpg
1,1,1,1,252,l_1745374576.680.jpg
1,1,1,1,252,l_1745374577.920.jpg
1,1,1,1,252,l_1745374578.578.jpg
1,1,1,1,252,l_1745374579.239.jpg
1,1,1,1,252,l_1745408647.468.jpg
1,1,1,1,252,l_1745408648.280.jpg
1,1,1,1,252,l_1745408648.524.jpg
1,1,1,1,252,l_1745575377.449.jpg
1,1,1,1,252,l_1745575378.146.jpg
1,1,1,1,252,l_1745575378.270.jpg
1,1,1,1,252,l_1745575379.589.jpg
1,1,1,1,252,l_1745575379.816.jpg
1,1,1,1,252,l_1745827846.500.jpg
1,1,1,1,252,l_1745827846.774.jpg
1,1,1,1,252,l_1745827847.482.jpg
1,1,1,1,252,l_1745827848.576.jpg
1,1,1,1,252,l_1745911966.434.jpg
1,1,1,1,252,l_1746427324.869.jpg
1,1,1,1,252,l_1746427325.140.jpg
1,1,1,1,252,l_1746427326.473.jpg
1,1,1,1,252,l_1746427326.984.jpg
1,1,1,1,252,l_1746427327.461.jpg
1,1,1,1,252,l_1746427327.886.jpg
1,1,1,1,252,l_1746437210.410.jpg
1,1,1,1,252,l_1746437212.468.jpg
1,1,1,1,252,l_1746437214.136.jpg
1,1,1,1,252,l_1746437216.179.jpg
1,1,1,1,252,l_1746437217.938.jpg
1,1,1,1,252,l_1746611714.138.jpg
1,1,1,1,252,l_1746611715.529.jpg
1,1,1,1,252,l_1746611717.721.jpg
1,1,1,1,252,l_1746611718.427.jpg
1,1,1,1,252,l_1746678378.312.jpg
1,1,1,1,252,l_1746678379.919.jpg
1,1,1,1,252,l_1746678380.123.jpg
1,1,1,1,252,l_1746678380.283.jpg
1,1,1,1,252,l_1746678381.450.jpg
1,1,1,1,252,l_1746678381.997.jpg
1,1,1,1,252,l_1746678382.438.jpg
1,1,1,1,252,l_1746678383.221.jpg
1,1,1,1,252,l_1746696966.561.jpg
1,1,1,1,252,l_1746696968.213.jpg
1,1,1,1,252,l_1746696969.678.jpg
1,1,1,1,252,l_1746709475.587.jpg
1,1,1,1,252,l_1746709476.620.jpg
1,1,1,1,252,l_1746709477.445.jpg
1,1,1,1,252,l_1746709478.722.jpg
1,1,1,1,252,l_1746709479.340.jpg
1,1,1,1,252,l_1746709480.700.jpg
1,1,1,1,253,l_1740554327.793.jpg
1,1,1,1,253,l_1740554332.569.jpg
1,1,1,1,253,l_1740554333.468.jpg
1,1,1,1,253,l_1740554338.545.jpg
1,1,1,1,253,l_1740554338.707.jpg
1,1,1,1,253,l_1740554339.666.jpg
1,1,1,1,253,l_1741139263.684.jpg
1,1,1,1,253,l_1741139266.642.jpg
1,1,1,1,253,l_1741139269.468.jpg
1,1,1,1,253,l_1741139278.134.jpg
1,1,1,1,253,l_1741162966.338.jpg
1,1,1,1,253,l_1741162966.615.jpg
1,1,1,1,253,l_1741162967.228.jpg
1,1,1,1,253,l_1741162968.755.jpg
1,1,1,1,253,l_1741162968.947.jpg
1,1,1,1,253,l_1741162969.746.jpg
1,1,1,1,253,l_1741162970.730.jpg
1,1,1,1,253,l_1741251022.274.jpg
1,1,1,1,253,l_1741317777.676.jpg
1,1,1,1,253,l_1741317778.388.jpg
1,1,1,1,253,l_1741317778.872.jpg
1,1,1,1,253,l_1741317779.494.jpg
1,1,1,1,253,l_1742365460.316.jpg
1,1,1,1,253,l_1742365461.896.jpg
1,1,1,1,253,l_1742365462.300.jpg
1,1,1,1,253,l_1742365462.790.jpg
1,1,1,1,253,l_1742365463.261.jpg
1,1,1,1,253,l_1743912401.964.jpg
1,1,1,1,253,l_1743912402.153.jpg
1,1,1,1,253,l_1743912403.163.jpg
1,1,1,1,253,l_1743912404.346.jpg
1,1,1,1,253,l_1743912404.644.jpg
1,1,1,1,253,l_1744379126.328.jpg
1,1,1,1,253,l_1744379128.742.jpg
1,1,1,1,253,l_1744379129.523.jpg
1,1,1,1,253,l_1744439559.708.jpg
1,1,1,1,253,l_1744439559.813.jpg
1,1,1,1,253,l_1744439560.380.jpg
1,1,1,1,253,l_1744776965.858.jpg
1,1,1,1,253,l_1744776967.953.jpg
1,1,1,1,253,l_1744776968.539.jpg
1,1,1,1,253,l_1744776969.481.jpg
1,1,1,1,253,l_1744776970.608.jpg
1,1,1,1,253,l_1744776971.472.jpg
1,1,1,1,253,l_1744776972.356.jpg
1,1,1,1,253,l_1745028442.966.jpg
1,1,1,1,253,l_1745028443.595.jpg
1,1,1,1,253,l_1745028444.198.jpg
1,1,1,1,253,l_1745028445.187.jpg
1,1,1,1,253,l_1745047753.996.jpg
1,1,1,1,253,l_1745047754.121.jpg
1,1,1,1,253,l_1745047755.774.jpg
1,1,1,1,253,l_1745047758.265.jpg
1,1,1,1,253,l_1745047759.305.jpg
1,1,1,1,253,l_1745493197.190.jpg
1,1,1,1,253,l_1745493198.754.jpg
1,1,1,1,253,l_1745493199.774.jpg
1,1,1,1,253,l_1745493200.408.jpg
1,1,1,1,253,l_1745493201.853.jpg
1,1,1,1,253,l_1745926251.210.jpg
1,1,1,1,253,l_1745926253.716.jpg
1,1,1,1,253,l_1745926255.870.jpg
1,1,1,1,253,l_1745926256.865.jpg
1,1,1,1,253,l_1746515771.342.jpg
1,1,1,1,253,l_1746515772.864.jpg
1,1,1,1,253,l_1746515774.507.jpg
1,1,1,1,253,l_1746515781.947.jpg
1,1,1,1,253,l_1746695920.310.jpg
1,1,1,1,253,l_1746695921.162.jpg
1,1,1,1,253,l_1746695921.851.jpg
1,1,1,1,253,l_1746759802.379.jpg
1,1,1,1,253,l_1746759803.746.jpg
1,1,1,1,253,l_1746759803.819.jpg
1,1,1,1,253,l_1746759804.272.jpg
1,1,1,1,253,l_1746759804.867.jpg
1,1,1,1,254,l_1739372205.354.jpg
1,1,1,1,254,l_1739372207.529.jpg
1,1,1,1,254,l_1739372209.298.jpg
1,1,1,1,254,l_1739372210.132.jpg
1,1,1,1,254,l_1739372212.239.jpg
1,1,1,1,254,l_1739372221.685.jpg
1,1,1,1,254,l_1744161958.638.jpg
1,1,1,1,254,l_1744161969.376.jpg
1,1,1,1,254,l_1744161974.772.jpg
1,1,1,1,254,l_1744161981.683.jpg
1,1,1,1,254,l_1744537627.905.jpg
1,1,1,1,254,l_1744537630.285.jpg
1,1,1,1,254,l_1744537633.162.jpg
1,1,1,1,254,l_1744537635.935.jpg
1,1,1,1,254,l_1744680543.643.jpg
1,1,1,1,254,l_1744680543.702.jpg
1,1,1,1,254,l_1744680544.151.jpg
1,1,1,1,254,l_1744680544.601.jpg
1,1,1,1,254,l_1744680544.723.jpg
1,1,1,1,254,l_1744680545.200.jpg
1,1,1,1,254,l_1744863801.142.jpg
1,1,1,1,254,l_1744863807.941.jpg
1,1,1,1,254,l_1744863813.815.jpg
1,1,1,1,254,l_1744863818.466.jpg
1,1,1,1,254,l_1744863818.550.jpg
1,1,1,1,254,l_1744863825.493.jpg
1,1,1,1,254,l_1745224588.536.jpg
1,1,1,1,254,l_1745224589.823.jpg
1,1,1,1,254,l_1745224590.209.jpg
1,1,1,1,254,l_1745224590.673.jpg
1,1,1,1,254,l_1745224591.989.jpg
1,1,1,1,254,l_1745327647.781.jpg
1,1,1,1,254,l_1745327650.941.jpg
1,1,1,1,254,l_1745327652.355.jpg
1,1,1,1,254,l_1745327654.549.jpg
1,1,1,1,254,l_1745327656.546.jpg
1,1,1,1,254,l_1745327658.960.jpg
1,1,1,1,254,l_1745327661.261.jpg
1,1,1,1,254,l_1745574991.144.jpg
1,1,1,1,254,l_1745574991.719.jpg
1,1,1,1,254,l_1745574992.175.jpg
1,1,1,1,254,l_1745574993.263.jpg
1,1,1,1,254,l_1745574993.829.jpg
1,1,1,1,254,l_1745829912.449.jpg
1,1,1,1,254,l_1745829913.399.jpg
1,1,1,1,254,l_1745829914.165.jpg
1,1,1,1,254,l_1745829914.787.jpg
1,1,1,1,254,l_1745829915.985.jpg
1,1,1,1,254,l_1745829916.364.jpg
1,1,1,1,254,l_1746324082.659.jpg
1,1,1,1,254,l_1746324084.957.jpg
1,1,1,1,254,l_1746324085.751.jpg
1,1,1,1,254,l_1746324094.959.jpg
1,1,1,1,254,l_1746591556.293.jpg
1,1,1,1,254,l_1746591556.608.jpg
1,1,1,1,254,l_1746591557.228.jpg
1,1,1,1,254,l_1746591558.489.jpg
1,1,1,1,254,l_1746626047.522.jpg
1,1,1,1,254,l_1746626048.137.jpg
1,1,1,1,254,l_1746626049.387.jpg
1,1,1,1,254,l_1746626050.460.jpg
1,1,1,1,254,l_1746668992.843.jpg
1,1,1,1,254,l_1746668998.233.jpg
1,1,1,1,254,l_1746668998.808.jpg
1,1,1,1,254,l_1746687702.668.jpg
1,1,1,1,254,l_1746687703.622.jpg
1,1,1,1,254,l_1746687703.897.jpg
1,1,1,1,254,l_1746687704.614.jpg
1,1,1,1,254,l_1746687706.701.jpg
1,1,1,1,254,l_1746755808.484.jpg
1,1,1,1,254,l_1746755809.914.jpg
1,1,1,1,254,l_1746755810.229.jpg
1,1,1,1,254,l_1746755810.424.jpg
1,1,1,1,254,l_1746755811.999.jpg
1,1,1,1,254,l_1746764062.966.jpg
1,1,1,1,254,l_1746764066.431.jpg
1,1,1,1,254,l_1746764066.663.jpg
1,1,1,1,254,l_1746764069.561.jpg
1,1,1,1,255,l_1747456952.657.jpg
1,1,1,1,255,l_1719971278.514.jpg
1,1,1,1,255,l_1719971280.834.jpg
1,1,1,1,255,l_1719971281.874.jpg
1,1,1,1,255,l_1719971283.924.jpg
1,1,1,1,255,l_1719971287.801.jpg
1,1,1,1,255,l_1733368517.554.jpg
1,1,1,1,255,l_1733368517.680.jpg
1,1,1,1,255,l_1733368518.937.jpg
1,1,1,1,255,l_1733368519.232.jpg
1,1,1,1,255,l_1733368519.925.jpg
1,1,1,1,255,l_1733368520.608.jpg
1,1,1,1,255,l_1736738100.986.jpg
1,1,1,1,255,l_1736738101.983.jpg
1,1,1,1,255,l_1736738102.933.jpg
1,1,1,1,255,l_1736738104.844.jpg
1,1,1,1,255,l_1736738105.440.jpg
1,1,1,1,255,l_1740678392.800.jpg
1,1,1,1,255,l_1740678393.575.jpg
1,1,1,1,255,l_1740678394.622.jpg
1,1,1,1,255,l_1740678394.975.jpg
1,1,1,1,255,l_1740678395.337.jpg
1,1,1,1,255,l_1741054610.855.jpg
1,1,1,1,255,l_1741054611.243.jpg
1,1,1,1,255,l_1741054611.849.jpg
1,1,1,1,255,l_1741054613.955.jpg
1,1,1,1,255,l_1741054615.948.jpg
1,1,1,1,255,l_1741054617.695.jpg
1,1,1,1,255,l_1741054619.939.jpg
1,1,1,1,255,l_1742439041.276.jpg
1,1,1,1,255,l_1742439042.779.jpg
1,1,1,1,255,l_1742439043.409.jpg
1,1,1,1,255,l_1742439048.230.jpg
1,1,1,1,255,l_1743749352.833.jpg
1,1,1,1,255,l_1743749380.529.jpg
1,1,1,1,255,l_1743749380.931.jpg
1,1,1,1,255,l_1743749389.373.jpg
1,1,1,1,255,l_1744264671.740.jpg
1,1,1,1,255,l_1744264673.406.jpg
1,1,1,1,255,l_1744264676.160.jpg
1,1,1,1,255,l_1744689411.139.jpg
1,1,1,1,255,l_1744689413.298.jpg
1,1,1,1,255,l_1744689419.679.jpg
1,1,1,1,255,l_1744712499.884.jpg
1,1,1,1,255,l_1744712502.927.jpg
1,1,1,1,255,l_1744712508.407.jpg
1,1,1,1,255,l_1744712524.829.jpg
1,1,1,1,255,l_1744712561.985.jpg
1,1,1,1,255,l_1744856952.466.jpg
1,1,1,1,255,l_1744856953.582.jpg
1,1,1,1,255,l_1744856956.928.jpg
1,1,1,1,255,l_1744856958.920.jpg
1,1,1,1,255,l_1744856959.739.jpg
1,1,1,1,255,l_1745036888.648.jpg
1,1,1,1,255,l_1745036889.630.jpg
1,1,1,1,255,l_1745036890.221.jpg
1,1,1,1,255,l_1745375060.746.jpg
1,1,1,1,255,l_1745375064.659.jpg
1,1,1,1,255,l_1745375071.298.jpg
1,1,1,1,255,l_1745375078.618.jpg
1,1,1,1,255,l_1745375080.355.jpg
1,1,1,1,255,l_1745375081.964.jpg
1,1,1,1,255,l_1745456291.225.jpg
1,1,1,1,255,l_1745456291.926.jpg
1,1,1,1,255,l_1745456292.310.jpg
1,1,1,1,255,l_1745456293.245.jpg
1,1,1,1,255,l_1745456293.693.jpg
1,1,1,1,255,l_1745456297.143.jpg
1,1,1,1,255,l_1745659039.609.jpg
1,1,1,1,255,l_1745659045.672.jpg
1,1,1,1,255,l_1745659048.230.jpg
1,1,1,1,255,l_1745659049.515.jpg
1,1,1,1,255,l_1745659049.832.jpg
1,1,1,1,255,l_1745659050.319.jpg
1,1,1,1,255,l_1746285392.202.jpg
1,1,1,1,255,l_1746285392.715.jpg
1,1,1,1,255,l_1746285393.712.jpg
1,1,1,1,255,l_1746764196.533.jpg
1,1,1,1,255,l_1746764199.680.jpg
1,1,1,1,255,l_1746764201.704.jpg
1,1,1,1,255,l_1746764203.185.jpg
1,1,1,1,255,l_1746764205.462.jpg
1,1,1,1,255,l_1746764207.386.jpg
1,1,1,1,255,l_1747118955.192.jpg
1,1,1,1,255,l_1747118955.854.jpg
1,1,1,1,255,l_1747118956.577.jpg
1,1,1,1,255,l_1747118959.380.jpg
1,1,1,1,255,l_1747195781.330.jpg
1,1,1,1,255,l_1747195785.278.jpg
1,1,1,1,255,l_1747195790.841.jpg
1,1,1,1,255,l_1747195794.387.jpg
1,1,1,1,255,l_1747456945.132.jpg
1,1,1,1,255,l_1747456946.388.jpg
1,1,1,1,255,l_1747456951.643.jpg
1,1,1,1,256,l_1734663372.309.jpg
1,1,1,1,256,l_1734663372.793.jpg
1,1,1,1,256,l_1734663373.257.jpg
1,1,1,1,256,l_1739790000.648.jpg
1,1,1,1,256,l_1739790001.226.jpg
1,1,1,1,256,l_1739790001.279.jpg
1,1,1,1,256,l_1739790004.962.jpg
1,1,1,1,256,l_1740111966.631.jpg
1,1,1,1,256,l_1740111967.780.jpg
1,1,1,1,256,l_1740111968.546.jpg
1,1,1,1,256,l_1740111970.311.jpg
1,1,1,1,256,l_1740111971.353.jpg
1,1,1,1,256,l_1740111971.409.jpg
1,1,1,1,256,l_1741073325.863.jpg
1,1,1,1,256,l_1741073326.158.jpg
1,1,1,1,256,l_1741073326.746.jpg
1,1,1,1,256,l_1741316184.207.jpg
1,1,1,1,256,l_1741316184.572.jpg
1,1,1,1,256,l_1741316185.842.jpg
1,1,1,1,256,l_1741316185.906.jpg
1,1,1,1,256,l_1741316186.179.jpg
1,1,1,1,256,l_1741676664.968.jpg
1,1,1,1,256,l_1741676664.975.jpg
1,1,1,1,256,l_1741676665.997.jpg
1,1,1,1,256,l_1741676666.792.jpg
1,1,1,1,256,l_1741676667.748.jpg
1,1,1,1,256,l_1742190987.771.jpg
1,1,1,1,256,l_1742190988.563.jpg
1,1,1,1,256,l_1742190989.756.jpg
1,1,1,1,256,l_1742190994.405.jpg
1,1,1,1,256,l_1742190995.411.jpg
1,1,1,1,256,l_1742790613.505.jpg
1,1,1,1,256,l_1742790613.761.jpg
1,1,1,1,256,l_1742790614.816.jpg
1,1,1,1,256,l_1742790615.209.jpg
1,1,1,1,256,l_1742790615.386.jpg
1,1,1,1,256,l_1742790616.947.jpg
1,1,1,1,256,l_1742790617.972.jpg
1,1,1,1,256,l_1743493970.768.jpg
1,1,1,1,256,l_1743493972.111.jpg
1,1,1,1,256,l_1743493973.278.jpg
1,1,1,1,256,l_1743493975.182.jpg
1,1,1,1,256,l_1743493977.493.jpg
1,1,1,1,256,l_1743848387.251.jpg
1,1,1,1,256,l_1743848387.655.jpg
1,1,1,1,256,l_1743848388.983.jpg
1,1,1,1,256,l_1743848391.325.jpg
1,1,1,1,256,l_1743848391.908.jpg
1,1,1,1,256,l_1744083081.747.jpg
1,1,1,1,256,l_1744083082.256.jpg
1,1,1,1,256,l_1744083082.327.jpg
1,1,1,1,256,l_1744083083.856.jpg
1,1,1,1,256,l_1744083084.214.jpg
1,1,1,1,256,l_1744083085.957.jpg
1,1,1,1,256,l_1744172371.648.jpg
1,1,1,1,256,l_1744172371.891.jpg
1,1,1,1,256,l_1744172374.378.jpg
1,1,1,1,256,l_1744172376.918.jpg
1,1,1,1,256,l_1744431341.422.jpg
1,1,1,1,256,l_1744431344.309.jpg
1,1,1,1,256,l_1744431347.249.jpg
1,1,1,1,256,l_1744431349.178.jpg
1,1,1,1,256,l_1744431378.557.jpg
1,1,1,1,256,l_1744615988.926.jpg
1,1,1,1,256,l_1744615989.463.jpg
1,1,1,1,256,l_1744615989.771.jpg
1,1,1,1,256,l_1744615992.811.jpg
1,1,1,1,256,l_1744615992.909.jpg
1,1,1,1,256,l_1745831670.902.jpg
1,1,1,1,256,l_1745831671.748.jpg
1,1,1,1,256,l_1745831673.598.jpg
1,1,1,1,256,l_1745831673.649.jpg
1,1,1,1,256,l_1745831674.802.jpg
1,1,1,1,256,l_1746021019.188.jpg
1,1,1,1,256,l_1746021020.116.jpg
1,1,1,1,256,l_1746021021.492.jpg
1,1,1,1,256,l_1746021022.345.jpg
1,1,1,1,256,l_1746253467.608.jpg
1,1,1,1,256,l_1746253467.808.jpg
1,1,1,1,256,l_1746253468.121.jpg
1,1,1,1,256,l_1746253468.946.jpg
1,1,1,1,256,l_1746253469.655.jpg
1,1,1,1,256,l_1746279704.247.jpg
1,1,1,1,256,l_1746279704.299.jpg
1,1,1,1,256,l_1746442868.379.jpg
1,1,1,1,256,l_1746442869.847.jpg
1,1,1,1,256,l_1746442869.909.jpg
1,1,1,1,256,l_1746442870.119.jpg
1,1,1,1,256,l_1746442870.228.jpg
1,1,1,1,268,l_1746866210.173.jpg
1,1,1,1,268,l_1734698649.155.jpg
1,1,1,1,268,l_1734698649.916.jpg
1,1,1,1,268,l_1734698650.973.jpg
1,1,1,1,268,l_1734698651.169.jpg
1,1,1,1,268,l_1734698651.853.jpg
1,1,1,1,268,l_1734698652.548.jpg
1,1,1,1,268,l_1740803233.694.jpg
1,1,1,1,268,l_1740803233.896.jpg
1,1,1,1,268,l_1740803234.762.jpg
1,1,1,1,268,l_1740803238.945.jpg
1,1,1,1,268,l_1741140440.510.jpg
1,1,1,1,268,l_1741140440.743.jpg
1,1,1,1,268,l_1741140441.926.jpg
1,1,1,1,268,l_1741140446.730.jpg
1,1,1,1,268,l_1741140447.822.jpg
1,1,1,1,268,l_1741140448.781.jpg
1,1,1,1,268,l_1741230770.191.jpg
1,1,1,1,268,l_1741230771.645.jpg
1,1,1,1,268,l_1741230771.988.jpg
1,1,1,1,268,l_1741230772.687.jpg
1,1,1,1,268,l_1741230772.844.jpg
1,1,1,1,268,l_1741834224.878.jpg
1,1,1,1,268,l_1741834224.960.jpg
1,1,1,1,268,l_1741834225.786.jpg
1,1,1,1,268,l_1741834226.350.jpg
1,1,1,1,268,l_1741834226.506.jpg
1,1,1,1,268,l_1742444715.182.jpg
1,1,1,1,268,l_1742444715.979.jpg
1,1,1,1,268,l_1742444716.496.jpg
1,1,1,1,268,l_1742444717.264.jpg
1,1,1,1,268,l_1742444717.851.jpg
1,1,1,1,268,l_1742449188.424.jpg
1,1,1,1,268,l_1742449188.975.jpg
1,1,1,1,268,l_1742449190.293.jpg
1,1,1,1,268,l_1742449191.815.jpg
1,1,1,1,268,l_1742449191.868.jpg
1,1,1,1,268,l_1742449193.415.jpg
1,1,1,1,268,l_1742449194.794.jpg
1,1,1,1,268,l_1742449195.792.jpg
1,1,1,1,268,l_1742631494.877.jpg
1,1,1,1,268,l_1742631495.519.jpg
1,1,1,1,268,l_1742631496.691.jpg
1,1,1,1,268,l_1742631497.964.jpg
1,1,1,1,268,l_1742631498.157.jpg
1,1,1,1,268,l_1743733794.219.jpg
1,1,1,1,268,l_1743733795.561.jpg
1,1,1,1,268,l_1743733798.227.jpg
1,1,1,1,268,l_1743991263.717.jpg
1,1,1,1,268,l_1743991264.862.jpg
1,1,1,1,268,l_1743991265.286.jpg
1,1,1,1,268,l_1743991265.974.jpg
1,1,1,1,268,l_1743991266.607.jpg
1,1,1,1,268,l_1743991267.255.jpg
1,1,1,1,268,l_1745394847.790.jpg
1,1,1,1,268,l_1745394850.773.jpg
1,1,1,1,268,l_1745394851.520.jpg
1,1,1,1,268,l_1745895195.954.jpg
1,1,1,1,268,l_1745895197.409.jpg
1,1,1,1,268,l_1745895199.418.jpg
1,1,1,1,268,l_1745895202.570.jpg
1,1,1,1,268,l_1745895203.982.jpg
1,1,1,1,268,l_1746600835.555.jpg
1,1,1,1,268,l_1746600835.606.jpg
1,1,1,1,268,l_1746600836.251.jpg
1,1,1,1,268,l_1746600836.777.jpg
1,1,1,1,268,l_1746852819.414.jpg
1,1,1,1,268,l_1746852820.371.jpg
1,1,1,1,268,l_1746852820.565.jpg
1,1,1,1,268,l_1746852824.274.jpg
1,1,1,1,268,l_1746866171.718.jpg
1,1,1,1,268,l_1746866172.145.jpg
1,1,1,1,268,l_1746866210.115.jpg
1,1,1,1,269,l_1746858550.422.jpg
1,1,1,1,269,l_1715744656.136.jpg
1,1,1,1,269,l_1715744656.744.jpg
1,1,1,1,269,l_1715744657.998.jpg
1,1,1,1,269,l_1715744658.771.jpg
1,1,1,1,269,l_1715744659.336.jpg
1,1,1,1,269,l_1715744659.792.jpg
1,1,1,1,269,l_1720756416.339.jpg
1,1,1,1,269,l_1720756417.678.jpg
1,1,1,1,269,l_1720756418.264.jpg
1,1,1,1,269,l_1720756418.680.jpg
1,1,1,1,269,l_1720756419.259.jpg
1,1,1,1,269,l_1720756419.878.jpg
1,1,1,1,269,l_1734010780.109.jpg
1,1,1,1,269,l_1734010781.553.jpg
1,1,1,1,269,l_1734010781.888.jpg
1,1,1,1,269,l_1734010782.482.jpg
1,1,1,1,269,l_1736051782.867.jpg
1,1,1,1,269,l_1736051783.298.jpg
1,1,1,1,269,l_1736051783.306.jpg
1,1,1,1,269,l_1736051784.835.jpg
1,1,1,1,269,l_1736051784.881.jpg
1,1,1,1,269,l_1738987870.613.jpg
1,1,1,1,269,l_1738987876.539.jpg
1,1,1,1,269,l_1738987886.479.jpg
1,1,1,1,269,l_1738987888.625.jpg
1,1,1,1,269,l_1738987890.528.jpg
1,1,1,1,269,l_1738987892.806.jpg
1,1,1,1,269,l_1742609047.844.jpg
1,1,1,1,269,l_1742609047.907.jpg
1,1,1,1,269,l_1742609049.234.jpg
1,1,1,1,269,l_1742609057.676.jpg
1,1,1,1,269,l_1742609058.662.jpg
1,1,1,1,269,l_1742609058.940.jpg
1,1,1,1,269,l_1742642267.201.jpg
1,1,1,1,269,l_1742642267.585.jpg
1,1,1,1,269,l_1742642268.493.jpg
1,1,1,1,269,l_1742642268.666.jpg
1,1,1,1,269,l_1742642268.840.jpg
1,1,1,1,269,l_1742642269.631.jpg
1,1,1,1,269,l_1742975197.329.jpg
1,1,1,1,269,l_1742975197.374.jpg
1,1,1,1,269,l_1742975198.171.jpg
1,1,1,1,269,l_1742975201.752.jpg
1,1,1,1,269,l_1744603427.882.jpg
1,1,1,1,269,l_1744603448.784.jpg
1,1,1,1,269,l_1744603453.303.jpg
1,1,1,1,269,l_1744603459.157.jpg
1,1,1,1,269,l_1744603464.911.jpg
1,1,1,1,269,l_1744603526.493.jpg
1,1,1,1,269,l_1744691217.207.jpg
1,1,1,1,269,l_1744691309.790.jpg
1,1,1,1,269,l_1744691312.301.jpg
1,1,1,1,269,l_1744691323.598.jpg
1,1,1,1,269,l_1744691378.735.jpg
1,1,1,1,269,l_1745037326.339.jpg
1,1,1,1,269,l_1745037327.160.jpg
1,1,1,1,269,l_1745037327.318.jpg
1,1,1,1,269,l_1745037329.276.jpg
1,1,1,1,269,l_1745285741.200.jpg
1,1,1,1,269,l_1745285741.846.jpg
1,1,1,1,269,l_1745285743.160.jpg
1,1,1,1,269,l_1745285744.890.jpg
1,1,1,1,269,l_1745285745.362.jpg
1,1,1,1,269,l_1745377391.383.jpg
1,1,1,1,269,l_1745377391.697.jpg
1,1,1,1,269,l_1745377392.730.jpg
1,1,1,1,269,l_1745377392.916.jpg
1,1,1,1,269,l_1745377393.346.jpg
1,1,1,1,269,l_1745377393.507.jpg
1,1,1,1,269,l_1745655139.151.jpg
1,1,1,1,269,l_1745655651.893.jpg
1,1,1,1,269,l_1745655659.103.jpg
1,1,1,1,269,l_1745655666.483.jpg
1,1,1,1,269,l_1745655671.929.jpg
1,1,1,1,269,l_1745655755.478.jpg
1,1,1,1,269,l_1746507779.527.jpg
1,1,1,1,269,l_1746507784.414.jpg
1,1,1,1,269,l_1746507792.743.jpg
1,1,1,1,269,l_1746507799.354.jpg
1,1,1,1,269,l_1746507804.973.jpg
1,1,1,1,269,l_1746670147.155.jpg
1,1,1,1,269,l_1746670148.290.jpg
1,1,1,1,269,l_1746670148.863.jpg
1,1,1,1,269,l_1746670149.712.jpg
1,1,1,1,269,l_1746670150.105.jpg
1,1,1,1,269,l_1746858548.884.jpg
1,1,1,1,269,l_1746858549.495.jpg
1,1,1,1,269,l_1746858549.619.jpg
1,1,1,1,269,l_1746858550.181.jpg
1,1,1,1,270,l_1746868828.827.jpg
1,1,1,1,270,l_1727944842.302.jpg
1,1,1,1,270,l_1727944843.154.jpg
1,1,1,1,270,l_1727944843.523.jpg
1,1,1,1,270,l_1727944844.931.jpg
1,1,1,1,270,l_1727944845.925.jpg
1,1,1,1,270,l_1732692003.153.jpg
1,1,1,1,270,l_1732692004.191.jpg
1,1,1,1,270,l_1732692004.621.jpg
1,1,1,1,270,l_1732692005.168.jpg
1,1,1,1,270,l_1732692007.885.jpg
1,1,1,1,270,l_1732692008.569.jpg
1,1,1,1,270,l_1740614445.470.jpg
1,1,1,1,270,l_1740614446.266.jpg
1,1,1,1,270,l_1740614447.374.jpg
1,1,1,1,270,l_1740614448.263.jpg
1,1,1,1,270,l_1740614448.292.jpg
1,1,1,1,270,l_1740614449.677.jpg
1,1,1,1,270,l_1740725139.349.jpg
1,1,1,1,270,l_1740725139.477.jpg
1,1,1,1,270,l_1740725140.666.jpg
1,1,1,1,270,l_1740725140.905.jpg
1,1,1,1,270,l_1741100116.479.jpg
1,1,1,1,270,l_1741100117.652.jpg
1,1,1,1,270,l_1741100118.756.jpg
1,1,1,1,270,l_1741100119.558.jpg
1,1,1,1,270,l_1741100120.539.jpg
1,1,1,1,270,l_1741100121.584.jpg
1,1,1,1,270,l_1741100121.603.jpg
1,1,1,1,270,l_1743169371.907.jpg
1,1,1,1,270,l_1743169372.350.jpg
1,1,1,1,270,l_1743169372.664.jpg
1,1,1,1,270,l_1743222227.259.jpg
1,1,1,1,270,l_1743222227.825.jpg
1,1,1,1,270,l_1743222228.853.jpg
1,1,1,1,270,l_1743222229.440.jpg
1,1,1,1,270,l_1743222230.427.jpg
1,1,1,1,270,l_1743398966.620.jpg
1,1,1,1,270,l_1743398969.507.jpg
1,1,1,1,270,l_1743398971.546.jpg
1,1,1,1,270,l_1743398976.131.jpg
1,1,1,1,270,l_1743554697.641.jpg
1,1,1,1,270,l_1743554698.918.jpg
1,1,1,1,270,l_1743554699.599.jpg
1,1,1,1,270,l_1744441993.497.jpg
1,1,1,1,270,l_1744441994.532.jpg
1,1,1,1,270,l_1744441994.926.jpg
1,1,1,1,270,l_1744441995.428.jpg
1,1,1,1,270,l_1744441995.653.jpg
1,1,1,1,270,l_1745476642.481.jpg
1,1,1,1,270,l_1745476643.315.jpg
1,1,1,1,270,l_1745476644.170.jpg
1,1,1,1,270,l_1745476644.535.jpg
1,1,1,1,270,l_1745476645.640.jpg
1,1,1,1,270,l_1746411617.107.jpg
1,1,1,1,270,l_1746411625.748.jpg
1,1,1,1,270,l_1746411626.283.jpg
1,1,1,1,270,l_1746411641.566.jpg
1,1,1,1,270,l_1746417531.976.jpg
1,1,1,1,270,l_1746417533.591.jpg
1,1,1,1,270,l_1746417536.582.jpg
1,1,1,1,270,l_1746417539.217.jpg
1,1,1,1,270,l_1746417545.732.jpg
1,1,1,1,270,l_1746418311.355.jpg
1,1,1,1,270,l_1746418314.802.jpg
1,1,1,1,270,l_1746418316.888.jpg
1,1,1,1,270,l_1746418318.492.jpg
1,1,1,1,270,l_1746418319.966.jpg
1,1,1,1,270,l_1746675942.544.jpg
1,1,1,1,270,l_1746675947.105.jpg
1,1,1,1,270,l_1746675952.396.jpg
1,1,1,1,270,l_1746675955.420.jpg
1,1,1,1,270,l_1746675960.368.jpg
1,1,1,1,270,l_1746675964.878.jpg
1,1,1,1,270,l_1746868827.203.jpg
1,1,1,1,270,l_1746868827.445.jpg
1,1,1,1,270,l_1746868828.641.jpg
1,1,1,1,273,l_1746867057.521.jpg
1,1,1,1,273,l_1689214625.894.jpg
1,1,1,1,273,l_1689214626.565.jpg
1,1,1,1,273,l_1689214627.101.jpg
1,1,1,1,273,l_1689214629.885.jpg
1,1,1,1,273,l_1689214630.375.jpg
1,1,1,1,273,l_1689305627.963.jpg
1,1,1,1,273,l_1689305638.530.jpg
1,1,1,1,273,l_1689305639.198.jpg
1,1,1,1,273,l_1689305640.704.jpg
1,1,1,1,273,l_1689305641.278.jpg
1,1,1,1,273,l_1689305642.347.jpg
1,1,1,1,273,l_1689305643.534.jpg
1,1,1,1,273,l_1689305644.976.jpg
1,1,1,1,273,l_1703749216.582.jpg
1,1,1,1,273,l_1703749217.663.jpg
1,1,1,1,273,l_1703749218.578.jpg
1,1,1,1,273,l_1703749221.315.jpg
1,1,1,1,273,l_1703749224.330.jpg
1,1,1,1,273,l_1703749226.326.jpg
1,1,1,1,273,l_1703749228.808.jpg
1,1,1,1,273,l_1704422775.490.jpg
1,1,1,1,273,l_1704422803.370.jpg
1,1,1,1,273,l_1704422815.163.jpg
1,1,1,1,273,l_1704422852.229.jpg
1,1,1,1,273,l_1704422854.154.jpg
1,1,1,1,273,l_1732152408.220.jpg
1,1,1,1,273,l_1732152408.872.jpg
1,1,1,1,273,l_1732152409.998.jpg
1,1,1,1,273,l_1732181026.272.jpg
1,1,1,1,273,l_1732181026.580.jpg
1,1,1,1,273,l_1732181029.733.jpg
1,1,1,1,273,l_1732181030.355.jpg
1,1,1,1,273,l_1732181031.176.jpg
1,1,1,1,273,l_1732181032.845.jpg
1,1,1,1,273,l_1732181033.874.jpg
1,1,1,1,273,l_1740561159.281.jpg
1,1,1,1,273,l_1740561160.207.jpg
1,1,1,1,273,l_1740561163.665.jpg
1,1,1,1,273,l_1740642647.108.jpg
1,1,1,1,273,l_1740642648.453.jpg
1,1,1,1,273,l_1740642650.484.jpg
1,1,1,1,273,l_1743669237.760.jpg
1,1,1,1,273,l_1743669237.968.jpg
1,1,1,1,273,l_1743669238.181.jpg
1,1,1,1,273,l_1743669238.199.jpg
1,1,1,1,273,l_1743669239.589.jpg
1,1,1,1,273,l_1744206995.605.jpg
1,1,1,1,273,l_1744206996.114.jpg
1,1,1,1,273,l_1744206996.181.jpg
1,1,1,1,273,l_1744810971.111.jpg
1,1,1,1,273,l_1744810971.188.jpg
1,1,1,1,273,l_1745307844.670.jpg
1,1,1,1,273,l_1745307844.724.jpg
1,1,1,1,273,l_1745307845.514.jpg
1,1,1,1,273,l_1745307845.783.jpg
1,1,1,1,273,l_1745307846.260.jpg
1,1,1,1,273,l_1746015271.128.jpg
1,1,1,1,273,l_1746015272.767.jpg
1,1,1,1,273,l_1746015274.787.jpg
1,1,1,1,273,l_1746015276.278.jpg
1,1,1,1,273,l_1746015277.901.jpg
1,1,1,1,273,l_1746360568.511.jpg
1,1,1,1,273,l_1746360570.103.jpg
1,1,1,1,273,l_1746360572.650.jpg
1,1,1,1,273,l_1746360573.183.jpg
1,1,1,1,273,l_1746360573.832.jpg
1,1,1,1,273,l_1746522739.174.jpg
1,1,1,1,273,l_1746522741.367.jpg
1,1,1,1,273,l_1746522742.235.jpg
1,1,1,1,273,l_1746522744.900.jpg
1,1,1,1,273,l_1746522754.313.jpg
1,1,1,1,273,l_1746711508.828.jpg
1,1,1,1,273,l_1746711509.369.jpg
1,1,1,1,273,l_1746711509.919.jpg
1,1,1,1,273,l_1746711510.286.jpg
1,1,1,1,273,l_1746711510.742.jpg
1,1,1,1,273,l_1746867056.589.jpg
1,1,1,1,272,l_1694510223.956.jpg
1,1,1,1,272,l_1694510205.544.jpg
1,1,1,1,272,l_1694510220.665.jpg
1,1,1,1,272,l_1694510222.856.jpg
1,1,1,1,272,l_1742091207.147.jpg
1,1,1,1,272,l_1742091204.100.jpg
1,1,1,1,272,l_1742091204.722.jpg
1,1,1,1,272,l_1742091205.436.jpg
1,1,1,1,272,l_1630049364.767.jpg
1,1,1,1,272,l_1630049364.652.jpg
1,1,1,1,272,l_1630049362.755.jpg
1,1,1,1,272,l_1630049362.136.jpg
1,1,1,1,272,l_1630049362.837.jpg
1,1,1,1,272,l_1744965498.248.jpg
1,1,1,1,272,l_1744965503.670.jpg
1,1,1,1,272,l_1744965505.869.jpg
1,1,1,1,272,l_1744965508.885.jpg
1,1,1,1,272,l_1744965510.477.jpg
1,1,1,1,272,l_1744087458.226.jpg
1,1,1,1,272,l_1744087449.521.jpg
1,1,1,1,272,l_1744087450.535.jpg
1,1,1,1,272,l_1744087455.106.jpg
1,1,1,1,272,l_1744087452.849.jpg
1,1,1,1,272,l_1745378938.564.jpg
1,1,1,1,272,l_1745378939.184.jpg
1,1,1,1,272,l_1745378940.776.jpg
1,1,1,1,272,l_1745378941.665.jpg
1,1,1,1,272,l_1742091204.100 (1).jpg
1,1,1,1,272,l_1742091204.722 (1).jpg
1,1,1,1,272,l_1742091205.436 (1).jpg
1,1,1,1,272,l_1742091207.147 (1).jpg
1,1,1,1,272,l_1742829465.939.jpg
1,1,1,1,272,l_1745238070.543.jpg
1,1,1,1,272,l_1745238067.849.jpg
1,1,1,1,272,l_1745238066.646.jpg
1,1,1,1,272,l_1742695475.867.jpg
1,1,1,1,272,l_1742695476.813.jpg
1,1,1,1,272,l_1742695535.265.jpg
1,1,1,1,272,l_1742358211.109.jpg
1,1,1,1,272,l_1742358210.696.jpg
1,1,1,1,272,l_1742358210.141.jpg
1,1,1,1,272,l_1742358212.237.jpg
1,1,1,1,272,l_1742358212.703.jpg
1,1,1,1,272,l_1742358215.120.jpg
1,1,1,1,272,l_1739968100.692.jpg
1,1,1,1,272,l_1739968101.834.jpg
1,1,1,1,272,l_1739968102.537.jpg
1,1,1,1,272,l_1742880823.104.jpg
1,1,1,1,272,l_1742880824.586.jpg
1,1,1,1,272,l_1742880825.468.jpg
1,1,1,1,272,l_1743676815.926.jpg
1,1,1,1,272,l_1743676803.904.jpg
1,1,1,1,272,l_1743676805.421.jpg
1,1,1,1,272,l_1746428973.209.jpg
1,1,1,1,272,l_1746428975.518.jpg
1,1,1,1,272,l_1746428978.491.jpg
1,1,1,1,271,l_1746680461.579.jpg
1,1,1,1,271,l_1715335094.515.jpg
1,1,1,1,271,l_1715335094.895.jpg
1,1,1,1,271,l_1715335095.567.jpg
1,1,1,1,271,l_1735117063.273.jpg
1,1,1,1,271,l_1735117065.671.jpg
1,1,1,1,271,l_1735117067.644.jpg
1,1,1,1,271,l_1735117068.163.jpg
1,1,1,1,271,l_1735117070.104.jpg
1,1,1,1,271,l_1739959056.664.jpg
1,1,1,1,271,l_1739959062.173.jpg
1,1,1,1,271,l_1739959063.370.jpg
1,1,1,1,271,l_1739959063.685.jpg
1,1,1,1,271,l_1740469487.781.jpg
1,1,1,1,271,l_1740469494.811.jpg
1,1,1,1,271,l_1740469494.833.jpg
1,1,1,1,271,l_1740469495.346.jpg
1,1,1,1,271,l_1740559093.654.jpg
1,1,1,1,271,l_1740559094.832.jpg
1,1,1,1,271,l_1740559099.620.jpg
1,1,1,1,271,l_1740559100.270.jpg
1,1,1,1,271,l_1740559100.831.jpg
1,1,1,1,271,l_1741662367.772.jpg
1,1,1,1,271,l_1741662375.491.jpg
1,1,1,1,271,l_1741662375.726.jpg
1,1,1,1,271,l_1741662376.369.jpg
1,1,1,1,271,l_1744774849.430.jpg
1,1,1,1,271,l_1744774850.657.jpg
1,1,1,1,271,l_1744774851.215.jpg
1,1,1,1,271,l_1744774887.169.jpg
1,1,1,1,271,l_1745639361.406.jpg
1,1,1,1,271,l_1745639362.731.jpg
1,1,1,1,271,l_1745639378.688.jpg
1,1,1,1,271,l_1745639379.150.jpg
1,1,1,1,271,l_1745643393.790.jpg
1,1,1,1,271,l_1745643393.893.jpg
1,1,1,1,271,l_1745643394.350.jpg
1,1,1,1,271,l_1745643394.844.jpg
1,1,1,1,271,l_1745643395.680.jpg
1,1,1,1,271,l_1745643396.128.jpg
1,1,1,1,271,l_1745761528.584.jpg
1,1,1,1,271,l_1745761528.949.jpg
1,1,1,1,271,l_1745761529.233.jpg
1,1,1,1,271,l_1745761530.218.jpg
1,1,1,1,271,l_1745901501.157.jpg
1,1,1,1,271,l_1745901501.332.jpg
1,1,1,1,271,l_1745901502.831.jpg
1,1,1,1,271,l_1745901503.362.jpg
1,1,1,1,271,l_1745901503.561.jpg
1,1,1,1,271,l_1746149056.534.jpg
1,1,1,1,271,l_1746149057.217.jpg
1,1,1,1,271,l_1746149057.624.jpg
1,1,1,1,271,l_1746149058.457.jpg
1,1,1,1,271,l_1746149058.484.jpg
1,1,1,1,271,l_1746149059.870.jpg
1,1,1,1,271,l_1746152881.882.jpg
1,1,1,1,271,l_1746152882.512.jpg
1,1,1,1,271,l_1746152885.206.jpg
1,1,1,1,271,l_1746152885.734.jpg
1,1,1,1,271,l_1746166057.522.jpg
1,1,1,1,271,l_1746166057.661.jpg
1,1,1,1,271,l_1746166058.858.jpg
1,1,1,1,271,l_1746416802.435.jpg
1,1,1,1,271,l_1746416802.451.jpg
1,1,1,1,271,l_1746416803.734.jpg
1,1,1,1,271,l_1746416805.770.jpg
1,1,1,1,271,l_1746669828.349.jpg
1,1,1,1,271,l_1746669828.476.jpg
1,1,1,1,271,l_1746669829.469.jpg
1,1,1,1,271,l_1746680459.440.jpg
1,1,1,1,271,l_1746680460.197.jpg
1,1,1,1,271,l_1746680460.649.jpg
1,1,1,1,271,l_1746680461.288.jpg
1,1,1,1,274,l_1746763319.889.jpg
1,1,1,1,274,l_1680858892.293.jpg
1,1,1,1,274,l_1680858892.332.jpg
1,1,1,1,274,l_1680858892.755.jpg
1,1,1,1,274,l_1680858893.167.jpg
1,1,1,1,274,l_1680858893.734.jpg
1,1,1,1,274,l_1736515848.262.jpg
1,1,1,1,274,l_1736515850.420.jpg
1,1,1,1,274,l_1736515851.219.jpg
1,1,1,1,274,l_1736515852.440.jpg
1,1,1,1,274,l_1741591840.334.jpg
1,1,1,1,274,l_1741591840.829.jpg
1,1,1,1,274,l_1741591841.150.jpg
1,1,1,1,274,l_1741591841.831.jpg
1,1,1,1,274,l_1741591842.887.jpg
1,1,1,1,274,l_1741592953.920.jpg
1,1,1,1,274,l_1741592954.878.jpg
1,1,1,1,274,l_1741592955.543.jpg
1,1,1,1,274,l_1741592958.136.jpg
1,1,1,1,274,l_1742285443.920.jpg
1,1,1,1,274,l_1742285444.676.jpg
1,1,1,1,274,l_1742285444.911.jpg
1,1,1,1,274,l_1742285445.862.jpg
1,1,1,1,274,l_1742285446.482.jpg
1,1,1,1,274,l_1742285447.577.jpg
1,1,1,1,274,l_1742393207.382.jpg
1,1,1,1,274,l_1742393208.484.jpg
1,1,1,1,274,l_1742393208.623.jpg
1,1,1,1,274,l_1742393209.544.jpg
1,1,1,1,274,l_1742393210.898.jpg
1,1,1,1,274,l_1742393211.152.jpg
1,1,1,1,274,l_1742393211.688.jpg
1,1,1,1,274,l_1743737045.172.jpg
1,1,1,1,274,l_1743737048.663.jpg
1,1,1,1,274,l_1743737050.916.jpg
1,1,1,1,274,l_1743737061.142.jpg
1,1,1,1,274,l_1743737064.479.jpg
1,1,1,1,274,l_1744619091.855.jpg
1,1,1,1,274,l_1744619092.369.jpg
1,1,1,1,274,l_1744619092.407.jpg
1,1,1,1,274,l_1744885574.140.jpg
1,1,1,1,274,l_1744885575.240.jpg
1,1,1,1,274,l_1744885575.804.jpg
1,1,1,1,274,l_1744885576.659.jpg
1,1,1,1,274,l_1744885576.769.jpg
1,1,1,1,274,l_1744885577.943.jpg
1,1,1,1,274,l_1744950285.819.jpg
1,1,1,1,274,l_1744950285.883.jpg
1,1,1,1,274,l_1744950286.322.jpg
1,1,1,1,274,l_1744950286.844.jpg
1,1,1,1,274,l_1744950287.959.jpg
1,1,1,1,274,l_1744950288.846.jpg
1,1,1,1,274,l_1745288265.371.jpg
1,1,1,1,274,l_1745288266.786.jpg
1,1,1,1,274,l_1745288266.823.jpg
1,1,1,1,274,l_1745288267.597.jpg
1,1,1,1,274,l_1746426715.723.jpg
1,1,1,1,274,l_1746426716.990.jpg
1,1,1,1,274,l_1746426718.955.jpg
1,1,1,1,274,l_1746426719.130.jpg
1,1,1,1,274,l_1746426721.120.jpg
1,1,1,1,274,l_1746501170.110.jpg
1,1,1,1,274,l_1746501170.193.jpg
1,1,1,1,274,l_1746501175.667.jpg
1,1,1,1,274,l_1746763315.668.jpg
1,1,1,1,274,l_1746763317.797.jpg
1,1,1,1,274,l_1746763317.899.jpg
1,1,1,1,274,l_1746763318.165.jpg
1,1,1,1,202,l_1694661410.238.jpg
1,1,1,1,202,l_1694661411.195.jpg
1,1,1,1,202,l_1694661413.628.jpg
1,1,1,1,202,l_1694661686.565.jpg
1,1,1,1,202,l_1694661689.993.jpg
1,1,1,1,202,l_1718092161.101.jpg
1,1,1,1,202,l_1718092162.239.jpg
1,1,1,1,202,l_1718092165.869.jpg
1,1,1,1,202,l_1719560404.583.jpg
1,1,1,1,202,l_1721193197.144.jpg
1,1,1,1,202,l_1721193198.782.jpg
1,1,1,1,202,l_1721193198.894.jpg
1,1,1,1,202,l_1721193199.583.jpg
1,1,1,1,202,l_1723279530.828.jpg
1,1,1,1,202,l_1723279530.896.jpg
1,1,1,1,202,l_1723279531.154.jpg
1,1,1,1,202,l_1723279535.421.jpg
1,1,1,1,202,l_1723279824.297.jpg
1,1,1,1,202,l_1723279824.866.jpg
1,1,1,1,202,l_1723626312.920.jpg
1,1,1,1,202,l_1723626313.221.jpg
1,1,1,1,202,l_1723626386.635.jpg
1,1,1,1,202,l_1725871296.820.jpg
1,1,1,1,202,l_1725871300.853.jpg
1,1,1,1,202,l_1725871301.443.jpg
1,1,1,1,202,l_1725871301.696.jpg
1,1,1,1,202,l_1725871304.637.jpg
1,1,1,1,202,l_1725871757.754.jpg
1,1,1,1,202,l_1725871769.498.jpg
1,1,1,1,202,l_1725871770.855.jpg
1,1,1,1,202,l_1725939982.809.jpg
1,1,1,1,202,l_1725939984.570.jpg
1,1,1,1,202,l_1725939988.345.jpg
1,1,1,1,202,l_1728552447.663.jpg
1,1,1,1,202,l_1730791597.137.jpg
1,1,1,1,202,l_1730791598.676.jpg
1,1,1,1,202,l_1730791599.980.jpg
1,1,1,1,202,l_1732072220.241.jpg
1,1,1,1,202,l_1732072222.473.jpg
1,1,1,1,202,l_1732080210.690.jpg
1,1,1,1,202,l_1732080211.879.jpg
1,1,1,1,202,l_1732081968.500.jpg
1,1,1,1,202,l_1732081971.578.jpg
1,1,1,1,202,l_1732081973.539.jpg
1,1,1,1,202,l_1732081976.438.jpg
1,1,1,1,202,l_1732081979.695.jpg
1,1,1,1,202,l_1732081983.522.jpg
1,1,1,1,202,l_1734602028.189.jpg
1,1,1,1,202,l_1734602029.573.jpg
1,1,1,1,202,l_1734602030.150.jpg
1,1,1,1,202,l_1734602030.155.jpg
1,1,1,1,202,l_1734602032.138.jpg
1,1,1,1,202,l_1735885781.512.jpg
1,1,1,1,202,l_1735885784.667.jpg
1,1,1,1,202,l_1735885786.592.jpg
1,1,1,1,202,l_1735885788.538.jpg
1,1,1,1,202,l_1735885790.344.jpg
1,1,1,1,202,l_1736299686.833.jpg
1,1,1,1,202,l_1736299688.500.jpg
1,1,1,1,202,l_1736299690.959.jpg
1,1,1,1,202,l_1745216561.940.jpg
1,1,1,1,202,l_1745216562.758.jpg
1,1,1,1,202,l_1745216563.139.jpg
1,1,1,1,202,l_1745216564.743.jpg
1,1,1,1,202,l_1745216565.688.jpg
1,1,1,1,202,l_1745216565.768.jpg
1,1,1,1,202,l_1678420574.285.jpg
1,1,1,1,202,l_1678420577.633.jpg
1,1,1,1,202,l_1678420578.194.jpg
1,1,1,1,202,l_1678420578.545.jpg
1,1,1,1,202,l_1678420579.427.jpg
1,1,1,1,202,l_1694493279.467.jpg
1,1,1,1,202,l_1694493280.877.jpg
1,1,1,1,202,l_1694493281.655.jpg
1,1,1,1,202,l_1694493431.478.jpg
1,1,1,1,202,l_1694493432.128.jpg
1,1,1,1,202,l_1694493432.807.jpg
1,1,1,1,202,l_1694493433.973.jpg
1,1,1,1,202,l_1727428445.919.jpg
1,1,1,1,202,l_1727428447.813.jpg
1,1,1,1,202,l_1727428454.191.jpg
1,1,1,1,202,l_1727428455.715.jpg
1,1,1,1,202,l_1727430230.195.jpg
1,1,1,1,203,l_1747018997.639.jpg
1,1,1,1,203,l_1694658335.203.jpg
1,1,1,1,203,l_1694658335.328.jpg
1,1,1,1,203,l_1694658335.465.jpg
1,1,1,1,203,l_1694658336.723.jpg
1,1,1,1,203,l_1694658998.620.jpg
1,1,1,1,203,l_1694658998.859.jpg
1,1,1,1,203,l_1694658999.771.jpg
1,1,1,1,203,l_1694658999.898.jpg
1,1,1,1,203,l_1725855112.614.jpg
1,1,1,1,203,l_1725855113.460.jpg
1,1,1,1,203,l_1725855116.495.jpg
1,1,1,1,203,l_1725855118.241.jpg
1,1,1,1,203,l_1732068072.332.jpg
1,1,1,1,203,l_1732068073.359.jpg
1,1,1,1,203,l_1732068073.956.jpg
1,1,1,1,203,l_1732068074.698.jpg
1,1,1,1,203,l_1732068079.181.jpg
1,1,1,1,203,l_1732068079.744.jpg
1,1,1,1,203,l_1732081250.178.jpg
1,1,1,1,203,l_1732081250.792.jpg
1,1,1,1,203,l_1732081252.654.jpg
1,1,1,1,203,l_1732081253.441.jpg
1,1,1,1,203,l_1734574221.725.jpg
1,1,1,1,203,l_1734574221.758.jpg
1,1,1,1,203,l_1734574222.421.jpg
1,1,1,1,203,l_1734916910.821.jpg
1,1,1,1,203,l_1734916910.925.jpg
1,1,1,1,203,l_1734916912.659.jpg
1,1,1,1,203,l_1734916938.599.jpg
1,1,1,1,203,l_1735880323.479.jpg
1,1,1,1,203,l_1735880323.709.jpg
1,1,1,1,203,l_1735880324.229.jpg
1,1,1,1,203,l_1735880324.449.jpg
1,1,1,1,203,l_1735880325.794.jpg
1,1,1,1,203,l_1735880326.540.jpg
1,1,1,1,203,l_1735880326.814.jpg
1,1,1,1,203,l_1735880327.253.jpg
1,1,1,1,203,l_1736849419.610.jpg
1,1,1,1,203,l_1736849419.750.jpg
1,1,1,1,203,l_1736849420.267.jpg
1,1,1,1,203,l_1736849421.226.jpg
1,1,1,1,203,l_1736849421.865.jpg
1,1,1,1,203,l_1740979761.633.jpg
1,1,1,1,203,l_1740979761.804.jpg
1,1,1,1,203,l_1740979762.500.jpg
1,1,1,1,203,l_1740979763.653.jpg
1,1,1,1,203,l_1741175019.631.jpg
1,1,1,1,203,l_1741274442.689.jpg
1,1,1,1,203,l_1741274443.244.jpg
1,1,1,1,203,l_1741274443.245.jpg
1,1,1,1,203,l_1741274444.942.jpg
1,1,1,1,203,l_1744639313.500.jpg
1,1,1,1,203,l_1744639314.690.jpg
1,1,1,1,203,l_1744639314.915.jpg
1,1,1,1,203,l_1744639315.178.jpg
1,1,1,1,203,l_1744639316.832.jpg
1,1,1,1,203,l_1744690104.118.jpg
1,1,1,1,203,l_1744690104.836.jpg
1,1,1,1,203,l_1744690105.213.jpg
1,1,1,1,203,l_1744690106.858.jpg
1,1,1,1,203,l_1744690127.393.jpg
1,1,1,1,203,l_1744690127.413.jpg
1,1,1,1,203,l_1744971671.494.jpg
1,1,1,1,203,l_1744971672.896.jpg
1,1,1,1,203,l_1744971673.638.jpg
1,1,1,1,203,l_1744971674.531.jpg
1,1,1,1,203,l_1744971675.875.jpg
1,1,1,1,203,l_1744971677.382.jpg
1,1,1,1,203,l_1746428017.911.jpg
1,1,1,1,203,l_1746428018.175.jpg
1,1,1,1,203,l_1746428018.667.jpg
1,1,1,1,203,l_1746428019.902.jpg
1,1,1,1,203,l_1746428020.889.jpg
1,1,1,1,203,l_1746760856.256.jpg
1,1,1,1,203,l_1746765579.246.jpg
1,1,1,1,203,l_1746765579.502.jpg
1,1,1,1,203,l_1746765580.379.jpg
1,1,1,1,203,l_1747018995.161.jpg
1,1,1,1,203,l_1747018996.411.jpg
1,1,1,1,203,l_1747018997.525.jpg
1,1,1,1,204,l_1747017246.721.jpg
1,1,1,1,204,l_1678422405.412.jpg
1,1,1,1,204,l_1678422405.746.jpg
1,1,1,1,204,l_1678422405.937.jpg
1,1,1,1,204,l_1678422406.589.jpg
1,1,1,1,204,l_1678422407.499.jpg
1,1,1,1,204,l_1694661906.195.jpg
1,1,1,1,204,l_1694661906.391.jpg
1,1,1,1,204,l_1694661906.629.jpg
1,1,1,1,204,l_1730886299.828.jpg
1,1,1,1,204,l_1730886300.320.jpg
1,1,1,1,204,l_1730886301.957.jpg
1,1,1,1,204,l_1730886302.336.jpg
1,1,1,1,204,l_1739700855.626.jpg
1,1,1,1,204,l_1739700855.922.jpg
1,1,1,1,204,l_1739700856.809.jpg
1,1,1,1,204,l_1739700857.202.jpg
1,1,1,1,204,l_1739700858.102.jpg
1,1,1,1,204,l_1740986302.121.jpg
1,1,1,1,204,l_1740986303.757.jpg
1,1,1,1,204,l_1740986303.920.jpg
1,1,1,1,204,l_1740986304.459.jpg
1,1,1,1,204,l_1741345742.639.jpg
1,1,1,1,204,l_1741345748.845.jpg
1,1,1,1,204,l_1741345754.508.jpg
1,1,1,1,204,l_1741345760.668.jpg
1,1,1,1,204,l_1741345766.700.jpg
1,1,1,1,204,l_1741450608.392.jpg
1,1,1,1,204,l_1741450609.852.jpg
1,1,1,1,204,l_1741450625.221.jpg
1,1,1,1,204,l_1741450628.514.jpg
1,1,1,1,204,l_1742179733.310.jpg
1,1,1,1,204,l_1742179734.605.jpg
1,1,1,1,204,l_1742179736.632.jpg
1,1,1,1,204,l_1742179737.513.jpg
1,1,1,1,204,l_1742353378.603.jpg
1,1,1,1,204,l_1742353380.592.jpg
1,1,1,1,204,l_1742353382.467.jpg
1,1,1,1,204,l_1742353384.352.jpg
1,1,1,1,204,l_1742526205.168.jpg
1,1,1,1,204,l_1742526206.867.jpg
1,1,1,1,204,l_1742526212.732.jpg
1,1,1,1,204,l_1742526213.714.jpg
1,1,1,1,204,l_1742526214.198.jpg
1,1,1,1,204,l_1742526215.655.jpg
1,1,1,1,204,l_1744195065.320.jpg
1,1,1,1,204,l_1744195066.141.jpg
1,1,1,1,204,l_1744195066.394.jpg
1,1,1,1,204,l_1744195067.459.jpg
1,1,1,1,204,l_1744207950.289.jpg
1,1,1,1,204,l_1744207951.718.jpg
1,1,1,1,204,l_1744207952.152.jpg
1,1,1,1,204,l_1744207952.295.jpg
1,1,1,1,204,l_1744207953.976.jpg
1,1,1,1,204,l_1744458597.139.jpg
1,1,1,1,204,l_1744458597.957.jpg
1,1,1,1,204,l_1744458598.719.jpg
1,1,1,1,204,l_1744458598.989.jpg
1,1,1,1,204,l_1744942886.413.jpg
1,1,1,1,204,l_1744942886.552.jpg
1,1,1,1,204,l_1744942887.773.jpg
1,1,1,1,204,l_1744942887.920.jpg
1,1,1,1,204,l_1744944198.260.jpg
1,1,1,1,204,l_1744944198.979.jpg
1,1,1,1,204,l_1744944199.247.jpg
1,1,1,1,204,l_1744944200.548.jpg
1,1,1,1,204,l_1744944200.760.jpg
1,1,1,1,204,l_1745319454.456.jpg
1,1,1,1,204,l_1745319455.726.jpg
1,1,1,1,204,l_1745319458.148.jpg
1,1,1,1,204,l_1745319460.191.jpg
1,1,1,1,204,l_1745319461.570.jpg
1,1,1,1,204,l_1745319462.382.jpg
1,1,1,1,204,l_1746443213.243.jpg
1,1,1,1,204,l_1746443215.124.jpg
1,1,1,1,204,l_1746443216.309.jpg
1,1,1,1,204,l_1746443218.249.jpg
1,1,1,1,204,l_1746443222.507.jpg
1,1,1,1,204,l_1746443224.258.jpg
1,1,1,1,204,l_1746443226.194.jpg
1,1,1,1,204,l_1746443227.111.jpg
1,1,1,1,204,l_1746443228.458.jpg
1,1,1,1,204,l_1746461565.402.jpg
1,1,1,1,204,l_1746461565.460.jpg
1,1,1,1,204,l_1746461565.468.jpg
1,1,1,1,204,l_1746461566.416.jpg
1,1,1,1,204,l_1746892491.233.jpg
1,1,1,1,204,l_1746892491.254.jpg
1,1,1,1,204,l_1746892492.283.jpg
1,1,1,1,204,l_1746892493.427.jpg
1,1,1,1,204,l_1746892493.722.jpg
1,1,1,1,204,l_1747017241.466.jpg
1,1,1,1,204,l_1747017241.731.jpg
1,1,1,1,204,l_1747017242.141.jpg
1,1,1,1,204,l_1747017244.805.jpg
1,1,1,1,205,l_1747019716.992.jpg
1,1,1,1,205,l_1694659575.648.jpg
1,1,1,1,205,l_1694659576.487.jpg
1,1,1,1,205,l_1732083740.453.jpg
1,1,1,1,205,l_1732083741.967.jpg
1,1,1,1,205,l_1734598344.276.jpg
1,1,1,1,205,l_1734598345.548.jpg
1,1,1,1,205,l_1734598347.784.jpg
1,1,1,1,205,l_1734598349.239.jpg
1,1,1,1,205,l_1734598351.199.jpg
1,1,1,1,205,l_1739267395.337.jpg
1,1,1,1,205,l_1739267395.592.jpg
1,1,1,1,205,l_1739267396.408.jpg
1,1,1,1,205,l_1739267397.175.jpg
1,1,1,1,205,l_1739267397.792.jpg
1,1,1,1,205,l_1739267400.127.jpg
1,1,1,1,205,l_1739501273.306.jpg
1,1,1,1,205,l_1739501277.215.jpg
1,1,1,1,205,l_1739501291.471.jpg
1,1,1,1,205,l_1739676508.869.jpg
1,1,1,1,205,l_1739676509.375.jpg
1,1,1,1,205,l_1739676509.504.jpg
1,1,1,1,205,l_1739676510.753.jpg
1,1,1,1,205,l_1739676511.916.jpg
1,1,1,1,205,l_1739676512.408.jpg
1,1,1,1,205,l_1739676513.739.jpg
1,1,1,1,205,l_1740370951.792.jpg
1,1,1,1,205,l_1740984049.585.jpg
1,1,1,1,205,l_1740984050.538.jpg
1,1,1,1,205,l_1740984050.724.jpg
1,1,1,1,205,l_1740984051.284.jpg
1,1,1,1,205,l_1741080196.606.jpg
1,1,1,1,205,l_1741080197.595.jpg
1,1,1,1,205,l_1741080197.645.jpg
1,1,1,1,205,l_1741080198.675.jpg
1,1,1,1,205,l_1741592525.681.jpg
1,1,1,1,205,l_1741592530.579.jpg
1,1,1,1,205,l_1741592532.877.jpg
1,1,1,1,205,l_1741664012.498.jpg
1,1,1,1,205,l_1741664020.600.jpg
1,1,1,1,205,l_1741664029.346.jpg
1,1,1,1,205,l_1741664055.108.jpg
1,1,1,1,205,l_1743040831.569.jpg
1,1,1,1,205,l_1743040832.553.jpg
1,1,1,1,205,l_1743040832.994.jpg
1,1,1,1,205,l_1743040833.186.jpg
1,1,1,1,205,l_1743040833.289.jpg
1,1,1,1,205,l_1743040833.404.jpg
1,1,1,1,205,l_1732083742.570.jpg
1,1,1,1,205,l_1744856412.945.jpg
1,1,1,1,205,l_1744856413.428.jpg
1,1,1,1,205,l_1744856413.617.jpg
1,1,1,1,205,l_1744856414.809.jpg
1,1,1,1,205,l_1744856415.243.jpg
1,1,1,1,205,l_1745223553.877.jpg
1,1,1,1,205,l_1745223555.948.jpg
1,1,1,1,205,l_1745223567.922.jpg
1,1,1,1,205,l_1745223570.566.jpg
1,1,1,1,205,l_1745478882.730.jpg
1,1,1,1,205,l_1745478884.266.jpg
1,1,1,1,205,l_1745478885.829.jpg
1,1,1,1,205,l_1745478886.546.jpg
1,1,1,1,205,l_1745478887.318.jpg
1,1,1,1,205,l_1746354442.350.jpg
1,1,1,1,205,l_1746354442.366.jpg
1,1,1,1,205,l_1746354443.598.jpg
1,1,1,1,205,l_1746354444.317.jpg
1,1,1,1,205,l_1746354444.852.jpg
1,1,1,1,205,l_1747019694.954.jpg
1,1,1,1,205,l_1747019699.443.jpg
1,1,1,1,205,l_1747019706.679.jpg
1,1,1,1,205,l_1747019711.623.jpg
1,1,1,1,206,l_1746789686.620.jpg
1,1,1,1,206,l_1746789688.515.jpg
1,1,1,1,206,l_1678422407.866.jpg
1,1,1,1,206,l_1694661075.538.jpg
1,1,1,1,206,l_1694661079.841.jpg
1,1,1,1,206,l_1694661151.294.jpg
1,1,1,1,206,l_1694661151.899.jpg
1,1,1,1,206,l_1694661225.326.jpg
1,1,1,1,206,l_1694661226.541.jpg
1,1,1,1,206,l_1694661226.984.jpg
1,1,1,1,206,l_1694661231.377.jpg
1,1,1,1,206,l_1694661232.974.jpg
1,1,1,1,206,l_1700706896.711.jpg
1,1,1,1,206,l_1700706897.435.jpg
1,1,1,1,206,l_1700706897.728.jpg
1,1,1,1,206,l_1700706899.169.jpg
1,1,1,1,206,l_1700706900.621.jpg
1,1,1,1,206,l_1718090113.834.jpg
1,1,1,1,206,l_1718090115.282.jpg
1,1,1,1,206,l_1718090115.348.jpg
1,1,1,1,206,l_1718090116.671.jpg
1,1,1,1,206,l_1723625674.591.jpg
1,1,1,1,206,l_1723625674.650.jpg
1,1,1,1,206,l_1723625675.502.jpg
1,1,1,1,206,l_1723625676.658.jpg
1,1,1,1,206,l_1723625676.790.jpg
1,1,1,1,206,l_1727431189.349.jpg
1,1,1,1,206,l_1727431190.744.jpg
1,1,1,1,206,l_1727431191.953.jpg
1,1,1,1,206,l_1727431192.525.jpg
1,1,1,1,206,l_1728034221.111.jpg
1,1,1,1,206,l_1728034222.472.jpg
1,1,1,1,206,l_1728034223.335.jpg
1,1,1,1,206,l_1728552801.540.jpg
1,1,1,1,206,l_1728552802.203.jpg
1,1,1,1,206,l_1728552802.944.jpg
1,1,1,1,206,l_1728552803.383.jpg
1,1,1,1,206,l_1730171433.865.jpg
1,1,1,1,206,l_1730171434.673.jpg
1,1,1,1,206,l_1730171434.795.jpg
1,1,1,1,206,l_1730171438.627.jpg
1,1,1,1,206,l_1730171438.721.jpg
1,1,1,1,206,l_1730443446.306.jpg
1,1,1,1,206,l_1730443447.127.jpg
1,1,1,1,206,l_1730443447.943.jpg
1,1,1,1,206,l_1730443448.611.jpg
1,1,1,1,206,l_1730443448.943.jpg
1,1,1,1,206,l_1731316053.159.jpg
1,1,1,1,206,l_1731316054.534.jpg
1,1,1,1,206,l_1731316054.693.jpg
1,1,1,1,206,l_1740368544.750.jpg
1,1,1,1,206,l_1740368546.514.jpg
1,1,1,1,206,l_1740368553.199.jpg
1,1,1,1,206,l_1740368553.784.jpg
1,1,1,1,206,l_1740536586.609.jpg
1,1,1,1,206,l_1740536588.339.jpg
1,1,1,1,206,l_1740536588.823.jpg
1,1,1,1,206,l_1740536589.722.jpg
1,1,1,1,206,l_1740536590.476.jpg
1,1,1,1,206,l_1740536591.870.jpg
1,1,1,1,206,l_1741074828.120.jpg
1,1,1,1,206,l_1741074830.572.jpg
1,1,1,1,206,l_1741074831.174.jpg
1,1,1,1,206,l_1743395493.944.jpg
1,1,1,1,206,l_1743395494.490.jpg
1,1,1,1,206,l_1743395494.497.jpg
1,1,1,1,206,l_1743395496.942.jpg
1,1,1,1,206,l_1743395497.814.jpg
1,1,1,1,206,l_1746667106.167.jpg
1,1,1,1,206,l_1746667108.251.jpg
1,1,1,1,206,l_1746667109.370.jpg
1,1,1,1,206,l_1746667109.747.jpg
1,1,1,1,206,l_1746667109.820.jpg
1,1,1,1,206,l_1746416857.478.jpg
1,1,1,1,206,l_1746416853.439.jpg
1,1,1,1,206,l_1746416854.554.jpg
1,1,1,1,206,l_1746416854.894.jpg
1,1,1,1,206,l_1746416855.936.jpg
1,1,1,1,206,l_1746416856.365.jpg
1,1,1,1,206,l_1746416856.868.jpg
1,1,1,1,207,l_1741060279.738.jpg
1,1,1,1,207,l_1741060276.287.jpg
1,1,1,1,207,l_1741060277.397.jpg
1,1,1,1,207,l_1741060277.829.jpg
1,1,1,1,207,l_1741060278.781.jpg
1,1,1,1,207,l_1678423396.703.jpg
1,1,1,1,207,l_1678423396.803.jpg
1,1,1,1,207,l_1678423397.222.jpg
1,1,1,1,207,l_1678423397.305.jpg
1,1,1,1,207,l_1678423398.943.jpg
1,1,1,1,207,l_1678423399.245.jpg
1,1,1,1,207,l_1678423399.968.jpg
1,1,1,1,207,l_1722215276.599.jpg
1,1,1,1,207,l_1722215278.132.jpg
1,1,1,1,207,l_1722215279.186.jpg
1,1,1,1,207,l_1722215281.468.jpg
1,1,1,1,207,l_1722215282.834.jpg
1,1,1,1,207,l_1728553241.294.jpg
1,1,1,1,207,l_1728553241.935.jpg
1,1,1,1,207,l_1728553242.372.jpg
1,1,1,1,207,l_1728553242.506.jpg
1,1,1,1,207,l_1728553244.545.jpg
1,1,1,1,207,l_1728553244.861.jpg
1,1,1,1,207,l_1728553245.157.jpg
1,1,1,1,207,l_1733803748.472.jpg
1,1,1,1,207,l_1733803750.485.jpg
1,1,1,1,207,l_1733803751.172.jpg
1,1,1,1,207,l_1733803751.568.jpg
1,1,1,1,207,l_1733803752.526.jpg
1,1,1,1,207,l_1735448221.780.jpg
1,1,1,1,207,l_1735448222.738.jpg
1,1,1,1,207,l_1735448224.624.jpg
1,1,1,1,207,l_1735448224.952.jpg
1,1,1,1,207,l_1735448225.620.jpg
1,1,1,1,207,l_1736271167.982.jpg
1,1,1,1,207,l_1736271168.137.jpg
1,1,1,1,207,l_1736271168.955.jpg
1,1,1,1,207,l_1736271169.893.jpg
1,1,1,1,207,l_1736271169.932.jpg
1,1,1,1,207,l_1740743315.923.jpg
1,1,1,1,207,l_1740743316.731.jpg
1,1,1,1,207,l_1740743316.974.jpg
1,1,1,1,207,l_1740743317.136.jpg
1,1,1,1,207,l_1740743318.403.jpg
1,1,1,1,207,l_1740811220.260.jpg
1,1,1,1,207,l_1740811220.956.jpg
1,1,1,1,207,l_1740811221.948.jpg
1,1,1,1,207,l_1740811222.309.jpg
1,1,1,1,207,l_1740811222.364.jpg
1,1,1,1,207,l_1740827303.431.jpg
1,1,1,1,207,l_1740827303.638.jpg
1,1,1,1,207,l_1740827304.160.jpg
1,1,1,1,207,l_1740827305.134.jpg
1,1,1,1,207,l_1740827305.554.jpg
1,1,1,1,207,l_1740827306.198.jpg
1,1,1,1,207,l_1741074890.544.jpg
1,1,1,1,207,l_1741074892.785.jpg
1,1,1,1,207,l_1741074894.970.jpg
1,1,1,1,207,l_1741074896.249.jpg
1,1,1,1,207,l_1741074898.293.jpg
1,1,1,1,207,l_1741074900.562.jpg
1,1,1,1,207,l_1741781473.850.jpg
1,1,1,1,207,l_1741781474.180.jpg
1,1,1,1,207,l_1741781475.591.jpg
1,1,1,1,207,l_1741781476.977.jpg
1,1,1,1,207,l_1741783570.477.jpg
1,1,1,1,207,l_1741783571.647.jpg
1,1,1,1,207,l_1741783571.706.jpg
1,1,1,1,207,l_1741783572.800.jpg
1,1,1,1,207,l_1744243627.563.jpg
1,1,1,1,207,l_1744243628.304.jpg
1,1,1,1,207,l_1744243628.645.jpg
1,1,1,1,207,l_1744243629.498.jpg
1,1,1,1,207,l_1744243630.115.jpg
1,1,1,1,207,l_1744243630.208.jpg
1,1,1,1,207,l_1744243630.314.jpg
1,1,1,1,207,l_1744243631.374.jpg
1,1,1,1,207,l_1744707579.880.jpg
1,1,1,1,207,l_1744707581.745.jpg
1,1,1,1,207,l_1744707582.391.jpg
1,1,1,1,207,l_1744707583.993.jpg
1,1,1,1,207,l_1744707584.636.jpg
1,1,1,1,207,l_1744707585.745.jpg
1,1,1,1,207,l_1746636865.932.jpg
1,1,1,1,207,l_1746636868.792.jpg
1,1,1,1,207,l_1746636872.553.jpg
1,1,1,1,207,l_1746636875.875.jpg
1,1,1,1,207,l_1746636895.343.jpg
1,1,1,1,207,l_1746976549.197.jpg
1,1,1,1,207,l_1746976549.676.jpg
1,1,1,1,207,l_1746976550.161.jpg
1,1,1,1,207,l_1746976550.795.jpg
1,1,1,1,207,l_1746976564.419.jpg
1,1,1,1,207,l_1746977685.933.jpg
1,1,1,1,207,l_1746977686.681.jpg
1,1,1,1,207,l_1746977686.943.jpg
1,1,1,1,207,l_1746977687.383.jpg
1,1,1,1,207,l_1746977947.176.jpg
1,1,1,1,208,l_1747020653.385.jpg
1,1,1,1,208,l_1723771512.798.jpg
1,1,1,1,208,l_1723771537.217.jpg
1,1,1,1,208,l_1723771538.865.jpg
1,1,1,1,208,l_1727431308.882.jpg
1,1,1,1,208,l_1727431309.140.jpg
1,1,1,1,208,l_1727431316.244.jpg
1,1,1,1,208,l_1727431386.853.jpg
1,1,1,1,208,l_1727431387.312.jpg
1,1,1,1,208,l_1727431387.852.jpg
1,1,1,1,208,l_1727431390.288.jpg
1,1,1,1,208,l_1727431393.628.jpg
1,1,1,1,208,l_1727431395.507.jpg
1,1,1,1,208,l_1728031461.137.jpg
1,1,1,1,208,l_1728031461.332.jpg
1,1,1,1,208,l_1728031462.731.jpg
1,1,1,1,208,l_1728031463.248.jpg
1,1,1,1,208,l_1728031464.496.jpg
1,1,1,1,208,l_1728031465.891.jpg
1,1,1,1,208,l_1728031465.987.jpg
1,1,1,1,208,l_1733716185.994.jpg
1,1,1,1,208,l_1733716186.911.jpg
1,1,1,1,208,l_1737022181.783.jpg
1,1,1,1,208,l_1737022182.497.jpg
1,1,1,1,208,l_1737022182.642.jpg
1,1,1,1,208,l_1737022185.405.jpg
1,1,1,1,208,l_1739248541.948.jpg
1,1,1,1,208,l_1739255768.974.jpg
1,1,1,1,208,l_1739255770.184.jpg
1,1,1,1,208,l_1739255770.603.jpg
1,1,1,1,208,l_1739255772.362.jpg
1,1,1,1,208,l_1739255773.504.jpg
1,1,1,1,208,l_1739255775.737.jpg
1,1,1,1,208,l_1739259797.596.jpg
1,1,1,1,208,l_1739259802.619.jpg
1,1,1,1,208,l_1739259804.675.jpg
1,1,1,1,208,l_1739259810.420.jpg
1,1,1,1,208,l_1739259812.541.jpg
1,1,1,1,208,l_1739259814.314.jpg
1,1,1,1,208,l_1739260985.336.jpg
1,1,1,1,208,l_1739260985.672.jpg
1,1,1,1,208,l_1739260986.920.jpg
1,1,1,1,208,l_1739261989.188.jpg
1,1,1,1,208,l_1739261989.580.jpg
1,1,1,1,208,l_1739261990.273.jpg
1,1,1,1,208,l_1739261991.441.jpg
1,1,1,1,208,l_1739261991.597.jpg
1,1,1,1,208,l_1741493628.304.jpg
1,1,1,1,208,l_1741493629.892.jpg
1,1,1,1,208,l_1741493630.411.jpg
1,1,1,1,208,l_1741493631.911.jpg
1,1,1,1,208,l_1741493946.252.jpg
1,1,1,1,208,l_1741493946.421.jpg
1,1,1,1,208,l_1741493947.428.jpg
1,1,1,1,208,l_1741493948.419.jpg
1,1,1,1,208,l_1741493948.935.jpg
1,1,1,1,208,l_1741493949.747.jpg
1,1,1,1,208,l_1743497719.872.jpg
1,1,1,1,208,l_1743497720.592.jpg
1,1,1,1,208,l_1743497721.581.jpg
1,1,1,1,208,l_1743497722.483.jpg
1,1,1,1,208,l_1743497723.258.jpg
1,1,1,1,208,l_1744163143.571.jpg
1,1,1,1,208,l_1744163143.984.jpg
1,1,1,1,208,l_1744388366.117.jpg
1,1,1,1,208,l_1744388367.578.jpg
1,1,1,1,208,l_1744388367.998.jpg
1,1,1,1,208,l_1744388368.431.jpg
1,1,1,1,208,l_1746601315.718.jpg
1,1,1,1,208,l_1746601316.854.jpg
1,1,1,1,208,l_1747020647.326.jpg
1,1,1,1,208,l_1747020648.937.jpg
1,1,1,1,208,l_1747020652.195.jpg
1,1,1,1,209,l_1746514346.572.jpg
1,1,1,1,209,l_1605509371.117.jpg
1,1,1,1,209,l_1605509371.735.jpg
1,1,1,1,209,l_1678094511.596.jpg
1,1,1,1,209,l_1678094511.642.jpg
1,1,1,1,209,l_1678094512.310.jpg
1,1,1,1,209,l_1678094512.527.jpg
1,1,1,1,209,l_1678094513.245.jpg
1,1,1,1,209,l_1678094513.705.jpg
1,1,1,1,209,l_1694660131.878.jpg
1,1,1,1,209,l_1694660131.905.jpg
1,1,1,1,209,l_1694660132.666.jpg
1,1,1,1,209,l_1694660132.755.jpg
1,1,1,1,209,l_1694660133.320.jpg
1,1,1,1,209,l_1698630589.630.jpg
1,1,1,1,209,l_1698630595.273.jpg
1,1,1,1,209,l_1700707377.450.jpg
1,1,1,1,209,l_1700707378.303.jpg
1,1,1,1,209,l_1700707378.643.jpg
1,1,1,1,209,l_1700707379.682.jpg
1,1,1,1,209,l_1700707381.960.jpg
1,1,1,1,209,l_1700707429.382.jpg
1,1,1,1,209,l_1700707430.429.jpg
1,1,1,1,209,l_1721781286.150.jpg
1,1,1,1,209,l_1721781287.268.jpg
1,1,1,1,209,l_1721781287.703.jpg
1,1,1,1,209,l_1721781288.552.jpg
1,1,1,1,209,l_1721781288.881.jpg
1,1,1,1,209,l_1721781291.936.jpg
1,1,1,1,209,l_1733738554.457.jpg
1,1,1,1,209,l_1733738555.119.jpg
1,1,1,1,209,l_1733738555.513.jpg
1,1,1,1,209,l_1733738630.472.jpg
1,1,1,1,209,l_1737444992.383.jpg
1,1,1,1,209,l_1737444993.351.jpg
1,1,1,1,209,l_1737444993.944.jpg
1,1,1,1,209,l_1737445069.991.jpg
1,1,1,1,209,l_1739432903.180.jpg
1,1,1,1,209,l_1739432920.499.jpg
1,1,1,1,209,l_1739432920.537.jpg
1,1,1,1,209,l_1739432935.261.jpg
1,1,1,1,209,l_1739433012.173.jpg
1,1,1,1,209,l_1739880651.449.jpg
1,1,1,1,209,l_1739880651.602.jpg
1,1,1,1,209,l_1742002196.837.jpg
1,1,1,1,209,l_1742002197.823.jpg
1,1,1,1,209,l_1742002198.332.jpg
1,1,1,1,209,l_1742002198.777.jpg
1,1,1,1,209,l_1742002199.157.jpg
1,1,1,1,209,l_1742002200.107.jpg
1,1,1,1,209,l_1743214178.517.jpg
1,1,1,1,209,l_1743214179.794.jpg
1,1,1,1,209,l_1743214180.314.jpg
1,1,1,1,209,l_1744874549.626.jpg
1,1,1,1,209,l_1744874550.814.jpg
1,1,1,1,209,l_1744874551.265.jpg
1,1,1,1,209,l_1744874552.156.jpg
1,1,1,1,209,l_1744874552.976.jpg
1,1,1,1,209,l_1745832537.906.jpg
1,1,1,1,209,l_1745832538.583.jpg
1,1,1,1,209,l_1745832539.581.jpg
1,1,1,1,209,l_1745832539.691.jpg
1,1,1,1,209,l_1745832540.588.jpg
1,1,1,1,209,l_1745899689.132.jpg
1,1,1,1,209,l_1745899689.610.jpg
1,1,1,1,209,l_1745899691.109.jpg
1,1,1,1,209,l_1745899692.236.jpg
1,1,1,1,209,l_1746068470.742.jpg
1,1,1,1,209,l_1746068471.468.jpg
1,1,1,1,209,l_1746068471.901.jpg
1,1,1,1,209,l_1746068472.789.jpg
1,1,1,1,209,l_1746514344.752.jpg
1,1,1,1,209,l_1746514345.137.jpg
1,1,1,1,209,l_1746514345.338.jpg
1,1,1,1,210,l_1745574173.506.jpg
1,1,1,1,210,l_1682673719.463.jpg
1,1,1,1,210,l_1682673720.724.jpg
1,1,1,1,210,l_1682673720.795.jpg
1,1,1,1,210,l_1682673722.407.jpg
1,1,1,1,210,l_1682673723.328.jpg
1,1,1,1,210,l_1682673784.682.jpg
1,1,1,1,210,l_1682673784.794.jpg
1,1,1,1,210,l_1694659733.710.jpg
1,1,1,1,210,l_1694659734.588.jpg
1,1,1,1,210,l_1694659736.114.jpg
1,1,1,1,210,l_1694659856.394.jpg
1,1,1,1,210,l_1694659856.793.jpg
1,1,1,1,210,l_1694659856.913.jpg
1,1,1,1,210,l_1700706456.330.jpg
1,1,1,1,210,l_1700706457.649.jpg
1,1,1,1,210,l_1700706458.263.jpg
1,1,1,1,210,l_1700706460.195.jpg
1,1,1,1,210,l_1700706461.602.jpg
1,1,1,1,210,l_1700706461.687.jpg
1,1,1,1,210,l_1700706462.948.jpg
1,1,1,1,210,l_1700706463.187.jpg
1,1,1,1,210,l_1700706463.599.jpg
1,1,1,1,210,l_1709889088.381.jpg
1,1,1,1,210,l_1709889088.567.jpg
1,1,1,1,210,l_1709889089.164.jpg
1,1,1,1,210,l_1709889089.765.jpg
1,1,1,1,210,l_1709889089.813.jpg
1,1,1,1,210,l_1713855325.200.jpg
1,1,1,1,210,l_1713855325.565.jpg
1,1,1,1,210,l_1713855326.139.jpg
1,1,1,1,210,l_1713855326.243.jpg
1,1,1,1,210,l_1713855327.945.jpg
1,1,1,1,210,l_1713857873.895.jpg
1,1,1,1,210,l_1713858205.496.jpg
1,1,1,1,210,l_1713858224.824.jpg
1,1,1,1,210,l_1713858239.114.jpg
1,1,1,1,210,l_1713863731.282.jpg
1,1,1,1,210,l_1713863732.196.jpg
1,1,1,1,210,l_1713863732.921.jpg
1,1,1,1,210,l_1713863733.416.jpg
1,1,1,1,210,l_1713867937.271.jpg
1,1,1,1,210,l_1713867939.122.jpg
1,1,1,1,210,l_1713867940.594.jpg
1,1,1,1,210,l_1713867941.982.jpg
1,1,1,1,210,l_1713867942.968.jpg
1,1,1,1,210,l_1713867958.563.jpg
1,1,1,1,210,l_1713948353.554.jpg
1,1,1,1,210,l_1723457608.109.jpg
1,1,1,1,210,l_1723457621.453.jpg
1,1,1,1,210,l_1723457624.757.jpg
1,1,1,1,210,l_1723457625.712.jpg
1,1,1,1,210,l_1730896527.566.jpg
1,1,1,1,210,l_1730896527.787.jpg
1,1,1,1,210,l_1730896528.253.jpg
1,1,1,1,210,l_1730896529.607.jpg
1,1,1,1,210,l_1737335836.238.jpg
1,1,1,1,210,l_1737335836.444.jpg
1,1,1,1,210,l_1737335837.592.jpg
1,1,1,1,210,l_1737335838.209.jpg
1,1,1,1,210,l_1737335838.582.jpg
1,1,1,1,210,l_1743161398.358.jpg
1,1,1,1,210,l_1743161398.665.jpg
1,1,1,1,210,l_1743161401.536.jpg
1,1,1,1,210,l_1743214897.707.jpg
1,1,1,1,210,l_1743214898.706.jpg
1,1,1,1,210,l_1743409297.447.jpg
1,1,1,1,210,l_1743409298.175.jpg
1,1,1,1,210,l_1743409299.736.jpg
1,1,1,1,210,l_1744857858.445.jpg
1,1,1,1,210,l_1744857859.800.jpg
1,1,1,1,210,l_1744857860.831.jpg
1,1,1,1,210,l_1744872545.149.jpg
1,1,1,1,210,l_1744872545.634.jpg
1,1,1,1,210,l_1745574171.404.jpg
1,1,1,1,210,l_1745574172.358.jpg
1,1,1,1,210,l_1745574172.787.jpg
1,1,1,1,211,l_1746068473.325.jpg
1,1,1,1,211,l_1694659160.228.jpg
1,1,1,1,211,l_1694659160.363.jpg
1,1,1,1,211,l_1694659160.642.jpg
1,1,1,1,211,l_1694659161.328.jpg
1,1,1,1,211,l_1700705970.445.jpg
1,1,1,1,211,l_1700705971.166.jpg
1,1,1,1,211,l_1700705971.849.jpg
1,1,1,1,211,l_1700705972.812.jpg
1,1,1,1,211,l_1700706623.865.jpg
1,1,1,1,211,l_1700706624.267.jpg
1,1,1,1,211,l_1700706626.410.jpg
1,1,1,1,211,l_1725854490.771.jpg
1,1,1,1,211,l_1725854491.423.jpg
1,1,1,1,211,l_1725854494.868.jpg
1,1,1,1,211,l_1725854495.599.jpg
1,1,1,1,211,l_1728553650.417.jpg
1,1,1,1,211,l_1728553650.830.jpg
1,1,1,1,211,l_1728553653.432.jpg
1,1,1,1,211,l_1728553654.816.jpg
1,1,1,1,211,l_1728553655.694.jpg
1,1,1,1,211,l_1732071257.392.jpg
1,1,1,1,211,l_1732071259.686.jpg
1,1,1,1,211,l_1732071260.224.jpg
1,1,1,1,211,l_1732071332.878.jpg
1,1,1,1,211,l_1732071367.146.jpg
1,1,1,1,211,l_1733727122.209.jpg
1,1,1,1,211,l_1733727125.492.jpg
1,1,1,1,211,l_1733727127.193.jpg
1,1,1,1,211,l_1733727128.539.jpg
1,1,1,1,211,l_1733727212.978.jpg
1,1,1,1,211,l_1739257981.382.jpg
1,1,1,1,211,l_1739257982.629.jpg
1,1,1,1,211,l_1739257983.317.jpg
1,1,1,1,211,l_1739257983.564.jpg
1,1,1,1,211,l_1739257984.637.jpg
1,1,1,1,211,l_1739258060.241.jpg
1,1,1,1,211,l_1741258696.194.jpg
1,1,1,1,211,l_1741258697.748.jpg
1,1,1,1,211,l_1741258699.457.jpg
1,1,1,1,211,l_1741258702.140.jpg
1,1,1,1,211,l_1741258708.892.jpg
1,1,1,1,211,l_1741779293.351.jpg
1,1,1,1,211,l_1741779294.218.jpg
1,1,1,1,211,l_1741779294.555.jpg
1,1,1,1,211,l_1741779295.268.jpg
1,1,1,1,211,l_1741779295.273.jpg
1,1,1,1,211,l_1743671044.838.jpg
1,1,1,1,211,l_1743671045.565.jpg
1,1,1,1,211,l_1743671046.751.jpg
1,1,1,1,211,l_1743671047.830.jpg
1,1,1,1,211,l_1743671048.908.jpg
1,1,1,1,211,l_1743671215.679.jpg
1,1,1,1,211,l_1743671216.838.jpg
1,1,1,1,211,l_1743671217.666.jpg
1,1,1,1,211,l_1743671217.722.jpg
1,1,1,1,211,l_1743671218.275.jpg
1,1,1,1,211,l_1743774745.584.jpg
1,1,1,1,211,l_1743774745.735.jpg
1,1,1,1,211,l_1743774748.499.jpg
1,1,1,1,211,l_1743774751.587.jpg
1,1,1,1,211,l_1743774753.334.jpg
1,1,1,1,211,l_1743774754.620.jpg
1,1,1,1,211,l_1745546503.754.jpg
1,1,1,1,211,l_1745546504.467.jpg
1,1,1,1,211,l_1745546504.829.jpg
1,1,1,1,211,l_1745546505.144.jpg
1,1,1,1,211,l_1745546505.754.jpg
1,1,1,1,211,l_1745546506.183.jpg
1,1,1,1,211,l_1745546507.293.jpg
1,1,1,1,212,l_1746840726.962.jpg
1,1,1,1,212,l_1708574210.525.jpg
1,1,1,1,212,l_1708574212.653.jpg
1,1,1,1,212,l_1708574214.695.jpg
1,1,1,1,212,l_1708574216.101.jpg
1,1,1,1,212,l_1708574209.153.jpg
1,1,1,1,212,l_1708574218.361.jpg
1,1,1,1,212,l_1733211273.419.jpg
1,1,1,1,212,l_1733211274.237.jpg
1,1,1,1,212,l_1733211276.861.jpg
1,1,1,1,212,l_1733211277.596.jpg
1,1,1,1,212,l_1741359285.663.jpg
1,1,1,1,212,l_1741359286.144.jpg
1,1,1,1,212,l_1741359291.826.jpg
1,1,1,1,212,l_1741359292.127.jpg
1,1,1,1,212,l_1741359293.982.jpg
1,1,1,1,212,l_1741359294.360.jpg
1,1,1,1,212,l_1742265358.917.jpg
1,1,1,1,212,l_1742265359.169.jpg
1,1,1,1,212,l_1742265359.695.jpg
1,1,1,1,212,l_1742265360.765.jpg
1,1,1,1,212,l_1742265361.768.jpg
1,1,1,1,212,l_1742265366.831.jpg
1,1,1,1,212,l_1743286263.690.jpg
1,1,1,1,212,l_1743286265.660.jpg
1,1,1,1,212,l_1743286267.699.jpg
1,1,1,1,212,l_1743761098.352.jpg
1,1,1,1,212,l_1743761098.648.jpg
1,1,1,1,212,l_1743761099.559.jpg
1,1,1,1,212,l_1743761099.971.jpg
1,1,1,1,212,l_1744255262.465.jpg
1,1,1,1,212,l_1744255263.655.jpg
1,1,1,1,212,l_1744255269.663.jpg
1,1,1,1,212,l_1744255274.587.jpg
1,1,1,1,212,l_1744255275.587.jpg
1,1,1,1,212,l_1744358051.703.jpg
1,1,1,1,212,l_1744358052.438.jpg
1,1,1,1,212,l_1744358053.292.jpg
1,1,1,1,212,l_1744358055.205.jpg
1,1,1,1,212,l_1744358055.472.jpg
1,1,1,1,212,l_1744358057.623.jpg
1,1,1,1,212,l_1744693590.414.jpg
1,1,1,1,212,l_1744693692.641.jpg
1,1,1,1,212,l_1744693694.800.jpg
1,1,1,1,212,l_1744693695.204.jpg
1,1,1,1,212,l_1744693714.710.jpg
1,1,1,1,212,l_1744878878.728.jpg
1,1,1,1,212,l_1744878880.978.jpg
1,1,1,1,212,l_1744878881.326.jpg
1,1,1,1,212,l_1745386750.409.jpg
1,1,1,1,212,l_1745386751.472.jpg
1,1,1,1,212,l_1745386752.133.jpg
1,1,1,1,212,l_1745640419.510.jpg
1,1,1,1,212,l_1745640420.699.jpg
1,1,1,1,212,l_1745640421.645.jpg
1,1,1,1,212,l_1745640422.622.jpg
1,1,1,1,212,l_1745640426.428.jpg
1,1,1,1,212,l_1745815299.744.jpg
1,1,1,1,212,l_1745815300.820.jpg
1,1,1,1,212,l_1745815302.417.jpg
1,1,1,1,212,l_1745815304.191.jpg
1,1,1,1,212,l_1745815305.192.jpg
1,1,1,1,212,l_1746840699.782.jpg
1,1,1,1,212,l_1746840707.291.jpg
1,1,1,1,213,l_1746843707.158.jpg
1,1,1,1,213,l_1731032863.372.jpg
1,1,1,1,213,l_1731032865.542.jpg
1,1,1,1,213,l_1731032867.321.jpg
1,1,1,1,213,l_1731032869.503.jpg
1,1,1,1,213,l_1735360405.906.jpg
1,1,1,1,213,l_1735360407.264.jpg
1,1,1,1,213,l_1735360407.870.jpg
1,1,1,1,213,l_1735360408.291.jpg
1,1,1,1,213,l_1735360409.534.jpg
1,1,1,1,213,l_1735360410.127.jpg
1,1,1,1,213,l_1735360411.623.jpg
1,1,1,1,213,l_1736915427.745.jpg
1,1,1,1,213,l_1736915428.455.jpg
1,1,1,1,213,l_1736915429.540.jpg
1,1,1,1,213,l_1736915430.941.jpg
1,1,1,1,213,l_1736915431.239.jpg
1,1,1,1,213,l_1743222613.427.jpg
1,1,1,1,213,l_1743222626.460.jpg
1,1,1,1,213,l_1743222637.947.jpg
1,1,1,1,213,l_1743222645.930.jpg
1,1,1,1,213,l_1743643588.498.jpg
1,1,1,1,213,l_1743643588.900.jpg
1,1,1,1,213,l_1743643589.235.jpg
1,1,1,1,213,l_1743643594.457.jpg
1,1,1,1,213,l_1743643594.964.jpg
1,1,1,1,213,l_1743643600.235.jpg
1,1,1,1,213,l_1744095734.636.jpg
1,1,1,1,213,l_1744095742.221.jpg
1,1,1,1,213,l_1744095750.947.jpg
1,1,1,1,213,l_1744095761.205.jpg
1,1,1,1,213,l_1744260453.513.jpg
1,1,1,1,213,l_1744260453.816.jpg
1,1,1,1,213,l_1744260454.504.jpg
1,1,1,1,213,l_1744260454.903.jpg
1,1,1,1,213,l_1744346199.706.jpg
1,1,1,1,213,l_1744346218.248.jpg
1,1,1,1,213,l_1744346235.506.jpg
1,1,1,1,213,l_1744346251.774.jpg
1,1,1,1,213,l_1744630925.733.jpg
1,1,1,1,213,l_1744630926.224.jpg
1,1,1,1,213,l_1744630926.606.jpg
1,1,1,1,213,l_1744630927.127.jpg
1,1,1,1,213,l_1745413174.359.jpg
1,1,1,1,213,l_1745413177.373.jpg
1,1,1,1,213,l_1745413181.805.jpg
1,1,1,1,213,l_1745830481.155.jpg
1,1,1,1,213,l_1745830482.546.jpg
1,1,1,1,213,l_1745830483.101.jpg
1,1,1,1,213,l_1745830483.962.jpg
1,1,1,1,213,l_1745830484.108.jpg
1,1,1,1,213,l_1745830484.968.jpg
1,1,1,1,213,l_1746530936.712.jpg
1,1,1,1,213,l_1746530938.792.jpg
1,1,1,1,213,l_1746530939.390.jpg
1,1,1,1,213,l_1746530939.511.jpg
1,1,1,1,213,l_1746843706.975.jpg
1,1,1,1,214,l_1744129950.714.jpg
1,1,1,1,214,l_1741761073.796.jpg
1,1,1,1,214,l_1741761074.309.jpg
1,1,1,1,214,l_1741761074.364.jpg
1,1,1,1,214,l_1741761075.829.jpg
1,1,1,1,214,l_1744129934.886.jpg
1,1,1,1,214,l_1744129937.439.jpg
1,1,1,1,214,l_1740969251.347.jpg
1,1,1,1,214,l_1740969253.773.jpg
1,1,1,1,214,l_1740969254.236.jpg
1,1,1,1,214,l_1743245179.538.jpg
1,1,1,1,214,l_1743245182.512.jpg
1,1,1,1,214,l_1743245183.944.jpg
1,1,1,1,214,l_1743245184.826.jpg
1,1,1,1,214,l_1743245186.289.jpg
1,1,1,1,214,l_1743742129.461.jpg
1,1,1,1,214,l_1743742130.384.jpg
1,1,1,1,214,l_1743742131.798.jpg
1,1,1,1,214,l_1743742131.803.jpg
1,1,1,1,214,l_1743742135.753.jpg
1,1,1,1,214,l_1743770369.327.jpg
1,1,1,1,214,l_1743770369.789.jpg
1,1,1,1,214,l_1743770370.334.jpg
1,1,1,1,214,l_1743770371.963.jpg
1,1,1,1,214,l_1743770372.672.jpg
1,1,1,1,214,l_1743770373.269.jpg
1,1,1,1,214,l_1743770373.920.jpg
1,1,1,1,214,l_1744196268.938.jpg
1,1,1,1,214,l_1744196269.804.jpg
1,1,1,1,214,l_1744196269.908.jpg
1,1,1,1,214,l_1744196270.681.jpg
1,1,1,1,214,l_1744196271.482.jpg
1,1,1,1,214,l_1744729399.494.jpg
1,1,1,1,214,l_1744729399.748.jpg
1,1,1,1,214,l_1744729400.185.jpg
1,1,1,1,214,l_1744729400.911.jpg
1,1,1,1,214,l_1744729405.903.jpg
1,1,1,1,214,l_1744730018.204.jpg
1,1,1,1,214,l_1744730018.242.jpg
1,1,1,1,214,l_1744730019.358.jpg
1,1,1,1,214,l_1744730019.396.jpg
1,1,1,1,214,l_1744730020.880.jpg
1,1,1,1,214,l_1744818181.216.jpg
1,1,1,1,214,l_1744818182.841.jpg
1,1,1,1,214,l_1744818183.225.jpg
1,1,1,1,214,l_1744818183.799.jpg
1,1,1,1,214,l_1744818184.771.jpg
1,1,1,1,214,l_1744818187.279.jpg
1,1,1,1,214,l_1745036392.331.jpg
1,1,1,1,214,l_1745036392.957.jpg
1,1,1,1,214,l_1745036393.877.jpg
1,1,1,1,214,l_1745036396.764.jpg
1,1,1,1,214,l_1746271219.955.jpg
1,1,1,1,214,l_1746271220.973.jpg
1,1,1,1,214,l_1746271222.652.jpg
1,1,1,1,214,l_1746271224.424.jpg
1,1,1,1,214,l_1746685764.985.jpg
1,1,1,1,214,l_1746685765.451.jpg
1,1,1,1,214,l_1746685769.373.jpg
1,1,1,1,214,l_1746685771.496.jpg
1,1,1,1,214,l_1746703335.226.jpg
1,1,1,1,214,l_1746703335.269.jpg
1,1,1,1,214,l_1746703337.580.jpg
1,1,1,1,214,l_1746703339.199.jpg
1,1,1,1,214,l_1747032685.217.jpg
1,1,1,1,214,l_1747032685.616.jpg
1,1,1,1,214,l_1747032686.588.jpg
1,1,1,1,214,l_1747095873.926.jpg
1,1,1,1,214,l_1747095874.480.jpg
1,1,1,1,214,l_1747274223.820.jpg
1,1,1,1,214,l_1747274224.108.jpg
1,1,1,1,214,l_1747274224.260.jpg
1,1,1,1,214,l_1747310675.623.jpg
1,1,1,1,214,l_1747310676.563.jpg
1,1,1,1,214,l_1747310676.912.jpg
1,1,1,1,214,l_1747310678.973.jpg
1,1,1,1,214,l_1747380029.220.jpg
1,1,1,1,214,l_1747380030.541.jpg
1,1,1,1,214,l_1747380032.816.jpg
1,1,1,1,214,l_1747380033.889.jpg
1,1,1,1,215,l_1747099516.863.jpg
1,1,1,1,215,l_1739744088.977.jpg
1,1,1,1,215,l_1739744092.693.jpg
1,1,1,1,215,l_1739744095.537.jpg
1,1,1,1,215,l_1739744098.151.jpg
1,1,1,1,215,l_1739744102.960.jpg
1,1,1,1,215,l_1739744106.487.jpg
1,1,1,1,215,l_1740044381.157.jpg
1,1,1,1,215,l_1740044382.299.jpg
1,1,1,1,215,l_1740044499.921.jpg
1,1,1,1,215,l_1740044500.123.jpg
1,1,1,1,215,l_1740044501.211.jpg
1,1,1,1,215,l_1740044504.660.jpg
1,1,1,1,215,l_1740044505.205.jpg
1,1,1,1,215,l_1742189695.473.jpg
1,1,1,1,215,l_1742289186.330.jpg
1,1,1,1,215,l_1742289189.221.jpg
1,1,1,1,215,l_1742289191.479.jpg
1,1,1,1,215,l_1742289193.442.jpg
1,1,1,1,215,l_1742289194.191.jpg
1,1,1,1,215,l_1742430852.647.jpg
1,1,1,1,215,l_1742430858.506.jpg
1,1,1,1,215,l_1742430859.395.jpg
1,1,1,1,215,l_1742458820.458.jpg
1,1,1,1,215,l_1742459748.445.jpg
1,1,1,1,215,l_1742459748.529.jpg
1,1,1,1,215,l_1742459749.790.jpg
1,1,1,1,215,l_1743739817.401.jpg
1,1,1,1,215,l_1743739818.690.jpg
1,1,1,1,215,l_1743739818.694.jpg
1,1,1,1,215,l_1743739819.944.jpg
1,1,1,1,215,l_1744108040.598.jpg
1,1,1,1,215,l_1744108040.817.jpg
1,1,1,1,215,l_1744108041.945.jpg
1,1,1,1,215,l_1744108042.411.jpg
1,1,1,1,215,l_1744108042.558.jpg
1,1,1,1,215,l_1745568172.198.jpg
1,1,1,1,215,l_1745568410.407.jpg
1,1,1,1,215,l_1745568412.420.jpg
1,1,1,1,215,l_1745568414.375.jpg
1,1,1,1,215,l_1745568416.548.jpg
1,1,1,1,215,l_1746153982.951.jpg
1,1,1,1,215,l_1746153983.699.jpg
1,1,1,1,215,l_1746153984.303.jpg
1,1,1,1,215,l_1746153985.245.jpg
1,1,1,1,215,l_1746153985.378.jpg
1,1,1,1,215,l_1746846187.760.jpg
1,1,1,1,215,l_1746887394.306.jpg
1,1,1,1,215,l_1746887395.203.jpg
1,1,1,1,215,l_1747018360.jpg
1,1,1,1,215,l_1747099511.852.jpg
1,1,1,1,215,l_1747099513.166.jpg
1,1,1,1,215,l_1747099513.330.jpg
1,1,1,1,216,l_1747117080.558.jpg
1,1,1,1,216,l_1721552158.775.jpg
1,1,1,1,216,l_1721552159.631.jpg
1,1,1,1,216,l_1721552161.383.jpg
1,1,1,1,216,l_1721552164.646.jpg
1,1,1,1,216,l_1734593804.508.jpg
1,1,1,1,216,l_1734593804.819.jpg
1,1,1,1,216,l_1734593805.588.jpg
1,1,1,1,216,l_1734593806.486.jpg
1,1,1,1,216,l_1734593809.360.jpg
1,1,1,1,216,l_1734927968.361.jpg
1,1,1,1,216,l_1734927969.488.jpg
1,1,1,1,216,l_1734927970.743.jpg
1,1,1,1,216,l_1734927971.918.jpg
1,1,1,1,216,l_1736430629.836.jpg
1,1,1,1,216,l_1736430630.447.jpg
1,1,1,1,216,l_1736430630.985.jpg
1,1,1,1,216,l_1736430631.392.jpg
1,1,1,1,216,l_1736430633.314.jpg
1,1,1,1,216,l_1736430633.986.jpg
1,1,1,1,216,l_1737103655.630.jpg
1,1,1,1,216,l_1737103656.405.jpg
1,1,1,1,216,l_1737103656.508.jpg
1,1,1,1,216,l_1737103656.753.jpg
1,1,1,1,216,l_1743131424.585.jpg
1,1,1,1,216,l_1743131425.411.jpg
1,1,1,1,216,l_1743131426.235.jpg
1,1,1,1,216,l_1743131426.457.jpg
1,1,1,1,216,l_1743131427.286.jpg
1,1,1,1,216,l_1743131427.775.jpg
1,1,1,1,216,l_1743131429.109.jpg
1,1,1,1,216,l_1743131429.206.jpg
1,1,1,1,216,l_1743131430.609.jpg
1,1,1,1,216,l_1743739820.867.jpg
1,1,1,1,216,l_1743739821.516.jpg
1,1,1,1,216,l_1743739823.137.jpg
1,1,1,1,216,l_1744108041.536.jpg
1,1,1,1,216,l_1744108043.138.jpg
1,1,1,1,216,l_1744108044.620.jpg
1,1,1,1,216,l_1744108044.875.jpg
1,1,1,1,216,l_1745033014.387.jpg
1,1,1,1,216,l_1745033014.584.jpg
1,1,1,1,216,l_1745033015.224.jpg
1,1,1,1,216,l_1745033015.756.jpg
1,1,1,1,216,l_1745196726.957.jpg
1,1,1,1,216,l_1745196739.760.jpg
1,1,1,1,216,l_1745196739.812.jpg
1,1,1,1,216,l_1745196740.504.jpg
1,1,1,1,216,l_1745196740.670.jpg
1,1,1,1,216,l_1745228069.460.jpg
1,1,1,1,216,l_1745228069.933.jpg
1,1,1,1,216,l_1745228069.937.jpg
1,1,1,1,216,l_1745228070.664.jpg
1,1,1,1,216,l_1745228071.521.jpg
1,1,1,1,216,l_1745554319.244.jpg
1,1,1,1,216,l_1745554337.506.jpg
1,1,1,1,216,l_1745554344.164.jpg
1,1,1,1,216,l_1745554345.344.jpg
1,1,1,1,216,l_1745554345.917.jpg
1,1,1,1,216,l_1745775284.198.jpg
1,1,1,1,216,l_1745775285.639.jpg
1,1,1,1,216,l_1746261081.166.jpg
1,1,1,1,216,l_1746261083.147.jpg
1,1,1,1,216,l_1746261085.364.jpg
1,1,1,1,216,l_1746261088.948.jpg
1,1,1,1,216,l_1746261091.581.jpg
1,1,1,1,216,l_1746261094.357.jpg
1,1,1,1,216,l_1746261100.890.jpg
1,1,1,1,216,l_1746608133.387.jpg
1,1,1,1,216,l_1746608134.121.jpg
1,1,1,1,216,l_1746608135.628.jpg
1,1,1,1,216,l_1746608136.335.jpg
1,1,1,1,216,l_1747023872.812.jpg
1,1,1,1,216,l_1747023873.846.jpg
1,1,1,1,216,l_1747042143.584.jpg
1,1,1,1,216,l_1747042144.230.jpg
1,1,1,1,216,l_1747042148.899.jpg
1,1,1,1,216,l_1747042149.619.jpg
1,1,1,1,216,l_1747103005.932.jpg
1,1,1,1,216,l_1747117078.653.jpg
1,1,1,1,216,l_1747117079.918.jpg
1,1,1,1,217,l_1745888179.928.jpg
1,1,1,1,217,l_1745552540.348.jpg
1,1,1,1,217,l_1745552564.514.jpg
1,1,1,1,217,l_1745552565.863.jpg
1,1,1,1,217,l_1745552565.910.jpg
1,1,1,1,217,l_1745552566.644.jpg
1,1,1,1,217,l_1745552569.236.jpg
1,1,1,1,217,l_1745552646.148.jpg
1,1,1,1,217,l_1745888176.397.jpg
1,1,1,1,217,l_1745888176.881.jpg
1,1,1,1,217,l_1745888178.850.jpg
1,1,1,1,217,l_1747281840.368.jpg
1,1,1,1,217,l_1747384398.922.jpg
1,1,1,1,217,l_1747384398.959.jpg
1,1,1,1,217,l_1747384399.980.jpg
1,1,1,1,217,l_1747384406.236.jpg
1,1,1,1,217,l_1747384409.387.jpg
1,1,1,1,217,l_1747384410.308.jpg
1,1,1,1,217,l_1722926655.468.jpg
1,1,1,1,217,l_1722926656.959.jpg
1,1,1,1,217,l_1722926657.900.jpg
1,1,1,1,217,l_1722926658.730.jpg
1,1,1,1,217,l_1722926659.104.jpg
1,1,1,1,217,l_1733211403.718.jpg
1,1,1,1,217,l_1733211404.650.jpg
1,1,1,1,217,l_1733211405.740.jpg
1,1,1,1,217,l_1733211406.895.jpg
1,1,1,1,217,l_1737078896.214.jpg
1,1,1,1,217,l_1737078899.229.jpg
1,1,1,1,217,l_1737078902.577.jpg
1,1,1,1,217,l_1737078905.437.jpg
1,1,1,1,217,l_1739342802.978.jpg
1,1,1,1,217,l_1739342802.986.jpg
1,1,1,1,217,l_1739342805.480.jpg
1,1,1,1,217,l_1739342805.628.jpg
1,1,1,1,217,l_1739671693.247.jpg
1,1,1,1,217,l_1739671693.749.jpg
1,1,1,1,217,l_1739671694.992.jpg
1,1,1,1,217,l_1739671695.566.jpg
1,1,1,1,217,l_1739671695.926.jpg
1,1,1,1,217,l_1741066841.403.jpg
1,1,1,1,217,l_1741066841.778.jpg
1,1,1,1,217,l_1741066842.232.jpg
1,1,1,1,217,l_1741244113.374.jpg
1,1,1,1,217,l_1741244113.800.jpg
1,1,1,1,217,l_1741244114.229.jpg
1,1,1,1,217,l_1741244114.453.jpg
1,1,1,1,217,l_1741411707.515.jpg
1,1,1,1,217,l_1741411708.379.jpg
1,1,1,1,217,l_1741411710.911.jpg
1,1,1,1,217,l_1741411712.264.jpg
1,1,1,1,217,l_1741411713.773.jpg
1,1,1,1,217,l_1741573645.506.jpg
1,1,1,1,217,l_1741573648.320.jpg
1,1,1,1,217,l_1741573648.758.jpg
1,1,1,1,217,l_1741573649.384.jpg
1,1,1,1,217,l_1741573650.408.jpg
1,1,1,1,217,l_1741573652.782.jpg
1,1,1,1,217,l_1743030342.156.jpg
1,1,1,1,217,l_1743030345.517.jpg
1,1,1,1,217,l_1743030349.430.jpg
1,1,1,1,217,l_1743030352.446.jpg
1,1,1,1,217,l_1744622420.113.jpg
1,1,1,1,217,l_1744622426.954.jpg
1,1,1,1,217,l_1744865135.192.jpg
1,1,1,1,217,l_1744865136.123.jpg
1,1,1,1,217,l_1744865139.870.jpg
1,1,1,1,217,l_1744865140.446.jpg
1,1,1,1,217,l_1744865141.368.jpg
1,1,1,1,217,l_1745245807.214.jpg
1,1,1,1,217,l_1745245808.231.jpg
1,1,1,1,217,l_1745245808.423.jpg
1,1,1,1,217,l_1745245809.244.jpg
1,1,1,1,217,l_1745664457.744.jpg
1,1,1,1,217,l_1745664461.105.jpg
1,1,1,1,217,l_1745897342.419.jpg
1,1,1,1,217,l_1745897343.519.jpg
1,1,1,1,217,l_1745897344.309.jpg
1,1,1,1,217,l_1745897344.501.jpg
1,1,1,1,217,l_1745897345.272.jpg
1,1,1,1,217,l_1746364631.211.jpg
1,1,1,1,217,l_1746364632.950.jpg
1,1,1,1,217,l_1746364633.173.jpg
1,1,1,1,217,l_1746364633.916.jpg
1,1,1,1,217,l_1746787267.963.jpg
1,1,1,1,217,l_1746787268.508.jpg
1,1,1,1,217,l_1746787269.532.jpg
1,1,1,1,217,l_1747281837.575.jpg
1,1,1,1,217,l_1747281837.720.jpg
1,1,1,1,217,l_1747281838.961.jpg
1,1,1,1,217,l_1747281839.785.jpg
1,1,1,1,218,l_1741876930.809.jpg
1,1,1,1,218,l_1741876927.582.jpg
1,1,1,1,218,l_1741876928.959.jpg
1,1,1,1,218,l_1741876929.518.jpg
1,1,1,1,218,l_1747185591.716.jpg
1,1,1,1,218,l_1703287376.363.jpg
1,1,1,1,218,l_1703287377.176.jpg
1,1,1,1,218,l_1703287377.805.jpg
1,1,1,1,218,l_1703287381.864.jpg
1,1,1,1,218,l_1734615732.560.jpg
1,1,1,1,218,l_1734615733.854.jpg
1,1,1,1,218,l_1734615734.445.jpg
1,1,1,1,218,l_1734615735.866.jpg
1,1,1,1,218,l_1737769500.862.jpg
1,1,1,1,218,l_1737769502.844.jpg
1,1,1,1,218,l_1737769504.715.jpg
1,1,1,1,218,l_1741942624.177.jpg
1,1,1,1,218,l_1741942624.896.jpg
1,1,1,1,218,l_1741942626.177.jpg
1,1,1,1,218,l_1741942627.805.jpg
1,1,1,1,218,l_1741942628.912.jpg
1,1,1,1,218,l_1743729994.200.jpg
1,1,1,1,218,l_1743729995.324.jpg
1,1,1,1,218,l_1743729996.231.jpg
1,1,1,1,218,l_1743729997.196.jpg
1,1,1,1,218,l_1743729998.265.jpg
1,1,1,1,218,l_1744158090.206.jpg
1,1,1,1,218,l_1744158094.456.jpg
1,1,1,1,218,l_1744158097.305.jpg
1,1,1,1,218,l_1744158101.811.jpg
1,1,1,1,218,l_1744158105.101.jpg
1,1,1,1,218,l_1745224616.356.jpg
1,1,1,1,218,l_1745224617.487.jpg
1,1,1,1,218,l_1745224618.200.jpg
1,1,1,1,218,l_1745225928.604.jpg
1,1,1,1,218,l_1745225933.245.jpg
1,1,1,1,218,l_1745225937.909.jpg
1,1,1,1,218,l_1745225941.248.jpg
1,1,1,1,218,l_1745234117.301.jpg
1,1,1,1,218,l_1745234118.114.jpg
1,1,1,1,218,l_1745234118.706.jpg
1,1,1,1,218,l_1745234120.647.jpg
1,1,1,1,218,l_1745234121.881.jpg
1,1,1,1,218,l_1745284883.932.jpg
1,1,1,1,218,l_1745284883.950.jpg
1,1,1,1,218,l_1745284884.799.jpg
1,1,1,1,218,l_1745284884.833.jpg
1,1,1,1,218,l_1745381785.720.jpg
1,1,1,1,218,l_1745381786.410.jpg
1,1,1,1,218,l_1745381787.158.jpg
1,1,1,1,218,l_1745381788.539.jpg
1,1,1,1,218,l_1745381791.590.jpg
1,1,1,1,218,l_1745487757.210.jpg
1,1,1,1,218,l_1745487757.298.jpg
1,1,1,1,218,l_1745487758.244.jpg
1,1,1,1,218,l_1745487758.668.jpg
1,1,1,1,218,l_1745487759.265.jpg
1,1,1,1,218,l_1745651466.182.jpg
1,1,1,1,218,l_1745651467.397.jpg
1,1,1,1,218,l_1745651467.653.jpg
1,1,1,1,218,l_1745651468.836.jpg
1,1,1,1,218,l_1745651468.972.jpg
1,1,1,1,218,l_1745651469.704.jpg
1,1,1,1,218,l_1746160923.599.jpg
1,1,1,1,218,l_1746160924.403.jpg
1,1,1,1,218,l_1746160925.468.jpg
1,1,1,1,218,l_1746160926.252.jpg
1,1,1,1,218,l_1746160926.502.jpg
1,1,1,1,218,l_1746585044.721.jpg
1,1,1,1,218,l_1746585054.985.jpg
1,1,1,1,218,l_1746585065.564.jpg
1,1,1,1,218,l_1746585079.679.jpg
1,1,1,1,218,l_1746585093.549.jpg
1,1,1,1,218,l_1746585104.997.jpg
1,1,1,1,218,l_1746762360.346.jpg
1,1,1,1,218,l_1746762363.312.jpg
1,1,1,1,218,l_1746762365.812.jpg
1,1,1,1,218,l_1746762366.566.jpg
1,1,1,1,218,l_1746762369.954.jpg
1,1,1,1,218,l_1747024120.988.jpg
1,1,1,1,218,l_1747024121.234.jpg
1,1,1,1,218,l_1747024122.876.jpg
1,1,1,1,218,l_1747048381.674.jpg
1,1,1,1,218,l_1747048382.308.jpg
1,1,1,1,218,l_1747048384.272.jpg
1,1,1,1,218,l_1747048385.639.jpg
1,1,1,1,218,l_1747048386.973.jpg
1,1,1,1,218,l_1747048387.131.jpg
1,1,1,1,218,l_1747185590.967.jpg
1,1,1,1,219,l_1747117734.212.jpg
1,1,1,1,219,l_1679646207.230.jpg
1,1,1,1,219,l_1679646207.895.jpg
1,1,1,1,219,l_1679646208.338.jpg
1,1,1,1,219,l_1679646208.626.jpg
1,1,1,1,219,l_1679646210.793.jpg
1,1,1,1,219,l_1702971502.970.jpg
1,1,1,1,219,l_1702971507.873.jpg
1,1,1,1,219,l_1702971508.260.jpg
1,1,1,1,219,l_1702971508.932.jpg
1,1,1,1,219,l_1702971509.292.jpg
1,1,1,1,219,l_1741347924.779.jpg
1,1,1,1,219,l_1741347939.571.jpg
1,1,1,1,219,l_1741347955.843.jpg
1,1,1,1,219,l_1741347973.696.jpg
1,1,1,1,219,l_1741347992.186.jpg
1,1,1,1,219,l_1741347995.263.jpg
1,1,1,1,219,l_1741871247.969.jpg
1,1,1,1,219,l_1741871250.549.jpg
1,1,1,1,219,l_1744432276.479.jpg
1,1,1,1,219,l_1744432277.682.jpg
1,1,1,1,219,l_1745028895.397.jpg
1,1,1,1,219,l_1745028896.423.jpg
1,1,1,1,219,l_1745028897.286.jpg
1,1,1,1,219,l_1745913816.122.jpg
1,1,1,1,219,l_1745913819.601.jpg
1,1,1,1,219,l_1745913822.332.jpg
1,1,1,1,219,l_1745913825.717.jpg
1,1,1,1,219,l_1745913838.277.jpg
1,1,1,1,219,l_1746159794.948.jpg
1,1,1,1,219,l_1746159795.113.jpg
1,1,1,1,219,l_1746159797.874.jpg
1,1,1,1,219,l_1746159799.735.jpg
1,1,1,1,219,l_1746159801.329.jpg
1,1,1,1,219,l_1746445176.410.jpg
1,1,1,1,219,l_1746445176.851.jpg
1,1,1,1,219,l_1746445177.104.jpg
1,1,1,1,219,l_1746445177.337.jpg
1,1,1,1,219,l_1746445178.199.jpg
1,1,1,1,219,l_1746514993.606.jpg
1,1,1,1,219,l_1746514993.997.jpg
1,1,1,1,219,l_1746514994.118.jpg
1,1,1,1,219,l_1746514994.620.jpg
1,1,1,1,219,l_1746610006.460.jpg
1,1,1,1,219,l_1746610007.158.jpg
1,1,1,1,219,l_1746610008.514.jpg
1,1,1,1,219,l_1746610008.931.jpg
1,1,1,1,219,l_1746610011.188.jpg
1,1,1,1,219,l_1747040045.792.jpg
1,1,1,1,219,l_1747040046.280.jpg
1,1,1,1,219,l_1747040046.531.jpg
1,1,1,1,219,l_1747040047.348.jpg
1,1,1,1,219,l_1747040052.179.jpg
1,1,1,1,219,l_1747117731.423.jpg
1,1,1,1,219,l_1747117731.784.jpg
1,1,1,1,219,l_1747117733.461.jpg
1,1,1,1,220,l_1747129017.277.jpg
1,1,1,1,220,l_1645412019.531.jpg
1,1,1,1,220,l_1645412020.338.jpg
1,1,1,1,220,l_1645412020.798.jpg
1,1,1,1,220,l_1645412022.539.jpg
1,1,1,1,220,l_1661848810.jpg
1,1,1,1,220,l_1661848822.jpg
1,1,1,1,220,l_1661848829.jpg
1,1,1,1,220,l_1661848836.jpg
1,1,1,1,220,l_1661848844.jpg
1,1,1,1,220,l_1661848851.jpg
1,1,1,1,220,l_1710854419.395.jpg
1,1,1,1,220,l_1710854425.271.jpg
1,1,1,1,220,l_1710854433.225.jpg
1,1,1,1,220,l_1739876517.186.jpg
1,1,1,1,220,l_1739876517.498.jpg
1,1,1,1,220,l_1741750069.615.jpg
1,1,1,1,220,l_1741750070.260.jpg
1,1,1,1,220,l_1741750071.678.jpg
1,1,1,1,220,l_1741750074.251.jpg
1,1,1,1,220,l_1741750074.775.jpg
1,1,1,1,220,l_1741750075.502.jpg
1,1,1,1,220,l_1741926707.781.jpg
1,1,1,1,220,l_1741926708.286.jpg
1,1,1,1,220,l_1741926708.507.jpg
1,1,1,1,220,l_1742963135.237.jpg
1,1,1,1,220,l_1742963136.168.jpg
1,1,1,1,220,l_1742963136.721.jpg
1,1,1,1,220,l_1742963137.409.jpg
1,1,1,1,220,l_1742963138.769.jpg
1,1,1,1,220,l_1742963139.247.jpg
1,1,1,1,220,l_1742963141.122.jpg
1,1,1,1,220,l_1742963142.347.jpg
1,1,1,1,220,l_1743412566.434.jpg
1,1,1,1,220,l_1743412567.386.jpg
1,1,1,1,220,l_1743412567.860.jpg
1,1,1,1,220,l_1743412568.145.jpg
1,1,1,1,220,l_1743824302.121.jpg
1,1,1,1,220,l_1743824302.737.jpg
1,1,1,1,220,l_1743824303.872.jpg
1,1,1,1,220,l_1743824304.219.jpg
1,1,1,1,220,l_1744351087.765.jpg
1,1,1,1,220,l_1744351090.895.jpg
1,1,1,1,220,l_1744351095.848.jpg
1,1,1,1,220,l_1744432277.940.jpg
1,1,1,1,220,l_1744432278.769.jpg
1,1,1,1,220,l_1744620741.349.jpg
1,1,1,1,220,l_1744620742.731.jpg
1,1,1,1,220,l_1744620743.427.jpg
1,1,1,1,220,l_1744620746.414.jpg
1,1,1,1,220,l_1744620747.513.jpg
1,1,1,1,220,l_1744859928.338.jpg
1,1,1,1,220,l_1744859930.189.jpg
1,1,1,1,220,l_1744859931.782.jpg
1,1,1,1,220,l_1744859931.952.jpg
1,1,1,1,220,l_1744859932.554.jpg
1,1,1,1,220,l_1745983655.975.jpg
1,1,1,1,220,l_1745983669.593.jpg
1,1,1,1,220,l_1746436357.413.jpg
1,1,1,1,220,l_1746436359.385.jpg
1,1,1,1,220,l_1746436362.605.jpg
1,1,1,1,220,l_1746436362.830.jpg
1,1,1,1,220,l_1746436363.317.jpg
1,1,1,1,220,l_1746436363.887.jpg
1,1,1,1,220,l_1746436368.575.jpg
1,1,1,1,220,l_1746894333.306.jpg
1,1,1,1,220,l_1746894333.992.jpg
1,1,1,1,220,l_1746894334.861.jpg
1,1,1,1,220,l_1747129009.483.jpg
1,1,1,1,220,l_1747129009.543.jpg
1,1,1,1,221,l_1747149435.777.jpg
1,1,1,1,221,l_1724396757.403.jpg
1,1,1,1,221,l_1724396758.476.jpg
1,1,1,1,221,l_1724396758.572.jpg
1,1,1,1,221,l_1724396759.732.jpg
1,1,1,1,221,l_1724396760.836.jpg
1,1,1,1,221,l_1732525622.322.jpg
1,1,1,1,221,l_1732525626.460.jpg
1,1,1,1,221,l_1732525629.417.jpg
1,1,1,1,221,l_1732525633.170.jpg
1,1,1,1,221,l_1732525636.461.jpg
1,1,1,1,221,l_1741666058.263.jpg
1,1,1,1,221,l_1741666061.345.jpg
1,1,1,1,221,l_1741666064.861.jpg
1,1,1,1,221,l_1741666065.680.jpg
1,1,1,1,221,l_1741666067.571.jpg
1,1,1,1,221,l_1742186222.758.jpg
1,1,1,1,221,l_1742186223.200.jpg
1,1,1,1,221,l_1742186223.377.jpg
1,1,1,1,221,l_1742186224.970.jpg
1,1,1,1,221,l_1743732204.235.jpg
1,1,1,1,221,l_1743732205.814.jpg
1,1,1,1,221,l_1743732207.840.jpg
1,1,1,1,221,l_1743732208.143.jpg
1,1,1,1,221,l_1744351085.485.jpg
1,1,1,1,221,l_1744855166.825.jpg
1,1,1,1,221,l_1744855168.758.jpg
1,1,1,1,221,l_1744855169.327.jpg
1,1,1,1,221,l_1744855170.539.jpg
1,1,1,1,221,l_1744855171.227.jpg
1,1,1,1,221,l_1744855171.807.jpg
1,1,1,1,221,l_1744855172.205.jpg
1,1,1,1,221,l_1744855172.668.jpg
1,1,1,1,221,l_1744971929.584.jpg
1,1,1,1,221,l_1745542098.530.jpg
1,1,1,1,221,l_1745542098.833.jpg
1,1,1,1,221,l_1745542099.248.jpg
1,1,1,1,221,l_1745542099.692.jpg
1,1,1,1,221,l_1745542099.714.jpg
1,1,1,1,221,l_1745552008.634.jpg
1,1,1,1,221,l_1745552009.517.jpg
1,1,1,1,221,l_1745552015.536.jpg
1,1,1,1,221,l_1745552018.738.jpg
1,1,1,1,221,l_1745982103.326.jpg
1,1,1,1,221,l_1745982105.937.jpg
1,1,1,1,221,l_1745982107.937.jpg
1,1,1,1,221,l_1745998333.105.jpg
1,1,1,1,221,l_1745998335.409.jpg
1,1,1,1,221,l_1745998336.134.jpg
1,1,1,1,221,l_1745998339.672.jpg
1,1,1,1,221,l_1746423283.416.jpg
1,1,1,1,221,l_1746423285.324.jpg
1,1,1,1,221,l_1746423306.696.jpg
1,1,1,1,221,l_1746423334.133.jpg
1,1,1,1,221,l_1746608183.850.jpg
1,1,1,1,221,l_1746608184.710.jpg
1,1,1,1,221,l_1746608185.870.jpg
1,1,1,1,221,l_1746608186.220.jpg
1,1,1,1,221,l_1746608186.672.jpg
1,1,1,1,221,l_1746608187.866.jpg
1,1,1,1,221,l_1747032969.793.jpg
1,1,1,1,221,l_1747032970.720.jpg
1,1,1,1,221,l_1747032971.479.jpg
1,1,1,1,221,l_1747032971.757.jpg
1,1,1,1,221,l_1747117039.333.jpg
1,1,1,1,221,l_1747117040.337.jpg
1,1,1,1,221,l_1747117052.857.jpg
1,1,1,1,221,l_1747149431.310.jpg
1,1,1,1,221,l_1747149433.309.jpg
1,1,1,1,221,l_1747149434.700.jpg
1,1,1,1,222,l_1747127125.716.jpg
1,1,1,1,222,l_1737336123.597.jpg
1,1,1,1,222,l_1737336124.735.jpg
1,1,1,1,222,l_1737336125.935.jpg
1,1,1,1,222,l_1737336126.385.jpg
1,1,1,1,222,l_1737336127.283.jpg
1,1,1,1,222,l_1739342918.130.jpg
1,1,1,1,222,l_1739342920.435.jpg
1,1,1,1,222,l_1739342921.202.jpg
1,1,1,1,222,l_1739342921.253.jpg
1,1,1,1,222,l_1739342922.792.jpg
1,1,1,1,222,l_1739345193.351.jpg
1,1,1,1,222,l_1739345194.621.jpg
1,1,1,1,222,l_1739345194.751.jpg
1,1,1,1,222,l_1739345195.575.jpg
1,1,1,1,222,l_1739935440.541.jpg
1,1,1,1,222,l_1739935447.188.jpg
1,1,1,1,222,l_1739935449.529.jpg
1,1,1,1,222,l_1739935452.547.jpg
1,1,1,1,222,l_1739935453.657.jpg
1,1,1,1,222,l_1739935454.397.jpg
1,1,1,1,222,l_1740820348.410.jpg
1,1,1,1,222,l_1740820349.140.jpg
1,1,1,1,222,l_1740820349.807.jpg
1,1,1,1,222,l_1740820350.191.jpg
1,1,1,1,222,l_1740820350.599.jpg
1,1,1,1,222,l_1740880163.441.jpg
1,1,1,1,222,l_1740880164.652.jpg
1,1,1,1,222,l_1740880165.892.jpg
1,1,1,1,222,l_1740880165.946.jpg
1,1,1,1,222,l_1744356497.200.jpg
1,1,1,1,222,l_1744356498.295.jpg
1,1,1,1,222,l_1744356500.858.jpg
1,1,1,1,222,l_1744356502.391.jpg
1,1,1,1,222,l_1744356504.768.jpg
1,1,1,1,222,l_1744356505.293.jpg
1,1,1,1,222,l_1744446853.433.jpg
1,1,1,1,222,l_1744446854.296.jpg
1,1,1,1,222,l_1744446855.209.jpg
1,1,1,1,222,l_1744446855.889.jpg
1,1,1,1,222,l_1744446856.395.jpg
1,1,1,1,222,l_1744446857.178.jpg
1,1,1,1,222,l_1744446859.500.jpg
1,1,1,1,222,l_1744446860.506.jpg
1,1,1,1,222,l_1744857279.560.jpg
1,1,1,1,222,l_1744857282.772.jpg
1,1,1,1,222,l_1744857283.195.jpg
1,1,1,1,222,l_1744857283.983.jpg
1,1,1,1,222,l_1744857284.815.jpg
1,1,1,1,222,l_1745118531.123.jpg
1,1,1,1,222,l_1745118534.506.jpg
1,1,1,1,222,l_1745118535.403.jpg
1,1,1,1,222,l_1745118537.965.jpg
1,1,1,1,222,l_1745118539.706.jpg
1,1,1,1,222,l_1746116941.104.jpg
1,1,1,1,222,l_1746116943.230.jpg
1,1,1,1,222,l_1746116944.283.jpg
1,1,1,1,222,l_1746116947.219.jpg
1,1,1,1,222,l_1746116948.270.jpg
1,1,1,1,222,l_1746116950.746.jpg
1,1,1,1,222,l_1746116951.109.jpg
1,1,1,1,222,l_1746591050.161.jpg
1,1,1,1,222,l_1746591050.605.jpg
1,1,1,1,222,l_1746591051.995.jpg
1,1,1,1,222,l_1746591052.399.jpg
1,1,1,1,222,l_1746591065.628.jpg
1,1,1,1,222,l_1746677743.176.jpg
1,1,1,1,222,l_1746677743.997.jpg
1,1,1,1,222,l_1746677748.430.jpg
1,1,1,1,222,l_1746677748.515.jpg
1,1,1,1,222,l_1746677749.484.jpg
1,1,1,1,222,l_1746677750.475.jpg
1,1,1,1,222,l_1746704860.668.jpg
1,1,1,1,222,l_1746704862.732.jpg
1,1,1,1,222,l_1746704866.954.jpg
1,1,1,1,222,l_1746971612.166.jpg
1,1,1,1,222,l_1746971612.384.jpg
1,1,1,1,222,l_1746971613.287.jpg
1,1,1,1,222,l_1746971614.404.jpg
1,1,1,1,222,l_1746971618.434.jpg
1,1,1,1,222,l_1747025471.496.jpg
1,1,1,1,222,l_1747025472.174.jpg
1,1,1,1,222,l_1747025472.992.jpg
1,1,1,1,222,l_1747025474.760.jpg
1,1,1,1,222,l_1747025474.817.jpg
1,1,1,1,222,l_1747067485.344.jpg
1,1,1,1,222,l_1747067486.109.jpg
1,1,1,1,222,l_1747067486.159.jpg
1,1,1,1,222,l_1747067487.195.jpg
1,1,1,1,222,l_1747067487.303.jpg
1,1,1,1,222,l_1747127118.130.jpg
1,1,1,1,222,l_1747127123.190.jpg
1,1,1,1,222,l_1747127124.449.jpg
1,1,1,1,223,l_1746163715.501.jpg
1,1,1,1,223,l_1683168348.223.jpg
1,1,1,1,223,l_1683168348.345.jpg
1,1,1,1,223,l_1683168349.373.jpg
1,1,1,1,223,l_1683168349.557.jpg
1,1,1,1,223,l_1683168350.472.jpg
1,1,1,1,223,l_1739938608.705.jpg
1,1,1,1,223,l_1739938609.416.jpg
1,1,1,1,223,l_1739938610.232.jpg
1,1,1,1,223,l_1739938610.939.jpg
1,1,1,1,223,l_1739938759.136.jpg
1,1,1,1,223,l_1739938763.388.jpg
1,1,1,1,223,l_1739938765.741.jpg
1,1,1,1,223,l_1739938767.603.jpg
1,1,1,1,223,l_1740582000.366.jpg
1,1,1,1,223,l_1740582010.617.jpg
1,1,1,1,223,l_1740582015.993.jpg
1,1,1,1,223,l_1741075189.332.jpg
1,1,1,1,223,l_1741075190.376.jpg
1,1,1,1,223,l_1741075191.684.jpg
1,1,1,1,223,l_1741075192.427.jpg
1,1,1,1,223,l_1741075192.986.jpg
1,1,1,1,223,l_1741075193.483.jpg
1,1,1,1,223,l_1741529291.602.jpg
1,1,1,1,223,l_1741529292.615.jpg
1,1,1,1,223,l_1741529292.791.jpg
1,1,1,1,223,l_1741529293.171.jpg
1,1,1,1,223,l_1741529295.567.jpg
1,1,1,1,223,l_1741529369.939.jpg
1,1,1,1,223,l_1741529369.979.jpg
1,1,1,1,223,l_1741529370.409.jpg
1,1,1,1,223,l_1741529371.475.jpg
1,1,1,1,223,l_1741749164.643.jpg
1,1,1,1,223,l_1741749168.105.jpg
1,1,1,1,223,l_1741749169.180.jpg
1,1,1,1,223,l_1741749170.771.jpg
1,1,1,1,223,l_1741749171.374.jpg
1,1,1,1,223,l_1741749172.211.jpg
1,1,1,1,223,l_1741767740.201.jpg
1,1,1,1,223,l_1741767740.458.jpg
1,1,1,1,223,l_1742784389.430.jpg
1,1,1,1,223,l_1742784390.534.jpg
1,1,1,1,223,l_1742784390.817.jpg
1,1,1,1,223,l_1742784391.848.jpg
1,1,1,1,223,l_1742784392.805.jpg
1,1,1,1,223,l_1742793512.926.jpg
1,1,1,1,223,l_1742793520.160.jpg
1,1,1,1,223,l_1742793522.133.jpg
1,1,1,1,223,l_1742793525.723.jpg
1,1,1,1,223,l_1743474594.509.jpg
1,1,1,1,223,l_1743474594.833.jpg
1,1,1,1,223,l_1743474597.670.jpg
1,1,1,1,223,l_1743474597.840.jpg
1,1,1,1,223,l_1743512668.794.jpg
1,1,1,1,223,l_1743512669.678.jpg
1,1,1,1,223,l_1743512671.591.jpg
1,1,1,1,223,l_1743512673.843.jpg
1,1,1,1,223,l_1743512675.386.jpg
1,1,1,1,223,l_1743512677.748.jpg
1,1,1,1,223,l_1743512679.278.jpg
1,1,1,1,223,l_1744084440.849.jpg
1,1,1,1,223,l_1744084441.821.jpg
1,1,1,1,223,l_1744084443.610.jpg
1,1,1,1,223,l_1744084444.768.jpg
1,1,1,1,223,l_1744084445.601.jpg
1,1,1,1,223,l_1744084446.146.jpg
1,1,1,1,223,l_1745060728.680.jpg
1,1,1,1,223,l_1745060731.681.jpg
1,1,1,1,223,l_1745060734.558.jpg
1,1,1,1,223,l_1745060736.188.jpg
1,1,1,1,223,l_1745060739.948.jpg
1,1,1,1,223,l_1745060742.719.jpg
1,1,1,1,223,l_1745456211.851.jpg
1,1,1,1,223,l_1745456213.522.jpg
1,1,1,1,223,l_1745476109.838.jpg
1,1,1,1,223,l_1745476117.971.jpg
1,1,1,1,223,l_1745476123.749.jpg
1,1,1,1,223,l_1745476125.757.jpg
1,1,1,1,223,l_1745476129.287.jpg
1,1,1,1,223,l_1746163699.266.jpg
1,1,1,1,223,l_1746163703.521.jpg
1,1,1,1,223,l_1746163706.670.jpg
1,1,1,1,223,l_1746163711.380.jpg
1,1,1,1,224,l_1720756270.789.jpg
1,1,1,1,224,l_1720756271.103.jpg
1,1,1,1,224,l_1720756271.637.jpg
1,1,1,1,224,l_1725598429.395.jpg
1,1,1,1,224,l_1725598429.955.jpg
1,1,1,1,224,l_1725598430.989.jpg
1,1,1,1,224,l_1725598432.268.jpg
1,1,1,1,224,l_1729672455.482.jpg
1,1,1,1,224,l_1739178413.502.jpg
1,1,1,1,224,l_1739178414.876.jpg
1,1,1,1,224,l_1741146649.448.jpg
1,1,1,1,224,l_1741146650.244.jpg
1,1,1,1,224,l_1741146652.997.jpg
1,1,1,1,224,l_1741447497.454.jpg
1,1,1,1,224,l_1741447498.527.jpg
1,1,1,1,224,l_1743069210.910.jpg
1,1,1,1,224,l_1743069220.150.jpg
1,1,1,1,224,l_1743069222.292.jpg
1,1,1,1,224,l_1743069233.250.jpg
1,1,1,1,224,l_1743229436.666.jpg
1,1,1,1,224,l_1743229437.285.jpg
1,1,1,1,224,l_1743229437.714.jpg
1,1,1,1,224,l_1743390163.391.jpg
1,1,1,1,224,l_1743390165.357.jpg
1,1,1,1,224,l_1743390169.802.jpg
1,1,1,1,224,l_1743390171.169.jpg
1,1,1,1,224,l_1743390173.743.jpg
1,1,1,1,224,l_1743390177.712.jpg
1,1,1,1,224,l_1743736024.292.jpg
1,1,1,1,224,l_1743736026.299.jpg
1,1,1,1,224,l_1743736028.364.jpg
1,1,1,1,224,l_1744102586.338.jpg
1,1,1,1,224,l_1744784185.326.jpg
1,1,1,1,224,l_1744784186.630.jpg
1,1,1,1,224,l_1744784187.255.jpg
1,1,1,1,224,l_1744784187.933.jpg
1,1,1,1,224,l_1744784188.431.jpg
1,1,1,1,224,l_1744784191.640.jpg
1,1,1,1,224,l_1744861735.658.jpg
1,1,1,1,224,l_1744861737.187.jpg
1,1,1,1,224,l_1744861738.580.jpg
1,1,1,1,224,l_1744861741.504.jpg
1,1,1,1,224,l_1745275979.492.jpg
1,1,1,1,224,l_1745275980.308.jpg
1,1,1,1,224,l_1745275980.877.jpg
1,1,1,1,224,l_1745275982.932.jpg
1,1,1,1,224,l_1745599794.128.jpg
1,1,1,1,224,l_1745599794.546.jpg
1,1,1,1,224,l_1745599796.613.jpg
1,1,1,1,224,l_1745634001.429.jpg
1,1,1,1,224,l_1745634001.540.jpg
1,1,1,1,224,l_1745634002.607.jpg
1,1,1,1,224,l_1745654930.969.jpg
1,1,1,1,224,l_1745654932.104.jpg
1,1,1,1,224,l_1745654999.227.jpg
1,1,1,1,224,l_1745735022.697.jpg
1,1,1,1,224,l_1745735022.868.jpg
1,1,1,1,224,l_1745735023.137.jpg
1,1,1,1,224,l_1745735023.243.jpg
1,1,1,1,224,l_1745735024.366.jpg
1,1,1,1,224,l_1745815052.731.jpg
1,1,1,1,224,l_1745815054.405.jpg
1,1,1,1,224,l_1745815057.954.jpg
1,1,1,1,224,l_1746086797.645.jpg
1,1,1,1,224,l_1746086797.955.jpg
1,1,1,1,224,l_1746086798.434.jpg
1,1,1,1,224,l_1746086798.654.jpg
1,1,1,1,224,l_1746242041.653.jpg
1,1,1,1,224,l_1746242070.144.jpg
1,1,1,1,224,l_1746675780.395.jpg
1,1,1,1,224,l_1746675789.514.jpg
1,1,1,1,224,l_1746675789.932.jpg
1,1,1,1,224,l_1746762621.915.jpg
1,1,1,1,224,l_1746762622.474.jpg
1,1,1,1,224,l_1746762623.745.jpg
1,1,1,1,224,l_1747036371.387.jpg
1,1,1,1,224,l_1747036374.787.jpg
1,1,1,1,224,l_1747036377.508.jpg
1,1,1,1,224,l_1747036380.465.jpg
1,1,1,1,224,l_1747036383.191.jpg
1,1,1,1,224,l_1747036426.486.jpg
1,1,1,1,224,l_1747110811.113.jpg
1,1,1,1,224,l_1747110813.171.jpg
1,1,1,1,224,l_1747110814.804.jpg
1,1,1,1,224,l_1747110819.750.jpg
1,1,1,1,224,l_1747123464.416.jpg
1,1,1,1,224,l_1747123472.217.jpg
1,1,1,1,224,l_1747123476.736.jpg
1,1,1,1,225,l_1745899899.532.jpg
1,1,1,1,225,l_1746502187.680.jpg
1,1,1,1,225,l_1746502189.460.jpg
1,1,1,1,225,l_1746502198.698.jpg
1,1,1,1,225,l_1746502199.917.jpg
1,1,1,1,225,l_1746502569.377.jpg
1,1,1,1,225,l_1746502569.732.jpg
1,1,1,1,225,l_1746502621.337.jpg
1,1,1,1,225,l_1746502622.828.jpg
1,1,1,1,225,l_1747041953.394.jpg
1,1,1,1,225,l_1747208417.856.jpg
1,1,1,1,225,l_1747208418.874.jpg
1,1,1,1,225,l_1747208418.959.jpg
1,1,1,1,225,l_1747208419.526.jpg
1,1,1,1,225,l_1747208420.176.jpg
1,1,1,1,225,l_1747210901.306.jpg
1,1,1,1,225,l_1747210903.763.jpg
1,1,1,1,225,l_1747210904.384.jpg
1,1,1,1,225,l_1747210905.946.jpg
1,1,1,1,225,l_1747210906.648.jpg
1,1,1,1,225,l_1747210906.981.jpg
1,1,1,1,225,l_1678672857.149.jpg
1,1,1,1,225,l_1678672857.615.jpg
1,1,1,1,225,l_1678672858.841.jpg
1,1,1,1,225,l_1678672858.911.jpg
1,1,1,1,225,l_1678672859.217.jpg
1,1,1,1,225,l_1685505683.jpg
1,1,1,1,225,l_1685505689.jpg
1,1,1,1,225,l_1685505696.jpg
1,1,1,1,225,l_1685505928.jpg
1,1,1,1,225,l_1690268930.139.jpg
1,1,1,1,225,l_1690268931.627.jpg
1,1,1,1,225,l_1690268932.586.jpg
1,1,1,1,225,l_1690268932.917.jpg
1,1,1,1,225,l_1734493498.907.jpg
1,1,1,1,225,l_1734493504.303.jpg
1,1,1,1,225,l_1736405570.399.jpg
1,1,1,1,225,l_1736405571.133.jpg
1,1,1,1,225,l_1736405572.649.jpg
1,1,1,1,225,l_1736405573.145.jpg
1,1,1,1,225,l_1736405573.541.jpg
1,1,1,1,225,l_1736405574.203.jpg
1,1,1,1,225,l_1741579279.343.jpg
1,1,1,1,225,l_1741579279.902.jpg
1,1,1,1,225,l_1741579281.726.jpg
1,1,1,1,225,l_1741579282.436.jpg
1,1,1,1,225,l_1743644281.571.jpg
1,1,1,1,225,l_1743644283.804.jpg
1,1,1,1,225,l_1743644287.139.jpg
1,1,1,1,225,l_1743644290.828.jpg
1,1,1,1,225,l_1743759417.288.jpg
1,1,1,1,225,l_1743759418.566.jpg
1,1,1,1,225,l_1743759419.769.jpg
1,1,1,1,225,l_1744771963.226.jpg
1,1,1,1,225,l_1744771965.782.jpg
1,1,1,1,225,l_1744771966.331.jpg
1,1,1,1,225,l_1744772019.328.jpg
1,1,1,1,225,l_1744772020.191.jpg
1,1,1,1,225,l_1744772020.632.jpg
1,1,1,1,225,l_1744772022.649.jpg
1,1,1,1,225,l_1744772077.989.jpg
1,1,1,1,225,l_1744772080.100.jpg
1,1,1,1,225,l_1744772084.880.jpg
1,1,1,1,225,l_1744956525.906.jpg
1,1,1,1,225,l_1744956526.611.jpg
1,1,1,1,225,l_1744956527.152.jpg
1,1,1,1,225,l_1744956527.689.jpg
1,1,1,1,225,l_1744956528.478.jpg
1,1,1,1,225,l_1744956528.765.jpg
1,1,1,1,225,l_1745824972.984.jpg
1,1,1,1,225,l_1745824973.484.jpg
1,1,1,1,225,l_1745824973.979.jpg
1,1,1,1,225,l_1745824975.264.jpg
1,1,1,1,225,l_1745824975.659.jpg
1,1,1,1,225,l_1745824977.105.jpg
1,1,1,1,225,l_1745899893.464.jpg
1,1,1,1,225,l_1745899894.389.jpg
1,1,1,1,225,l_1745899896.734.jpg
1,1,1,1,225,l_1745899898.469.jpg
1,1,1,1,226,l_1736405186.199.jpg
1,1,1,1,226,l_1736405186.206.jpg
1,1,1,1,226,l_1736405187.320.jpg
1,1,1,1,226,l_1736405187.636.jpg
1,1,1,1,226,l_1736405188.683.jpg
1,1,1,1,226,l_1736405188.903.jpg
1,1,1,1,226,l_1741224715.421.jpg
1,1,1,1,226,l_1741224716.197.jpg
1,1,1,1,226,l_1741224716.429.jpg
1,1,1,1,226,l_1741224719.564.jpg
1,1,1,1,226,l_1741224719.781.jpg
1,1,1,1,226,l_1741224720.398.jpg
1,1,1,1,226,l_1741431041.376.jpg
1,1,1,1,226,l_1741431042.162.jpg
1,1,1,1,226,l_1741431043.194.jpg
1,1,1,1,226,l_1741431044.250.jpg
1,1,1,1,226,l_1741431045.404.jpg
1,1,1,1,226,l_1741749100.399.jpg
1,1,1,1,226,l_1741749100.684.jpg
1,1,1,1,226,l_1741749101.129.jpg
1,1,1,1,226,l_1741749101.611.jpg
1,1,1,1,226,l_1741749101.725.jpg
1,1,1,1,226,l_1743660359.786.jpg
1,1,1,1,226,l_1743660360.619.jpg
1,1,1,1,226,l_1743660360.831.jpg
1,1,1,1,226,l_1743660361.408.jpg
1,1,1,1,226,l_1743660361.482.jpg
1,1,1,1,226,l_1744084236.139.jpg
1,1,1,1,226,l_1744084237.439.jpg
1,1,1,1,226,l_1744084241.437.jpg
1,1,1,1,226,l_1744646687.610.jpg
1,1,1,1,226,l_1744646687.700.jpg
1,1,1,1,226,l_1744646688.949.jpg
1,1,1,1,226,l_1744646688.975.jpg
1,1,1,1,226,l_1744730035.118.jpg
1,1,1,1,226,l_1745038176.807.jpg
1,1,1,1,226,l_1745038177.363.jpg
1,1,1,1,226,l_1745038177.448.jpg
1,1,1,1,226,l_1745038177.530.jpg
1,1,1,1,226,l_1745038178.241.jpg
1,1,1,1,226,l_1745133043.161.jpg
1,1,1,1,226,l_1745133045.504.jpg
1,1,1,1,226,l_1745133047.755.jpg
1,1,1,1,226,l_1745225683.715.jpg
1,1,1,1,226,l_1745225685.976.jpg
1,1,1,1,226,l_1745225687.246.jpg
1,1,1,1,226,l_1745225688.119.jpg
1,1,1,1,226,l_1745225689.819.jpg
1,1,1,1,226,l_1745225690.967.jpg
1,1,1,1,226,l_1745225691.688.jpg
1,1,1,1,226,l_1745289711.782.jpg
1,1,1,1,226,l_1745289712.628.jpg
1,1,1,1,226,l_1745289717.953.jpg
1,1,1,1,226,l_1745651480.272.jpg
1,1,1,1,226,l_1745651480.829.jpg
1,1,1,1,226,l_1745651482.875.jpg
1,1,1,1,226,l_1745651485.615.jpg
1,1,1,1,226,l_1745651486.616.jpg
1,1,1,1,226,l_1746248202.444.jpg
1,1,1,1,226,l_1746248205.944.jpg
1,1,1,1,226,l_1746248222.791.jpg
1,1,1,1,226,l_1746248224.995.jpg
1,1,1,1,226,l_1746333492.273.jpg
1,1,1,1,226,l_1746333493.162.jpg
1,1,1,1,226,l_1746333494.651.jpg
1,1,1,1,226,l_1746333494.838.jpg
1,1,1,1,226,l_1746333495.495.jpg
1,1,1,1,226,l_1746587889.157.jpg
1,1,1,1,226,l_1746587889.584.jpg
1,1,1,1,226,l_1746587890.208.jpg
1,1,1,1,226,l_1746587891.394.jpg
1,1,1,1,226,l_1746587892.844.jpg
1,1,1,1,226,l_1746601342.979.jpg
1,1,1,1,226,l_1746601359.327.jpg
1,1,1,1,226,l_1746601377.879.jpg
1,1,1,1,226,l_1746604551.439.jpg
1,1,1,1,226,l_1746604552.993.jpg
1,1,1,1,226,l_1746604553.263.jpg
1,1,1,1,226,l_1746604553.952.jpg
1,1,1,1,226,l_1746604556.376.jpg
1,1,1,1,226,l_1746604557.615.jpg
1,1,1,1,226,l_1746676570.409.jpg
1,1,1,1,226,l_1746676575.499.jpg
1,1,1,1,226,l_1746676576.971.jpg
1,1,1,1,226,l_1746676582.630.jpg
1,1,1,1,226,l_1746676583.937.jpg
1,1,1,1,226,l_1746676584.435.jpg
1,1,1,1,226,l_1746719378.376.jpg
1,1,1,1,226,l_1746719379.746.jpg
1,1,1,1,226,l_1746719379.867.jpg
1,1,1,1,226,l_1746719385.571.jpg
1,1,1,1,227,l_1720578737.367.jpg
1,1,1,1,227,l_1720578738.355.jpg
1,1,1,1,227,l_1720578739.103.jpg
1,1,1,1,227,l_1720578739.369.jpg
1,1,1,1,227,l_1720578740.102.jpg
1,1,1,1,227,l_1720578740.633.jpg
1,1,1,1,227,l_1720578742.730.jpg
1,1,1,1,227,l_1722327107.700.jpg
1,1,1,1,227,l_1722327109.994.jpg
1,1,1,1,227,l_1722327110.903.jpg
1,1,1,1,227,l_1722327112.294.jpg
1,1,1,1,227,l_1722327112.319.jpg
1,1,1,1,227,l_1722584843.388.jpg
1,1,1,1,227,l_1722584844.220.jpg
1,1,1,1,227,l_1722584851.555.jpg
1,1,1,1,227,l_1722584960.514.jpg
1,1,1,1,227,l_1722584961.625.jpg
1,1,1,1,227,l_1722851136.555.jpg
1,1,1,1,227,l_1722851137.442.jpg
1,1,1,1,227,l_1722851139.191.jpg
1,1,1,1,227,l_1722851142.132.jpg
1,1,1,1,227,l_1722851595.145.jpg
1,1,1,1,227,l_1722851597.927.jpg
1,1,1,1,227,l_1722851604.563.jpg
1,1,1,1,227,l_1731113430.515.jpg
1,1,1,1,227,l_1731113430.760.jpg
1,1,1,1,227,l_1731113431.266.jpg
1,1,1,1,227,l_1731113432.710.jpg
1,1,1,1,227,l_1733303111.899.jpg
1,1,1,1,227,l_1733303112.451.jpg
1,1,1,1,227,l_1733303113.768.jpg
1,1,1,1,227,l_1733303115.277.jpg
1,1,1,1,227,l_1733303115.945.jpg
1,1,1,1,227,l_1733977357.579.jpg
1,1,1,1,227,l_1733977358.742.jpg
1,1,1,1,227,l_1733977359.980.jpg
1,1,1,1,227,l_1733977360.320.jpg
1,1,1,1,227,l_1733977360.696.jpg
1,1,1,1,227,l_1733977361.511.jpg
1,1,1,1,227,l_1733977361.669.jpg
1,1,1,1,227,l_1735291227.985.jpg
1,1,1,1,227,l_1735291231.630.jpg
1,1,1,1,227,l_1735291234.163.jpg
1,1,1,1,227,l_1744596900.668.jpg
1,1,1,1,227,l_1744596902.244.jpg
1,1,1,1,227,l_1744596903.506.jpg
1,1,1,1,227,l_1744596904.379.jpg
1,1,1,1,227,l_1744596904.634.jpg
1,1,1,1,227,l_1745124318.967.jpg
1,1,1,1,227,l_1745124323.240.jpg
1,1,1,1,227,l_1745124326.522.jpg
1,1,1,1,227,l_1745124329.331.jpg
1,1,1,1,227,l_1745124332.285.jpg
1,1,1,1,227,l_1745750465.387.jpg
1,1,1,1,227,l_1745750466.261.jpg
1,1,1,1,227,l_1745750466.408.jpg
1,1,1,1,227,l_1745750466.895.jpg
1,1,1,1,227,l_1746152373.134.jpg
1,1,1,1,227,l_1746446066.221.jpg
1,1,1,1,227,l_1746446067.545.jpg
1,1,1,1,227,l_1746446068.308.jpg
1,1,1,1,227,l_1746446068.688.jpg
1,1,1,1,227,l_1746585949.877.jpg
1,1,1,1,227,l_1746585950.285.jpg
1,1,1,1,227,l_1746585950.683.jpg
1,1,1,1,227,l_1746585950.701.jpg
1,1,1,1,227,l_1746585951.279.jpg
1,1,1,1,227,l_1746585951.634.jpg
1,1,1,1,227,l_1746586138.223.jpg
1,1,1,1,227,l_1746586138.791.jpg
1,1,1,1,227,l_1746586251.759.jpg
1,1,1,1,227,l_1746586252.664.jpg
1,1,1,1,227,l_1746586252.878.jpg
1,1,1,1,227,l_1746603966.719.jpg
1,1,1,1,227,l_1746603967.100.jpg
1,1,1,1,227,l_1746603967.562.jpg
1,1,1,1,227,l_1746603968.508.jpg
1,1,1,1,227,l_1747208165.209.jpg
1,1,1,1,227,l_1747208242.321.jpg
1,1,1,1,227,l_1747208249.330.jpg
1,1,1,1,227,l_1747208261.150.jpg
1,1,1,1,257,l_1595561906.843.jpg
1,1,1,1,257,l_1595561907.244.jpg
1,1,1,1,257,l_1595561908.210.jpg
1,1,1,1,257,l_1595561915.116.jpg
1,1,1,1,257,l_1621674806.568.jpg
1,1,1,1,257,l_1621674807.298.jpg
1,1,1,1,257,l_1621674808.264.jpg
1,1,1,1,257,l_1655116638.455.jpg
1,1,1,1,257,l_1655116638.476.jpg
1,1,1,1,257,l_1721962809.655.jpg
1,1,1,1,257,l_1738505231.501.jpg
1,1,1,1,257,l_1738505235.952.jpg
1,1,1,1,257,l_1744352993.847.jpg
1,1,1,1,257,l_1744353028.433.jpg
1,1,1,1,257,l_1744360107.820.jpg
1,1,1,1,257,l_1744360108.364.jpg
1,1,1,1,257,l_1744360109.230.jpg
1,1,1,1,257,l_1744360109.667.jpg
1,1,1,1,257,l_1744360111.333.jpg
1,1,1,1,257,l_1744360111.878.jpg
1,1,1,1,257,l_1746678545.309.jpg
1,1,1,1,257,l_1746678546.839.jpg
1,1,1,1,257,l_1746678549.331.jpg
1,1,1,1,257,l_1746678550.595.jpg
1,1,1,1,257,l_1746693676.642.jpg
1,1,1,1,257,l_1746693677.880.jpg
1,1,1,1,257,l_1746693679.357.jpg
1,1,1,1,257,l_1746693680.247.jpg
1,1,1,1,257,l_1746693680.829.jpg
1,1,1,1,257,l_1746772733.130.jpg
1,1,1,1,257,l_1746772736.766.jpg
1,1,1,1,257,l_1746772737.289.jpg
1,1,1,1,257,l_1746772738.864.jpg
1,1,1,1,257,l_1746775803.253.jpg
1,1,1,1,257,l_1746775804.942.jpg
1,1,1,1,257,l_1746775804.962.jpg
1,1,1,1,257,l_1747023504.814.jpg
1,1,1,1,257,l_1747023505.656.jpg
1,1,1,1,257,l_1747023505.963.jpg
1,1,1,1,257,l_1747023506.695.jpg
1,1,1,1,257,l_1747023507.497.jpg
1,1,1,1,257,l_1747023507.732.jpg
1,1,1,1,257,l_1747038575.845.jpg
1,1,1,1,257,l_1747038576.375.jpg
1,1,1,1,257,l_1747038577.680.jpg
1,1,1,1,257,l_1747103893.864.jpg
1,1,1,1,257,l_1747103894.347.jpg
1,1,1,1,257,l_1747103894.418.jpg
1,1,1,1,257,l_1747103895.549.jpg
1,1,1,1,257,l_1747103896.288.jpg
1,1,1,1,257,l_1747107963.272.jpg
1,1,1,1,257,l_1747107967.483.jpg
1,1,1,1,257,l_1747107968.734.jpg
1,1,1,1,257,l_1747107969.638.jpg
1,1,1,1,257,l_1747108249.729.jpg
1,1,1,1,257,l_1747108250.498.jpg
1,1,1,1,257,l_1747108252.892.jpg
1,1,1,1,257,l_1747108256.416.jpg
1,1,1,1,257,l_1747108259.460.jpg
1,1,1,1,257,l_1747108264.745.jpg
1,1,1,1,257,l_1747108310.912.jpg
1,1,1,1,257,l_1747110168.906.jpg
1,1,1,1,257,l_1747110169.121.jpg
1,1,1,1,257,l_1747110170.283.jpg
1,1,1,1,257,l_1747110171.861.jpg
1,1,1,1,257,l_1747110172.155.jpg
1,1,1,1,257,l_1747110172.804.jpg
1,1,1,1,257,l_1747122570.977.jpg
1,1,1,1,257,l_1747122572.227.jpg
1,1,1,1,257,l_1747122574.852.jpg
1,1,1,1,257,l_1747122575.196.jpg
1,1,1,1,257,l_1747122575.702.jpg
1,1,1,1,257,l_1747122576.229.jpg
1,1,1,1,257,l_1747196351.901.jpg
1,1,1,1,257,l_1747196352.226.jpg
1,1,1,1,257,l_1747196352.479.jpg
1,1,1,1,257,l_1747196353.321.jpg
1,1,1,1,257,l_1747196353.914.jpg
1,1,1,1,257,l_1747196354.202.jpg
1,1,1,1,257,l_1747196355.119.jpg
1,1,1,1,257,l_1747196356.453.jpg
1,1,1,1,258,l_1730801568.992.jpg
1,1,1,1,258,l_1730801569.228.jpg
1,1,1,1,258,l_1730801569.238.jpg
1,1,1,1,258,l_1730801570.171.jpg
1,1,1,1,258,l_1730801582.502.jpg
1,1,1,1,258,l_1733459161.921.jpg
1,1,1,1,258,l_1733459164.962.jpg
1,1,1,1,258,l_1733459166.421.jpg
1,1,1,1,258,l_1733459168.181.jpg
1,1,1,1,258,l_1733459170.167.jpg
1,1,1,1,258,l_1733459172.990.jpg
1,1,1,1,258,l_1733459173.365.jpg
1,1,1,1,258,l_1738502025.207.jpg
1,1,1,1,258,l_1738502026.508.jpg
1,1,1,1,258,l_1738502027.387.jpg
1,1,1,1,258,l_1738502033.106.jpg
1,1,1,1,258,l_1738502034.396.jpg
1,1,1,1,258,l_1742442263.346.jpg
1,1,1,1,258,l_1742442264.581.jpg
1,1,1,1,258,l_1742442265.483.jpg
1,1,1,1,258,l_1742451126.320.jpg
1,1,1,1,258,l_1742451129.110.jpg
1,1,1,1,258,l_1742451132.715.jpg
1,1,1,1,258,l_1742455605.963.jpg
1,1,1,1,258,l_1742455606.416.jpg
1,1,1,1,258,l_1742455606.828.jpg
1,1,1,1,258,l_1742455607.579.jpg
1,1,1,1,258,l_1742455607.909.jpg
1,1,1,1,258,l_1742722199.902.jpg
1,1,1,1,258,l_1742722258.972.jpg
1,1,1,1,258,l_1742722261.681.jpg
1,1,1,1,258,l_1742722263.406.jpg
1,1,1,1,258,l_1742722264.231.jpg
1,1,1,1,258,l_1742722266.732.jpg
1,1,1,1,258,l_1742796560.499.jpg
1,1,1,1,258,l_1742796560.965.jpg
1,1,1,1,258,l_1742796561.171.jpg
1,1,1,1,258,l_1742796561.368.jpg
1,1,1,1,258,l_1742796562.511.jpg
1,1,1,1,258,l_1742797520.281.jpg
1,1,1,1,258,l_1742797520.584.jpg
1,1,1,1,258,l_1742797521.651.jpg
1,1,1,1,258,l_1742797521.851.jpg
1,1,1,1,258,l_1742797653.705.jpg
1,1,1,1,258,l_1742797653.831.jpg
1,1,1,1,258,l_1742797654.844.jpg
1,1,1,1,258,l_1742797655.909.jpg
1,1,1,1,258,l_1742798779.875.jpg
1,1,1,1,258,l_1742798780.668.jpg
1,1,1,1,258,l_1742798780.879.jpg
1,1,1,1,258,l_1742798781.343.jpg
1,1,1,1,258,l_1742798782.637.jpg
1,1,1,1,258,l_1742870569.735.jpg
1,1,1,1,258,l_1742870569.931.jpg
1,1,1,1,258,l_1742870571.143.jpg
1,1,1,1,258,l_1742870572.617.jpg
1,1,1,1,258,l_1742870573.485.jpg
1,1,1,1,258,l_1742918910.271.jpg
1,1,1,1,258,l_1742918910.646.jpg
1,1,1,1,258,l_1742918911.420.jpg
1,1,1,1,258,l_1742918911.623.jpg
1,1,1,1,258,l_1742918912.276.jpg
1,1,1,1,258,l_1743072945.550.jpg
1,1,1,1,258,l_1743072946.313.jpg
1,1,1,1,258,l_1743072946.627.jpg
1,1,1,1,258,l_1743072946.956.jpg
1,1,1,1,258,l_1743146421.591.jpg
1,1,1,1,258,l_1743146422.757.jpg
1,1,1,1,258,l_1743146423.552.jpg
1,1,1,1,258,l_1743146424.972.jpg
1,1,1,1,258,l_1743498143.219.jpg
1,1,1,1,258,l_1743498145.612.jpg
1,1,1,1,258,l_1743498146.453.jpg
1,1,1,1,258,l_1743498147.432.jpg
1,1,1,1,258,l_1743498148.523.jpg
1,1,1,1,258,l_1743559875.522.jpg
1,1,1,1,258,l_1743559875.557.jpg
1,1,1,1,258,l_1743559878.822.jpg
1,1,1,1,258,l_1743559881.780.jpg
1,1,1,1,258,l_1744856100.217.jpg
1,1,1,1,258,l_1744856104.328.jpg
1,1,1,1,258,l_1744856105.284.jpg
1,1,1,1,258,l_1744856105.466.jpg
1,1,1,1,258,l_1746522709.922.jpg
1,1,1,1,258,l_1746522710.607.jpg
1,1,1,1,258,l_1746522711.235.jpg
1,1,1,1,258,l_1746522714.405.jpg
1,1,1,1,258,l_1746522716.321.jpg
1,1,1,1,258,l_1746522721.932.jpg
1,1,1,1,259,l_1731775774.370.jpg
1,1,1,1,259,l_1731775774.414.jpg
1,1,1,1,259,l_1731775775.831.jpg
1,1,1,1,259,l_1731775775.894.jpg
1,1,1,1,259,l_1731775776.688.jpg
1,1,1,1,259,l_1737002034.826.jpg
1,1,1,1,259,l_1737002034.932.jpg
1,1,1,1,259,l_1737002035.491.jpg
1,1,1,1,259,l_1737002038.880.jpg
1,1,1,1,259,l_1737002039.800.jpg
1,1,1,1,259,l_1738635466.922.jpg
1,1,1,1,259,l_1738635467.275.jpg
1,1,1,1,259,l_1738635467.470.jpg
1,1,1,1,259,l_1738635468.855.jpg
1,1,1,1,259,l_1738635468.920.jpg
1,1,1,1,259,l_1738635469.631.jpg
1,1,1,1,259,l_1738849395.757.jpg
1,1,1,1,259,l_1738849395.832.jpg
1,1,1,1,259,l_1738849396.178.jpg
1,1,1,1,259,l_1738849397.812.jpg
1,1,1,1,259,l_1738899775.884.jpg
1,1,1,1,259,l_1738899776.183.jpg
1,1,1,1,259,l_1738899776.623.jpg
1,1,1,1,259,l_1738899778.747.jpg
1,1,1,1,259,l_1738940588.449.jpg
1,1,1,1,259,l_1738940589.354.jpg
1,1,1,1,259,l_1738940590.918.jpg
1,1,1,1,259,l_1738940591.480.jpg
1,1,1,1,259,l_1740109209.270.jpg
1,1,1,1,259,l_1740109209.483.jpg
1,1,1,1,259,l_1740109210.877.jpg
1,1,1,1,259,l_1740109211.797.jpg
1,1,1,1,259,l_1740109211.827.jpg
1,1,1,1,259,l_1740743774.285.jpg
1,1,1,1,259,l_1740743774.300.jpg
1,1,1,1,259,l_1740743775.737.jpg
1,1,1,1,259,l_1740743780.116.jpg
1,1,1,1,259,l_1742896069.410.jpg
1,1,1,1,259,l_1742896071.365.jpg
1,1,1,1,259,l_1742896072.926.jpg
1,1,1,1,259,l_1742896075.354.jpg
1,1,1,1,259,l_1743152313.428.jpg
1,1,1,1,259,l_1743152314.201.jpg
1,1,1,1,259,l_1743152314.486.jpg
1,1,1,1,259,l_1743152315.961.jpg
1,1,1,1,259,l_1743152316.258.jpg
1,1,1,1,259,l_1743152316.809.jpg
1,1,1,1,259,l_1743477065.722.jpg
1,1,1,1,259,l_1743477066.387.jpg
1,1,1,1,259,l_1743477067.922.jpg
1,1,1,1,259,l_1743477069.958.jpg
1,1,1,1,259,l_1743477070.869.jpg
1,1,1,1,259,l_1744613792.402.jpg
1,1,1,1,259,l_1744613797.615.jpg
1,1,1,1,259,l_1744613797.872.jpg
1,1,1,1,259,l_1745539253.532.jpg
1,1,1,1,259,l_1745539254.668.jpg
1,1,1,1,259,l_1745539254.864.jpg
1,1,1,1,259,l_1745539257.894.jpg
1,1,1,1,259,l_1745539258.589.jpg
1,1,1,1,259,l_1746618840.124.jpg
1,1,1,1,259,l_1746618840.176.jpg
1,1,1,1,259,l_1746618841.919.jpg
1,1,1,1,259,l_1746618842.530.jpg
1,1,1,1,259,l_1747040992.450.jpg
1,1,1,1,259,l_1747040993.762.jpg
1,1,1,1,259,l_1747040995.673.jpg
1,1,1,1,259,l_1747040996.519.jpg
1,1,1,1,259,l_1747040997.482.jpg
1,1,1,1,259,l_1747040998.137.jpg
1,1,1,1,259,l_1747040999.397.jpg
1,1,1,1,259,l_1747042388.351.jpg
1,1,1,1,259,l_1747042389.234.jpg
1,1,1,1,259,l_1747042503.772.jpg
1,1,1,1,259,l_1747042504.342.jpg
1,1,1,1,259,l_1747042509.309.jpg
1,1,1,1,259,l_1747210104.690.jpg
1,1,1,1,259,l_1747210104.975.jpg
1,1,1,1,259,l_1747210105.141.jpg
1,1,1,1,259,l_1747210105.205.jpg
1,1,1,1,259,l_1747210108.545.jpg
1,1,1,1,259,l_1747212880.128.jpg
1,1,1,1,259,l_1747212881.832.jpg
1,1,1,1,259,l_1747212882.121.jpg
1,1,1,1,259,l_1747212883.182.jpg
1,1,1,1,260,l_1653294515.781.jpg
1,1,1,1,260,l_1653294520.937.jpg
1,1,1,1,260,l_1653294526.993.jpg
1,1,1,1,260,l_1653294554.664.jpg
1,1,1,1,260,l_1653294567.518.jpg
1,1,1,1,260,l_1653294617.834.jpg
1,1,1,1,260,l_1712391859.473.jpg
1,1,1,1,260,l_1712391862.400.jpg
1,1,1,1,260,l_1712391865.348.jpg
1,1,1,1,260,l_1712391869.457.jpg
1,1,1,1,260,l_1712391873.729.jpg
1,1,1,1,260,l_1726134085.891.jpg
1,1,1,1,260,l_1726134088.833.jpg
1,1,1,1,260,l_1726134091.916.jpg
1,1,1,1,260,l_1726134096.594.jpg
1,1,1,1,260,l_1726134100.315.jpg
1,1,1,1,260,l_1731336969.337.jpg
1,1,1,1,260,l_1731336970.680.jpg
1,1,1,1,260,l_1731336970.979.jpg
1,1,1,1,260,l_1731336976.992.jpg
1,1,1,1,260,l_1731336977.523.jpg
1,1,1,1,260,l_1732605271.837.jpg
1,1,1,1,260,l_1732605272.485.jpg
1,1,1,1,260,l_1732605272.567.jpg
1,1,1,1,260,l_1732605273.230.jpg
1,1,1,1,260,l_1736593416.550.jpg
1,1,1,1,260,l_1736593416.749.jpg
1,1,1,1,260,l_1736593417.163.jpg
1,1,1,1,260,l_1736593417.397.jpg
1,1,1,1,260,l_1736593417.684.jpg
1,1,1,1,260,l_1739156345.450.jpg
1,1,1,1,260,l_1739156347.377.jpg
1,1,1,1,260,l_1739156348.768.jpg
1,1,1,1,260,l_1739156350.303.jpg
1,1,1,1,260,l_1739156352.329.jpg
1,1,1,1,260,l_1740148497.569.jpg
1,1,1,1,260,l_1740148498.276.jpg
1,1,1,1,260,l_1740148499.998.jpg
1,1,1,1,260,l_1740148500.977.jpg
1,1,1,1,260,l_1741668615.534.jpg
1,1,1,1,260,l_1741668618.924.jpg
1,1,1,1,260,l_1741668621.556.jpg
1,1,1,1,260,l_1741668632.296.jpg
1,1,1,1,260,l_1741668634.237.jpg
1,1,1,1,260,l_1741939490.369.jpg
1,1,1,1,260,l_1741939492.326.jpg
1,1,1,1,260,l_1741939493.835.jpg
1,1,1,1,260,l_1741939497.264.jpg
1,1,1,1,260,l_1741939499.609.jpg
1,1,1,1,260,l_1742215938.166.jpg
1,1,1,1,260,l_1742215939.163.jpg
1,1,1,1,260,l_1742215940.588.jpg
1,1,1,1,260,l_1742215951.990.jpg
1,1,1,1,260,l_1742372797.641.jpg
1,1,1,1,260,l_1742372798.601.jpg
1,1,1,1,260,l_1742372799.701.jpg
1,1,1,1,260,l_1742667115.138.jpg
1,1,1,1,260,l_1742667115.555.jpg
1,1,1,1,260,l_1742667116.920.jpg
1,1,1,1,260,l_1742667118.604.jpg
1,1,1,1,260,l_1742667119.115.jpg
1,1,1,1,260,l_1744186813.116.jpg
1,1,1,1,260,l_1744186816.477.jpg
1,1,1,1,260,l_1744186817.582.jpg
1,1,1,1,260,l_1744726632.542.jpg
1,1,1,1,260,l_1744726635.195.jpg
1,1,1,1,260,l_1744726639.703.jpg
1,1,1,1,260,l_1744726701.203.jpg
1,1,1,1,260,l_1744726714.704.jpg
1,1,1,1,260,l_1746161931.185.jpg
1,1,1,1,260,l_1746161932.184.jpg
1,1,1,1,260,l_1746518050.349.jpg
1,1,1,1,260,l_1746518051.169.jpg
1,1,1,1,260,l_1746518051.439.jpg
1,1,1,1,260,l_1746518052.843.jpg
1,1,1,1,260,l_1746524107.115.jpg
1,1,1,1,260,l_1746524107.526.jpg
1,1,1,1,260,l_1746632274.822.jpg
1,1,1,1,260,l_1746632275.387.jpg
1,1,1,1,260,l_1746632277.127.jpg
1,1,1,1,260,l_1746632279.418.jpg
1,1,1,1,260,l_1746632279.444.jpg
1,1,1,1,260,l_1747192531.185.jpg
1,1,1,1,260,l_1747192531.364.jpg
1,1,1,1,260,l_1747192532.607.jpg
1,1,1,1,260,l_1747192533.655.jpg
1,1,1,1,260,l_1747192534.635.jpg
1,1,1,1,260,l_1747192535.158.jpg
1,1,1,1,260,l_1747192637.343.jpg
1,1,1,1,261,l_1582188321.jpg
1,1,1,1,261,l_1582188329.jpg
1,1,1,1,261,l_1582188343.jpg
1,1,1,1,261,l_1582188350.jpg
1,1,1,1,261,l_1582188372.jpg
1,1,1,1,261,l_1582189090.jpg
1,1,1,1,261,l_1582189092.jpg
1,1,1,1,261,l_1582189104.jpg
1,1,1,1,261,l_1582189128.jpg
1,1,1,1,261,l_1739332098.125.jpg
1,1,1,1,261,l_1739332099.764.jpg
1,1,1,1,261,l_1739332100.201.jpg
1,1,1,1,261,l_1739332100.678.jpg
1,1,1,1,261,l_1739332101.873.jpg
1,1,1,1,261,l_1740467520.130.jpg
1,1,1,1,261,l_1740467520.205.jpg
1,1,1,1,261,l_1740467525.731.jpg
1,1,1,1,261,l_1740467526.635.jpg
1,1,1,1,261,l_1740467528.593.jpg
1,1,1,1,261,l_1741778962.968.jpg
1,1,1,1,261,l_1741778963.334.jpg
1,1,1,1,261,l_1741778964.614.jpg
1,1,1,1,261,l_1741778964.642.jpg
1,1,1,1,261,l_1745546171.514.jpg
1,1,1,1,261,l_1745546172.560.jpg
1,1,1,1,261,l_1745546173.501.jpg
1,1,1,1,261,l_1745546173.786.jpg
1,1,1,1,261,l_1745546174.124.jpg
1,1,1,1,261,l_1745566535.487.jpg
1,1,1,1,261,l_1745566536.638.jpg
1,1,1,1,261,l_1745566537.483.jpg
1,1,1,1,261,l_1745566539.359.jpg
1,1,1,1,261,l_1745566541.743.jpg
1,1,1,1,261,l_1745566543.834.jpg
1,1,1,1,261,l_1745566545.259.jpg
1,1,1,1,261,l_1745806035.945.jpg
1,1,1,1,261,l_1745806037.906.jpg
1,1,1,1,261,l_1745806038.396.jpg
1,1,1,1,261,l_1745806225.493.jpg
1,1,1,1,261,l_1745806227.316.jpg
1,1,1,1,261,l_1745806228.152.jpg
1,1,1,1,261,l_1745815015.891.jpg
1,1,1,1,261,l_1745815016.373.jpg
1,1,1,1,261,l_1745815021.680.jpg
1,1,1,1,261,l_1745815023.114.jpg
1,1,1,1,261,l_1745815024.852.jpg
1,1,1,1,261,l_1745815025.187.jpg
1,1,1,1,261,l_1746163635.454.jpg
1,1,1,1,261,l_1746163637.330.jpg
1,1,1,1,261,l_1746186946.492.jpg
1,1,1,1,261,l_1746186947.419.jpg
1,1,1,1,261,l_1746186947.960.jpg
1,1,1,1,261,l_1746186948.586.jpg
1,1,1,1,261,l_1746186948.910.jpg
1,1,1,1,261,l_1746266621.122.jpg
1,1,1,1,261,l_1746266621.764.jpg
1,1,1,1,261,l_1746266842.443.jpg
1,1,1,1,261,l_1746266843.587.jpg
1,1,1,1,261,l_1746266843.981.jpg
1,1,1,1,261,l_1746434312.561.jpg
1,1,1,1,261,l_1746434313.660.jpg
1,1,1,1,261,l_1746434314.100.jpg
1,1,1,1,261,l_1746434316.761.jpg
1,1,1,1,261,l_1746579841.733.jpg
1,1,1,1,261,l_1746579849.887.jpg
1,1,1,1,261,l_1746579867.335.jpg
1,1,1,1,261,l_1746579897.926.jpg
1,1,1,1,261,l_1746604455.910.jpg
1,1,1,1,261,l_1746604456.312.jpg
1,1,1,1,261,l_1746604457.258.jpg
1,1,1,1,261,l_1746604458.641.jpg
1,1,1,1,261,l_1746670718.289.jpg
1,1,1,1,261,l_1746670720.132.jpg
1,1,1,1,261,l_1746724285.915.jpg
1,1,1,1,261,l_1747067053.329.jpg
1,1,1,1,261,l_1747067053.571.jpg
1,1,1,1,261,l_1747067054.746.jpg
1,1,1,1,261,l_1747067055.608.jpg
1,1,1,1,261,l_1747067055.953.jpg
1,1,1,1,261,l_1747126265.885.jpg
1,1,1,1,261,l_1747126266.298.jpg
1,1,1,1,261,l_1747126267.854.jpg
1,1,1,1,261,l_1747126268.861.jpg
1,1,1,1,261,l_1747126269.671.jpg
1,1,1,1,262,l_1582085733.311.jpg
1,1,1,1,262,l_1582085782.486.jpg
1,1,1,1,262,l_1582085817.506.jpg
1,1,1,1,262,l_1582085827.835.jpg
1,1,1,1,262,l_1723190637.715.jpg
1,1,1,1,262,l_1723190638.173.jpg
1,1,1,1,262,l_1732017700.724.jpg
1,1,1,1,262,l_1732017701.742.jpg
1,1,1,1,262,l_1732017702.504.jpg
1,1,1,1,262,l_1732017702.529.jpg
1,1,1,1,262,l_1733063390.267.jpg
1,1,1,1,262,l_1733063390.430.jpg
1,1,1,1,262,l_1733063391.369.jpg
1,1,1,1,262,l_1733063391.604.jpg
1,1,1,1,262,l_1734504673.722.jpg
1,1,1,1,262,l_1734504674.773.jpg
1,1,1,1,262,l_1734504675.264.jpg
1,1,1,1,262,l_1734504675.300.jpg
1,1,1,1,262,l_1739951637.205.jpg
1,1,1,1,262,l_1739951637.773.jpg
1,1,1,1,262,l_1739951638.346.jpg
1,1,1,1,262,l_1739951638.657.jpg
1,1,1,1,262,l_1739951639.575.jpg
1,1,1,1,262,l_1740644504.553.jpg
1,1,1,1,262,l_1740644505.930.jpg
1,1,1,1,262,l_1740644506.556.jpg
1,1,1,1,262,l_1740644509.361.jpg
1,1,1,1,262,l_1740644510.782.jpg
1,1,1,1,262,l_1740793975.341.jpg
1,1,1,1,262,l_1740793975.441.jpg
1,1,1,1,262,l_1740793976.228.jpg
1,1,1,1,262,l_1740793977.221.jpg
1,1,1,1,262,l_1740793978.681.jpg
1,1,1,1,262,l_1741853386.782.jpg
1,1,1,1,262,l_1741853386.853.jpg
1,1,1,1,262,l_1741853387.191.jpg
1,1,1,1,262,l_1741853388.233.jpg
1,1,1,1,262,l_1741853388.285.jpg
1,1,1,1,262,l_1741853392.503.jpg
1,1,1,1,262,l_1742615977.699.jpg
1,1,1,1,262,l_1742615979.679.jpg
1,1,1,1,262,l_1742615980.694.jpg
1,1,1,1,262,l_1742615981.347.jpg
1,1,1,1,262,l_1742615982.933.jpg
1,1,1,1,262,l_1742616324.768.jpg
1,1,1,1,262,l_1742616324.920.jpg
1,1,1,1,262,l_1742616325.612.jpg
1,1,1,1,262,l_1742616326.754.jpg
1,1,1,1,262,l_1742617702.212.jpg
1,1,1,1,262,l_1742617704.997.jpg
1,1,1,1,262,l_1742617706.540.jpg
1,1,1,1,262,l_1742617707.136.jpg
1,1,1,1,262,l_1744422003.985.jpg
1,1,1,1,262,l_1744422005.581.jpg
1,1,1,1,262,l_1744422006.622.jpg
1,1,1,1,262,l_1744422007.729.jpg
1,1,1,1,262,l_1744874762.692.jpg
1,1,1,1,262,l_1744874763.619.jpg
1,1,1,1,262,l_1744874763.683.jpg
1,1,1,1,262,l_1744874764.107.jpg
1,1,1,1,262,l_1744874764.321.jpg
1,1,1,1,262,l_1745995700.638.jpg
1,1,1,1,262,l_1746344277.742.jpg
1,1,1,1,262,l_1746344278.747.jpg
1,1,1,1,262,l_1746344279.883.jpg
1,1,1,1,262,l_1746616108.776.jpg
1,1,1,1,262,l_1746616109.527.jpg
1,1,1,1,262,l_1746616109.794.jpg
1,1,1,1,262,l_1746616110.292.jpg
1,1,1,1,262,l_1746616110.340.jpg
1,1,1,1,262,l_1746847370.393.jpg
1,1,1,1,262,l_1746847378.106.jpg
1,1,1,1,263,l_1709541768.642.jpg
1,1,1,1,263,l_1709541769.852.jpg
1,1,1,1,263,l_1709541771.233.jpg
1,1,1,1,263,l_1709541773.997.jpg
1,1,1,1,263,l_1709541774.975.jpg
1,1,1,1,263,l_1709541775.538.jpg
1,1,1,1,263,l_1709541776.888.jpg
1,1,1,1,263,l_1730174225.538.jpg
1,1,1,1,263,l_1730174362.327.jpg
1,1,1,1,263,l_1730174364.179.jpg
1,1,1,1,263,l_1730174364.773.jpg
1,1,1,1,263,l_1730174536.681.jpg
1,1,1,1,263,l_1730174538.581.jpg
1,1,1,1,263,l_1733195924.395.jpg
1,1,1,1,263,l_1733195924.769.jpg
1,1,1,1,263,l_1733195924.981.jpg
1,1,1,1,263,l_1733196144.951.jpg
1,1,1,1,263,l_1733196145.314.jpg
1,1,1,1,263,l_1733196146.735.jpg
1,1,1,1,263,l_1733196147.417.jpg
1,1,1,1,263,l_1733196147.952.jpg
1,1,1,1,263,l_1733196400.218.jpg
1,1,1,1,263,l_1733196400.421.jpg
1,1,1,1,263,l_1733196401.367.jpg
1,1,1,1,263,l_1733196401.891.jpg
1,1,1,1,263,l_1733196402.405.jpg
1,1,1,1,263,l_1733196402.851.jpg
1,1,1,1,263,l_1738663073.505.jpg
1,1,1,1,263,l_1738663073.737.jpg
1,1,1,1,263,l_1738663074.529.jpg
1,1,1,1,263,l_1738663075.393.jpg
1,1,1,1,263,l_1741266590.542.jpg
1,1,1,1,263,l_1741266591.528.jpg
1,1,1,1,263,l_1741266592.111.jpg
1,1,1,1,263,l_1741266592.160.jpg
1,1,1,1,263,l_1741614300.816.jpg
1,1,1,1,263,l_1741614300.818.jpg
1,1,1,1,263,l_1741614301.987.jpg
1,1,1,1,263,l_1741614302.119.jpg
1,1,1,1,263,l_1742359601.188.jpg
1,1,1,1,263,l_1742359602.392.jpg
1,1,1,1,263,l_1742359603.438.jpg
1,1,1,1,263,l_1742359604.117.jpg
1,1,1,1,263,l_1742437428.179.jpg
1,1,1,1,263,l_1742437429.528.jpg
1,1,1,1,263,l_1742437430.725.jpg
1,1,1,1,263,l_1742437432.737.jpg
1,1,1,1,263,l_1742437433.571.jpg
1,1,1,1,263,l_1742437434.573.jpg
1,1,1,1,263,l_1742698758.791.jpg
1,1,1,1,263,l_1742698758.873.jpg
1,1,1,1,263,l_1742698759.903.jpg
1,1,1,1,263,l_1742698760.751.jpg
1,1,1,1,263,l_1742698761.833.jpg
1,1,1,1,263,l_1742698762.398.jpg
1,1,1,1,263,l_1742895927.244.jpg
1,1,1,1,263,l_1742895929.505.jpg
1,1,1,1,263,l_1742895953.537.jpg
1,1,1,1,263,l_1742895954.106.jpg
1,1,1,1,263,l_1743683183.899.jpg
1,1,1,1,263,l_1743683184.598.jpg
1,1,1,1,263,l_1743731958.565.jpg
1,1,1,1,263,l_1743731958.894.jpg
1,1,1,1,263,l_1744328714.998.jpg
1,1,1,1,263,l_1744328715.229.jpg
1,1,1,1,263,l_1744328715.301.jpg
1,1,1,1,263,l_1744979056.150.jpg
1,1,1,1,263,l_1744979056.281.jpg
1,1,1,1,263,l_1744979056.980.jpg
1,1,1,1,263,l_1744979057.173.jpg
1,1,1,1,263,l_1745477544.153.jpg
1,1,1,1,263,l_1745477545.545.jpg
1,1,1,1,263,l_1745477546.755.jpg
1,1,1,1,263,l_1745477547.693.jpg
1,1,1,1,263,l_1745477548.871.jpg
1,1,1,1,263,l_1746581643.618.jpg
1,1,1,1,263,l_1746581650.711.jpg
1,1,1,1,263,l_1746581655.895.jpg
1,1,1,1,263,l_1746581659.780.jpg
1,1,1,1,263,l_1746581667.593.jpg
1,1,1,1,263,l_1746851621.271.jpg
1,1,1,1,263,l_1746851621.309.jpg
1,1,1,1,263,l_1746851622.207.jpg
1,1,1,1,263,l_1746851622.906.jpg
1,1,1,1,263,l_1746877325.918.jpg
1,1,1,1,263,l_1746877327.217.jpg
1,1,1,1,263,l_1746877327.516.jpg
1,1,1,1,263,l_1746877328.108.jpg
1,1,1,1,263,l_1746877328.708.jpg
1,1,1,1,263,l_1746877329.176.jpg
1,1,1,1,264,l_1731912389.744.jpg
1,1,1,1,264,l_1731912389.906.jpg
1,1,1,1,264,l_1731912390.131.jpg
1,1,1,1,264,l_1733719134.733.jpg
1,1,1,1,264,l_1733719136.919.jpg
1,1,1,1,264,l_1733719137.580.jpg
1,1,1,1,264,l_1733719138.412.jpg
1,1,1,1,264,l_1736480044.372.jpg
1,1,1,1,264,l_1736480045.666.jpg
1,1,1,1,264,l_1736480045.889.jpg
1,1,1,1,264,l_1736480046.570.jpg
1,1,1,1,264,l_1736914877.253.jpg
1,1,1,1,264,l_1736914877.345.jpg
1,1,1,1,264,l_1736914878.125.jpg
1,1,1,1,264,l_1736914879.684.jpg
1,1,1,1,264,l_1736914881.737.jpg
1,1,1,1,264,l_1736915253.470.jpg
1,1,1,1,264,l_1736915255.735.jpg
1,1,1,1,264,l_1736915257.784.jpg
1,1,1,1,264,l_1736915258.397.jpg
1,1,1,1,264,l_1736915265.779.jpg
1,1,1,1,264,l_1737366325.958.jpg
1,1,1,1,264,l_1737366326.121.jpg
1,1,1,1,264,l_1737366331.986.jpg
1,1,1,1,264,l_1738735597.505.jpg
1,1,1,1,264,l_1738740213.jpg
1,1,1,1,264,l_1740992415.102.jpg
1,1,1,1,264,l_1740992415.149.jpg
1,1,1,1,264,l_1742987909.997.jpg
1,1,1,1,264,l_1742987910.611.jpg
1,1,1,1,264,l_1743408825.854.jpg
1,1,1,1,264,l_1743408828.178.jpg
1,1,1,1,264,l_1743408829.958.jpg
1,1,1,1,264,l_1743408831.891.jpg
1,1,1,1,264,l_1743408838.156.jpg
1,1,1,1,264,l_1744002834.675.jpg
1,1,1,1,264,l_1744002834.730.jpg
1,1,1,1,264,l_1744346427.244.jpg
1,1,1,1,264,l_1744346427.789.jpg
1,1,1,1,264,l_1744346428.448.jpg
1,1,1,1,264,l_1744346429.881.jpg
1,1,1,1,264,l_1744595067.872.jpg
1,1,1,1,264,l_1744595072.855.jpg
1,1,1,1,264,l_1744595076.134.jpg
1,1,1,1,264,l_1744950488.936.jpg
1,1,1,1,264,l_1744950489.694.jpg
1,1,1,1,264,l_1744950490.160.jpg
1,1,1,1,264,l_1744950497.896.jpg
1,1,1,1,264,l_1745570054.418.jpg
1,1,1,1,264,l_1745570054.763.jpg
1,1,1,1,264,l_1747022763.106.jpg
1,1,1,1,264,l_1747022764.810.jpg
1,1,1,1,264,l_1747022766.674.jpg
1,1,1,1,264,l_1747022766.963.jpg
1,1,1,1,264,l_1747022767.925.jpg
1,1,1,1,264,l_1747041399.447.jpg
1,1,1,1,264,l_1747041400.607.jpg
1,1,1,1,264,l_1747041402.950.jpg
1,1,1,1,264,l_1747043048.171.jpg
1,1,1,1,264,l_1747043050.218.jpg
1,1,1,1,264,l_1747043053.356.jpg
1,1,1,1,264,l_1747043131.516.jpg
1,1,1,1,264,l_1747043132.531.jpg
1,1,1,1,264,l_1747043133.595.jpg
1,1,1,1,264,l_1747043138.998.jpg
1,1,1,1,265,l_1724067023.174.jpg
1,1,1,1,265,l_1724067023.503.jpg
1,1,1,1,265,l_1724067024.177.jpg
1,1,1,1,265,l_1724067024.187.jpg
1,1,1,1,265,l_1724067027.725.jpg
1,1,1,1,265,l_1725321636.268.jpg
1,1,1,1,265,l_1725321636.322.jpg
1,1,1,1,265,l_1725321638.364.jpg
1,1,1,1,265,l_1725321640.624.jpg
1,1,1,1,265,l_1725321642.535.jpg
1,1,1,1,265,l_1730801400.527.jpg
1,1,1,1,265,l_1730801400.989.jpg
1,1,1,1,265,l_1730801403.115.jpg
1,1,1,1,265,l_1730801403.891.jpg
1,1,1,1,265,l_1730801404.212.jpg
1,1,1,1,265,l_1731738829.358.jpg
1,1,1,1,265,l_1731738831.974.jpg
1,1,1,1,265,l_1731738832.408.jpg
1,1,1,1,265,l_1731738834.208.jpg
1,1,1,1,265,l_1731738845.958.jpg
1,1,1,1,265,l_1733373042.428.jpg
1,1,1,1,265,l_1733373043.704.jpg
1,1,1,1,265,l_1733373044.312.jpg
1,1,1,1,265,l_1738733767.948.jpg
1,1,1,1,265,l_1738733769.358.jpg
1,1,1,1,265,l_1738733770.941.jpg
1,1,1,1,265,l_1739978932.791.jpg
1,1,1,1,265,l_1739978932.945.jpg
1,1,1,1,265,l_1739978933.316.jpg
1,1,1,1,265,l_1739978938.257.jpg
1,1,1,1,265,l_1739978938.480.jpg
1,1,1,1,265,l_1740218395.309.jpg
1,1,1,1,265,l_1740218396.747.jpg
1,1,1,1,265,l_1740218397.835.jpg
1,1,1,1,265,l_1740901125.621.jpg
1,1,1,1,265,l_1740901129.337.jpg
1,1,1,1,265,l_1740901133.985.jpg
1,1,1,1,265,l_1740901136.129.jpg
1,1,1,1,265,l_1741325879.225.jpg
1,1,1,1,265,l_1741325879.462.jpg
1,1,1,1,265,l_1741325883.121.jpg
1,1,1,1,265,l_1741325883.287.jpg
1,1,1,1,265,l_1742011550.401.jpg
1,1,1,1,265,l_1742011550.764.jpg
1,1,1,1,265,l_1742011551.367.jpg
1,1,1,1,265,l_1742011552.574.jpg
1,1,1,1,265,l_1742011553.930.jpg
1,1,1,1,265,l_1743639550.793.jpg
1,1,1,1,265,l_1743639550.855.jpg
1,1,1,1,265,l_1743639552.584.jpg
1,1,1,1,265,l_1743731532.277.jpg
1,1,1,1,265,l_1743731532.941.jpg
1,1,1,1,265,l_1743731533.600.jpg
1,1,1,1,265,l_1743731535.482.jpg
1,1,1,1,265,l_1743731535.803.jpg
1,1,1,1,265,l_1743731536.253.jpg
1,1,1,1,265,l_1745722468.635.jpg
1,1,1,1,265,l_1745722469.114.jpg
1,1,1,1,265,l_1745722469.484.jpg
1,1,1,1,265,l_1745722470.564.jpg
1,1,1,1,265,l_1745806138.213.jpg
1,1,1,1,265,l_1745806139.638.jpg
1,1,1,1,265,l_1745806140.385.jpg
1,1,1,1,265,l_1745806143.292.jpg
1,1,1,1,265,l_1745806143.387.jpg
1,1,1,1,265,l_1745806810.289.jpg
1,1,1,1,265,l_1745806812.992.jpg
1,1,1,1,265,l_1745806813.151.jpg
1,1,1,1,265,l_1746337966.648.jpg
1,1,1,1,265,l_1746337966.913.jpg
1,1,1,1,265,l_1746337967.143.jpg
1,1,1,1,265,l_1746876338.539.jpg
1,1,1,1,265,l_1746876339.785.jpg
1,1,1,1,265,l_1746876339.867.jpg
1,1,1,1,265,l_1746876340.162.jpg
1,1,1,1,265,l_1746876340.491.jpg
1,1,1,1,265,l_1746876340.967.jpg
1,1,1,1,265,l_1747207954.746.jpg
1,1,1,1,265,l_1747207956.359.jpg
1,1,1,1,266,l_1730966440.359.jpg
1,1,1,1,266,l_1730966445.151.jpg
1,1,1,1,266,l_1730966446.335.jpg
1,1,1,1,266,l_1730966447.640.jpg
1,1,1,1,266,l_1730966449.992.jpg
1,1,1,1,266,l_1736585186.153.jpg
1,1,1,1,266,l_1736585187.696.jpg
1,1,1,1,266,l_1736585188.258.jpg
1,1,1,1,266,l_1736585189.179.jpg
1,1,1,1,266,l_1736585189.559.jpg
1,1,1,1,266,l_1739966620.115.jpg
1,1,1,1,266,l_1739966621.128.jpg
1,1,1,1,266,l_1739966622.897.jpg
1,1,1,1,266,l_1739966624.819.jpg
1,1,1,1,266,l_1739966626.885.jpg
1,1,1,1,266,l_1741919932.930.jpg
1,1,1,1,266,l_1742528686.921.jpg
1,1,1,1,266,l_1742528687.247.jpg
1,1,1,1,266,l_1742528687.794.jpg
1,1,1,1,266,l_1742528689.379.jpg
1,1,1,1,266,l_1742528689.824.jpg
1,1,1,1,266,l_1742869983.366.jpg
1,1,1,1,266,l_1742869986.557.jpg
1,1,1,1,266,l_1742869986.715.jpg
1,1,1,1,266,l_1742869989.817.jpg
1,1,1,1,266,l_1742869994.557.jpg
1,1,1,1,266,l_1745393156.414.jpg
1,1,1,1,266,l_1745393156.652.jpg
1,1,1,1,266,l_1745393157.959.jpg
1,1,1,1,266,l_1745393158.369.jpg
1,1,1,1,266,l_1745393158.574.jpg
1,1,1,1,266,l_1745393159.986.jpg
1,1,1,1,266,l_1745393241.859.jpg
1,1,1,1,266,l_1745829499.359.jpg
1,1,1,1,266,l_1745829500.112.jpg
1,1,1,1,266,l_1745829500.682.jpg
1,1,1,1,266,l_1745829501.555.jpg
1,1,1,1,266,l_1745829502.195.jpg
1,1,1,1,266,l_1745829503.340.jpg
1,1,1,1,266,l_1745829504.645.jpg
1,1,1,1,266,l_1746164660.168.jpg
1,1,1,1,266,l_1746164661.260.jpg
1,1,1,1,266,l_1746164662.643.jpg
1,1,1,1,266,l_1746164666.801.jpg
1,1,1,1,266,l_1746426452.848.jpg
1,1,1,1,266,l_1746426453.608.jpg
1,1,1,1,266,l_1746426455.963.jpg
1,1,1,1,266,l_1746426456.427.jpg
1,1,1,1,266,l_1746431213.285.jpg
1,1,1,1,266,l_1746431215.938.jpg
1,1,1,1,266,l_1746540675.840.jpg
1,1,1,1,266,l_1746540676.219.jpg
1,1,1,1,266,l_1746540677.517.jpg
1,1,1,1,266,l_1746540687.366.jpg
1,1,1,1,266,l_1746606429.840.jpg
1,1,1,1,266,l_1746606431.458.jpg
1,1,1,1,266,l_1746606432.726.jpg
1,1,1,1,266,l_1746606433.151.jpg
1,1,1,1,266,l_1746606434.348.jpg
1,1,1,1,266,l_1746948235.700.jpg
1,1,1,1,266,l_1746948236.529.jpg
1,1,1,1,266,l_1746948240.497.jpg
1,1,1,1,266,l_1746948373.585.jpg
1,1,1,1,266,l_1746948373.696.jpg
1,1,1,1,266,l_1746948374.512.jpg
1,1,1,1,266,l_1746948374.779.jpg
1,1,1,1,266,l_1746948375.295.jpg
1,1,1,1,266,l_1747022998.532.jpg
1,1,1,1,266,l_1747023052.861.jpg
1,1,1,1,266,l_1747023053.559.jpg
1,1,1,1,266,l_1747023072.448.jpg
1,1,1,1,266,l_1747041712.948.jpg
1,1,1,1,266,l_1747041715.589.jpg
1,1,1,1,266,l_1747041717.593.jpg
1,1,1,1,266,l_1747042615.901.jpg
1,1,1,1,266,l_1747042616.175.jpg
1,1,1,1,266,l_1747042617.441.jpg
1,1,1,1,266,l_1747042620.191.jpg
1,1,1,1,266,l_1747042687.104.jpg
1,1,1,1,266,l_1747042791.133.jpg
1,1,1,1,266,l_1747042791.815.jpg
1,1,1,1,266,l_1747042792.280.jpg
1,1,1,1,266,l_1747042794.391.jpg
1,1,1,1,266,l_1747214657.434.jpg
1,1,1,1,266,l_1747214658.576.jpg
1,1,1,1,266,l_1747214658.803.jpg
1,1,1,1,266,l_1747214659.740.jpg
1,1,1,1,266,l_1747214660.255.jpg
1,1,1,1,266,l_1747214661.159.jpg
1,1,1,1,267,l_1729134228.504.jpg
1,1,1,1,267,l_1729134229.471.jpg
1,1,1,1,267,l_1729134230.250.jpg
1,1,1,1,267,l_1729134230.866.jpg
1,1,1,1,267,l_1737011299.516.jpg
1,1,1,1,267,l_1737011304.890.jpg
1,1,1,1,267,l_1737011309.170.jpg
1,1,1,1,267,l_1737011344.891.jpg
1,1,1,1,267,l_1738640456.428.jpg
1,1,1,1,267,l_1739940688.300.jpg
1,1,1,1,267,l_1739940689.330.jpg
1,1,1,1,267,l_1739940690.190.jpg
1,1,1,1,267,l_1739940691.429.jpg
1,1,1,1,267,l_1739940692.453.jpg
1,1,1,1,267,l_1739940693.493.jpg
1,1,1,1,267,l_1739940695.675.jpg
1,1,1,1,267,l_1739940754.183.jpg
1,1,1,1,267,l_1740712845.225.jpg
1,1,1,1,267,l_1740712846.558.jpg
1,1,1,1,267,l_1740712847.532.jpg
1,1,1,1,267,l_1740712852.940.jpg
1,1,1,1,267,l_1740712853.977.jpg
1,1,1,1,267,l_1742194386.437.jpg
1,1,1,1,267,l_1742194387.497.jpg
1,1,1,1,267,l_1742194388.153.jpg
1,1,1,1,267,l_1742194388.863.jpg
1,1,1,1,267,l_1742194390.212.jpg
1,1,1,1,267,l_1743258519.799.jpg
1,1,1,1,267,l_1743258520.529.jpg
1,1,1,1,267,l_1743557015.133.jpg
1,1,1,1,267,l_1743557015.926.jpg
1,1,1,1,267,l_1743647260.210.jpg
1,1,1,1,267,l_1743647264.119.jpg
1,1,1,1,267,l_1743647266.705.jpg
1,1,1,1,267,l_1743647267.867.jpg
1,1,1,1,267,l_1743647270.655.jpg
1,1,1,1,267,l_1744355822.905.jpg
1,1,1,1,267,l_1744355824.919.jpg
1,1,1,1,267,l_1744355825.636.jpg
1,1,1,1,267,l_1744355826.210.jpg
1,1,1,1,267,l_1744356337.987.jpg
1,1,1,1,267,l_1744356342.320.jpg
1,1,1,1,267,l_1744356342.978.jpg
1,1,1,1,267,l_1744356343.602.jpg
1,1,1,1,267,l_1744356344.982.jpg
1,1,1,1,267,l_1744884262.290.jpg
1,1,1,1,267,l_1744884262.946.jpg
1,1,1,1,267,l_1744884263.132.jpg
1,1,1,1,267,l_1744884263.497.jpg
1,1,1,1,267,l_1744884264.395.jpg
1,1,1,1,267,l_1744884264.808.jpg
1,1,1,1,267,l_1745294399.257.jpg
1,1,1,1,267,l_1745294401.676.jpg
1,1,1,1,267,l_1745294405.313.jpg
1,1,1,1,267,l_1745294448.484.jpg
1,1,1,1,267,l_1745733330.805.jpg
1,1,1,1,267,l_1745733331.171.jpg
1,1,1,1,267,l_1745733331.461.jpg
1,1,1,1,267,l_1745733332.316.jpg
1,1,1,1,267,l_1745733332.669.jpg
1,1,1,1,267,l_1745733333.393.jpg
1,1,1,1,267,l_1746411328.767.jpg
1,1,1,1,267,l_1746411332.129.jpg
1,1,1,1,267,l_1746411332.787.jpg
1,1,1,1,267,l_1746850583.754.jpg
1,1,1,1,267,l_1747033939.142.jpg
1,1,1,1,267,l_1747033939.610.jpg
1,1,1,1,267,l_1747033940.145.jpg
1,1,1,1,267,l_1747033940.246.jpg
1,1,1,1,267,l_1747033942.119.jpg
1,1,1,1,267,l_1747034115.311.jpg
1,1,1,1,267,l_1747034115.781.jpg
1,1,1,1,267,l_1747034116.374.jpg
1,1,1,1,267,l_1747034116.847.jpg
1,1,1,1,267,l_1747034117.746.jpg
1,1,1,1,267,l_1747034120.990.jpg
1,1,1,1,267,l_1747061818.959.jpg
1,1,1,1,267,l_1747061819.226.jpg
1,1,1,1,267,l_1747061819.760.jpg
1,1,1,1,267,l_1747061820.586.jpg
1,1,1,1,267,l_1747061820.905.jpg
1,1,1,1,267,l_1747061821.311.jpg
1,1,1,1,267,l_1747099126.412.jpg
1,1,1,1,267,l_1747099127.860.jpg
1,1,1,1,267,l_1747099128.357.jpg
1,1,1,1,267,l_1747099128.898.jpg
1,1,1,1,267,l_1747099129.258.jpg
1,1,1,1,267,l_1747215352.248.jpg
1,1,1,1,267,l_1747215353.833.jpg
1,1,1,1,275,l_1721719235.776.jpg
1,1,1,1,275,l_1721719237.378.jpg
1,1,1,1,275,l_1721719238.448.jpg
1,1,1,1,275,l_1721719238.856.jpg
1,1,1,1,275,l_1721719239.642.jpg
1,1,1,1,275,l_1738890882.206.jpg
1,1,1,1,275,l_1738890883.194.jpg
1,1,1,1,275,l_1738890884.171.jpg
1,1,1,1,275,l_1738890884.923.jpg
1,1,1,1,275,l_1738890886.804.jpg
1,1,1,1,275,l_1738890887.694.jpg
1,1,1,1,275,l_1740859121.455.jpg
1,1,1,1,275,l_1740859122.202.jpg
1,1,1,1,275,l_1740859123.896.jpg
1,1,1,1,275,l_1740859134.710.jpg
1,1,1,1,275,l_1740859135.923.jpg
1,1,1,1,275,l_1741590376.237.jpg
1,1,1,1,275,l_1741590376.994.jpg
1,1,1,1,275,l_1741590377.913.jpg
1,1,1,1,275,l_1741590378.845.jpg
1,1,1,1,275,l_1741590379.105.jpg
1,1,1,1,275,l_1741919812.228.jpg
1,1,1,1,275,l_1741919813.142.jpg
1,1,1,1,275,l_1741919814.763.jpg
1,1,1,1,275,l_1741919815.241.jpg
1,1,1,1,275,l_1741919816.182.jpg
1,1,1,1,275,l_1741919817.353.jpg
1,1,1,1,275,l_1743767076.390.jpg
1,1,1,1,275,l_1743767077.458.jpg
1,1,1,1,275,l_1743767077.527.jpg
1,1,1,1,275,l_1743767078.649.jpg
1,1,1,1,275,l_1743767078.992.jpg
1,1,1,1,275,l_1744624461.777.jpg
1,1,1,1,275,l_1744624462.615.jpg
1,1,1,1,275,l_1744969381.637.jpg
1,1,1,1,275,l_1744969385.889.jpg
1,1,1,1,275,l_1744969388.320.jpg
1,1,1,1,275,l_1744969391.310.jpg
1,1,1,1,275,l_1744969394.897.jpg
1,1,1,1,275,l_1744969397.172.jpg
1,1,1,1,275,l_1745384297.356.jpg
1,1,1,1,275,l_1745384298.158.jpg
1,1,1,1,275,l_1745384299.354.jpg
1,1,1,1,275,l_1745384300.534.jpg
1,1,1,1,275,l_1745384301.329.jpg
1,1,1,1,275,l_1746667918.278.jpg
1,1,1,1,275,l_1746667918.746.jpg
1,1,1,1,275,l_1746667919.736.jpg
1,1,1,1,275,l_1746667919.791.jpg
1,1,1,1,275,l_1746758229.792.jpg
1,1,1,1,275,l_1746758230.466.jpg
1,1,1,1,275,l_1746758230.894.jpg
1,1,1,1,275,l_1746758232.182.jpg
1,1,1,1,275,l_1746758233.127.jpg
1,1,1,1,275,l_1746758234.425.jpg
1,1,1,1,275,l_1746759420.474.jpg
1,1,1,1,275,l_1746759421.393.jpg
1,1,1,1,275,l_1746759424.483.jpg
1,1,1,1,275,l_1746759425.552.jpg
1,1,1,1,275,l_1746802576.212.jpg
1,1,1,1,275,l_1746802576.794.jpg
1,1,1,1,275,l_1747041047.121.jpg
1,1,1,1,275,l_1747041048.825.jpg
1,1,1,1,275,l_1747041049.576.jpg
1,1,1,1,275,l_1747041052.102.jpg
1,1,1,1,275,l_1747041053.750.jpg
1,1,1,1,275,l_1747041055.765.jpg
1,1,1,1,275,l_1747041056.255.jpg
1,1,1,1,275,l_1747132882.441.jpg
1,1,1,1,275,l_1747132909.743.jpg
1,1,1,1,275,l_1747132929.731.jpg
1,1,1,1,275,l_1747132930.450.jpg
1,1,1,1,275,l_1747132931.498.jpg
1,1,1,1,275,l_1747185044.891.jpg
1,1,1,1,275,l_1747185045.909.jpg
1,1,1,1,275,l_1747185046.832.jpg
1,1,1,1,275,l_1747185047.812.jpg
1,1,1,1,275,l_1747185048.441.jpg
1,1,1,1,275,l_1747218479.451.jpg
1,1,1,1,275,l_1747218480.617.jpg
1,1,1,1,275,l_1747218481.223.jpg
1,1,1,1,275,l_1747218481.700.jpg
1,1,1,1,275,l_1747218486.492.jpg
1,1,1,1,275,l_1747219319.902.jpg
1,1,1,1,275,l_1747219320.167.jpg
1,1,1,1,275,l_1747219320.857.jpg
1,1,1,1,275,l_1747219321.996.jpg
1,1,1,1,275,l_1747219323.592.jpg
1,1,1,1,275,l_1747219323.719.jpg
1,1,1,1,275,l_1747219513.622.jpg
1,1,1,1,275,l_1747219515.914.jpg
1,1,1,1,275,l_1747219516.683.jpg
1,1,1,1,275,l_1747219686.487.jpg
1,1,1,1,275,l_1747219688.198.jpg
1,1,1,1,275,l_1747219689.751.jpg
1,1,1,1,275,l_1747219691.816.jpg
1,1,1,1,276,l_1740372406.938.jpg
1,1,1,1,276,l_1740372407.656.jpg
1,1,1,1,276,l_1740372407.827.jpg
1,1,1,1,276,l_1740372408.101.jpg
1,1,1,1,276,l_1740372409.468.jpg
1,1,1,1,276,l_1740372410.976.jpg
1,1,1,1,276,l_1740629694.125.jpg
1,1,1,1,276,l_1740629694.846.jpg
1,1,1,1,276,l_1740629695.166.jpg
1,1,1,1,276,l_1740629695.271.jpg
1,1,1,1,276,l_1740629696.194.jpg
1,1,1,1,276,l_1741746228.449.jpg
1,1,1,1,276,l_1741746230.825.jpg
1,1,1,1,276,l_1741746232.158.jpg
1,1,1,1,276,l_1741746234.442.jpg
1,1,1,1,276,l_1741746236.141.jpg
1,1,1,1,276,l_1742007808.190.jpg
1,1,1,1,276,l_1742007812.698.jpg
1,1,1,1,276,l_1742007815.869.jpg
1,1,1,1,276,l_1742650937.583.jpg
1,1,1,1,276,l_1742650939.822.jpg
1,1,1,1,276,l_1742650941.305.jpg
1,1,1,1,276,l_1742650943.758.jpg
1,1,1,1,276,l_1742650951.101.jpg
1,1,1,1,276,l_1743150268.360.jpg
1,1,1,1,276,l_1743150269.158.jpg
1,1,1,1,276,l_1743150270.711.jpg
1,1,1,1,276,l_1743150271.382.jpg
1,1,1,1,276,l_1743150272.938.jpg
1,1,1,1,276,l_1743590527.526.jpg
1,1,1,1,276,l_1743590528.205.jpg
1,1,1,1,276,l_1743590528.706.jpg
1,1,1,1,276,l_1743590529.801.jpg
1,1,1,1,276,l_1743590530.100.jpg
1,1,1,1,276,l_1744587375.446.jpg
1,1,1,1,276,l_1744587376.987.jpg
1,1,1,1,276,l_1744794817.127.jpg
1,1,1,1,276,l_1744794818.592.jpg
1,1,1,1,276,l_1744794819.584.jpg
1,1,1,1,276,l_1744794820.580.jpg
1,1,1,1,276,l_1744794822.720.jpg
1,1,1,1,276,l_1744856728.266.jpg
1,1,1,1,276,l_1744856729.394.jpg
1,1,1,1,276,l_1744856729.948.jpg
1,1,1,1,276,l_1744856730.894.jpg
1,1,1,1,276,l_1745050945.982.jpg
1,1,1,1,276,l_1745050948.302.jpg
1,1,1,1,276,l_1745050950.213.jpg
1,1,1,1,276,l_1745050964.129.jpg
1,1,1,1,276,l_1745475673.639.jpg
1,1,1,1,276,l_1745475673.900.jpg
1,1,1,1,276,l_1745475677.480.jpg
1,1,1,1,276,l_1745475677.743.jpg
1,1,1,1,276,l_1745555668.547.jpg
1,1,1,1,276,l_1745555669.671.jpg
1,1,1,1,276,l_1745555670.286.jpg
1,1,1,1,276,l_1745555670.551.jpg
1,1,1,1,276,l_1745834170.806.jpg
1,1,1,1,276,l_1745834171.536.jpg
1,1,1,1,276,l_1745834175.754.jpg
1,1,1,1,276,l_1745910193.709.jpg
1,1,1,1,276,l_1745910194.873.jpg
1,1,1,1,276,l_1745910195.165.jpg
1,1,1,1,276,l_1745910196.419.jpg
1,1,1,1,276,l_1745910198.808.jpg
1,1,1,1,276,l_1746525219.798.jpg
1,1,1,1,276,l_1746525221.841.jpg
1,1,1,1,276,l_1746525221.957.jpg
1,1,1,1,276,l_1746525222.103.jpg
1,1,1,1,276,l_1746697130.724.jpg
1,1,1,1,276,l_1746697131.549.jpg
1,1,1,1,276,l_1746697131.875.jpg
1,1,1,1,276,l_1746697132.320.jpg
1,1,1,1,276,l_1746697132.356.jpg
1,1,1,1,276,l_1746764158.328.jpg
1,1,1,1,276,l_1746764159.273.jpg
1,1,1,1,276,l_1746764160.279.jpg
1,1,1,1,276,l_1746764161.767.jpg
1,1,1,1,276,l_1746764163.445.jpg
1,1,1,1,276,l_1746963411.495.jpg
1,1,1,1,276,l_1746963414.829.jpg
1,1,1,1,276,l_1746963416.133.jpg
1,1,1,1,276,l_1746963420.243.jpg
1,1,1,1,276,l_1746963421.616.jpg
1,1,1,1,276,l_1747216340.734.jpg
1,1,1,1,276,l_1747216341.507.jpg
1,1,1,1,276,l_1747216342.151.jpg
1,1,1,1,276,l_1747216342.851.jpg
1,1,1,1,277,l_1723727938.618.jpg
1,1,1,1,277,l_1723727941.979.jpg
1,1,1,1,277,l_1723727944.684.jpg
1,1,1,1,277,l_1723727946.544.jpg
1,1,1,1,277,l_1723727949.215.jpg
1,1,1,1,277,l_1732755868.940.jpg
1,1,1,1,277,l_1732755869.420.jpg
1,1,1,1,277,l_1732755869.585.jpg
1,1,1,1,277,l_1732755871.481.jpg
1,1,1,1,277,l_1732755872.323.jpg
1,1,1,1,277,l_1732755872.480.jpg
1,1,1,1,277,l_1733285097.285.jpg
1,1,1,1,277,l_1733285097.974.jpg
1,1,1,1,277,l_1733285098.414.jpg
1,1,1,1,277,l_1734402317.290.jpg
1,1,1,1,277,l_1734402319.844.jpg
1,1,1,1,277,l_1734402323.117.jpg
1,1,1,1,277,l_1734402330.883.jpg
1,1,1,1,277,l_1734402332.535.jpg
1,1,1,1,277,l_1734422824.901.jpg
1,1,1,1,277,l_1734422832.541.jpg
1,1,1,1,277,l_1734422834.815.jpg
1,1,1,1,277,l_1734664953.469.jpg
1,1,1,1,277,l_1734664953.611.jpg
1,1,1,1,277,l_1734664954.489.jpg
1,1,1,1,277,l_1734664954.662.jpg
1,1,1,1,277,l_1734664955.758.jpg
1,1,1,1,277,l_1737965958.457.jpg
1,1,1,1,277,l_1737965959.542.jpg
1,1,1,1,277,l_1737965959.717.jpg
1,1,1,1,277,l_1737965960.407.jpg
1,1,1,1,277,l_1737965960.589.jpg
1,1,1,1,277,l_1738636291.260.jpg
1,1,1,1,277,l_1738636291.998.jpg
1,1,1,1,277,l_1738636292.168.jpg
1,1,1,1,277,l_1738636292.677.jpg
1,1,1,1,277,l_1738636293.235.jpg
1,1,1,1,277,l_1738636294.505.jpg
1,1,1,1,277,l_1740538912.888.jpg
1,1,1,1,277,l_1740538923.745.jpg
1,1,1,1,277,l_1740538935.624.jpg
1,1,1,1,277,l_1740538937.884.jpg
1,1,1,1,277,l_1741060537.803.jpg
1,1,1,1,277,l_1741060538.716.jpg
1,1,1,1,277,l_1741060541.496.jpg
1,1,1,1,277,l_1741060542.488.jpg
1,1,1,1,277,l_1741089496.158.jpg
1,1,1,1,277,l_1741089496.837.jpg
1,1,1,1,277,l_1741089497.182.jpg
1,1,1,1,277,l_1741089500.247.jpg
1,1,1,1,277,l_1742183448.321.jpg
1,1,1,1,277,l_1742183450.325.jpg
1,1,1,1,277,l_1742183456.818.jpg
1,1,1,1,277,l_1742183457.630.jpg
1,1,1,1,277,l_1742183556.545.jpg
1,1,1,1,277,l_1742183557.892.jpg
1,1,1,1,277,l_1742183563.831.jpg
1,1,1,1,277,l_1742183564.246.jpg
1,1,1,1,277,l_1742183564.984.jpg
1,1,1,1,277,l_1742183637.336.jpg
1,1,1,1,277,l_1742183639.911.jpg
1,1,1,1,277,l_1742183640.727.jpg
1,1,1,1,277,l_1742183641.810.jpg
1,1,1,1,277,l_1742183643.949.jpg
1,1,1,1,277,l_1742382051.820.jpg
1,1,1,1,277,l_1742382052.660.jpg
1,1,1,1,277,l_1742382053.215.jpg
1,1,1,1,277,l_1742607233.437.jpg
1,1,1,1,277,l_1742607247.780.jpg
1,1,1,1,277,l_1744458942.832.jpg
1,1,1,1,277,l_1744458943.261.jpg
1,1,1,1,277,l_1744458944.114.jpg
1,1,1,1,277,l_1744458944.502.jpg
1,1,1,1,277,l_1745027839.108.jpg
1,1,1,1,277,l_1745027839.275.jpg
1,1,1,1,277,l_1745027840.118.jpg
1,1,1,1,277,l_1745027843.763.jpg
1,1,1,1,277,l_1745310327.638.jpg
1,1,1,1,277,l_1745310329.142.jpg
1,1,1,1,277,l_1745310330.952.jpg
1,1,1,1,277,l_1745310331.849.jpg
1,1,1,1,277,l_1745310332.201.jpg
1,1,1,1,277,l_1746773889.483.jpg
1,1,1,1,277,l_1746773889.816.jpg
1,1,1,1,277,l_1746773892.138.jpg
1,1,1,1,277,l_1746773892.471.jpg
1,1,1,1,277,l_1746773893.898.jpg
1,1,1,1,277,l_1746773893.980.jpg
1,1,1,1,278,l_1709808341.199.jpg
1,1,1,1,278,l_1709808346.914.jpg
1,1,1,1,278,l_1709808348.758.jpg
1,1,1,1,278,l_1709808350.707.jpg
1,1,1,1,278,l_1721205179.530.jpg
1,1,1,1,278,l_1721205179.909.jpg
1,1,1,1,278,l_1721205180.792.jpg
1,1,1,1,278,l_1721205183.254.jpg
1,1,1,1,278,l_1721205183.822.jpg
1,1,1,1,278,l_1721723824.613.jpg
1,1,1,1,278,l_1721723824.746.jpg
1,1,1,1,278,l_1721723825.453.jpg
1,1,1,1,278,l_1721723825.638.jpg
1,1,1,1,278,l_1721723826.589.jpg
1,1,1,1,278,l_1733468038.511.jpg
1,1,1,1,278,l_1733468038.521.jpg
1,1,1,1,278,l_1738810540.941.jpg
1,1,1,1,278,l_1738810546.715.jpg
1,1,1,1,278,l_1738810548.416.jpg
1,1,1,1,278,l_1738894600.711.jpg
1,1,1,1,278,l_1738894602.676.jpg
1,1,1,1,278,l_1738894603.239.jpg
1,1,1,1,278,l_1738894608.535.jpg
1,1,1,1,278,l_1741576930.764.jpg
1,1,1,1,278,l_1741576930.924.jpg
1,1,1,1,278,l_1741576931.367.jpg
1,1,1,1,278,l_1741576932.874.jpg
1,1,1,1,278,l_1741576933.345.jpg
1,1,1,1,278,l_1743688785.487.jpg
1,1,1,1,278,l_1743688786.104.jpg
1,1,1,1,278,l_1743688787.665.jpg
1,1,1,1,278,l_1743688788.676.jpg
1,1,1,1,278,l_1743688789.808.jpg
1,1,1,1,278,l_1743688789.820.jpg
1,1,1,1,278,l_1745630327.511.jpg
1,1,1,1,278,l_1745630327.888.jpg
1,1,1,1,278,l_1745630329.719.jpg
1,1,1,1,278,l_1745630329.812.jpg
1,1,1,1,278,l_1745630331.270.jpg
1,1,1,1,278,l_1746521343.153.jpg
1,1,1,1,278,l_1746521344.826.jpg
1,1,1,1,278,l_1746521344.912.jpg
1,1,1,1,278,l_1746521345.203.jpg
1,1,1,1,278,l_1746521346.908.jpg
1,1,1,1,278,l_1746522139.695.jpg
1,1,1,1,278,l_1746522140.636.jpg
1,1,1,1,278,l_1746522141.837.jpg
1,1,1,1,278,l_1746522141.974.jpg
1,1,1,1,278,l_1746522338.896.jpg
1,1,1,1,278,l_1746522339.834.jpg
1,1,1,1,278,l_1746522340.628.jpg
1,1,1,1,278,l_1746694726.719.jpg
1,1,1,1,278,l_1746694727.618.jpg
1,1,1,1,278,l_1746694727.847.jpg
1,1,1,1,278,l_1746782868.512.jpg
1,1,1,1,278,l_1746782869.357.jpg
1,1,1,1,278,l_1746782869.465.jpg
1,1,1,1,278,l_1746782870.834.jpg
1,1,1,1,278,l_1746782874.774.jpg
1,1,1,1,278,l_1746860292.933.jpg
1,1,1,1,278,l_1746860293.136.jpg
1,1,1,1,278,l_1746860294.563.jpg
1,1,1,1,278,l_1746860295.519.jpg
1,1,1,1,278,l_1746860295.858.jpg
1,1,1,1,278,l_1747014599.558.jpg
1,1,1,1,278,l_1747014600.835.jpg
1,1,1,1,278,l_1747014600.998.jpg
1,1,1,1,278,l_1747014601.475.jpg
1,1,1,1,278,l_1747185019.455.jpg
1,1,1,1,278,l_1747185019.504.jpg
1,1,1,1,278,l_1747185024.262.jpg
1,1,1,1,278,l_1747185024.857.jpg
1,1,1,1,278,l_1747207753.301.jpg
1,1,1,1,278,l_1747207755.328.jpg
1,1,1,1,278,l_1747207757.539.jpg
1,1,1,1,279,l_1733192472.339.jpg
1,1,1,1,279,l_1733192474.538.jpg
1,1,1,1,279,l_1733192476.245.jpg
1,1,1,1,279,l_1733192477.385.jpg
1,1,1,1,279,l_1733192478.426.jpg
1,1,1,1,279,l_1733192478.706.jpg
1,1,1,1,279,l_1733192480.522.jpg
1,1,1,1,279,l_1734072440.359.jpg
1,1,1,1,279,l_1734072442.634.jpg
1,1,1,1,279,l_1734072442.935.jpg
1,1,1,1,279,l_1734072444.926.jpg
1,1,1,1,279,l_1734072467.520.jpg
1,1,1,1,279,l_1734072468.572.jpg
1,1,1,1,279,l_1735784430.789.jpg
1,1,1,1,279,l_1735784431.552.jpg
1,1,1,1,279,l_1735784432.393.jpg
1,1,1,1,279,l_1735784434.765.jpg
1,1,1,1,279,l_1735784438.551.jpg
1,1,1,1,279,l_1736216469.118.jpg
1,1,1,1,279,l_1736216471.811.jpg
1,1,1,1,279,l_1736216473.629.jpg
1,1,1,1,279,l_1736216474.974.jpg
1,1,1,1,279,l_1736216475.208.jpg
1,1,1,1,279,l_1736233373.539.jpg
1,1,1,1,279,l_1736233374.764.jpg
1,1,1,1,279,l_1736233377.446.jpg
1,1,1,1,279,l_1736233378.104.jpg
1,1,1,1,279,l_1736997382.559.jpg
1,1,1,1,279,l_1736997388.614.jpg
1,1,1,1,279,l_1736997393.297.jpg
1,1,1,1,279,l_1736997395.325.jpg
1,1,1,1,279,l_1736997401.946.jpg
1,1,1,1,279,l_1741236616.602.jpg
1,1,1,1,279,l_1741236617.363.jpg
1,1,1,1,279,l_1741236618.437.jpg
1,1,1,1,279,l_1741236621.186.jpg
1,1,1,1,279,l_1741406653.924.jpg
1,1,1,1,279,l_1741406655.662.jpg
1,1,1,1,279,l_1741406656.996.jpg
1,1,1,1,279,l_1741406657.946.jpg
1,1,1,1,279,l_1741406658.610.jpg
1,1,1,1,279,l_1741406659.593.jpg
1,1,1,1,279,l_1742217096.322.jpg
1,1,1,1,279,l_1742217098.687.jpg
1,1,1,1,279,l_1742217100.933.jpg
1,1,1,1,279,l_1743809965.720.jpg
1,1,1,1,279,l_1743809966.732.jpg
1,1,1,1,279,l_1743809967.539.jpg
1,1,1,1,279,l_1744565557.155.jpg
1,1,1,1,279,l_1744565558.570.jpg
1,1,1,1,279,l_1744565559.106.jpg
1,1,1,1,279,l_1744565559.206.jpg
1,1,1,1,279,l_1744565560.565.jpg
1,1,1,1,279,l_1746204391.594.jpg
1,1,1,1,279,l_1746204391.930.jpg
1,1,1,1,279,l_1746204392.246.jpg
1,1,1,1,279,l_1746204393.256.jpg
1,1,1,1,279,l_1746204589.289.jpg
1,1,1,1,279,l_1746204590.705.jpg
1,1,1,1,279,l_1746204591.521.jpg
1,1,1,1,279,l_1746204591.883.jpg
1,1,1,1,279,l_1746516122.871.jpg
1,1,1,1,279,l_1746516123.876.jpg
1,1,1,1,279,l_1746516124.235.jpg
1,1,1,1,279,l_1746516124.822.jpg
1,1,1,1,279,l_1746516126.596.jpg
1,1,1,1,279,l_1746604150.392.jpg
1,1,1,1,279,l_1746604152.835.jpg
1,1,1,1,279,l_1746604153.874.jpg
1,1,1,1,279,l_1746604154.824.jpg
1,1,1,1,279,l_1746604213.241.jpg
1,1,1,1,279,l_1746758378.708.jpg
1,1,1,1,279,l_1746758379.837.jpg
1,1,1,1,279,l_1746758380.839.jpg
1,1,1,1,279,l_1746758381.954.jpg
1,1,1,1,279,l_1746758383.281.jpg
1,1,1,1,279,l_1746774449.802.jpg
1,1,1,1,279,l_1746774450.667.jpg
1,1,1,1,279,l_1746774451.364.jpg
1,1,1,1,279,l_1746774454.263.jpg
1,1,1,1,279,l_1746774455.373.jpg
1,1,1,1,279,l_1746866707.951.jpg
1,1,1,1,279,l_1746866711.748.jpg
1,1,1,1,279,l_1746866714.511.jpg
1,1,1,1,279,l_1746866716.345.jpg
1,1,1,1,279,l_1746866826.252.jpg
1,1,1,1,279,l_1746956393.258.jpg
1,1,1,1,279,l_1746956393.418.jpg
1,1,1,1,279,l_1746956394.757.jpg
1,1,1,1,279,l_1746956394.969.jpg
1,1,1,1,279,l_1746956395.607.jpg
1,1,1,1,279,l_1747099885.494.jpg
1,1,1,1,279,l_1747099886.107.jpg
1,1,1,1,279,l_1747099886.169.jpg
1,1,1,1,279,l_1747099887.219.jpg
1,1,1,1,279,l_1747099888.708.jpg
1,1,1,1,280,l_1659501779.379.jpg
1,1,1,1,280,l_1659501779.669.jpg
1,1,1,1,280,l_1659501780.364.jpg
1,1,1,1,280,l_1698467954.111.jpg
1,1,1,1,280,l_1698467955.798.jpg
1,1,1,1,280,l_1698467955.878.jpg
1,1,1,1,280,l_1698467956.614.jpg
1,1,1,1,280,l_1698467957.187.jpg
1,1,1,1,280,l_1704256981.625.jpg
1,1,1,1,280,l_1704256984.814.jpg
1,1,1,1,280,l_1704256990.720.jpg
1,1,1,1,280,l_1704256992.777.jpg
1,1,1,1,280,l_1731914850.149.jpg
1,1,1,1,280,l_1731914851.221.jpg
1,1,1,1,280,l_1732012837.548.jpg
1,1,1,1,280,l_1732012837.552.jpg
1,1,1,1,280,l_1732012840.236.jpg
1,1,1,1,280,l_1736932944.486.jpg
1,1,1,1,280,l_1736932944.762.jpg
1,1,1,1,280,l_1736932945.561.jpg
1,1,1,1,280,l_1736932945.613.jpg
1,1,1,1,280,l_1740373301.272.jpg
1,1,1,1,280,l_1740373302.570.jpg
1,1,1,1,280,l_1740373303.679.jpg
1,1,1,1,280,l_1740373304.782.jpg
1,1,1,1,280,l_1740373402.567.jpg
1,1,1,1,280,l_1740967857.743.jpg
1,1,1,1,280,l_1740967859.483.jpg
1,1,1,1,280,l_1740967861.465.jpg
1,1,1,1,280,l_1740967861.657.jpg
1,1,1,1,280,l_1740967862.629.jpg
1,1,1,1,280,l_1740967864.791.jpg
1,1,1,1,280,l_1742464358.606.jpg
1,1,1,1,280,l_1742464361.440.jpg
1,1,1,1,280,l_1742464362.259.jpg
1,1,1,1,280,l_1742464466.750.jpg
1,1,1,1,280,l_1745310643.475.jpg
1,1,1,1,280,l_1745310643.565.jpg
1,1,1,1,280,l_1745310644.365.jpg
1,1,1,1,280,l_1745310645.437.jpg
1,1,1,1,280,l_1745310645.692.jpg
1,1,1,1,280,l_1745563477.351.jpg
1,1,1,1,280,l_1745563478.209.jpg
1,1,1,1,280,l_1745563480.872.jpg
1,1,1,1,280,l_1745563483.924.jpg
1,1,1,1,280,l_1745669274.169.jpg
1,1,1,1,280,l_1745669274.466.jpg
1,1,1,1,280,l_1745669275.134.jpg
1,1,1,1,280,l_1745669276.177.jpg
1,1,1,1,280,l_1745669277.891.jpg
1,1,1,1,280,l_1746186041.345.jpg
1,1,1,1,280,l_1746186044.774.jpg
1,1,1,1,280,l_1746186046.295.jpg
1,1,1,1,280,l_1746186048.929.jpg
1,1,1,1,280,l_1746186050.723.jpg
1,1,1,1,280,l_1746186053.980.jpg
1,1,1,1,280,l_1746230563.143.jpg
1,1,1,1,280,l_1746230563.333.jpg
1,1,1,1,280,l_1746230564.329.jpg
1,1,1,1,280,l_1746230564.750.jpg
1,1,1,1,280,l_1746230565.744.jpg
1,1,1,1,280,l_1746410862.333.jpg
1,1,1,1,280,l_1746410864.742.jpg
1,1,1,1,280,l_1746410869.906.jpg
1,1,1,1,280,l_1746410872.987.jpg
1,1,1,1,280,l_1746418838.830.jpg
1,1,1,1,280,l_1746418839.195.jpg
1,1,1,1,280,l_1746418843.714.jpg
1,1,1,1,280,l_1746418844.554.jpg
1,1,1,1,280,l_1746418845.478.jpg
1,1,1,1,280,l_1746511628.107.jpg
1,1,1,1,280,l_1746511628.182.jpg
1,1,1,1,280,l_1746511629.278.jpg
1,1,1,1,280,l_1746511629.658.jpg
1,1,1,1,280,l_1746511630.535.jpg
1,1,1,1,280,l_1746511630.770.jpg
1,1,1,1,280,l_1746751920.424.jpg
1,1,1,1,280,l_1746751922.431.jpg
1,1,1,1,280,l_1746751923.604.jpg
1,1,1,1,280,l_1746751923.729.jpg
1,1,1,1,280,l_1746751926.851.jpg
1,1,1,1,280,l_1746765749.857.jpg
1,1,1,1,280,l_1746765750.354.jpg
1,1,1,1,280,l_1746765752.203.jpg
1,1,1,1,280,l_1746765753.190.jpg
1,1,1,1,280,l_1746765754.826.jpg
1,1,1,1,281,l_1717492132.583.jpg
1,1,1,1,281,l_1717492132.840.jpg
1,1,1,1,281,l_1717492133.142.jpg
1,1,1,1,281,l_1717492133.586.jpg
1,1,1,1,281,l_1717492134.716.jpg
1,1,1,1,281,l_1717492135.527.jpg
1,1,1,1,281,l_1720256142.873.jpg
1,1,1,1,281,l_1720256143.881.jpg
1,1,1,1,281,l_1720256144.598.jpg
1,1,1,1,281,l_1720256145.394.jpg
1,1,1,1,281,l_1720256146.175.jpg
1,1,1,1,281,l_1739604150.680.jpg
1,1,1,1,281,l_1739604151.236.jpg
1,1,1,1,281,l_1739604154.975.jpg
1,1,1,1,281,l_1739604156.287.jpg
1,1,1,1,281,l_1740148059.124.jpg
1,1,1,1,281,l_1740148059.366.jpg
1,1,1,1,281,l_1740148060.977.jpg
1,1,1,1,281,l_1740148061.506.jpg
1,1,1,1,281,l_1740148062.919.jpg
1,1,1,1,281,l_1741313773.414.jpg
1,1,1,1,281,l_1741313775.195.jpg
1,1,1,1,281,l_1741313779.767.jpg
1,1,1,1,281,l_1741313784.494.jpg
1,1,1,1,281,l_1741503409.215.jpg
1,1,1,1,281,l_1741503409.851.jpg
1,1,1,1,281,l_1741503410.441.jpg
1,1,1,1,281,l_1741503414.649.jpg
1,1,1,1,281,l_1742316911.921.jpg
1,1,1,1,281,l_1742316912.596.jpg
1,1,1,1,281,l_1742316912.956.jpg
1,1,1,1,281,l_1742316913.167.jpg
1,1,1,1,281,l_1742316913.218.jpg
1,1,1,1,281,l_1742545431.119.jpg
1,1,1,1,281,l_1742545433.202.jpg
1,1,1,1,281,l_1742545434.369.jpg
1,1,1,1,281,l_1742545437.644.jpg
1,1,1,1,281,l_1742545440.808.jpg
1,1,1,1,281,l_1742725459.588.jpg
1,1,1,1,281,l_1742725459.692.jpg
1,1,1,1,281,l_1742725460.992.jpg
1,1,1,1,281,l_1742725461.818.jpg
1,1,1,1,281,l_1742725461.970.jpg
1,1,1,1,281,l_1742784891.706.jpg
1,1,1,1,281,l_1742784894.511.jpg
1,1,1,1,281,l_1742784902.862.jpg
1,1,1,1,281,l_1742880380.569.jpg
1,1,1,1,281,l_1742880386.661.jpg
1,1,1,1,281,l_1742880396.289.jpg
1,1,1,1,281,l_1742880404.497.jpg
1,1,1,1,281,l_1742880407.889.jpg
1,1,1,1,281,l_1743251482.229.jpg
1,1,1,1,281,l_1743251483.303.jpg
1,1,1,1,281,l_1743251484.506.jpg
1,1,1,1,281,l_1743251484.525.jpg
1,1,1,1,281,l_1743251488.446.jpg
1,1,1,1,281,l_1743387285.722.jpg
1,1,1,1,281,l_1743387289.184.jpg
1,1,1,1,281,l_1743387292.267.jpg
1,1,1,1,281,l_1743387310.647.jpg
1,1,1,1,281,l_1743387314.704.jpg
1,1,1,1,281,l_1744460338.178.jpg
1,1,1,1,281,l_1744460339.280.jpg
1,1,1,1,281,l_1744460339.624.jpg
1,1,1,1,281,l_1745315088.369.jpg
1,1,1,1,281,l_1745315088.813.jpg
1,1,1,1,281,l_1745315089.765.jpg
1,1,1,1,281,l_1745315090.159.jpg
1,1,1,1,281,l_1745315090.744.jpg
1,1,1,1,281,l_1745315091.731.jpg
1,1,1,1,281,l_1745371461.533.jpg
1,1,1,1,281,l_1745371464.621.jpg
1,1,1,1,281,l_1745371466.265.jpg
1,1,1,1,281,l_1745371469.644.jpg
1,1,1,1,281,l_1745371472.642.jpg
1,1,1,1,281,l_1745499683.353.jpg
1,1,1,1,281,l_1745499685.271.jpg
1,1,1,1,281,l_1745499690.626.jpg
1,1,1,1,281,l_1746418560.165.jpg
1,1,1,1,281,l_1746418561.958.jpg
1,1,1,1,281,l_1746418567.225.jpg
1,1,1,1,281,l_1746418568.675.jpg
1,1,1,1,281,l_1746418569.525.jpg
1,1,1,1,281,l_1746418569.575.jpg
1,1,1,1,281,l_1746579064.359.jpg
1,1,1,1,281,l_1746579064.666.jpg
1,1,1,1,281,l_1746846019.160.jpg
1,1,1,1,281,l_1746846020.627.jpg
1,1,1,1,281,l_1746846020.631.jpg
1,1,1,1,281,l_1746846020.898.jpg
1,1,1,1,281,l_1746846021.191.jpg
1,1,1,1,282,l_1733986807.284.jpg
1,1,1,1,282,l_1733986809.953.jpg
1,1,1,1,282,l_1733986816.294.jpg
1,1,1,1,282,l_1733986821.406.jpg
1,1,1,1,282,l_1736216532.488.jpg
1,1,1,1,282,l_1736216540.717.jpg
1,1,1,1,282,l_1736216555.419.jpg
1,1,1,1,282,l_1736216569.497.jpg
1,1,1,1,282,l_1736216574.778.jpg
1,1,1,1,282,l_1736477093.500.jpg
1,1,1,1,282,l_1736477093.744.jpg
1,1,1,1,282,l_1736477094.323.jpg
1,1,1,1,282,l_1736477094.815.jpg
1,1,1,1,282,l_1736477095.296.jpg
1,1,1,1,282,l_1736477097.371.jpg
1,1,1,1,282,l_1736572003.553.jpg
1,1,1,1,282,l_1736572004.653.jpg
1,1,1,1,282,l_1736572004.999.jpg
1,1,1,1,282,l_1736572006.302.jpg
1,1,1,1,282,l_1736572007.560.jpg
1,1,1,1,282,l_1736734874.491.jpg
1,1,1,1,282,l_1736734874.928.jpg
1,1,1,1,282,l_1736734876.293.jpg
1,1,1,1,282,l_1736734881.995.jpg
1,1,1,1,282,l_1736734882.300.jpg
1,1,1,1,282,l_1739500026.702.jpg
1,1,1,1,282,l_1740762919.599.jpg
1,1,1,1,282,l_1740762961.661.jpg
1,1,1,1,282,l_1741311778.869.jpg
1,1,1,1,282,l_1741311779.304.jpg
1,1,1,1,282,l_1741311779.911.jpg
1,1,1,1,282,l_1741311779.995.jpg
1,1,1,1,282,l_1741507654.126.jpg
1,1,1,1,282,l_1741507655.669.jpg
1,1,1,1,282,l_1741507655.762.jpg
1,1,1,1,282,l_1741507656.818.jpg
1,1,1,1,282,l_1741507657.435.jpg
1,1,1,1,282,l_1741507657.911.jpg
1,1,1,1,282,l_1742206949.667.jpg
1,1,1,1,282,l_1742206950.865.jpg
1,1,1,1,282,l_1742206950.984.jpg
1,1,1,1,282,l_1742608363.577.jpg
1,1,1,1,282,l_1742608364.321.jpg
1,1,1,1,282,l_1742608365.965.jpg
1,1,1,1,282,l_1743004470.890.jpg
1,1,1,1,282,l_1743004471.800.jpg
1,1,1,1,282,l_1743004472.139.jpg
1,1,1,1,282,l_1743004472.336.jpg
1,1,1,1,282,l_1743004473.703.jpg
1,1,1,1,282,l_1743153179.800.jpg
1,1,1,1,282,l_1743153181.793.jpg
1,1,1,1,282,l_1743153182.108.jpg
1,1,1,1,282,l_1743153187.151.jpg
1,1,1,1,282,l_1743153190.908.jpg
1,1,1,1,282,l_1744097084.350.jpg
1,1,1,1,282,l_1744097084.982.jpg
1,1,1,1,282,l_1744097085.893.jpg
1,1,1,1,282,l_1744950100.913.jpg
1,1,1,1,282,l_1744950103.817.jpg
1,1,1,1,282,l_1744950104.187.jpg
1,1,1,1,282,l_1745062979.584.jpg
1,1,1,1,282,l_1745062980.612.jpg
1,1,1,1,282,l_1745062980.712.jpg
1,1,1,1,282,l_1745062981.749.jpg
1,1,1,1,282,l_1745062982.190.jpg
1,1,1,1,282,l_1745463641.745.jpg
1,1,1,1,282,l_1745463641.936.jpg
1,1,1,1,282,l_1745463642.366.jpg
1,1,1,1,282,l_1745463642.671.jpg
1,1,1,1,282,l_1745463643.128.jpg
1,1,1,1,282,l_1745463643.712.jpg
1,1,1,1,282,l_1746589846.641.jpg
1,1,1,1,282,l_1746589847.157.jpg
1,1,1,1,282,l_1746589848.770.jpg
1,1,1,1,282,l_1746589849.158.jpg
1,1,1,1,282,l_1746589849.659.jpg
1,1,1,1,282,l_1746762333.635.jpg
1,1,1,1,282,l_1746762335.122.jpg
1,1,1,1,282,l_1746762335.905.jpg
1,1,1,1,283,l_1732524581.560.jpg
1,1,1,1,283,l_1732524582.895.jpg
1,1,1,1,283,l_1732524588.815.jpg
1,1,1,1,283,l_1732524592.591.jpg
1,1,1,1,283,l_1732524596.174.jpg
1,1,1,1,283,l_1732524615.170.jpg
1,1,1,1,283,l_1734436453.752.jpg
1,1,1,1,283,l_1734436476.862.jpg
1,1,1,1,283,l_1734436483.898.jpg
1,1,1,1,283,l_1734436488.320.jpg
1,1,1,1,283,l_1736414098.271.jpg
1,1,1,1,283,l_1736414099.280.jpg
1,1,1,1,283,l_1736414099.996.jpg
1,1,1,1,283,l_1736414102.203.jpg
1,1,1,1,283,l_1736414103.314.jpg
1,1,1,1,283,l_1736414104.610.jpg
1,1,1,1,283,l_1736414105.648.jpg
1,1,1,1,283,l_1736784808.561.jpg
1,1,1,1,283,l_1736784809.157.jpg
1,1,1,1,283,l_1736784811.389.jpg
1,1,1,1,283,l_1736784813.216.jpg
1,1,1,1,283,l_1736784813.895.jpg
1,1,1,1,283,l_1739153043.330.jpg
1,1,1,1,283,l_1739153045.200.jpg
1,1,1,1,283,l_1739153048.647.jpg
1,1,1,1,283,l_1739956596.167.jpg
1,1,1,1,283,l_1739956596.649.jpg
1,1,1,1,283,l_1739956598.779.jpg
1,1,1,1,283,l_1739956600.153.jpg
1,1,1,1,283,l_1739956602.582.jpg
1,1,1,1,283,l_1739956612.241.jpg
1,1,1,1,283,l_1741320094.340.jpg
1,1,1,1,283,l_1741320095.252.jpg
1,1,1,1,283,l_1741320096.214.jpg
1,1,1,1,283,l_1741320097.813.jpg
1,1,1,1,283,l_1741320098.612.jpg
1,1,1,1,283,l_1741320099.897.jpg
1,1,1,1,283,l_1741320099.943.jpg
1,1,1,1,283,l_1742321593.626.jpg
1,1,1,1,283,l_1742321595.236.jpg
1,1,1,1,283,l_1742321595.625.jpg
1,1,1,1,283,l_1742321599.161.jpg
1,1,1,1,283,l_1742700784.230.jpg
1,1,1,1,283,l_1742700784.602.jpg
1,1,1,1,283,l_1742700785.709.jpg
1,1,1,1,283,l_1742700785.861.jpg
1,1,1,1,283,l_1744098132.746.jpg
1,1,1,1,283,l_1744098139.884.jpg
1,1,1,1,283,l_1744098141.516.jpg
1,1,1,1,283,l_1744098142.665.jpg
1,1,1,1,283,l_1744098152.990.jpg
1,1,1,1,283,l_1744565377.711.jpg
1,1,1,1,283,l_1744565377.867.jpg
1,1,1,1,283,l_1744565377.932.jpg
1,1,1,1,283,l_1744565378.288.jpg
1,1,1,1,283,l_1744620597.779.jpg
1,1,1,1,283,l_1744620598.344.jpg
1,1,1,1,283,l_1744620598.791.jpg
1,1,1,1,283,l_1744620598.932.jpg
1,1,1,1,283,l_1744620637.547.jpg
1,1,1,1,283,l_1746584802.385.jpg
1,1,1,1,283,l_1746584802.743.jpg
1,1,1,1,283,l_1746584803.676.jpg
1,1,1,1,283,l_1746584803.827.jpg
1,1,1,1,283,l_1746584804.442.jpg
1,1,1,1,283,l_1746584804.483.jpg
1,1,1,1,283,l_1746678194.406.jpg
1,1,1,1,283,l_1746678194.501.jpg
1,1,1,1,283,l_1746678195.639.jpg
1,1,1,1,283,l_1746678195.810.jpg
1,1,1,1,283,l_1746678201.163.jpg
1,1,1,1,283,l_1746678203.450.jpg
1,1,1,1,283,l_1747043530.276.jpg
1,1,1,1,283,l_1747043531.291.jpg
1,1,1,1,283,l_1747043532.507.jpg
1,1,1,1,283,l_1747043533.723.jpg
1,1,1,1,283,l_1747043534.100.jpg
1,1,1,1,283,l_1747043800.107.jpg
1,1,1,1,283,l_1747043800.810.jpg
1,1,1,1,283,l_1747043801.383.jpg
1,1,1,1,283,l_1747043801.401.jpg
1,1,1,1,283,l_1747043801.856.jpg
1,1,1,1,283,l_1747069868.761.jpg
1,1,1,1,283,l_1747069869.433.jpg
1,1,1,1,283,l_1747069870.379.jpg
1,1,1,1,283,l_1747069870.979.jpg
1,1,1,1,283,l_1747121306.762.jpg
1,1,1,1,283,l_1747121307.597.jpg
1,1,1,1,283,l_1747121307.900.jpg
1,1,1,1,283,l_1747121308.320.jpg
1,1,1,1,283,l_1747121308.920.jpg
1,1,1,1,283,l_1747155543.280.jpg
1,1,1,1,283,l_1747155544.496.jpg
1,1,1,1,283,l_1747155544.530.jpg
1,1,1,1,283,l_1747155545.739.jpg
1,1,1,1,283,l_1747155545.936.jpg
1,1,1,1,283,l_1747219350.487.jpg
1,1,1,1,283,l_1747219350.560.jpg
1,1,1,1,283,l_1747219351.570.jpg
1,1,1,1,283,l_1747219352.893.jpg
1,1,1,1,284,l_1725601926.696.jpg
1,1,1,1,284,l_1725601927.122.jpg
1,1,1,1,284,l_1725601927.245.jpg
1,1,1,1,284,l_1725602246.291.jpg
1,1,1,1,284,l_1725602246.658.jpg
1,1,1,1,284,l_1725602247.430.jpg
1,1,1,1,284,l_1725602248.116.jpg
1,1,1,1,284,l_1732328426.843.jpg
1,1,1,1,284,l_1732605185.189.jpg
1,1,1,1,284,l_1732605185.348.jpg
1,1,1,1,284,l_1732605186.596.jpg
1,1,1,1,284,l_1733815652.868.jpg
1,1,1,1,284,l_1733815653.960.jpg
1,1,1,1,284,l_1733815655.408.jpg
1,1,1,1,284,l_1733986920.760.jpg
1,1,1,1,284,l_1733986921.909.jpg
1,1,1,1,284,l_1733986923.872.jpg
1,1,1,1,284,l_1733986950.148.jpg
1,1,1,1,284,l_1739266423.952.jpg
1,1,1,1,284,l_1739266424.274.jpg
1,1,1,1,284,l_1739266425.611.jpg
1,1,1,1,284,l_1742347948.377.jpg
1,1,1,1,284,l_1742347948.535.jpg
1,1,1,1,284,l_1742347949.288.jpg
1,1,1,1,284,l_1742347950.768.jpg
1,1,1,1,284,l_1743319806.135.jpg
1,1,1,1,284,l_1743319807.677.jpg
1,1,1,1,284,l_1743319815.217.jpg
1,1,1,1,284,l_1743319817.828.jpg
1,1,1,1,284,l_1743590406.996.jpg
1,1,1,1,284,l_1743590407.246.jpg
1,1,1,1,284,l_1743590407.275.jpg
1,1,1,1,284,l_1744095118.808.jpg
1,1,1,1,284,l_1744095118.981.jpg
1,1,1,1,284,l_1744095119.543.jpg
1,1,1,1,284,l_1744095120.338.jpg
1,1,1,1,284,l_1744095120.749.jpg
1,1,1,1,284,l_1744095121.645.jpg
1,1,1,1,284,l_1744454364.573.jpg
1,1,1,1,284,l_1744454366.142.jpg
1,1,1,1,284,l_1744454366.215.jpg
1,1,1,1,284,l_1744454367.343.jpg
1,1,1,1,284,l_1744454368.410.jpg
1,1,1,1,284,l_1744454391.390.jpg
1,1,1,1,284,l_1744857150.631.jpg
1,1,1,1,284,l_1744857151.238.jpg
1,1,1,1,284,l_1744857151.973.jpg
1,1,1,1,284,l_1744857152.326.jpg
1,1,1,1,284,l_1744857152.785.jpg
1,1,1,1,284,l_1745204778.100.jpg
1,1,1,1,284,l_1745204779.393.jpg
1,1,1,1,284,l_1745204780.528.jpg
1,1,1,1,284,l_1745204780.945.jpg
1,1,1,1,284,l_1745204782.243.jpg
1,1,1,1,284,l_1745310833.177.jpg
1,1,1,1,284,l_1745310834.238.jpg
1,1,1,1,284,l_1745310839.457.jpg
1,1,1,1,284,l_1745310839.964.jpg
1,1,1,1,284,l_1746419185.203.jpg
1,1,1,1,284,l_1746419185.548.jpg
1,1,1,1,284,l_1746419199.171.jpg
1,1,1,1,284,l_1746419200.505.jpg
1,1,1,1,284,l_1747121446.113.jpg
1,1,1,1,284,l_1747121446.157.jpg
1,1,1,1,284,l_1747121446.925.jpg
1,1,1,1,284,l_1747121448.932.jpg
1,1,1,1,284,l_1747188135.644.jpg
1,1,1,1,284,l_1747188135.851.jpg
1,1,1,1,284,l_1747188136.439.jpg
1,1,1,1,284,l_1747192818.533.jpg
1,1,1,1,284,l_1747192819.414.jpg
1,1,1,1,284,l_1747192820.208.jpg
1,1,1,1,284,l_1747192820.988.jpg
1,1,1,1,284,l_1747192821.315.jpg
1,1,1,1,285,l_1709003401.730.jpg
1,1,1,1,285,l_1709003402.386.jpg
1,1,1,1,285,l_1709003403.710.jpg
1,1,1,1,285,l_1709003404.939.jpg
1,1,1,1,285,l_1709003405.546.jpg
1,1,1,1,285,l_1715074878.577.jpg
1,1,1,1,285,l_1715074881.837.jpg
1,1,1,1,285,l_1715074881.851.jpg
1,1,1,1,285,l_1730368133.437.jpg
1,1,1,1,285,l_1730368134.772.jpg
1,1,1,1,285,l_1730368134.827.jpg
1,1,1,1,285,l_1734492428.364.jpg
1,1,1,1,285,l_1734492429.391.jpg
1,1,1,1,285,l_1734492429.894.jpg
1,1,1,1,285,l_1734492853.519.jpg
1,1,1,1,285,l_1734492853.572.jpg
1,1,1,1,285,l_1734660088.755.jpg
1,1,1,1,285,l_1734660090.773.jpg
1,1,1,1,285,l_1734660092.771.jpg
1,1,1,1,285,l_1734660094.769.jpg
1,1,1,1,285,l_1744595916.602.jpg
1,1,1,1,285,l_1744595917.260.jpg
1,1,1,1,285,l_1744595918.105.jpg
1,1,1,1,285,l_1744595918.287.jpg
1,1,1,1,285,l_1744595919.801.jpg
1,1,1,1,285,l_1744595920.539.jpg
1,1,1,1,285,l_1746671961.491.jpg
1,1,1,1,285,l_1746671962.152.jpg
1,1,1,1,285,l_1746671963.348.jpg
1,1,1,1,285,l_1746672552.895.jpg
1,1,1,1,285,l_1746672554.104.jpg
1,1,1,1,285,l_1746672554.570.jpg
1,1,1,1,285,l_1746672555.742.jpg
1,1,1,1,285,l_1746673156.755.jpg
1,1,1,1,285,l_1746673157.191.jpg
1,1,1,1,285,l_1746673157.789.jpg
1,1,1,1,285,l_1746673337.173.jpg
1,1,1,1,285,l_1746673337.500.jpg
1,1,1,1,285,l_1746673338.409.jpg
1,1,1,1,285,l_1746673338.866.jpg
1,1,1,1,285,l_1746673628.503.jpg
1,1,1,1,285,l_1746673628.987.jpg
1,1,1,1,285,l_1746673629.526.jpg
1,1,1,1,285,l_1746673824.753.jpg
1,1,1,1,285,l_1746673824.791.jpg
1,1,1,1,285,l_1746673825.422.jpg
1,1,1,1,285,l_1746673825.760.jpg
1,1,1,1,285,l_1746673825.892.jpg
1,1,1,1,285,l_1746689505.161.jpg
1,1,1,1,285,l_1746689506.798.jpg
1,1,1,1,285,l_1746689507.407.jpg
1,1,1,1,285,l_1746689507.463.jpg
1,1,1,1,285,l_1746689508.232.jpg
1,1,1,1,285,l_1746689618.562.jpg
1,1,1,1,285,l_1746689618.842.jpg
1,1,1,1,285,l_1746689619.190.jpg
1,1,1,1,285,l_1746689620.439.jpg
1,1,1,1,285,l_1746689621.201.jpg
1,1,1,1,285,l_1746691417.505.jpg
1,1,1,1,285,l_1746691417.880.jpg
1,1,1,1,285,l_1747214942.311.jpg
1,1,1,1,285,l_1747214943.670.jpg
1,1,1,1,285,l_1747214944.421.jpg
1,1,1,1,285,l_1747214947.193.jpg
1,1,1,1,285,l_1747215845.248.jpg
1,1,1,1,285,l_1747215858.598.jpg
1,1,1,1,285,l_1747215860.459.jpg
1,1,1,1,285,l_1747215862.288.jpg
1,1,1,1,285,l_1747215864.990.jpg
1,1,1,1,285,l_1747216198.507.jpg
1,1,1,1,285,l_1747216198.700.jpg
1,1,1,1,285,l_1747216199.219.jpg
1,1,1,1,285,l_1747216199.665.jpg
1,1,1,1,285,l_1747216200.251.jpg
1,1,1,1,285,l_1747219419.741.jpg
1,1,1,1,285,l_1747219420.152.jpg
1,1,1,1,285,l_1747219420.843.jpg
1,1,1,1,285,l_1747219421.570.jpg
1,1,1,1,285,l_1747219421.643.jpg
1,1,1,1,285,l_1747219422.823.jpg
1,1,1,1,286,l_1704766874.916.jpg
1,1,1,1,286,l_1704766875.748.jpg
1,1,1,1,286,l_1704766876.982.jpg
1,1,1,1,286,l_1704766877.714.jpg
1,1,1,1,286,l_1704766877.937.jpg
1,1,1,1,286,l_1709608892.524.jpg
1,1,1,1,286,l_1709608893.929.jpg
1,1,1,1,286,l_1709608894.880.jpg
1,1,1,1,286,l_1709609021.280.jpg
1,1,1,1,286,l_1709609021.778.jpg
1,1,1,1,286,l_1709609022.148.jpg
1,1,1,1,286,l_1709609022.299.jpg
1,1,1,1,286,l_1709609023.601.jpg
1,1,1,1,286,l_1709609023.991.jpg
1,1,1,1,286,l_1734075471.916.jpg
1,1,1,1,286,l_1734075472.217.jpg
1,1,1,1,286,l_1734075514.784.jpg
1,1,1,1,286,l_1734075514.819.jpg
1,1,1,1,286,l_1734075515.219.jpg
1,1,1,1,286,l_1734075515.788.jpg
1,1,1,1,286,l_1734075555.846.jpg
1,1,1,1,286,l_1734075556.140.jpg
1,1,1,1,286,l_1734075587.126.jpg
1,1,1,1,286,l_1734075587.778.jpg
1,1,1,1,286,l_1734075588.678.jpg
1,1,1,1,286,l_1734075591.202.jpg
1,1,1,1,286,l_1734075592.865.jpg
1,1,1,1,286,l_1744876120.781.jpg
1,1,1,1,286,l_1744876121.547.jpg
1,1,1,1,286,l_1744876123.885.jpg
1,1,1,1,286,l_1744876124.964.jpg
1,1,1,1,286,l_1744876126.394.jpg
1,1,1,1,286,l_1745809768.267.jpg
1,1,1,1,286,l_1745809769.792.jpg
1,1,1,1,286,l_1745809770.430.jpg
1,1,1,1,286,l_1746515593.627.jpg
1,1,1,1,286,l_1746515596.304.jpg
1,1,1,1,286,l_1746515599.885.jpg
1,1,1,1,286,l_1746515603.286.jpg
1,1,1,1,286,l_1746691523.671.jpg
1,1,1,1,286,l_1746691526.709.jpg
1,1,1,1,286,l_1746691551.438.jpg
1,1,1,1,286,l_1746691553.890.jpg
1,1,1,1,286,l_1746691593.400.jpg
1,1,1,1,286,l_1746691596.355.jpg
1,1,1,1,286,l_1746691628.916.jpg
1,1,1,1,286,l_1746691629.602.jpg
1,1,1,1,286,l_1746691630.492.jpg
1,1,1,1,286,l_1746691630.960.jpg
1,1,1,1,286,l_1746691778.933.jpg
1,1,1,1,286,l_1746691779.578.jpg
1,1,1,1,286,l_1746691781.511.jpg
1,1,1,1,286,l_1746691785.908.jpg
1,1,1,1,286,l_1746691843.874.jpg
1,1,1,1,286,l_1746691844.918.jpg
1,1,1,1,286,l_1746691845.709.jpg
1,1,1,1,286,l_1746691846.472.jpg
1,1,1,1,286,l_1746691872.674.jpg
1,1,1,1,286,l_1746691874.719.jpg
1,1,1,1,286,l_1746691875.343.jpg
1,1,1,1,286,l_1746691876.881.jpg
1,1,1,1,286,l_1746691912.712.jpg
1,1,1,1,286,l_1746691913.302.jpg
1,1,1,1,286,l_1746691913.466.jpg
1,1,1,1,286,l_1746691914.837.jpg
1,1,1,1,286,l_1746691915.474.jpg
1,1,1,1,286,l_1746691962.274.jpg
1,1,1,1,286,l_1746691963.745.jpg
1,1,1,1,286,l_1746691964.149.jpg
1,1,1,1,286,l_1746691965.127.jpg
1,1,1,1,286,l_1746691965.606.jpg
1,1,1,1,286,l_1746691993.928.jpg
1,1,1,1,286,l_1746691994.666.jpg
1,1,1,1,286,l_1746691995.678.jpg
1,1,1,1,286,l_1746691996.482.jpg
1,1,1,1,286,l_1746691996.513.jpg
1,1,1,1,287,l_1694142869.274.jpg
1,1,1,1,287,l_1694142869.348.jpg
1,1,1,1,287,l_1694142869.691.jpg
1,1,1,1,287,l_1694142870.285.jpg
1,1,1,1,287,l_1694142870.788.jpg
1,1,1,1,287,l_1730367945.983.jpg
1,1,1,1,287,l_1730367946.707.jpg
1,1,1,1,287,l_1730367986.210.jpg
1,1,1,1,287,l_1730367986.763.jpg
1,1,1,1,287,l_1730367987.542.jpg
1,1,1,1,287,l_1730367988.306.jpg
1,1,1,1,287,l_1730368012.532.jpg
1,1,1,1,287,l_1730368013.472.jpg
1,1,1,1,287,l_1730368014.622.jpg
1,1,1,1,287,l_1730368014.785.jpg
1,1,1,1,287,l_1730368015.973.jpg
1,1,1,1,287,l_1733733146.824.jpg
1,1,1,1,287,l_1733733147.581.jpg
1,1,1,1,287,l_1733733148.987.jpg
1,1,1,1,287,l_1734689465.992.jpg
1,1,1,1,287,l_1734689466.659.jpg
1,1,1,1,287,l_1734689467.497.jpg
1,1,1,1,287,l_1734689469.917.jpg
1,1,1,1,287,l_1734689470.354.jpg
1,1,1,1,287,l_1734689471.221.jpg
1,1,1,1,287,l_1741938914.783.jpg
1,1,1,1,287,l_1741938915.390.jpg
1,1,1,1,287,l_1741938915.485.jpg
1,1,1,1,287,l_1741938916.125.jpg
1,1,1,1,287,l_1743647330.597.jpg
1,1,1,1,287,l_1743647331.690.jpg
1,1,1,1,287,l_1743647334.460.jpg
1,1,1,1,287,l_1743647335.545.jpg
1,1,1,1,287,l_1743647336.148.jpg
1,1,1,1,287,l_1744866185.870.jpg
1,1,1,1,287,l_1744866186.604.jpg
1,1,1,1,287,l_1744866186.940.jpg
1,1,1,1,287,l_1744866189.346.jpg
1,1,1,1,287,l_1744866190.421.jpg
1,1,1,1,287,l_1745462133.739.jpg
1,1,1,1,287,l_1745462135.290.jpg
1,1,1,1,287,l_1745462136.976.jpg
1,1,1,1,287,l_1745462139.594.jpg
1,1,1,1,287,l_1745462140.165.jpg
1,1,1,1,287,l_1745649917.698.jpg
1,1,1,1,287,l_1745649919.830.jpg
1,1,1,1,287,l_1745649920.675.jpg
1,1,1,1,287,l_1745649922.885.jpg
1,1,1,1,287,l_1745649925.150.jpg
1,1,1,1,287,l_1746069005.555.jpg
1,1,1,1,287,l_1746069012.152.jpg
1,1,1,1,287,l_1746069013.113.jpg
1,1,1,1,287,l_1746069013.961.jpg
1,1,1,1,287,l_1746674506.275.jpg
1,1,1,1,287,l_1746674506.839.jpg
1,1,1,1,287,l_1746689902.330.jpg
1,1,1,1,287,l_1746689902.859.jpg
1,1,1,1,287,l_1746689903.250.jpg
1,1,1,1,287,l_1746690279.275.jpg
1,1,1,1,287,l_1746690279.412.jpg
1,1,1,1,287,l_1746690279.729.jpg
1,1,1,1,287,l_1746690899.580.jpg
1,1,1,1,287,l_1746690899.799.jpg
1,1,1,1,287,l_1746690900.356.jpg
1,1,1,1,287,l_1746690900.966.jpg
1,1,1,1,287,l_1746691027.755.jpg
1,1,1,1,287,l_1746691028.549.jpg
1,1,1,1,287,l_1746691029.881.jpg
1,1,1,1,287,l_1746691030.458.jpg
1,1,1,1,287,l_1746691119.332.jpg
1,1,1,1,287,l_1746691120.125.jpg
1,1,1,1,287,l_1746691120.477.jpg
1,1,1,1,287,l_1746691244.609.jpg
1,1,1,1,287,l_1746691245.203.jpg
1,1,1,1,287,l_1746691245.206.jpg
1,1,1,1,287,l_1746691246.249.jpg
1,1,1,1,287,l_1746691324.512.jpg
1,1,1,1,287,l_1746691325.177.jpg
1,1,1,1,287,l_1746691325.338.jpg
1,1,1,1,287,l_1746691326.598.jpg
1,1,1,1,287,l_1746691326.933.jpg
1,1,1,1,288,l_1641523778.891.jpg
1,1,1,1,288,l_1641523779.136.jpg
1,1,1,1,288,l_1641523779.622.jpg
1,1,1,1,288,l_1671701907.jpg
1,1,1,1,288,l_1671701911.jpg
1,1,1,1,288,l_1671701918.jpg
1,1,1,1,288,l_1671701924.jpg
1,1,1,1,288,l_1722235178.503.jpg
1,1,1,1,288,l_1722235181.494.jpg
1,1,1,1,288,l_1739528408.764.jpg
1,1,1,1,288,l_1739528409.963.jpg
1,1,1,1,288,l_1739528410.862.jpg
1,1,1,1,288,l_1739528411.125.jpg
1,1,1,1,288,l_1739528411.587.jpg
1,1,1,1,288,l_1739585974.899.jpg
1,1,1,1,288,l_1739585975.665.jpg
1,1,1,1,288,l_1739585975.869.jpg
1,1,1,1,288,l_1740989723.808.jpg
1,1,1,1,288,l_1740989724.291.jpg
1,1,1,1,288,l_1740989724.399.jpg
1,1,1,1,288,l_1740989726.320.jpg
1,1,1,1,288,l_1741112057.439.jpg
1,1,1,1,288,l_1741112057.677.jpg
1,1,1,1,288,l_1741112058.235.jpg
1,1,1,1,288,l_1741112059.765.jpg
1,1,1,1,288,l_1742831694.657.jpg
1,1,1,1,288,l_1742831695.687.jpg
1,1,1,1,288,l_1742831695.955.jpg
1,1,1,1,288,l_1742831696.586.jpg
1,1,1,1,288,l_1742831696.976.jpg
1,1,1,1,288,l_1742831699.954.jpg
1,1,1,1,288,l_1742875830.492.jpg
1,1,1,1,288,l_1742875832.730.jpg
1,1,1,1,288,l_1742875833.743.jpg
1,1,1,1,288,l_1742875833.758.jpg
1,1,1,1,288,l_1743410878.109.jpg
1,1,1,1,288,l_1743410885.993.jpg
1,1,1,1,288,l_1743410886.884.jpg
1,1,1,1,288,l_1745114646.170.jpg
1,1,1,1,288,l_1745114647.207.jpg
1,1,1,1,288,l_1745114647.841.jpg
1,1,1,1,288,l_1745114648.418.jpg
1,1,1,1,288,l_1745384028.478.jpg
1,1,1,1,288,l_1745384028.830.jpg
1,1,1,1,288,l_1745384029.853.jpg
1,1,1,1,288,l_1745384030.357.jpg
1,1,1,1,288,l_1745384031.178.jpg
1,1,1,1,288,l_1745384031.884.jpg
1,1,1,1,288,l_1745384032.261.jpg
1,1,1,1,288,l_1745658908.316.jpg
1,1,1,1,288,l_1745658909.822.jpg
1,1,1,1,288,l_1745658910.273.jpg
1,1,1,1,288,l_1745815900.873.jpg
1,1,1,1,288,l_1745815900.882.jpg
1,1,1,1,288,l_1745815901.198.jpg
1,1,1,1,288,l_1745815901.711.jpg
1,1,1,1,288,l_1745815902.680.jpg
1,1,1,1,288,l_1745896747.662.jpg
1,1,1,1,288,l_1745896748.331.jpg
1,1,1,1,288,l_1745896749.927.jpg
1,1,1,1,288,l_1745896750.616.jpg
1,1,1,1,288,l_1745896750.807.jpg
1,1,1,1,288,l_1745896752.588.jpg
1,1,1,1,288,l_1746584994.145.jpg
1,1,1,1,288,l_1746584994.438.jpg
1,1,1,1,288,l_1746585022.657.jpg
1,1,1,1,288,l_1747204892.999.jpg
1,1,1,1,288,l_1747204894.932.jpg
1,1,1,1,288,l_1747204895.556.jpg
1,1,1,1,288,l_1747204898.370.jpg
1,1,1,1,288,l_1747206569.288.jpg
1,1,1,1,288,l_1747206570.416.jpg
1,1,1,1,288,l_1747206571.760.jpg
1,1,1,1,288,l_1747206572.546.jpg
1,1,1,1,288,l_1747222548.572.jpg
1,1,1,1,288,l_1747222550.873.jpg
1,1,1,1,288,l_1747222552.949.jpg
1,1,1,1,288,l_1747222556.667.jpg
1,1,1,1,288,l_1747222558.674.jpg
1,1,1,1,288,l_1747225223.567.jpg
1,1,1,1,288,l_1747225224.475.jpg
1,1,1,1,288,l_1747225224.623.jpg
1,1,1,1,288,l_1747225225.555.jpg
1,1,1,1,288,l_1747225226.707.jpg
1,1,1,1,288,l_1747225227.852.jpg
1,1,1,1,289,l_1734592841.548.jpg
1,1,1,1,289,l_1734592843.816.jpg
1,1,1,1,289,l_1734592845.779.jpg
1,1,1,1,289,l_1734592847.990.jpg
1,1,1,1,289,l_1734592848.778.jpg
1,1,1,1,289,l_1737365165.701.jpg
1,1,1,1,289,l_1737365166.360.jpg
1,1,1,1,289,l_1737365168.697.jpg
1,1,1,1,289,l_1737365170.668.jpg
1,1,1,1,289,l_1737365171.584.jpg
1,1,1,1,289,l_1737365172.688.jpg
1,1,1,1,289,l_1739758827.477.jpg
1,1,1,1,289,l_1739758892.984.jpg
1,1,1,1,289,l_1739758895.651.jpg
1,1,1,1,289,l_1739758899.926.jpg
1,1,1,1,289,l_1740558878.379.jpg
1,1,1,1,289,l_1740558880.380.jpg
1,1,1,1,289,l_1740558880.551.jpg
1,1,1,1,289,l_1740558881.540.jpg
1,1,1,1,289,l_1740908755.508.jpg
1,1,1,1,289,l_1740908755.801.jpg
1,1,1,1,289,l_1740908756.813.jpg
1,1,1,1,289,l_1740908756.815.jpg
1,1,1,1,289,l_1741240399.651.jpg
1,1,1,1,289,l_1741240401.954.jpg
1,1,1,1,289,l_1741240405.324.jpg
1,1,1,1,289,l_1741240408.991.jpg
1,1,1,1,289,l_1741502483.319.jpg
1,1,1,1,289,l_1741502484.860.jpg
1,1,1,1,289,l_1741502488.138.jpg
1,1,1,1,289,l_1741502489.433.jpg
1,1,1,1,289,l_1741502490.407.jpg
1,1,1,1,289,l_1742295570.367.jpg
1,1,1,1,289,l_1742295571.813.jpg
1,1,1,1,289,l_1742295571.840.jpg
1,1,1,1,289,l_1742295572.205.jpg
1,1,1,1,289,l_1742295572.991.jpg
1,1,1,1,289,l_1742295574.772.jpg
1,1,1,1,289,l_1742697634.256.jpg
1,1,1,1,289,l_1742697637.392.jpg
1,1,1,1,289,l_1742697640.395.jpg
1,1,1,1,289,l_1744280018.500.jpg
1,1,1,1,289,l_1744334553.830.jpg
1,1,1,1,289,l_1744334554.800.jpg
1,1,1,1,289,l_1744678940.496.jpg
1,1,1,1,289,l_1744678948.608.jpg
1,1,1,1,289,l_1744678949.715.jpg
1,1,1,1,289,l_1744678952.678.jpg
1,1,1,1,289,l_1745030084.857.jpg
1,1,1,1,289,l_1745030085.345.jpg
1,1,1,1,289,l_1745030085.660.jpg
1,1,1,1,289,l_1745030086.659.jpg
1,1,1,1,289,l_1745030089.169.jpg
1,1,1,1,289,l_1745119236.631.jpg
1,1,1,1,289,l_1745119236.733.jpg
1,1,1,1,289,l_1745119237.359.jpg
1,1,1,1,289,l_1745119237.667.jpg
1,1,1,1,289,l_1745119240.775.jpg
1,1,1,1,289,l_1745506891.516.jpg
1,1,1,1,289,l_1745506893.110.jpg
1,1,1,1,289,l_1745506894.712.jpg
1,1,1,1,289,l_1745506896.392.jpg
1,1,1,1,289,l_1745506898.233.jpg
1,1,1,1,289,l_1745506898.417.jpg
1,1,1,1,289,l_1746161088.120.jpg
1,1,1,1,289,l_1746161088.574.jpg
1,1,1,1,289,l_1746161089.914.jpg
1,1,1,1,289,l_1746161090.430.jpg
1,1,1,1,289,l_1746161091.777.jpg
1,1,1,1,289,l_1746426917.911.jpg
1,1,1,1,289,l_1746426921.465.jpg
1,1,1,1,289,l_1746426924.274.jpg
1,1,1,1,289,l_1746426929.325.jpg
1,1,1,1,289,l_1746438186.297.jpg
1,1,1,1,289,l_1746438187.385.jpg
1,1,1,1,289,l_1746438187.973.jpg
1,1,1,1,289,l_1746438190.850.jpg
1,1,1,1,289,l_1746686841.704.jpg
1,1,1,1,289,l_1746686842.291.jpg
1,1,1,1,289,l_1746686845.786.jpg
1,1,1,1,289,l_1746686847.755.jpg
1,1,1,1,289,l_1746686848.660.jpg
1,1,1,1,289,l_1746878594.659.jpg
1,1,1,1,289,l_1746878595.194.jpg
1,1,1,1,289,l_1746878596.771.jpg
1,1,1,1,289,l_1746878596.850.jpg
1,1,1,1,289,l_1746976715.541.jpg
1,1,1,1,289,l_1746976717.688.jpg
1,1,1,1,289,l_1746976727.881.jpg
1,1,1,1,290,l_1738827912.689.jpg
1,1,1,1,290,l_1738827914.214.jpg
1,1,1,1,290,l_1738827917.390.jpg
1,1,1,1,290,l_1738827919.208.jpg
1,1,1,1,290,l_1738827922.437.jpg
1,1,1,1,290,l_1738827923.352.jpg
1,1,1,1,290,l_1738827925.858.jpg
1,1,1,1,290,l_1741685127.475.jpg
1,1,1,1,290,l_1741685129.864.jpg
1,1,1,1,290,l_1741685135.120.jpg
1,1,1,1,290,l_1741685227.721.jpg
1,1,1,1,290,l_1741685266.908.jpg
1,1,1,1,290,l_1742638351.248.jpg
1,1,1,1,290,l_1742638366.776.jpg
1,1,1,1,290,l_1742638382.300.jpg
1,1,1,1,290,l_1742638395.141.jpg
1,1,1,1,290,l_1742960868.145.jpg
1,1,1,1,290,l_1742960869.139.jpg
1,1,1,1,290,l_1742960870.320.jpg
1,1,1,1,290,l_1742960871.534.jpg
1,1,1,1,290,l_1744105924.558.jpg
1,1,1,1,290,l_1744105926.914.jpg
1,1,1,1,290,l_1744105927.946.jpg
1,1,1,1,290,l_1744105931.404.jpg
1,1,1,1,290,l_1744105932.440.jpg
1,1,1,1,290,l_1744258880.467.jpg
1,1,1,1,290,l_1744258880.481.jpg
1,1,1,1,290,l_1744258881.919.jpg
1,1,1,1,290,l_1744258882.103.jpg
1,1,1,1,290,l_1744258883.551.jpg
1,1,1,1,290,l_1744448739.615.jpg
1,1,1,1,290,l_1744448739.730.jpg
1,1,1,1,290,l_1744448740.119.jpg
1,1,1,1,290,l_1744792596.160.jpg
1,1,1,1,290,l_1744792597.748.jpg
1,1,1,1,290,l_1744792598.997.jpg
1,1,1,1,290,l_1744792599.731.jpg
1,1,1,1,290,l_1744872289.182.jpg
1,1,1,1,290,l_1744872291.824.jpg
1,1,1,1,290,l_1744872295.515.jpg
1,1,1,1,290,l_1744872297.410.jpg
1,1,1,1,290,l_1744938809.727.jpg
1,1,1,1,290,l_1744938810.231.jpg
1,1,1,1,290,l_1744938811.109.jpg
1,1,1,1,290,l_1744938811.206.jpg
1,1,1,1,290,l_1744938813.465.jpg
1,1,1,1,290,l_1744938830.324.jpg
1,1,1,1,290,l_1745028882.320.jpg
1,1,1,1,290,l_1745203691.899.jpg
1,1,1,1,290,l_1745203692.778.jpg
1,1,1,1,290,l_1745206023.817.jpg
1,1,1,1,290,l_1745206024.193.jpg
1,1,1,1,290,l_1745206024.440.jpg
1,1,1,1,290,l_1745206025.259.jpg
1,1,1,1,290,l_1745206025.401.jpg
1,1,1,1,290,l_1745232760.787.jpg
1,1,1,1,290,l_1745232761.387.jpg
1,1,1,1,290,l_1745232761.894.jpg
1,1,1,1,290,l_1745232762.155.jpg
1,1,1,1,290,l_1745467854.193.jpg
1,1,1,1,290,l_1745467856.602.jpg
1,1,1,1,290,l_1745467858.111.jpg
1,1,1,1,290,l_1745468112.514.jpg
1,1,1,1,290,l_1746429410.546.jpg
1,1,1,1,290,l_1746429429.135.jpg
1,1,1,1,290,l_1746429441.424.jpg
1,1,1,1,290,l_1746585409.527.jpg
1,1,1,1,290,l_1746585409.936.jpg
1,1,1,1,290,l_1746585410.795.jpg
1,1,1,1,290,l_1746585411.403.jpg
1,1,1,1,290,l_1746585412.104.jpg
1,1,1,1,290,l_1746628821.159.jpg
1,1,1,1,290,l_1746628821.690.jpg
1,1,1,1,290,l_1746628822.558.jpg
1,1,1,1,290,l_1746628823.666.jpg
1,1,1,1,290,l_1746683508.964.jpg
1,1,1,1,290,l_1746683509.687.jpg
1,1,1,1,290,l_1746683510.718.jpg
1,1,1,1,290,l_1746683511.926.jpg
1,1,1,1,290,l_1746841408.813.jpg
1,1,1,1,290,l_1746841410.809.jpg
1,1,1,1,290,l_1746841410.818.jpg
1,1,1,1,291,l_1734768192.207.jpg
1,1,1,1,291,l_1734768193.629.jpg
1,1,1,1,291,l_1734768197.701.jpg
1,1,1,1,291,l_1740073735.792.jpg
1,1,1,1,291,l_1741792081.487.jpg
1,1,1,1,291,l_1741792082.511.jpg
1,1,1,1,291,l_1741792084.846.jpg
1,1,1,1,291,l_1741792086.248.jpg
1,1,1,1,291,l_1741792086.686.jpg
1,1,1,1,291,l_1743155447.127.jpg
1,1,1,1,291,l_1743155448.336.jpg
1,1,1,1,291,l_1743155448.489.jpg
1,1,1,1,291,l_1743155449.965.jpg
1,1,1,1,291,l_1743404136.993.jpg
1,1,1,1,291,l_1743404137.314.jpg
1,1,1,1,291,l_1743404137.660.jpg
1,1,1,1,291,l_1743404138.571.jpg
1,1,1,1,291,l_1743404139.430.jpg
1,1,1,1,291,l_1743407093.144.jpg
1,1,1,1,291,l_1743407096.607.jpg
1,1,1,1,291,l_1743407098.194.jpg
1,1,1,1,291,l_1743407100.403.jpg
1,1,1,1,291,l_1743407105.484.jpg
1,1,1,1,291,l_1743407107.883.jpg
1,1,1,1,291,l_1743407111.408.jpg
1,1,1,1,291,l_1743734872.220.jpg
1,1,1,1,291,l_1743734874.985.jpg
1,1,1,1,291,l_1743734875.378.jpg
1,1,1,1,291,l_1744137432.330.jpg
1,1,1,1,291,l_1744137434.581.jpg
1,1,1,1,291,l_1744137436.220.jpg
1,1,1,1,291,l_1744137438.275.jpg
1,1,1,1,291,l_1744334916.512.jpg
1,1,1,1,291,l_1744334916.740.jpg
1,1,1,1,291,l_1744334917.416.jpg
1,1,1,1,291,l_1744334920.442.jpg
1,1,1,1,291,l_1744334944.378.jpg
1,1,1,1,291,l_1744334956.351.jpg
1,1,1,1,291,l_1744788914.192.jpg
1,1,1,1,291,l_1744788914.531.jpg
1,1,1,1,291,l_1744788916.501.jpg
1,1,1,1,291,l_1744880839.218.jpg
1,1,1,1,291,l_1744880840.696.jpg
1,1,1,1,291,l_1744880841.163.jpg
1,1,1,1,291,l_1744880841.425.jpg
1,1,1,1,291,l_1744880842.257.jpg
1,1,1,1,291,l_1744880842.963.jpg
1,1,1,1,291,l_1744880843.256.jpg
1,1,1,1,291,l_1744880843.631.jpg
1,1,1,1,291,l_1744880844.161.jpg
1,1,1,1,291,l_1744880844.712.jpg
1,1,1,1,291,l_1744945715.165.jpg
1,1,1,1,291,l_1744945716.486.jpg
1,1,1,1,291,l_1744945717.115.jpg
1,1,1,1,291,l_1744945717.336.jpg
1,1,1,1,291,l_1744945718.627.jpg
1,1,1,1,291,l_1745223009.850.jpg
1,1,1,1,291,l_1745305815.248.jpg
1,1,1,1,291,l_1745305817.434.jpg
1,1,1,1,291,l_1745305819.373.jpg
1,1,1,1,291,l_1745646937.395.jpg
1,1,1,1,291,l_1745646937.741.jpg
1,1,1,1,291,l_1745646938.203.jpg
1,1,1,1,291,l_1745646939.251.jpg
1,1,1,1,291,l_1745646939.674.jpg
1,1,1,1,291,l_1746283830.971.jpg
1,1,1,1,291,l_1746283833.132.jpg
1,1,1,1,291,l_1746412830.597.jpg
1,1,1,1,291,l_1746412832.271.jpg
1,1,1,1,291,l_1746412833.569.jpg
1,1,1,1,291,l_1746539796.377.jpg
1,1,1,1,291,l_1746539797.129.jpg
1,1,1,1,291,l_1746539799.295.jpg
1,1,1,1,291,l_1746539802.892.jpg
1,1,1,1,291,l_1746677833.330.jpg
1,1,1,1,291,l_1746677836.928.jpg
1,1,1,1,291,l_1746677838.149.jpg
1,1,1,1,292,l_1740559414.819.jpg
1,1,1,1,292,l_1740559417.820.jpg
1,1,1,1,292,l_1740559419.163.jpg
1,1,1,1,292,l_1740559535.410.jpg
1,1,1,1,292,l_1740559920.376.jpg
1,1,1,1,292,l_1741311712.256.jpg
1,1,1,1,292,l_1741311713.556.jpg
1,1,1,1,292,l_1741311714.222.jpg
1,1,1,1,292,l_1741311717.743.jpg
1,1,1,1,292,l_1741412518.410.jpg
1,1,1,1,292,l_1741412520.952.jpg
1,1,1,1,292,l_1741412521.101.jpg
1,1,1,1,292,l_1742461338.756.jpg
1,1,1,1,292,l_1742461338.930.jpg
1,1,1,1,292,l_1742461339.649.jpg
1,1,1,1,292,l_1742461339.748.jpg
1,1,1,1,292,l_1742963139.537.jpg
1,1,1,1,292,l_1742963140.826.jpg
1,1,1,1,292,l_1742963141.689.jpg
1,1,1,1,292,l_1742963142.536.jpg
1,1,1,1,292,l_1743050809.151.jpg
1,1,1,1,292,l_1743139325.376.jpg
1,1,1,1,292,l_1743663600.544.jpg
1,1,1,1,292,l_1743663604.706.jpg
1,1,1,1,292,l_1743663607.680.jpg
1,1,1,1,292,l_1743663609.796.jpg
1,1,1,1,292,l_1743663610.335.jpg
1,1,1,1,292,l_1743663640.635.jpg
1,1,1,1,292,l_1743671085.118.jpg
1,1,1,1,292,l_1743671086.813.jpg
1,1,1,1,292,l_1743671087.433.jpg
1,1,1,1,292,l_1743671087.943.jpg
1,1,1,1,292,l_1743671088.642.jpg
1,1,1,1,292,l_1743671110.791.jpg
1,1,1,1,292,l_1743685549.348.jpg
1,1,1,1,292,l_1743685549.989.jpg
1,1,1,1,292,l_1743685554.359.jpg
1,1,1,1,292,l_1743685557.382.jpg
1,1,1,1,292,l_1744113926.370.jpg
1,1,1,1,292,l_1744113927.513.jpg
1,1,1,1,292,l_1745382225.929.jpg
1,1,1,1,292,l_1745382226.607.jpg
1,1,1,1,292,l_1745382226.861.jpg
1,1,1,1,292,l_1745382227.209.jpg
1,1,1,1,292,l_1745382227.998.jpg
1,1,1,1,292,l_1745635433.389.jpg
1,1,1,1,292,l_1745635443.204.jpg
1,1,1,1,292,l_1745635471.659.jpg
1,1,1,1,292,l_1745635473.367.jpg
1,1,1,1,292,l_1745635475.731.jpg
1,1,1,1,292,l_1745742811.411.jpg
1,1,1,1,292,l_1745742812.539.jpg
1,1,1,1,292,l_1745742812.703.jpg
1,1,1,1,292,l_1745742813.607.jpg
1,1,1,1,292,l_1745742814.216.jpg
1,1,1,1,292,l_1745838939.481.jpg
1,1,1,1,292,l_1745838940.881.jpg
1,1,1,1,292,l_1745838941.612.jpg
1,1,1,1,292,l_1745838942.666.jpg
1,1,1,1,292,l_1745838943.583.jpg
1,1,1,1,292,l_1747018003.988.jpg
1,1,1,1,292,l_1747018004.938.jpg
1,1,1,1,292,l_1747018005.798.jpg
1,1,1,1,292,l_1747018007.266.jpg
1,1,1,1,292,l_1747018008.389.jpg
1,1,1,1,292,l_1747205866.927.jpg
1,1,1,1,292,l_1747205882.526.jpg
1,1,1,1,292,l_1747205884.218.jpg
1,1,1,1,292,l_1747205885.302.jpg
1,1,1,1,293,l_1736407900.341.jpg
1,1,1,1,293,l_1736407901.933.jpg
1,1,1,1,293,l_1736407902.222.jpg
1,1,1,1,293,l_1736407902.588.jpg
1,1,1,1,293,l_1736407903.609.jpg
1,1,1,1,293,l_1736407903.864.jpg
1,1,1,1,293,l_1738749941.417.jpg
1,1,1,1,293,l_1738749941.771.jpg
1,1,1,1,293,l_1738825113.556.jpg
1,1,1,1,293,l_1738825113.694.jpg
1,1,1,1,293,l_1738825114.627.jpg
1,1,1,1,293,l_1738825114.840.jpg
1,1,1,1,293,l_1740627464.509.jpg
1,1,1,1,293,l_1740627464.763.jpg
1,1,1,1,293,l_1740627467.894.jpg
1,1,1,1,293,l_1740627469.576.jpg
1,1,1,1,293,l_1740627469.695.jpg
1,1,1,1,293,l_1741249135.161.jpg
1,1,1,1,293,l_1741249135.270.jpg
1,1,1,1,293,l_1741249137.585.jpg
1,1,1,1,293,l_1741249139.158.jpg
1,1,1,1,293,l_1741249139.527.jpg
1,1,1,1,293,l_1741249140.268.jpg
1,1,1,1,293,l_1742456982.811.jpg
1,1,1,1,293,l_1742456998.505.jpg
1,1,1,1,293,l_1742615484.640.jpg
1,1,1,1,293,l_1742615484.834.jpg
1,1,1,1,293,l_1742615485.110.jpg
1,1,1,1,293,l_1742615545.334.jpg
1,1,1,1,293,l_1742615596.347.jpg
1,1,1,1,293,l_1742615969.638.jpg
1,1,1,1,293,l_1742616063.577.jpg
1,1,1,1,293,l_1742616706.434.jpg
1,1,1,1,293,l_1743412902.828.jpg
1,1,1,1,293,l_1743412903.142.jpg
1,1,1,1,293,l_1743412905.513.jpg
1,1,1,1,293,l_1743412906.264.jpg
1,1,1,1,293,l_1743412908.578.jpg
1,1,1,1,293,l_1744181389.619.jpg
1,1,1,1,293,l_1744181390.427.jpg
1,1,1,1,293,l_1744181391.174.jpg
1,1,1,1,293,l_1744181391.988.jpg
1,1,1,1,293,l_1744181392.754.jpg
1,1,1,1,293,l_1744624383.158.jpg
1,1,1,1,293,l_1744624386.147.jpg
1,1,1,1,293,l_1744624389.365.jpg
1,1,1,1,293,l_1744624416.603.jpg
1,1,1,1,293,l_1745131796.343.jpg
1,1,1,1,293,l_1745131797.427.jpg
1,1,1,1,293,l_1745131797.480.jpg
1,1,1,1,293,l_1745131798.142.jpg
1,1,1,1,293,l_1745131799.107.jpg
1,1,1,1,293,l_1745391339.159.jpg
1,1,1,1,293,l_1745391339.625.jpg
1,1,1,1,293,l_1745391340.342.jpg
1,1,1,1,293,l_1745391340.659.jpg
1,1,1,1,293,l_1745648061.227.jpg
1,1,1,1,293,l_1745648062.474.jpg
1,1,1,1,293,l_1745648063.971.jpg
1,1,1,1,293,l_1745648066.255.jpg
1,1,1,1,293,l_1745648076.201.jpg
1,1,1,1,293,l_1746429145.440.jpg
1,1,1,1,293,l_1746429146.450.jpg
1,1,1,1,293,l_1746429146.731.jpg
1,1,1,1,293,l_1746429146.864.jpg
1,1,1,1,293,l_1746429147.200.jpg
1,1,1,1,293,l_1746429147.610.jpg
1,1,1,1,293,l_1746533026.140.jpg
1,1,1,1,293,l_1746533026.164.jpg
1,1,1,1,293,l_1746533027.270.jpg
1,1,1,1,293,l_1746533027.958.jpg
1,1,1,1,293,l_1746543011.259.jpg
1,1,1,1,293,l_1746543011.290.jpg
1,1,1,1,293,l_1746543012.393.jpg
1,1,1,1,293,l_1746543013.217.jpg
1,1,1,1,293,l_1746543013.255.jpg
1,1,1,1,293,l_1746543016.795.jpg
1,1,1,1,293,l_1746616738.381.jpg
1,1,1,1,293,l_1746616739.117.jpg
1,1,1,1,293,l_1746616739.978.jpg
1,1,1,1,293,l_1746616740.656.jpg
1,1,1,1,293,l_1746671426.263.jpg
1,1,1,1,293,l_1746671428.652.jpg
1,1,1,1,293,l_1746671430.774.jpg
1,1,1,1,293,l_1746782465.811.jpg
1,1,1,1,293,l_1746782466.558.jpg
1,1,1,1,293,l_1746782467.942.jpg
1,1,1,1,293,l_1747104840.320.jpg
1,1,1,1,293,l_1747104841.323.jpg
1,1,1,1,293,l_1747104844.418.jpg
1,1,1,1,293,l_1747104870.461.jpg
1,1,1,1,293,l_1747217730.499.jpg
1,1,1,1,293,l_1747217731.733.jpg
1,1,1,1,293,l_1747217732.878.jpg
1,1,1,1,293,l_1747217733.582.jpg
1,1,1,1,294,l_1735532322.650.jpg
1,1,1,1,294,l_1735532324.652.jpg
1,1,1,1,294,l_1735532327.864.jpg
1,1,1,1,294,l_1735532333.866.jpg
1,1,1,1,294,l_1735532336.492.jpg
1,1,1,1,294,l_1735549389.862.jpg
1,1,1,1,294,l_1735549390.614.jpg
1,1,1,1,294,l_1735549390.918.jpg
1,1,1,1,294,l_1735549391.575.jpg
1,1,1,1,294,l_1735549392.608.jpg
1,1,1,1,294,l_1739785129.593.jpg
1,1,1,1,294,l_1739785133.476.jpg
1,1,1,1,294,l_1739785136.588.jpg
1,1,1,1,294,l_1739785162.116.jpg
1,1,1,1,294,l_1739931588.266.jpg
1,1,1,1,294,l_1739931588.320.jpg
1,1,1,1,294,l_1739931589.552.jpg
1,1,1,1,294,l_1741438281.683.jpg
1,1,1,1,294,l_1741438283.283.jpg
1,1,1,1,294,l_1741438285.646.jpg
1,1,1,1,294,l_1741438286.958.jpg
1,1,1,1,294,l_1741438288.213.jpg
1,1,1,1,294,l_1741438291.522.jpg
1,1,1,1,294,l_1741833528.156.jpg
1,1,1,1,294,l_1741833533.506.jpg
1,1,1,1,294,l_1743389371.762.jpg
1,1,1,1,294,l_1743389379.455.jpg
1,1,1,1,294,l_1743389382.695.jpg
1,1,1,1,294,l_1743389385.515.jpg
1,1,1,1,294,l_1743521050.660.jpg
1,1,1,1,294,l_1743521051.275.jpg
1,1,1,1,294,l_1743521052.419.jpg
1,1,1,1,294,l_1744099686.156.jpg
1,1,1,1,294,l_1744099689.955.jpg
1,1,1,1,294,l_1744099698.535.jpg
1,1,1,1,294,l_1744099701.262.jpg
1,1,1,1,294,l_1744615658.942.jpg
1,1,1,1,294,l_1744615660.793.jpg
1,1,1,1,294,l_1744615662.175.jpg
1,1,1,1,294,l_1744615664.886.jpg
1,1,1,1,294,l_1744615666.784.jpg
1,1,1,1,294,l_1744615668.822.jpg
1,1,1,1,294,l_1744615670.804.jpg
1,1,1,1,294,l_1744882076.984.jpg
1,1,1,1,294,l_1744882084.443.jpg
1,1,1,1,294,l_1744882089.228.jpg
1,1,1,1,294,l_1744882093.542.jpg
1,1,1,1,294,l_1744882096.466.jpg
1,1,1,1,294,l_1745038022.803.jpg
1,1,1,1,294,l_1745038023.521.jpg
1,1,1,1,294,l_1745205386.792.jpg
1,1,1,1,294,l_1745205391.639.jpg
1,1,1,1,294,l_1745205396.618.jpg
1,1,1,1,294,l_1745228061.841.jpg
1,1,1,1,294,l_1745228062.141.jpg
1,1,1,1,294,l_1745545911.612.jpg
1,1,1,1,294,l_1745545912.439.jpg
1,1,1,1,294,l_1745545914.426.jpg
1,1,1,1,294,l_1745545916.602.jpg
1,1,1,1,294,l_1745546047.191.jpg
1,1,1,1,294,l_1745546068.930.jpg
1,1,1,1,294,l_1745849416.750.jpg
1,1,1,1,294,l_1745849425.923.jpg
1,1,1,1,294,l_1745849426.454.jpg
1,1,1,1,294,l_1745849426.515.jpg
1,1,1,1,294,l_1746453192.864.jpg
1,1,1,1,294,l_1746453193.551.jpg
1,1,1,1,294,l_1746518341.995.jpg
1,1,1,1,294,l_1746518344.210.jpg
1,1,1,1,294,l_1746518346.799.jpg
1,1,1,1,294,l_1746518350.856.jpg
1,1,1,1,294,l_1746518352.779.jpg
1,1,1,1,294,l_1746518353.843.jpg
1,1,1,1,294,l_1746518357.170.jpg
1,1,1,1,294,l_1747126819.173.jpg
1,1,1,1,294,l_1747126820.871.jpg
1,1,1,1,294,l_1747126821.920.jpg
1,1,1,1,294,l_1747126822.217.jpg
1,1,1,1,294,l_1747146747.483.jpg
1,1,1,1,294,l_1747146748.109.jpg
1,1,1,1,294,l_1747146749.218.jpg
1,1,1,1,295,l_1738893236.255.jpg
1,1,1,1,295,l_1738893236.854.jpg
1,1,1,1,295,l_1739177800.707.jpg
1,1,1,1,295,l_1739177801.447.jpg
1,1,1,1,295,l_1739177801.496.jpg
1,1,1,1,295,l_1739177805.961.jpg
1,1,1,1,295,l_1740648645.774.jpg
1,1,1,1,295,l_1740648645.852.jpg
1,1,1,1,295,l_1740648646.444.jpg
1,1,1,1,295,l_1740648646.684.jpg
1,1,1,1,295,l_1740648647.212.jpg
1,1,1,1,295,l_1741078670.337.jpg
1,1,1,1,295,l_1741078671.607.jpg
1,1,1,1,295,l_1741078672.986.jpg
1,1,1,1,295,l_1741078673.338.jpg
1,1,1,1,295,l_1741078673.789.jpg
1,1,1,1,295,l_1741228830.493.jpg
1,1,1,1,295,l_1741228831.723.jpg
1,1,1,1,295,l_1741228831.995.jpg
1,1,1,1,295,l_1741833982.112.jpg
1,1,1,1,295,l_1741833991.411.jpg
1,1,1,1,295,l_1741834032.162.jpg
1,1,1,1,295,l_1741834037.621.jpg
1,1,1,1,295,l_1742209853.536.jpg
1,1,1,1,295,l_1742209858.460.jpg
1,1,1,1,295,l_1742209862.183.jpg
1,1,1,1,295,l_1742209868.600.jpg
1,1,1,1,295,l_1742209872.931.jpg
1,1,1,1,295,l_1742287584.346.jpg
1,1,1,1,295,l_1742287585.996.jpg
1,1,1,1,295,l_1742287586.362.jpg
1,1,1,1,295,l_1742287588.140.jpg
1,1,1,1,295,l_1743064458.198.jpg
1,1,1,1,295,l_1743064461.684.jpg
1,1,1,1,295,l_1743064462.544.jpg
1,1,1,1,295,l_1743064464.376.jpg
1,1,1,1,295,l_1743064466.767.jpg
1,1,1,1,295,l_1743064468.306.jpg
1,1,1,1,295,l_1743064470.978.jpg
1,1,1,1,295,l_1743064473.448.jpg
1,1,1,1,295,l_1743093401.502.jpg
1,1,1,1,295,l_1743093402.284.jpg
1,1,1,1,295,l_1743093403.435.jpg
1,1,1,1,295,l_1743093404.267.jpg
1,1,1,1,295,l_1743136195.491.jpg
1,1,1,1,295,l_1743136196.336.jpg
1,1,1,1,295,l_1743136196.544.jpg
1,1,1,1,295,l_1743136199.306.jpg
1,1,1,1,295,l_1743136199.911.jpg
1,1,1,1,295,l_1743232892.982.jpg
1,1,1,1,295,l_1743232893.486.jpg
1,1,1,1,295,l_1743232895.169.jpg
1,1,1,1,295,l_1743232897.922.jpg
1,1,1,1,295,l_1743232899.154.jpg
1,1,1,1,295,l_1743232975.455.jpg
1,1,1,1,295,l_1743406769.574.jpg
1,1,1,1,295,l_1743406770.510.jpg
1,1,1,1,295,l_1743406770.732.jpg
1,1,1,1,295,l_1743406774.270.jpg
1,1,1,1,295,l_1743406775.909.jpg
1,1,1,1,295,l_1743666957.809.jpg
1,1,1,1,295,l_1743666958.534.jpg
1,1,1,1,295,l_1743666960.223.jpg
1,1,1,1,295,l_1743666966.614.jpg
1,1,1,1,295,l_1743666967.469.jpg
1,1,1,1,295,l_1743666968.584.jpg
1,1,1,1,295,l_1743666969.496.jpg
1,1,1,1,295,l_1743666970.294.jpg
1,1,1,1,295,l_1744335640.921.jpg
1,1,1,1,295,l_1744335641.228.jpg
1,1,1,1,295,l_1744335641.792.jpg
1,1,1,1,295,l_1744335642.329.jpg
1,1,1,1,295,l_1744335688.448.jpg
1,1,1,1,295,l_1744944374.524.jpg
1,1,1,1,295,l_1744944375.295.jpg
1,1,1,1,295,l_1744944378.339.jpg
1,1,1,1,295,l_1745492125.938.jpg
1,1,1,1,295,l_1745492128.675.jpg
1,1,1,1,295,l_1745492131.839.jpg
1,1,1,1,295,l_1745492133.142.jpg
1,1,1,1,295,l_1745492134.942.jpg
1,1,1,1,295,l_1747024984.479.jpg
1,1,1,1,295,l_1747024985.759.jpg
1,1,1,1,295,l_1747024986.114.jpg
1,1,1,1,295,l_1747024987.252.jpg
1,1,1,1,295,l_1747042245.284.jpg
1,1,1,1,295,l_1747042246.337.jpg
1,1,1,1,295,l_1747127980.575.jpg
1,1,1,1,295,l_1747127981.282.jpg
1,1,1,1,295,l_1747127981.903.jpg
1,1,1,1,295,l_1747127984.350.jpg
1,1,1,1,295,l_1747127984.699.jpg
1,1,1,1,296,l_1726823390.600.jpg
1,1,1,1,296,l_1726823390.620.jpg
1,1,1,1,296,l_1726823392.398.jpg
1,1,1,1,296,l_1726823392.648.jpg
1,1,1,1,296,l_1726823422.420.jpg
1,1,1,1,296,l_1727791647.192.jpg
1,1,1,1,296,l_1727791648.407.jpg
1,1,1,1,296,l_1727791649.863.jpg
1,1,1,1,296,l_1727791652.275.jpg
1,1,1,1,296,l_1730782948.407.jpg
1,1,1,1,296,l_1730782948.980.jpg
1,1,1,1,296,l_1730782949.586.jpg
1,1,1,1,296,l_1730962628.146.jpg
1,1,1,1,296,l_1730962628.647.jpg
1,1,1,1,296,l_1730962629.681.jpg
1,1,1,1,296,l_1730962630.333.jpg
1,1,1,1,296,l_1730962630.537.jpg
1,1,1,1,296,l_1733151770.390.jpg
1,1,1,1,296,l_1733151771.288.jpg
1,1,1,1,296,l_1733151771.893.jpg
1,1,1,1,296,l_1733151774.982.jpg
1,1,1,1,296,l_1733888666.689.jpg
1,1,1,1,296,l_1733888667.757.jpg
1,1,1,1,296,l_1733888668.264.jpg
1,1,1,1,296,l_1733888668.508.jpg
1,1,1,1,296,l_1733888669.121.jpg
1,1,1,1,296,l_1733888671.384.jpg
1,1,1,1,296,l_1733888674.954.jpg
1,1,1,1,296,l_1736993850.368.jpg
1,1,1,1,296,l_1737079836.598.jpg
1,1,1,1,296,l_1737079836.906.jpg
1,1,1,1,296,l_1737079837.144.jpg
1,1,1,1,296,l_1737079837.519.jpg
1,1,1,1,296,l_1739335715.265.jpg
1,1,1,1,296,l_1739335716.151.jpg
1,1,1,1,296,l_1739335716.309.jpg
1,1,1,1,296,l_1741772162.264.jpg
1,1,1,1,296,l_1741772163.967.jpg
1,1,1,1,296,l_1741929036.787.jpg
1,1,1,1,296,l_1741929037.687.jpg
1,1,1,1,296,l_1741929037.841.jpg
1,1,1,1,296,l_1741929081.926.jpg
1,1,1,1,296,l_1743406678.774.jpg
1,1,1,1,296,l_1743406696.413.jpg
1,1,1,1,296,l_1743406698.951.jpg
1,1,1,1,296,l_1743406701.687.jpg
1,1,1,1,296,l_1743406702.809.jpg
1,1,1,1,296,l_1744253217.252.jpg
1,1,1,1,296,l_1744253219.405.jpg
1,1,1,1,296,l_1744253221.903.jpg
1,1,1,1,296,l_1744360538.247.jpg
1,1,1,1,296,l_1745584725.325.jpg
1,1,1,1,296,l_1745584725.935.jpg
1,1,1,1,296,l_1745584726.450.jpg
1,1,1,1,296,l_1745584753.695.jpg
1,1,1,1,296,l_1746500344.416.jpg
1,1,1,1,296,l_1746500345.324.jpg
1,1,1,1,296,l_1746500346.299.jpg
1,1,1,1,296,l_1746500346.567.jpg
1,1,1,1,296,l_1746500350.100.jpg
1,1,1,1,296,l_1746600754.212.jpg
1,1,1,1,296,l_1746600755.683.jpg
1,1,1,1,296,l_1746600756.690.jpg
1,1,1,1,296,l_1746600757.264.jpg
1,1,1,1,296,l_1746600758.252.jpg
1,1,1,1,296,l_1746600759.233.jpg
1,1,1,1,296,l_1746627524.587.jpg
1,1,1,1,296,l_1746627525.108.jpg
1,1,1,1,296,l_1746627526.751.jpg
1,1,1,1,296,l_1746627529.934.jpg
1,1,1,1,296,l_1746627530.267.jpg
1,1,1,1,296,l_1746693212.430.jpg
1,1,1,1,296,l_1746693213.131.jpg
1,1,1,1,296,l_1746693213.172.jpg
1,1,1,1,296,l_1746693214.503.jpg
1,1,1,1,296,l_1746693224.659.jpg
1,1,1,1,296,l_1746975030.137.jpg
1,1,1,1,296,l_1746975030.465.jpg
1,1,1,1,296,l_1746975031.871.jpg
1,1,1,1,296,l_1747210463.299.jpg
1,1,1,1,296,l_1747210464.972.jpg
1,1,1,1,296,l_1747210465.796.jpg
1,1,1,1,296,l_1747210776.541.jpg
1,1,1,1,296,l_1747210780.620.jpg
1,1,1,1,296,l_1747210786.318.jpg
1,1,1,1,296,l_1747210786.968.jpg
1,1,1,1,296,l_1747210787.743.jpg
1,1,1,1,297,l_1709365574.307.jpg
1,1,1,1,297,l_1709365575.278.jpg
1,1,1,1,297,l_1709365575.862.jpg
1,1,1,1,297,l_1709365576.645.jpg
1,1,1,1,297,l_1710921818.912.jpg
1,1,1,1,297,l_1710921819.394.jpg
1,1,1,1,297,l_1710921820.358.jpg
1,1,1,1,297,l_1710921820.874.jpg
1,1,1,1,297,l_1716860768.411.jpg
1,1,1,1,297,l_1716860772.501.jpg
1,1,1,1,297,l_1723003648.861.jpg
1,1,1,1,297,l_1723003649.455.jpg
1,1,1,1,297,l_1723003649.987.jpg
1,1,1,1,297,l_1739599118.833.jpg
1,1,1,1,297,l_1739599119.281.jpg
1,1,1,1,297,l_1739599119.801.jpg
1,1,1,1,297,l_1739599120.511.jpg
1,1,1,1,297,l_1740225105.957.jpg
1,1,1,1,297,l_1740225106.557.jpg
1,1,1,1,297,l_1740225107.265.jpg
1,1,1,1,297,l_1740225117.241.jpg
1,1,1,1,297,l_1741109974.498.jpg
1,1,1,1,297,l_1741109974.515.jpg
1,1,1,1,297,l_1741109977.980.jpg
1,1,1,1,297,l_1741109980.469.jpg
1,1,1,1,297,l_1741110153.674.jpg
1,1,1,1,297,l_1741110156.472.jpg
1,1,1,1,297,l_1741110162.875.jpg
1,1,1,1,297,l_1741110417.265.jpg
1,1,1,1,297,l_1741110418.520.jpg
1,1,1,1,297,l_1741110420.294.jpg
1,1,1,1,297,l_1741110420.484.jpg
1,1,1,1,297,l_1741110421.489.jpg
1,1,1,1,297,l_1743154730.347.jpg
1,1,1,1,297,l_1743154731.467.jpg
1,1,1,1,297,l_1743154732.703.jpg
1,1,1,1,297,l_1743154733.428.jpg
1,1,1,1,297,l_1743154734.527.jpg
1,1,1,1,297,l_1743405423.479.jpg
1,1,1,1,297,l_1743405439.341.jpg
1,1,1,1,297,l_1743405445.637.jpg
1,1,1,1,297,l_1743405449.768.jpg
1,1,1,1,297,l_1744533537.319.jpg
1,1,1,1,297,l_1744533561.433.jpg
1,1,1,1,297,l_1744533562.601.jpg
1,1,1,1,297,l_1744533562.730.jpg
1,1,1,1,297,l_1744533563.796.jpg
1,1,1,1,297,l_1744766536.938.jpg
1,1,1,1,297,l_1744766537.513.jpg
1,1,1,1,297,l_1744766538.392.jpg
1,1,1,1,297,l_1744766539.825.jpg
1,1,1,1,297,l_1744784492.517.jpg
1,1,1,1,297,l_1744784493.323.jpg
1,1,1,1,297,l_1744784493.755.jpg
1,1,1,1,297,l_1745223295.828.jpg
1,1,1,1,297,l_1745223297.851.jpg
1,1,1,1,297,l_1745223298.679.jpg
1,1,1,1,297,l_1745223299.423.jpg
1,1,1,1,297,l_1745223315.799.jpg
1,1,1,1,297,l_1746771921.540.jpg
1,1,1,1,297,l_1746771921.785.jpg
1,1,1,1,297,l_1746771922.999.jpg
1,1,1,1,297,l_1746771977.582.jpg
1,1,1,1,297,l_1746771977.961.jpg
1,1,1,1,297,l_1746771978.750.jpg
1,1,1,1,297,l_1746771978.991.jpg
1,1,1,1,297,l_1746772019.295.jpg
1,1,1,1,297,l_1746772019.655.jpg
1,1,1,1,297,l_1746772021.434.jpg
1,1,1,1,297,l_1746772025.975.jpg
1,1,1,1,297,l_1746813202.717.jpg
1,1,1,1,297,l_1746813203.158.jpg
1,1,1,1,297,l_1746813204.567.jpg
1,1,1,1,297,l_1746813205.140.jpg
1,1,1,1,297,l_1746813205.459.jpg
1,1,1,1,297,l_1746813207.298.jpg
1,1,1,1,297,l_1746957121.922.jpg
1,1,1,1,297,l_1746957123.803.jpg
1,1,1,1,297,l_1746957124.749.jpg
1,1,1,1,297,l_1746957125.386.jpg
1,1,1,1,297,l_1746957126.223.jpg
1,1,1,1,298,l_1717558118.875.jpg
1,1,1,1,298,l_1717558119.530.jpg
1,1,1,1,298,l_1717558119.577.jpg
1,1,1,1,298,l_1725864840.681.jpg
1,1,1,1,298,l_1725864840.866.jpg
1,1,1,1,298,l_1725864841.620.jpg
1,1,1,1,298,l_1725864842.522.jpg
1,1,1,1,298,l_1725864849.845.jpg
1,1,1,1,298,l_1732849706.826.jpg
1,1,1,1,298,l_1734058706.793.jpg
1,1,1,1,298,l_1734058707.566.jpg
1,1,1,1,298,l_1734058708.632.jpg
1,1,1,1,298,l_1734058709.587.jpg
1,1,1,1,298,l_1734058710.315.jpg
1,1,1,1,298,l_1739985803.426.jpg
1,1,1,1,298,l_1739985804.271.jpg
1,1,1,1,298,l_1739985804.566.jpg
1,1,1,1,298,l_1739985805.197.jpg
1,1,1,1,298,l_1739985806.517.jpg
1,1,1,1,298,l_1739986108.526.jpg
1,1,1,1,298,l_1739986109.919.jpg
1,1,1,1,298,l_1739986110.899.jpg
1,1,1,1,298,l_1739986111.128.jpg
1,1,1,1,298,l_1739986112.666.jpg
1,1,1,1,298,l_1739986113.923.jpg
1,1,1,1,298,l_1740733248.887.jpg
1,1,1,1,298,l_1740733249.834.jpg
1,1,1,1,298,l_1740733250.137.jpg
1,1,1,1,298,l_1740733250.936.jpg
1,1,1,1,298,l_1740985224.203.jpg
1,1,1,1,298,l_1740985225.171.jpg
1,1,1,1,298,l_1740985227.209.jpg
1,1,1,1,298,l_1742031831.136.jpg
1,1,1,1,298,l_1742031831.657.jpg
1,1,1,1,298,l_1742031833.517.jpg
1,1,1,1,298,l_1743818048.280.jpg
1,1,1,1,298,l_1743818049.402.jpg
1,1,1,1,298,l_1743818049.713.jpg
1,1,1,1,298,l_1744791170.207.jpg
1,1,1,1,298,l_1744791172.699.jpg
1,1,1,1,298,l_1745547198.200.jpg
1,1,1,1,298,l_1745547200.221.jpg
1,1,1,1,298,l_1745547200.811.jpg
1,1,1,1,298,l_1745547207.712.jpg
1,1,1,1,298,l_1745660048.639.jpg
1,1,1,1,298,l_1745660048.745.jpg
1,1,1,1,298,l_1745660049.826.jpg
1,1,1,1,298,l_1745660057.778.jpg
1,1,1,1,298,l_1745660057.919.jpg
1,1,1,1,298,l_1745660178.361.jpg
1,1,1,1,298,l_1745660180.733.jpg
1,1,1,1,298,l_1745660181.977.jpg
1,1,1,1,298,l_1745660182.776.jpg
1,1,1,1,298,l_1745660186.925.jpg
1,1,1,1,298,l_1745660188.775.jpg
1,1,1,1,298,l_1745660189.955.jpg
1,1,1,1,298,l_1745660189.999.jpg
1,1,1,1,298,l_1745660190.693.jpg
1,1,1,1,298,l_1745660246.140.jpg
1,1,1,1,298,l_1745660247.414.jpg
1,1,1,1,298,l_1745660247.829.jpg
1,1,1,1,298,l_1745660248.879.jpg
1,1,1,1,298,l_1745660249.632.jpg
1,1,1,1,298,l_1746185889.106.jpg
1,1,1,1,298,l_1746185891.314.jpg
1,1,1,1,298,l_1746416608.868.jpg
1,1,1,1,298,l_1746416609.236.jpg
1,1,1,1,298,l_1746416609.260.jpg
1,1,1,1,298,l_1746416610.294.jpg
1,1,1,1,298,l_1746416610.412.jpg
1,1,1,1,298,l_1746677149.780.jpg
1,1,1,1,298,l_1746677150.280.jpg
1,1,1,1,298,l_1746677151.659.jpg
1,1,1,1,298,l_1746677151.804.jpg
1,1,1,1,298,l_1746784754.300.jpg
1,1,1,1,298,l_1746784755.201.jpg
1,1,1,1,298,l_1746784755.765.jpg
1,1,1,1,298,l_1746784756.507.jpg
1,1,1,1,298,l_1747219442.143.jpg
1,1,1,1,298,l_1747219443.272.jpg
1,1,1,1,298,l_1747219444.430.jpg
1,1,1,1,298,l_1747219445.531.jpg
1,1,1,1,299,l_1733105873.337.jpg
1,1,1,1,299,l_1733105874.149.jpg
1,1,1,1,299,l_1733105878.716.jpg
1,1,1,1,299,l_1733112062.833.jpg
1,1,1,1,299,l_1733112064.297.jpg
1,1,1,1,299,l_1733112065.498.jpg
1,1,1,1,299,l_1733112067.877.jpg
1,1,1,1,299,l_1734058071.944.jpg
1,1,1,1,299,l_1734058072.562.jpg
1,1,1,1,299,l_1734058073.479.jpg
1,1,1,1,299,l_1734058073.953.jpg
1,1,1,1,299,l_1739865119.133.jpg
1,1,1,1,299,l_1739865132.400.jpg
1,1,1,1,299,l_1739865144.485.jpg
1,1,1,1,299,l_1741613135.511.jpg
1,1,1,1,299,l_1741613136.188.jpg
1,1,1,1,299,l_1741613137.459.jpg
1,1,1,1,299,l_1741613137.745.jpg
1,1,1,1,299,l_1741613138.399.jpg
1,1,1,1,299,l_1741613138.574.jpg
1,1,1,1,299,l_1742006975.444.jpg
1,1,1,1,299,l_1742006975.727.jpg
1,1,1,1,299,l_1742006976.718.jpg
1,1,1,1,299,l_1742006976.773.jpg
1,1,1,1,299,l_1742006977.200.jpg
1,1,1,1,299,l_1743937461.336.jpg
1,1,1,1,299,l_1743937462.258.jpg
1,1,1,1,299,l_1743937462.454.jpg
1,1,1,1,299,l_1743937463.569.jpg
1,1,1,1,299,l_1743937463.753.jpg
1,1,1,1,299,l_1745219306.563.jpg
1,1,1,1,299,l_1745219308.532.jpg
1,1,1,1,299,l_1745219311.929.jpg
1,1,1,1,299,l_1745219315.760.jpg
1,1,1,1,299,l_1745219318.920.jpg
1,1,1,1,299,l_1745289966.131.jpg
1,1,1,1,299,l_1745289969.333.jpg
1,1,1,1,299,l_1745289971.183.jpg
1,1,1,1,299,l_1745289971.245.jpg
1,1,1,1,299,l_1745289972.608.jpg
1,1,1,1,299,l_1745472577.606.jpg
1,1,1,1,299,l_1745472578.224.jpg
1,1,1,1,299,l_1745472579.169.jpg
1,1,1,1,299,l_1745472582.497.jpg
1,1,1,1,299,l_1745472582.556.jpg
1,1,1,1,299,l_1745989576.942.jpg
1,1,1,1,299,l_1745989577.114.jpg
1,1,1,1,299,l_1745989577.997.jpg
1,1,1,1,299,l_1745989578.319.jpg
1,1,1,1,299,l_1745989578.606.jpg
1,1,1,1,299,l_1745989579.553.jpg
1,1,1,1,299,l_1745989580.761.jpg
1,1,1,1,299,l_1746509387.580.jpg
1,1,1,1,299,l_1746509391.514.jpg
1,1,1,1,299,l_1746509394.507.jpg
1,1,1,1,299,l_1746509398.597.jpg
1,1,1,1,299,l_1746509407.137.jpg
1,1,1,1,299,l_1746699601.409.jpg
1,1,1,1,299,l_1746699602.217.jpg
1,1,1,1,299,l_1746699604.412.jpg
1,1,1,1,299,l_1746701867.174.jpg
1,1,1,1,299,l_1746701868.224.jpg
1,1,1,1,299,l_1746701869.124.jpg
1,1,1,1,299,l_1746701869.877.jpg
1,1,1,1,299,l_1746701870.235.jpg
1,1,1,1,299,l_1746701870.805.jpg
1,1,1,1,299,l_1747038910.228.jpg
1,1,1,1,299,l_1747038911.418.jpg
1,1,1,1,299,l_1747038912.479.jpg
1,1,1,1,299,l_1747038913.564.jpg
1,1,1,1,299,l_1747038914.707.jpg
1,1,1,1,299,l_1747038916.711.jpg
1,1,1,1,299,l_1747038917.252.jpg
1,1,1,1,299,l_1747190966.951.jpg
1,1,1,1,299,l_1747190968.232.jpg
1,1,1,1,299,l_1747190970.341.jpg
1,1,1,1,299,l_1747190973.837.jpg
1,1,1,1,299,l_1747195328.725.jpg
1,1,1,1,299,l_1747195329.234.jpg
1,1,1,1,299,l_1747195330.206.jpg
1,1,1,1,299,l_1747195330.354.jpg
1,1,1,1,299,l_1747195331.370.jpg
1,1,1,1,299,l_1747204419.262.jpg
1,1,1,1,299,l_1747204419.483.jpg
1,1,1,1,299,l_1747204420.278.jpg
1,1,1,1,299,l_1747204421.747.jpg
1,1,1,1,299,l_1747204425.908.jpg
1,1,1,1,299,l_1747215162.319.jpg
1,1,1,1,299,l_1747215163.496.jpg
1,1,1,1,299,l_1747215163.626.jpg
1,1,1,1,299,l_1747215164.466.jpg
1,1,1,1,299,l_1747215165.521.jpg
1,1,1,1,299,l_1747219518.623.jpg
1,1,1,1,299,l_1747219520.554.jpg
1,1,1,1,299,l_1747219521.134.jpg
1,1,1,1,299,l_1747219523.290.jpg
1,1,1,1,299,l_1747219525.829.jpg
1,1,1,1,299,l_1747219526.982.jpg
1,1,1,1,300,l_1741350229.190.jpg
1,1,1,1,300,l_1741350231.886.jpg
1,1,1,1,300,l_1741350233.737.jpg
1,1,1,1,300,l_1741350235.403.jpg
1,1,1,1,300,l_1741350246.665.jpg
1,1,1,1,300,l_1743474180.163.jpg
1,1,1,1,300,l_1743474181.324.jpg
1,1,1,1,300,l_1743474182.538.jpg
1,1,1,1,300,l_1743474182.805.jpg
1,1,1,1,300,l_1743474183.596.jpg
1,1,1,1,300,l_1743474184.497.jpg
1,1,1,1,300,l_1743474187.132.jpg
1,1,1,1,300,l_1743482931.473.jpg
1,1,1,1,300,l_1743482934.386.jpg
1,1,1,1,300,l_1743482936.328.jpg
1,1,1,1,300,l_1743482937.887.jpg
1,1,1,1,300,l_1743482938.722.jpg
1,1,1,1,300,l_1743482939.507.jpg
1,1,1,1,300,l_1743490416.255.jpg
1,1,1,1,300,l_1743490418.689.jpg
1,1,1,1,300,l_1743490425.495.jpg
1,1,1,1,300,l_1743490427.852.jpg
1,1,1,1,300,l_1743494195.161.jpg
1,1,1,1,300,l_1743494195.923.jpg
1,1,1,1,300,l_1743494196.340.jpg
1,1,1,1,300,l_1743494196.357.jpg
1,1,1,1,300,l_1743494197.956.jpg
1,1,1,1,300,l_1744086811.334.jpg
1,1,1,1,300,l_1744086814.167.jpg
1,1,1,1,300,l_1744086816.741.jpg
1,1,1,1,300,l_1744086817.654.jpg
1,1,1,1,300,l_1744086820.956.jpg
1,1,1,1,300,l_1744275717.292.jpg
1,1,1,1,300,l_1744275717.461.jpg
1,1,1,1,300,l_1744275718.215.jpg
1,1,1,1,300,l_1744275718.234.jpg
1,1,1,1,300,l_1744709540.387.jpg
1,1,1,1,300,l_1744709541.717.jpg
1,1,1,1,300,l_1744709542.162.jpg
1,1,1,1,300,l_1744709546.401.jpg
1,1,1,1,300,l_1744709548.638.jpg
1,1,1,1,300,l_1744709570.430.jpg
1,1,1,1,300,l_1744709571.272.jpg
1,1,1,1,300,l_1744709571.948.jpg
1,1,1,1,300,l_1744709574.423.jpg
1,1,1,1,300,l_1744709575.830.jpg
1,1,1,1,300,l_1745988774.152.jpg
1,1,1,1,300,l_1745988775.103.jpg
1,1,1,1,300,l_1745988775.202.jpg
1,1,1,1,300,l_1745988776.966.jpg
1,1,1,1,300,l_1745988777.782.jpg
1,1,1,1,300,l_1745988807.166.jpg
1,1,1,1,300,l_1745988819.138.jpg
1,1,1,1,300,l_1745989609.109.jpg
1,1,1,1,300,l_1745989610.190.jpg
1,1,1,1,300,l_1745989610.450.jpg
1,1,1,1,300,l_1745989611.693.jpg
1,1,1,1,300,l_1746151730.926.jpg
1,1,1,1,300,l_1746151732.213.jpg
1,1,1,1,300,l_1746151733.827.jpg
1,1,1,1,300,l_1746167935.416.jpg
1,1,1,1,300,l_1746167937.533.jpg
1,1,1,1,300,l_1746167937.867.jpg
1,1,1,1,300,l_1746167938.627.jpg
1,1,1,1,300,l_1746228022.143.jpg
1,1,1,1,300,l_1746228022.164.jpg
1,1,1,1,300,l_1746228023.312.jpg
1,1,1,1,300,l_1746228023.801.jpg
1,1,1,1,300,l_1746228024.973.jpg
1,1,1,1,300,l_1746228025.315.jpg
1,1,1,1,300,l_1746591720.344.jpg
1,1,1,1,300,l_1746591721.277.jpg
1,1,1,1,300,l_1746591723.682.jpg
1,1,1,1,300,l_1746591724.734.jpg
1,1,1,1,300,l_1746591725.144.jpg
1,1,1,1,300,l_1747128807.306.jpg
1,1,1,1,300,l_1747128807.462.jpg
1,1,1,1,300,l_1747128808.585.jpg
1,1,1,1,300,l_1747128808.689.jpg
1,1,1,1,301,l_1734402869.573.jpg
1,1,1,1,301,l_1734402869.790.jpg
1,1,1,1,301,l_1734402870.616.jpg
1,1,1,1,301,l_1734402871.704.jpg
1,1,1,1,301,l_1734402872.351.jpg
1,1,1,1,301,l_1734403088.337.jpg
1,1,1,1,301,l_1734403088.600.jpg
1,1,1,1,301,l_1734403090.756.jpg
1,1,1,1,301,l_1734709619.181.jpg
1,1,1,1,301,l_1734709621.888.jpg
1,1,1,1,301,l_1734709622.696.jpg
1,1,1,1,301,l_1734709623.638.jpg
1,1,1,1,301,l_1734709624.261.jpg
1,1,1,1,301,l_1734709625.329.jpg
1,1,1,1,301,l_1734709634.128.jpg
1,1,1,1,301,l_1735806566.357.jpg
1,1,1,1,301,l_1735806566.938.jpg
1,1,1,1,301,l_1735806567.422.jpg
1,1,1,1,301,l_1735806568.209.jpg
1,1,1,1,301,l_1735806568.249.jpg
1,1,1,1,301,l_1735806571.142.jpg
1,1,1,1,301,l_1736757889.113.jpg
1,1,1,1,301,l_1736757895.793.jpg
1,1,1,1,301,l_1736757899.589.jpg
1,1,1,1,301,l_1736757901.745.jpg
1,1,1,1,301,l_1736757903.958.jpg
1,1,1,1,301,l_1741167155.899.jpg
1,1,1,1,301,l_1741167160.598.jpg
1,1,1,1,301,l_1741167163.156.jpg
1,1,1,1,301,l_1741167166.386.jpg
1,1,1,1,301,l_1741167169.487.jpg
1,1,1,1,301,l_1743403760.224.jpg
1,1,1,1,301,l_1743403760.304.jpg
1,1,1,1,301,l_1743403762.738.jpg
1,1,1,1,301,l_1743403764.485.jpg
1,1,1,1,301,l_1743403765.414.jpg
1,1,1,1,301,l_1743403766.875.jpg
1,1,1,1,301,l_1743408448.172.jpg
1,1,1,1,301,l_1743408448.879.jpg
1,1,1,1,301,l_1743408449.743.jpg
1,1,1,1,301,l_1743408450.452.jpg
1,1,1,1,301,l_1743408451.340.jpg
1,1,1,1,301,l_1743590548.168.jpg
1,1,1,1,301,l_1743590548.211.jpg
1,1,1,1,301,l_1743590548.335.jpg
1,1,1,1,301,l_1743590549.442.jpg
1,1,1,1,301,l_1743590550.940.jpg
1,1,1,1,301,l_1743765065.586.jpg
1,1,1,1,301,l_1743765066.378.jpg
1,1,1,1,301,l_1743765067.423.jpg
1,1,1,1,301,l_1743765068.187.jpg
1,1,1,1,301,l_1743765068.338.jpg
1,1,1,1,301,l_1743765069.839.jpg
1,1,1,1,301,l_1743765071.363.jpg
1,1,1,1,301,l_1744095991.301.jpg
1,1,1,1,301,l_1744095992.597.jpg
1,1,1,1,301,l_1744095993.903.jpg
1,1,1,1,301,l_1744105270.847.jpg
1,1,1,1,301,l_1744105272.821.jpg
1,1,1,1,301,l_1744276693.205.jpg
1,1,1,1,301,l_1744276694.716.jpg
1,1,1,1,301,l_1744277657.577.jpg
1,1,1,1,301,l_1744284787.187.jpg
1,1,1,1,301,l_1744284788.308.jpg
1,1,1,1,301,l_1744284788.705.jpg
1,1,1,1,301,l_1744284789.331.jpg
1,1,1,1,301,l_1745213625.281.jpg
1,1,1,1,301,l_1745213625.351.jpg
1,1,1,1,301,l_1745213626.322.jpg
1,1,1,1,301,l_1745213626.879.jpg
1,1,1,1,301,l_1745213627.727.jpg
1,1,1,1,301,l_1745213627.969.jpg
1,1,1,1,301,l_1745213628.983.jpg
1,1,1,1,301,l_1745472187.386.jpg
1,1,1,1,301,l_1745472187.711.jpg
1,1,1,1,301,l_1745472188.406.jpg
1,1,1,1,301,l_1745472247.789.jpg
1,1,1,1,301,l_1745821765.296.jpg
1,1,1,1,301,l_1745821766.831.jpg
1,1,1,1,301,l_1745821767.842.jpg
1,1,1,1,301,l_1746970245.336.jpg
1,1,1,1,301,l_1746970247.924.jpg
1,1,1,1,301,l_1746970249.300.jpg
1,1,1,1,301,l_1746970255.341.jpg
1,1,1,1,301,l_1747200071.625.jpg
1,1,1,1,301,l_1747200074.145.jpg
1,1,1,1,301,l_1747200075.153.jpg
1,1,1,1,301,l_1747200075.663.jpg
1,1,1,1,301,l_1747200075.922.jpg
1,1,1,1,301,l_1747213394.819.jpg
1,1,1,1,301,l_1747213398.341.jpg
1,1,1,1,301,l_1747213401.955.jpg
1,1,1,1,302,l_1730772309.761.jpg
1,1,1,1,302,l_1730772312.963.jpg
1,1,1,1,302,l_1730772314.690.jpg
1,1,1,1,302,l_1730772319.406.jpg
1,1,1,1,302,l_1734409781.333.jpg
1,1,1,1,302,l_1734409782.747.jpg
1,1,1,1,302,l_1734409782.980.jpg
1,1,1,1,302,l_1734409783.510.jpg
1,1,1,1,302,l_1734409784.793.jpg
1,1,1,1,302,l_1734409784.806.jpg
1,1,1,1,302,l_1734409786.589.jpg
1,1,1,1,302,l_1736298566.194.jpg
1,1,1,1,302,l_1736298568.461.jpg
1,1,1,1,302,l_1736298569.653.jpg
1,1,1,1,302,l_1736298570.411.jpg
1,1,1,1,302,l_1738748728.937.jpg
1,1,1,1,302,l_1738748729.862.jpg
1,1,1,1,302,l_1738748730.270.jpg
1,1,1,1,302,l_1738748730.715.jpg
1,1,1,1,302,l_1740832016.251.jpg
1,1,1,1,302,l_1740832025.956.jpg
1,1,1,1,302,l_1740832034.392.jpg
1,1,1,1,302,l_1740832051.338.jpg
1,1,1,1,302,l_1740832058.673.jpg
1,1,1,1,302,l_1740832065.764.jpg
1,1,1,1,302,l_1743591464.604.jpg
1,1,1,1,302,l_1743591464.697.jpg
1,1,1,1,302,l_1743591465.817.jpg
1,1,1,1,302,l_1743591465.819.jpg
1,1,1,1,302,l_1743591466.879.jpg
1,1,1,1,302,l_1743591466.900.jpg
1,1,1,1,302,l_1744187276.445.jpg
1,1,1,1,302,l_1744187277.604.jpg
1,1,1,1,302,l_1744187279.106.jpg
1,1,1,1,302,l_1744875758.305.jpg
1,1,1,1,302,l_1744875760.769.jpg
1,1,1,1,302,l_1744875763.565.jpg
1,1,1,1,302,l_1744875766.660.jpg
1,1,1,1,302,l_1744880753.557.jpg
1,1,1,1,302,l_1744880753.861.jpg
1,1,1,1,302,l_1744880754.338.jpg
1,1,1,1,302,l_1744880755.857.jpg
1,1,1,1,302,l_1744880756.614.jpg
1,1,1,1,302,l_1744880757.316.jpg
1,1,1,1,302,l_1745284923.760.jpg
1,1,1,1,302,l_1745284924.886.jpg
1,1,1,1,302,l_1745284925.877.jpg
1,1,1,1,302,l_1745284926.347.jpg
1,1,1,1,302,l_1745284927.158.jpg
1,1,1,1,302,l_1745284937.582.jpg
1,1,1,1,302,l_1745827896.964.jpg
1,1,1,1,302,l_1745827898.383.jpg
1,1,1,1,302,l_1745827898.493.jpg
1,1,1,1,302,l_1745889357.646.jpg
1,1,1,1,302,l_1745889358.586.jpg
1,1,1,1,302,l_1745889359.590.jpg
1,1,1,1,302,l_1745889360.469.jpg
1,1,1,1,302,l_1745909287.126.jpg
1,1,1,1,302,l_1745909288.663.jpg
1,1,1,1,302,l_1745909288.786.jpg
1,1,1,1,302,l_1746414145.709.jpg
1,1,1,1,302,l_1746414145.805.jpg
1,1,1,1,302,l_1746414146.781.jpg
1,1,1,1,302,l_1746504725.996.jpg
1,1,1,1,302,l_1746504738.735.jpg
1,1,1,1,302,l_1746504738.849.jpg
1,1,1,1,302,l_1746504739.718.jpg
1,1,1,1,302,l_1746504740.690.jpg
1,1,1,1,302,l_1746778236.489.jpg
1,1,1,1,302,l_1746778237.878.jpg
1,1,1,1,302,l_1746778238.891.jpg
1,1,1,1,302,l_1746778240.430.jpg
1,1,1,1,302,l_1746876061.247.jpg
1,1,1,1,302,l_1746876110.219.jpg
1,1,1,1,302,l_1746876111.858.jpg
1,1,1,1,302,l_1746876112.819.jpg
1,1,1,1,302,l_1746950237.762.jpg
1,1,1,1,302,l_1746950239.267.jpg
1,1,1,1,302,l_1747134004.123.jpg
1,1,1,1,302,l_1747134017.903.jpg
1,1,1,1,302,l_1747134018.450.jpg
1,1,1,1,302,l_1747134018.759.jpg
1,1,1,1,302,l_1747134019.566.jpg
1,1,1,1,303,l_1729247389.257.jpg
1,1,1,1,303,l_1729247389.563.jpg
1,1,1,1,303,l_1729247390.370.jpg
1,1,1,1,303,l_1729247391.829.jpg
1,1,1,1,303,l_1729247392.359.jpg
1,1,1,1,303,l_1730867120.633.jpg
1,1,1,1,303,l_1730867123.615.jpg
1,1,1,1,303,l_1730867126.377.jpg
1,1,1,1,303,l_1730867132.122.jpg
1,1,1,1,303,l_1736937836.101.jpg
1,1,1,1,303,l_1736937837.651.jpg
1,1,1,1,303,l_1736937837.763.jpg
1,1,1,1,303,l_1736937838.251.jpg
1,1,1,1,303,l_1736937838.480.jpg
1,1,1,1,303,l_1740615149.623.jpg
1,1,1,1,303,l_1740615151.249.jpg
1,1,1,1,303,l_1740615155.397.jpg
1,1,1,1,303,l_1740615160.967.jpg
1,1,1,1,303,l_1740615162.417.jpg
1,1,1,1,303,l_1740615165.875.jpg
1,1,1,1,303,l_1740615168.512.jpg
1,1,1,1,303,l_1740715059.856.jpg
1,1,1,1,303,l_1740715062.602.jpg
1,1,1,1,303,l_1740715062.670.jpg
1,1,1,1,303,l_1740715064.585.jpg
1,1,1,1,303,l_1740715066.529.jpg
1,1,1,1,303,l_1741418707.479.jpg
1,1,1,1,303,l_1741418712.100.jpg
1,1,1,1,303,l_1743691546.528.jpg
1,1,1,1,303,l_1743691550.383.jpg
1,1,1,1,303,l_1743691553.500.jpg
1,1,1,1,303,l_1743691556.846.jpg
1,1,1,1,303,l_1743691559.462.jpg
1,1,1,1,303,l_1743691562.532.jpg
1,1,1,1,303,l_1743759192.437.jpg
1,1,1,1,303,l_1743759194.176.jpg
1,1,1,1,303,l_1743759196.646.jpg
1,1,1,1,303,l_1743759199.349.jpg
1,1,1,1,303,l_1744262351.354.jpg
1,1,1,1,303,l_1744262647.290.jpg
1,1,1,1,303,l_1744898965.683.jpg
1,1,1,1,303,l_1744898966.866.jpg
1,1,1,1,303,l_1744898967.988.jpg
1,1,1,1,303,l_1744898975.460.jpg
1,1,1,1,303,l_1744962520.502.jpg
1,1,1,1,303,l_1744962520.797.jpg
1,1,1,1,303,l_1744962630.450.jpg
1,1,1,1,303,l_1744962630.832.jpg
1,1,1,1,303,l_1744963227.jpg
1,1,1,1,303,l_1745376548.119.jpg
1,1,1,1,303,l_1745376548.885.jpg
1,1,1,1,303,l_1745376552.481.jpg
1,1,1,1,303,l_1745376552.760.jpg
1,1,1,1,303,l_1745376555.204.jpg
1,1,1,1,303,l_1745815112.431.jpg
1,1,1,1,303,l_1745815260.498.jpg
1,1,1,1,303,l_1745815261.617.jpg
1,1,1,1,303,l_1745889087.694.jpg
1,1,1,1,303,l_1745889088.407.jpg
1,1,1,1,303,l_1746244581.307.jpg
1,1,1,1,303,l_1746244584.570.jpg
1,1,1,1,303,l_1746244586.116.jpg
1,1,1,1,303,l_1746276019.417.jpg
1,1,1,1,303,l_1746276024.810.jpg
1,1,1,1,303,l_1746276025.241.jpg
1,1,1,1,303,l_1746276026.372.jpg
1,1,1,1,303,l_1746514071.415.jpg
1,1,1,1,303,l_1746514072.756.jpg
1,1,1,1,303,l_1746514074.600.jpg
1,1,1,1,303,l_1746514079.744.jpg
1,1,1,1,303,l_1746514080.744.jpg
1,1,1,1,303,l_1746514081.822.jpg
1,1,1,1,303,l_1746860508.724.jpg
1,1,1,1,303,l_1746860508.765.jpg
1,1,1,1,303,l_1746860509.957.jpg
1,1,1,1,303,l_1746860510.663.jpg
1,1,1,1,303,l_1746860511.415.jpg
1,1,1,1,303,l_1747128463.921.jpg
1,1,1,1,303,l_1747128464.293.jpg
1,1,1,1,303,l_1747128464.634.jpg
1,1,1,1,303,l_1747128467.228.jpg
1,1,1,1,303,l_1747128467.427.jpg
1,1,1,1,303,l_1747230857.646.jpg
1,1,1,1,303,l_1747230859.641.jpg
1,1,1,1,303,l_1747230862.300.jpg
1,1,1,1,304,l_1733729120.531.jpg
1,1,1,1,304,l_1733729121.987.jpg
1,1,1,1,304,l_1733729124.479.jpg
1,1,1,1,304,l_1737266956.222.jpg
1,1,1,1,304,l_1737266956.777.jpg
1,1,1,1,304,l_1737266957.210.jpg
1,1,1,1,304,l_1737266958.159.jpg
1,1,1,1,304,l_1737266959.347.jpg
1,1,1,1,304,l_1737266960.237.jpg
1,1,1,1,304,l_1737266960.568.jpg
1,1,1,1,304,l_1737453549.223.jpg
1,1,1,1,304,l_1737453551.999.jpg
1,1,1,1,304,l_1737453552.182.jpg
1,1,1,1,304,l_1737453553.178.jpg
1,1,1,1,304,l_1737453553.860.jpg
1,1,1,1,304,l_1737453554.648.jpg
1,1,1,1,304,l_1737454657.594.jpg
1,1,1,1,304,l_1737454657.778.jpg
1,1,1,1,304,l_1737454658.511.jpg
1,1,1,1,304,l_1737454658.526.jpg
1,1,1,1,304,l_1737454659.598.jpg
1,1,1,1,304,l_1737539629.152.jpg
1,1,1,1,304,l_1737539631.576.jpg
1,1,1,1,304,l_1737539632.774.jpg
1,1,1,1,304,l_1737539633.695.jpg
1,1,1,1,304,l_1738748122.481.jpg
1,1,1,1,304,l_1738748123.249.jpg
1,1,1,1,304,l_1738748123.559.jpg
1,1,1,1,304,l_1738748124.484.jpg
1,1,1,1,304,l_1738748126.201.jpg
1,1,1,1,304,l_1739781000.868.jpg
1,1,1,1,304,l_1739781001.230.jpg
1,1,1,1,304,l_1739781003.842.jpg
1,1,1,1,304,l_1739781005.314.jpg
1,1,1,1,304,l_1739781007.990.jpg
1,1,1,1,304,l_1739870830.367.jpg
1,1,1,1,304,l_1739870831.586.jpg
1,1,1,1,304,l_1741079892.937.jpg
1,1,1,1,304,l_1741079894.866.jpg
1,1,1,1,304,l_1741079896.336.jpg
1,1,1,1,304,l_1741079896.785.jpg
1,1,1,1,304,l_1741079897.661.jpg
1,1,1,1,304,l_1742452039.213.jpg
1,1,1,1,304,l_1742452040.250.jpg
1,1,1,1,304,l_1742452040.327.jpg
1,1,1,1,304,l_1742452044.275.jpg
1,1,1,1,304,l_1742452044.575.jpg
1,1,1,1,304,l_1742452045.605.jpg
1,1,1,1,304,l_1742452046.498.jpg
1,1,1,1,304,l_1742530391.272.jpg
1,1,1,1,304,l_1742530392.130.jpg
1,1,1,1,304,l_1742530392.931.jpg
1,1,1,1,304,l_1742530393.550.jpg
1,1,1,1,304,l_1742530394.659.jpg
1,1,1,1,304,l_1742558227.270.jpg
1,1,1,1,304,l_1742558232.261.jpg
1,1,1,1,304,l_1742558232.928.jpg
1,1,1,1,304,l_1742558233.190.jpg
1,1,1,1,304,l_1742558234.920.jpg
1,1,1,1,304,l_1743153473.497.jpg
1,1,1,1,304,l_1743153474.299.jpg
1,1,1,1,304,l_1743153474.577.jpg
1,1,1,1,304,l_1743153475.995.jpg
1,1,1,1,304,l_1743153476.898.jpg
1,1,1,1,304,l_1743494423.740.jpg
1,1,1,1,304,l_1743494424.892.jpg
1,1,1,1,304,l_1743494425.267.jpg
1,1,1,1,304,l_1744286064.858.jpg
1,1,1,1,304,l_1744286064.965.jpg
1,1,1,1,304,l_1744286065.517.jpg
1,1,1,1,304,l_1744286068.591.jpg
1,1,1,1,304,l_1744286068.894.jpg
1,1,1,1,304,l_1744286069.623.jpg
1,1,1,1,304,l_1744678629.567.jpg
1,1,1,1,304,l_1744678630.381.jpg
1,1,1,1,304,l_1744678631.617.jpg
1,1,1,1,304,l_1744678635.430.jpg
1,1,1,1,304,l_1744678636.415.jpg
1,1,1,1,304,l_1745900028.399.jpg
1,1,1,1,304,l_1745900028.846.jpg
1,1,1,1,304,l_1745900029.742.jpg
1,1,1,1,304,l_1745900030.401.jpg
1,1,1,1,304,l_1745900030.872.jpg
1,1,1,1,304,l_1746700080.252.jpg
1,1,1,1,304,l_1746700080.750.jpg
1,1,1,1,304,l_1746700081.432.jpg
1,1,1,1,304,l_1746700081.655.jpg
1,1,1,1,304,l_1746700082.315.jpg
1,1,1,1,304,l_1746700084.304.jpg
1,1,1,1,304,l_1747016258.652.jpg
1,1,1,1,304,l_1747016259.110.jpg
1,1,1,1,304,l_1747016259.376.jpg
1,1,1,1,304,l_1747016260.604.jpg
1,1,1,1,304,l_1747016260.798.jpg
1,1,1,1,304,l_1747123797.610.jpg
1,1,1,1,305,l_1741685443.102.jpg
1,1,1,1,305,l_1741685444.281.jpg
1,1,1,1,305,l_1741685445.965.jpg
1,1,1,1,305,l_1741685446.267.jpg
1,1,1,1,305,l_1741685447.264.jpg
1,1,1,1,305,l_1743406503.126.jpg
1,1,1,1,305,l_1743406510.521.jpg
1,1,1,1,305,l_1743406518.495.jpg
1,1,1,1,305,l_1743406529.980.jpg
1,1,1,1,305,l_1743406536.546.jpg
1,1,1,1,305,l_1743652518.520.jpg
1,1,1,1,305,l_1743652519.451.jpg
1,1,1,1,305,l_1743652519.791.jpg
1,1,1,1,305,l_1743652521.186.jpg
1,1,1,1,305,l_1743778297.251.jpg
1,1,1,1,305,l_1743778299.923.jpg
1,1,1,1,305,l_1743778301.391.jpg
1,1,1,1,305,l_1744254785.425.jpg
1,1,1,1,305,l_1744254786.500.jpg
1,1,1,1,305,l_1744254786.556.jpg
1,1,1,1,305,l_1744254787.376.jpg
1,1,1,1,305,l_1744254788.477.jpg
1,1,1,1,305,l_1745832578.921.jpg
1,1,1,1,305,l_1745832579.197.jpg
1,1,1,1,305,l_1745832579.559.jpg
1,1,1,1,305,l_1745888894.616.jpg
1,1,1,1,305,l_1745888895.821.jpg
1,1,1,1,305,l_1745888896.959.jpg
1,1,1,1,305,l_1745888898.275.jpg
1,1,1,1,305,l_1745888900.455.jpg
1,1,1,1,305,l_1745888901.418.jpg
1,1,1,1,305,l_1746245338.301.jpg
1,1,1,1,305,l_1746245339.222.jpg
1,1,1,1,305,l_1746245339.405.jpg
1,1,1,1,305,l_1746245340.594.jpg
1,1,1,1,305,l_1746587556.641.jpg
1,1,1,1,305,l_1746587556.820.jpg
1,1,1,1,305,l_1746587557.669.jpg
1,1,1,1,305,l_1746587558.848.jpg
1,1,1,1,305,l_1746587560.165.jpg
1,1,1,1,305,l_1746588902.152.jpg
1,1,1,1,305,l_1746588902.426.jpg
1,1,1,1,305,l_1746588903.106.jpg
1,1,1,1,305,l_1746588903.597.jpg
1,1,1,1,305,l_1746588903.621.jpg
1,1,1,1,305,l_1746593254.402.jpg
1,1,1,1,305,l_1746593261.659.jpg
1,1,1,1,305,l_1746593262.909.jpg
1,1,1,1,305,l_1746593263.669.jpg
1,1,1,1,305,l_1746593264.778.jpg
1,1,1,1,305,l_1746603040.417.jpg
1,1,1,1,305,l_1746603041.841.jpg
1,1,1,1,305,l_1746603042.371.jpg
1,1,1,1,305,l_1746603042.534.jpg
1,1,1,1,305,l_1746788993.798.jpg
1,1,1,1,305,l_1746788995.691.jpg
1,1,1,1,305,l_1746789015.376.jpg
1,1,1,1,305,l_1746882451.280.jpg
1,1,1,1,305,l_1746882467.263.jpg
1,1,1,1,305,l_1746882486.558.jpg
1,1,1,1,305,l_1746882489.593.jpg
1,1,1,1,305,l_1746882491.276.jpg
1,1,1,1,305,l_1746882513.326.jpg
1,1,1,1,305,l_1747033937.895.jpg
1,1,1,1,305,l_1747033938.686.jpg
1,1,1,1,305,l_1747033939.523.jpg
1,1,1,1,305,l_1747033939.596.jpg
1,1,1,1,305,l_1747033940.917.jpg
1,1,1,1,305,l_1747137737.350.jpg
1,1,1,1,305,l_1747137738.521.jpg
1,1,1,1,305,l_1747137738.888.jpg
1,1,1,1,305,l_1747137743.195.jpg
1,1,1,1,305,l_1747192049.633.jpg
1,1,1,1,305,l_1747208794.573.jpg
1,1,1,1,305,l_1747208794.779.jpg
1,1,1,1,305,l_1747208795.880.jpg
1,1,1,1,305,l_1747210626.840.jpg
1,1,1,1,305,l_1747210629.786.jpg
1,1,1,1,305,l_1747210630.160.jpg
1,1,1,1,305,l_1747210634.527.jpg
1,1,1,1,305,l_1747210635.749.jpg
1,1,1,1,305,l_1747212374.905.jpg
1,1,1,1,305,l_1747212379.657.jpg
1,1,1,1,305,l_1747212384.218.jpg
1,1,1,1,306,l_1732005406.588.jpg
1,1,1,1,306,l_1732005408.139.jpg
1,1,1,1,306,l_1732005415.145.jpg
1,1,1,1,306,l_1732005430.988.jpg
1,1,1,1,306,l_1735888939.122.jpg
1,1,1,1,306,l_1735888940.303.jpg
1,1,1,1,306,l_1735888941.200.jpg
1,1,1,1,306,l_1735888941.576.jpg
1,1,1,1,306,l_1735888942.818.jpg
1,1,1,1,306,l_1735888944.205.jpg
1,1,1,1,306,l_1737082991.576.jpg
1,1,1,1,306,l_1737082993.638.jpg
1,1,1,1,306,l_1742890927.692.jpg
1,1,1,1,306,l_1742890927.957.jpg
1,1,1,1,306,l_1742890928.103.jpg
1,1,1,1,306,l_1742890928.464.jpg
1,1,1,1,306,l_1742890929.743.jpg
1,1,1,1,306,l_1742890929.895.jpg
1,1,1,1,306,l_1742976029.311.jpg
1,1,1,1,306,l_1742976030.377.jpg
1,1,1,1,306,l_1742976031.971.jpg
1,1,1,1,306,l_1742976033.677.jpg
1,1,1,1,306,l_1743736346.481.jpg
1,1,1,1,306,l_1743736348.825.jpg
1,1,1,1,306,l_1743736348.992.jpg
1,1,1,1,306,l_1743736349.760.jpg
1,1,1,1,306,l_1743736350.954.jpg
1,1,1,1,306,l_1744274018.112.jpg
1,1,1,1,306,l_1744274018.844.jpg
1,1,1,1,306,l_1744274019.687.jpg
1,1,1,1,306,l_1744361472.155.jpg
1,1,1,1,306,l_1744361472.282.jpg
1,1,1,1,306,l_1744361473.586.jpg
1,1,1,1,306,l_1744361474.840.jpg
1,1,1,1,306,l_1744386199.508.jpg
1,1,1,1,306,l_1744386199.729.jpg
1,1,1,1,306,l_1744386200.329.jpg
1,1,1,1,306,l_1744386200.618.jpg
1,1,1,1,306,l_1744387100.229.jpg
1,1,1,1,306,l_1744387127.184.jpg
1,1,1,1,306,l_1744387128.388.jpg
1,1,1,1,306,l_1744387130.476.jpg
1,1,1,1,306,l_1744387131.840.jpg
1,1,1,1,306,l_1744595658.660.jpg
1,1,1,1,306,l_1744595660.716.jpg
1,1,1,1,306,l_1744595660.810.jpg
1,1,1,1,306,l_1744595661.990.jpg
1,1,1,1,306,l_1746528035.730.jpg
1,1,1,1,306,l_1746528054.277.jpg
1,1,1,1,306,l_1746528057.308.jpg
1,1,1,1,306,l_1746581852.717.jpg
1,1,1,1,306,l_1746581856.168.jpg
1,1,1,1,306,l_1746581863.553.jpg
1,1,1,1,306,l_1746581868.304.jpg
1,1,1,1,306,l_1746581876.962.jpg
1,1,1,1,306,l_1746586027.493.jpg
1,1,1,1,306,l_1746586028.618.jpg
1,1,1,1,306,l_1746586028.762.jpg
1,1,1,1,306,l_1746586029.568.jpg
1,1,1,1,306,l_1746586030.587.jpg
1,1,1,1,306,l_1746696371.651.jpg
1,1,1,1,306,l_1746696372.236.jpg
1,1,1,1,306,l_1746696372.997.jpg
1,1,1,1,306,l_1746696373.402.jpg
1,1,1,1,306,l_1746968319.336.jpg
1,1,1,1,306,l_1746968319.670.jpg
1,1,1,1,306,l_1746968320.512.jpg
1,1,1,1,306,l_1746968320.909.jpg
1,1,1,1,306,l_1746968321.257.jpg
1,1,1,1,306,l_1746968323.197.jpg
1,1,1,1,306,l_1747052251.610.jpg
1,1,1,1,306,l_1747052251.839.jpg
1,1,1,1,306,l_1747052252.638.jpg
1,1,1,1,306,l_1747052252.956.jpg
1,1,1,1,306,l_1747061108.689.jpg
1,1,1,1,306,l_1747061109.958.jpg
1,1,1,1,306,l_1747061112.131.jpg
1,1,1,1,306,l_1747061113.175.jpg
1,1,1,1,306,l_1747149866.606.jpg
1,1,1,1,306,l_1747149868.474.jpg
1,1,1,1,306,l_1747149869.753.jpg
1,1,1,1,306,l_1747149910.572.jpg
1,1,1,1,306,l_1747203890.582.jpg
1,1,1,1,306,l_1747203891.560.jpg
1,1,1,1,307,l_1723343645.255.jpg
1,1,1,1,307,l_1723343646.167.jpg
1,1,1,1,307,l_1723343653.232.jpg
1,1,1,1,307,l_1723343654.381.jpg
1,1,1,1,307,l_1723343655.217.jpg
1,1,1,1,307,l_1728957101.694.jpg
1,1,1,1,307,l_1728957102.809.jpg
1,1,1,1,307,l_1728957103.368.jpg
1,1,1,1,307,l_1728957103.530.jpg
1,1,1,1,307,l_1734315656.131.jpg
1,1,1,1,307,l_1734315657.441.jpg
1,1,1,1,307,l_1734315658.142.jpg
1,1,1,1,307,l_1734315660.288.jpg
1,1,1,1,307,l_1734315661.323.jpg
1,1,1,1,307,l_1734676290.538.jpg
1,1,1,1,307,l_1734676290.942.jpg
1,1,1,1,307,l_1739536873.130.jpg
1,1,1,1,307,l_1739536874.206.jpg
1,1,1,1,307,l_1739536879.390.jpg
1,1,1,1,307,l_1739536881.378.jpg
1,1,1,1,307,l_1740247944.634.jpg
1,1,1,1,307,l_1740247945.150.jpg
1,1,1,1,307,l_1740247946.486.jpg
1,1,1,1,307,l_1740247968.390.jpg
1,1,1,1,307,l_1740794055.845.jpg
1,1,1,1,307,l_1740794056.726.jpg
1,1,1,1,307,l_1740794058.437.jpg
1,1,1,1,307,l_1740794058.868.jpg
1,1,1,1,307,l_1742275155.121.jpg
1,1,1,1,307,l_1742275157.391.jpg
1,1,1,1,307,l_1742275160.366.jpg
1,1,1,1,307,l_1742275162.130.jpg
1,1,1,1,307,l_1742275162.226.jpg
1,1,1,1,307,l_1742275163.389.jpg
1,1,1,1,308,l_1717836893.280.jpg
1,1,1,1,308,l_1717836894.316.jpg
1,1,1,1,308,l_1717836894.390.jpg
1,1,1,1,308,l_1717836895.234.jpg
1,1,1,1,308,l_1717836895.938.jpg
1,1,1,1,308,l_1717836896.688.jpg
1,1,1,1,308,l_1736868691.281.jpg
1,1,1,1,308,l_1738736563.364.jpg
1,1,1,1,308,l_1738736563.569.jpg
1,1,1,1,308,l_1738736564.549.jpg
1,1,1,1,308,l_1739344941.752.jpg
1,1,1,1,308,l_1739344942.420.jpg
1,1,1,1,308,l_1739344943.380.jpg
1,1,1,1,308,l_1739344943.718.jpg
1,1,1,1,308,l_1740118838.261.jpg
1,1,1,1,308,l_1740118838.820.jpg
1,1,1,1,308,l_1740118839.451.jpg
1,1,1,1,308,l_1740118840.429.jpg
1,1,1,1,308,l_1740118841.299.jpg
1,1,1,1,308,l_1741760227.729.jpg
1,1,1,1,308,l_1741760228.485.jpg
1,1,1,1,308,l_1741760230.846.jpg
1,1,1,1,308,l_1741760232.224.jpg
1,1,1,1,308,l_1742567257.258.jpg
1,1,1,1,308,l_1742567260.268.jpg
1,1,1,1,308,l_1742567261.727.jpg
1,1,1,1,308,l_1742567262.651.jpg
1,1,1,1,308,l_1742567264.107.jpg
1,1,1,1,308,l_1742567266.140.jpg
1,1,1,1,308,l_1743665638.543.jpg
1,1,1,1,308,l_1743665645.139.jpg
1,1,1,1,308,l_1743665650.792.jpg
1,1,1,1,308,l_1744248148.759.jpg
1,1,1,1,308,l_1744248149.614.jpg
1,1,1,1,308,l_1744248149.720.jpg
1,1,1,1,308,l_1744248149.874.jpg
1,1,1,1,308,l_1744248150.869.jpg
1,1,1,1,308,l_1744432384.543.jpg
1,1,1,1,308,l_1744432387.660.jpg
1,1,1,1,308,l_1744432389.127.jpg
1,1,1,1,308,l_1744432391.228.jpg
1,1,1,1,308,l_1744432393.381.jpg
1,1,1,1,308,l_1744856646.172.jpg
1,1,1,1,308,l_1744856649.587.jpg
1,1,1,1,308,l_1744856651.197.jpg
1,1,1,1,308,l_1744856653.427.jpg
1,1,1,1,308,l_1744856675.635.jpg
1,1,1,1,308,l_1745286384.950.jpg
1,1,1,1,308,l_1745286385.314.jpg
1,1,1,1,308,l_1745286386.453.jpg
1,1,1,1,308,l_1745286386.593.jpg
1,1,1,1,308,l_1745286388.355.jpg
1,1,1,1,308,l_1745643084.317.jpg
1,1,1,1,308,l_1745643085.215.jpg
1,1,1,1,308,l_1745643085.423.jpg
1,1,1,1,308,l_1745643086.389.jpg
1,1,1,1,308,l_1745643086.990.jpg
1,1,1,1,308,l_1745809939.331.jpg
1,1,1,1,308,l_1745809940.924.jpg
1,1,1,1,308,l_1745809941.636.jpg
1,1,1,1,308,l_1745809943.788.jpg
1,1,1,1,308,l_1745809944.103.jpg
1,1,1,1,308,l_1745810496.652.jpg
1,1,1,1,308,l_1745810497.269.jpg
1,1,1,1,308,l_1745810498.254.jpg
1,1,1,1,308,l_1745810501.857.jpg
1,1,1,1,308,l_1745810501.901.jpg
1,1,1,1,308,l_1745810502.600.jpg
1,1,1,1,308,l_1746356610.964.jpg
1,1,1,1,308,l_1746356611.303.jpg
1,1,1,1,308,l_1746356611.464.jpg
1,1,1,1,308,l_1746356612.847.jpg
1,1,1,1,308,l_1746356613.171.jpg
1,1,1,1,308,l_1746494382.436.jpg
1,1,1,1,308,l_1746494383.763.jpg
1,1,1,1,308,l_1746494384.783.jpg
1,1,1,1,308,l_1746494384.876.jpg
1,1,1,1,308,l_1746494384.940.jpg
1,1,1,1,308,l_1746691950.309.jpg
1,1,1,1,308,l_1746691950.709.jpg
1,1,1,1,308,l_1746691951.442.jpg
1,1,1,1,308,l_1746691951.905.jpg
1,1,1,1,308,l_1746691952.733.jpg
1,1,1,1,308,l_1746843163.584.jpg
1,1,1,1,308,l_1746843164.488.jpg
1,1,1,1,308,l_1746843164.547.jpg
1,1,1,1,308,l_1746843165.551.jpg
1,1,1,1,308,l_1747208979.721.jpg
1,1,1,1,308,l_1747208979.978.jpg
1,1,1,1,308,l_1747208980.117.jpg
1,1,1,1,308,l_1747208980.452.jpg
1,1,1,1,308,l_1747208984.366.jpg
1,1,1,1,309,l_1722405955.427.jpg
1,1,1,1,309,l_1722405958.759.jpg
1,1,1,1,309,l_1722405961.255.jpg
1,1,1,1,309,l_1722405964.402.jpg
1,1,1,1,309,l_1722405985.617.jpg
1,1,1,1,309,l_1724220826.323.jpg
1,1,1,1,309,l_1724220827.108.jpg
1,1,1,1,309,l_1724220828.825.jpg
1,1,1,1,309,l_1724220830.690.jpg
1,1,1,1,309,l_1724220831.512.jpg
1,1,1,1,309,l_1733209796.249.jpg
1,1,1,1,309,l_1733209797.342.jpg
1,1,1,1,309,l_1733209799.419.jpg
1,1,1,1,309,l_1733209800.133.jpg
1,1,1,1,309,l_1733209841.195.jpg
1,1,1,1,309,l_1733209891.649.jpg
1,1,1,1,309,l_1734930161.159.jpg
1,1,1,1,309,l_1734930161.300.jpg
1,1,1,1,309,l_1734930162.557.jpg
1,1,1,1,309,l_1734930165.812.jpg
1,1,1,1,309,l_1735790652.390.jpg
1,1,1,1,309,l_1735790653.678.jpg
1,1,1,1,309,l_1735790654.746.jpg
1,1,1,1,309,l_1735790655.154.jpg
1,1,1,1,309,l_1735790656.687.jpg
1,1,1,1,309,l_1735790657.918.jpg
1,1,1,1,309,l_1735791220.426.jpg
1,1,1,1,309,l_1735791340.169.jpg
1,1,1,1,309,l_1735791341.336.jpg
1,1,1,1,309,l_1735791342.158.jpg
1,1,1,1,309,l_1735791342.933.jpg
1,1,1,1,309,l_1735791344.661.jpg
1,1,1,1,309,l_1735791345.112.jpg
1,1,1,1,309,l_1735792181.596.jpg
1,1,1,1,309,l_1735792182.581.jpg
1,1,1,1,309,l_1735792183.449.jpg
1,1,1,1,309,l_1735792184.315.jpg
1,1,1,1,309,l_1735792186.576.jpg
1,1,1,1,309,l_1735792203.698.jpg
1,1,1,1,309,l_1735792320.385.jpg
1,1,1,1,309,l_1735792321.432.jpg
1,1,1,1,309,l_1736827959.375.jpg
1,1,1,1,309,l_1736827959.634.jpg
1,1,1,1,309,l_1736827960.183.jpg
1,1,1,1,309,l_1736827961.988.jpg
1,1,1,1,309,l_1736827962.543.jpg
1,1,1,1,309,l_1736827962.588.jpg
1,1,1,1,309,l_1740994383.575.jpg
1,1,1,1,309,l_1740994384.357.jpg
1,1,1,1,309,l_1740994385.449.jpg
1,1,1,1,309,l_1740994386.644.jpg
1,1,1,1,309,l_1740994386.787.jpg
1,1,1,1,309,l_1741146622.389.jpg
1,1,1,1,309,l_1741146623.923.jpg
1,1,1,1,309,l_1741146624.396.jpg
1,1,1,1,309,l_1741149523.794.jpg
1,1,1,1,309,l_1741149532.669.jpg
1,1,1,1,309,l_1741149534.884.jpg
1,1,1,1,309,l_1741149539.855.jpg
1,1,1,1,309,l_1741223828.600.jpg
1,1,1,1,309,l_1741223835.232.jpg
1,1,1,1,309,l_1741223840.475.jpg
1,1,1,1,309,l_1741223842.583.jpg
1,1,1,1,309,l_1741223844.763.jpg
1,1,1,1,309,l_1741223848.730.jpg
1,1,1,1,309,l_1741223852.928.jpg
1,1,1,1,309,l_1741223855.249.jpg
1,1,1,1,309,l_1741223857.278.jpg
1,1,1,1,309,l_1744354796.894.jpg
1,1,1,1,309,l_1744354804.540.jpg
1,1,1,1,309,l_1744354805.564.jpg
1,1,1,1,309,l_1744354807.113.jpg
1,1,1,1,309,l_1744458311.329.jpg
1,1,1,1,309,l_1744458312.179.jpg
1,1,1,1,309,l_1744458312.211.jpg
1,1,1,1,309,l_1744631679.697.jpg
1,1,1,1,309,l_1744631679.771.jpg
1,1,1,1,309,l_1744631680.799.jpg
1,1,1,1,309,l_1744631681.125.jpg
1,1,1,1,309,l_1744631681.129.jpg
1,1,1,1,309,l_1745290996.423.jpg
1,1,1,1,309,l_1745290998.572.jpg
1,1,1,1,309,l_1745291002.838.jpg
1,1,1,1,309,l_1745291003.442.jpg
1,1,1,1,309,l_1745291004.160.jpg
1,1,1,1,309,l_1745912269.411.jpg
1,1,1,1,309,l_1745912269.864.jpg
1,1,1,1,309,l_1745912270.451.jpg
1,1,1,1,309,l_1745912271.591.jpg
1,1,1,1,309,l_1745912272.442.jpg
1,1,1,1,309,l_1747198737.146.jpg
1,1,1,1,309,l_1747198737.620.jpg
1,1,1,1,309,l_1747198737.982.jpg
1,1,1,1,309,l_1747198738.105.jpg
1,1,1,1,309,l_1747198738.186.jpg
1,1,1,1,309,l_1747204658.893.jpg
1,1,1,1,309,l_1747204661.672.jpg
1,1,1,1,309,l_1747204663.441.jpg
1,1,1,1,310,l_1732591926.439.jpg
1,1,1,1,310,l_1732591928.418.jpg
1,1,1,1,310,l_1732591929.711.jpg
1,1,1,1,310,l_1732591930.584.jpg
1,1,1,1,310,l_1732591931.632.jpg
1,1,1,1,310,l_1732605005.881.jpg
1,1,1,1,310,l_1732605017.328.jpg
1,1,1,1,310,l_1732605018.545.jpg
1,1,1,1,310,l_1732605019.741.jpg
1,1,1,1,310,l_1732605020.245.jpg
1,1,1,1,310,l_1735095857.986.jpg
1,1,1,1,310,l_1735095860.823.jpg
1,1,1,1,310,l_1735095861.827.jpg
1,1,1,1,310,l_1735095862.331.jpg
1,1,1,1,310,l_1735095863.741.jpg
1,1,1,1,310,l_1735095865.570.jpg
1,1,1,1,310,l_1741870408.487.jpg
1,1,1,1,310,l_1741870419.815.jpg
1,1,1,1,310,l_1741870423.342.jpg
1,1,1,1,310,l_1741870431.990.jpg
1,1,1,1,310,l_1741870434.576.jpg
1,1,1,1,310,l_1742195916.507.jpg
1,1,1,1,310,l_1742195923.590.jpg
1,1,1,1,310,l_1742195924.877.jpg
1,1,1,1,310,l_1742195925.374.jpg
1,1,1,1,310,l_1742269590.503.jpg
1,1,1,1,310,l_1742269591.559.jpg
1,1,1,1,310,l_1742269591.957.jpg
1,1,1,1,310,l_1742269592.438.jpg
1,1,1,1,310,l_1742269593.685.jpg
1,1,1,1,310,l_1742439657.981.jpg
1,1,1,1,310,l_1742439658.673.jpg
1,1,1,1,310,l_1742439659.236.jpg
1,1,1,1,310,l_1742439660.735.jpg
1,1,1,1,310,l_1742439661.767.jpg
1,1,1,1,310,l_1743152771.510.jpg
1,1,1,1,310,l_1743152772.316.jpg
1,1,1,1,310,l_1743152773.951.jpg
1,1,1,1,310,l_1745037687.541.jpg
1,1,1,1,310,l_1745037688.191.jpg
1,1,1,1,310,l_1745037688.415.jpg
1,1,1,1,310,l_1745037689.565.jpg
1,1,1,1,310,l_1745037690.287.jpg
1,1,1,1,310,l_1745064520.404.jpg
1,1,1,1,310,l_1745064520.735.jpg
1,1,1,1,310,l_1745064546.903.jpg
1,1,1,1,310,l_1745064546.940.jpg
1,1,1,1,310,l_1745203607.577.jpg
1,1,1,1,310,l_1745203608.611.jpg
1,1,1,1,310,l_1745203609.980.jpg
1,1,1,1,310,l_1745203610.340.jpg
1,1,1,1,310,l_1745203610.934.jpg
1,1,1,1,310,l_1745426034.596.jpg
1,1,1,1,310,l_1745426074.652.jpg
1,1,1,1,310,l_1745426089.924.jpg
1,1,1,1,310,l_1745464952.957.jpg
1,1,1,1,310,l_1745464954.492.jpg
1,1,1,1,310,l_1745464955.555.jpg
1,1,1,1,310,l_1745464956.142.jpg
1,1,1,1,310,l_1745464956.590.jpg
1,1,1,1,310,l_1745464957.688.jpg
1,1,1,1,310,l_1745725114.841.jpg
1,1,1,1,310,l_1745725115.427.jpg
1,1,1,1,310,l_1745725115.699.jpg
1,1,1,1,310,l_1745725116.373.jpg
1,1,1,1,310,l_1746160092.128.jpg
1,1,1,1,310,l_1746160098.174.jpg
1,1,1,1,310,l_1746160101.743.jpg
1,1,1,1,310,l_1746160103.437.jpg
1,1,1,1,310,l_1746160105.981.jpg
1,1,1,1,310,l_1746160112.456.jpg
1,1,1,1,310,l_1746414666.922.jpg
1,1,1,1,310,l_1746414667.168.jpg
1,1,1,1,310,l_1746414667.476.jpg
1,1,1,1,310,l_1746414668.223.jpg
1,1,1,1,310,l_1746414668.824.jpg
1,1,1,1,310,l_1746437037.606.jpg
1,1,1,1,310,l_1746437038.837.jpg
1,1,1,1,310,l_1746437039.319.jpg
1,1,1,1,310,l_1746780371.317.jpg
1,1,1,1,310,l_1746780372.236.jpg
1,1,1,1,310,l_1746780373.532.jpg
1,1,1,1,310,l_1746780373.686.jpg
1,1,1,1,310,l_1746780374.780.jpg
1,1,1,1,310,l_1746838094.149.jpg
1,1,1,1,310,l_1746838095.720.jpg
1,1,1,1,310,l_1746838095.733.jpg
1,1,1,1,310,l_1746838096.565.jpg
1,1,1,1,310,l_1746838096.992.jpg
1,1,1,1,310,l_1747038007.189.jpg
1,1,1,1,310,l_1747038008.665.jpg
1,1,1,1,310,l_1747038011.674.jpg
1,1,1,1,310,l_1747038012.614.jpg
1,1,1,1,310,l_1747038012.949.jpg
1,1,1,1,310,l_1747038013.367.jpg
1,1,1,1,311,l_1733823117.178.jpg
1,1,1,1,311,l_1733823117.372.jpg
1,1,1,1,311,l_1733823118.547.jpg
1,1,1,1,311,l_1736525819.460.jpg
1,1,1,1,311,l_1736525820.258.jpg
1,1,1,1,311,l_1736525820.410.jpg
1,1,1,1,311,l_1736525821.250.jpg
1,1,1,1,311,l_1736525821.904.jpg
1,1,1,1,311,l_1736528667.477.jpg
1,1,1,1,311,l_1736528670.871.jpg
1,1,1,1,311,l_1736528811.397.jpg
1,1,1,1,311,l_1736575384.476.jpg
1,1,1,1,311,l_1736575385.237.jpg
1,1,1,1,311,l_1736575385.536.jpg
1,1,1,1,311,l_1736575385.583.jpg
1,1,1,1,311,l_1736575386.150.jpg
1,1,1,1,311,l_1736822917.288.jpg
1,1,1,1,311,l_1736822917.297.jpg
1,1,1,1,311,l_1736822917.643.jpg
1,1,1,1,311,l_1736822918.131.jpg
1,1,1,1,311,l_1736822919.311.jpg
1,1,1,1,311,l_1736822962.755.jpg
1,1,1,1,311,l_1740057588.258.jpg
1,1,1,1,311,l_1740057588.659.jpg
1,1,1,1,311,l_1740057589.237.jpg
1,1,1,1,311,l_1740057589.433.jpg
1,1,1,1,311,l_1740057590.336.jpg
1,1,1,1,311,l_1740057590.829.jpg
1,1,1,1,311,l_1740229972.670.jpg
1,1,1,1,311,l_1740229972.786.jpg
1,1,1,1,311,l_1740229973.127.jpg
1,1,1,1,311,l_1740229973.287.jpg
1,1,1,1,311,l_1740229973.714.jpg
1,1,1,1,311,l_1740229974.923.jpg
1,1,1,1,311,l_1740229975.312.jpg
1,1,1,1,311,l_1740229976.223.jpg
1,1,1,1,311,l_1742487175.668.jpg
1,1,1,1,311,l_1742487176.874.jpg
1,1,1,1,311,l_1742487177.925.jpg
1,1,1,1,311,l_1744787226.717.jpg
1,1,1,1,311,l_1744787227.546.jpg
1,1,1,1,311,l_1744787228.152.jpg
1,1,1,1,311,l_1744787229.462.jpg
1,1,1,1,311,l_1744787230.408.jpg
1,1,1,1,311,l_1744861985.596.jpg
1,1,1,1,311,l_1744861986.580.jpg
1,1,1,1,311,l_1744861988.313.jpg
1,1,1,1,311,l_1744861989.824.jpg
1,1,1,1,311,l_1744861993.109.jpg
1,1,1,1,311,l_1745202083.250.jpg
1,1,1,1,311,l_1745311019.236.jpg
1,1,1,1,311,l_1745311019.308.jpg
1,1,1,1,311,l_1745311020.431.jpg
1,1,1,1,311,l_1745311021.675.jpg
1,1,1,1,311,l_1745311023.786.jpg
1,1,1,1,311,l_1745491759.106.jpg
1,1,1,1,311,l_1745491759.404.jpg
1,1,1,1,311,l_1745491759.640.jpg
1,1,1,1,311,l_1745491760.178.jpg
1,1,1,1,311,l_1745491760.740.jpg
1,1,1,1,311,l_1745735377.833.jpg
1,1,1,1,311,l_1745735377.974.jpg
1,1,1,1,311,l_1745735378.567.jpg
1,1,1,1,311,l_1745735378.879.jpg
1,1,1,1,311,l_1745735380.104.jpg
1,1,1,1,311,l_1745751655.332.jpg
1,1,1,1,311,l_1745751656.295.jpg
1,1,1,1,311,l_1745751656.628.jpg
1,1,1,1,311,l_1745751658.109.jpg
1,1,1,1,311,l_1745751658.371.jpg
1,1,1,1,311,l_1745751659.956.jpg
1,1,1,1,311,l_1746278244.353.jpg
1,1,1,1,311,l_1746278244.787.jpg
1,1,1,1,311,l_1746278245.965.jpg
1,1,1,1,311,l_1746278246.185.jpg
1,1,1,1,311,l_1746278246.749.jpg
1,1,1,1,311,l_1746278332.105.jpg
1,1,1,1,311,l_1746443952.542.jpg
1,1,1,1,311,l_1746443953.666.jpg
1,1,1,1,311,l_1746522034.jpg
1,1,1,1,311,l_1746945960.420.jpg
1,1,1,1,311,l_1746945961.241.jpg
1,1,1,1,311,l_1746945962.326.jpg
1,1,1,1,311,l_1746945962.388.jpg
1,1,1,1,311,l_1746945963.447.jpg
1,1,1,1,311,l_1747039430.289.jpg
1,1,1,1,311,l_1747039430.604.jpg
1,1,1,1,311,l_1747039431.615.jpg
1,1,1,1,311,l_1747039431.919.jpg
1,1,1,1,311,l_1747107780.355.jpg
1,1,1,1,311,l_1747107781.393.jpg
1,1,1,1,311,l_1747107781.507.jpg
1,1,1,1,311,l_1747107782.517.jpg
1,1,1,1,312,l_1728040631.233.jpg
1,1,1,1,312,l_1728040632.380.jpg
1,1,1,1,312,l_1728040633.432.jpg
1,1,1,1,312,l_1728040634.127.jpg
1,1,1,1,312,l_1733819660.918.jpg
1,1,1,1,312,l_1733819663.811.jpg
1,1,1,1,312,l_1733819677.854.jpg
1,1,1,1,312,l_1733819678.874.jpg
1,1,1,1,312,l_1733819685.793.jpg
1,1,1,1,312,l_1734348692.955.jpg
1,1,1,1,312,l_1734348695.358.jpg
1,1,1,1,312,l_1734348702.628.jpg
1,1,1,1,312,l_1734348703.265.jpg
1,1,1,1,312,l_1738842932.470.jpg
1,1,1,1,312,l_1738842933.837.jpg
1,1,1,1,312,l_1738842934.146.jpg
1,1,1,1,312,l_1738842934.469.jpg
1,1,1,1,312,l_1739077377.788.jpg
1,1,1,1,312,l_1739077378.278.jpg
1,1,1,1,312,l_1739077378.452.jpg
1,1,1,1,312,l_1740626366.261.jpg
1,1,1,1,312,l_1740626368.134.jpg
1,1,1,1,312,l_1740626372.677.jpg
1,1,1,1,312,l_1740626374.542.jpg
1,1,1,1,312,l_1740626376.169.jpg
1,1,1,1,312,l_1740626378.348.jpg
1,1,1,1,312,l_1740973823.982.jpg
1,1,1,1,312,l_1740973825.639.jpg
1,1,1,1,312,l_1740973828.295.jpg
1,1,1,1,312,l_1740973831.308.jpg
1,1,1,1,312,l_1741080590.231.jpg
1,1,1,1,312,l_1741080591.196.jpg
1,1,1,1,312,l_1741080591.472.jpg
1,1,1,1,312,l_1741080592.213.jpg
1,1,1,1,312,l_1741080593.182.jpg
1,1,1,1,312,l_1741234012.126.jpg
1,1,1,1,312,l_1741234013.451.jpg
1,1,1,1,312,l_1741234014.922.jpg
1,1,1,1,312,l_1741760079.293.jpg
1,1,1,1,312,l_1741760080.515.jpg
1,1,1,1,312,l_1741760082.909.jpg
1,1,1,1,312,l_1741760092.324.jpg
1,1,1,1,312,l_1741932844.163.jpg
1,1,1,1,312,l_1741932844.475.jpg
1,1,1,1,312,l_1741932845.995.jpg
1,1,1,1,312,l_1741932848.829.jpg
1,1,1,1,312,l_1742096536.150.jpg
1,1,1,1,312,l_1742096536.529.jpg
1,1,1,1,312,l_1742482189.289.jpg
1,1,1,1,312,l_1742482193.850.jpg
1,1,1,1,312,l_1742482254.184.jpg
1,1,1,1,312,l_1742952027.912.jpg
1,1,1,1,312,l_1742952033.219.jpg
1,1,1,1,312,l_1742952041.897.jpg
1,1,1,1,312,l_1742952047.921.jpg
1,1,1,1,312,l_1742952052.392.jpg
1,1,1,1,312,l_1743345577.156.jpg
1,1,1,1,312,l_1743345578.428.jpg
1,1,1,1,312,l_1743345579.488.jpg
1,1,1,1,312,l_1743817903.135.jpg
1,1,1,1,312,l_1743817904.938.jpg
1,1,1,1,312,l_1743817905.138.jpg
1,1,1,1,312,l_1743818047.218.jpg
1,1,1,1,312,l_1743818047.616.jpg
1,1,1,1,312,l_1743818048.205.jpg
1,1,1,1,312,l_1743818048.909.jpg
1,1,1,1,312,l_1743818049.671.jpg
1,1,1,1,312,l_1745311326.176.jpg
1,1,1,1,312,l_1745311327.397.jpg
1,1,1,1,312,l_1745311327.663.jpg
1,1,1,1,312,l_1745311328.863.jpg
1,1,1,1,312,l_1745311331.864.jpg
1,1,1,1,312,l_1745458925.601.jpg
1,1,1,1,312,l_1745458926.466.jpg
1,1,1,1,312,l_1745458927.388.jpg
1,1,1,1,312,l_1745458929.807.jpg
1,1,1,1,312,l_1745458930.223.jpg
1,1,1,1,312,l_1745458932.834.jpg
1,1,1,1,312,l_1745458933.394.jpg
1,1,1,1,312,l_1745724399.404.jpg
1,1,1,1,312,l_1745724399.443.jpg
1,1,1,1,312,l_1745724400.793.jpg
1,1,1,1,312,l_1745724400.897.jpg
1,1,1,1,313,l_1721548493.886.jpg
1,1,1,1,313,l_1721548494.593.jpg
1,1,1,1,313,l_1721548495.111.jpg
1,1,1,1,313,l_1721548495.282.jpg
1,1,1,1,313,l_1721548496.649.jpg
1,1,1,1,313,l_1726394193.580.jpg
1,1,1,1,313,l_1726394193.620.jpg
1,1,1,1,313,l_1726394194.214.jpg
1,1,1,1,313,l_1726394194.789.jpg
1,1,1,1,313,l_1727856244.388.jpg
1,1,1,1,313,l_1727856244.818.jpg
1,1,1,1,313,l_1727856245.450.jpg
1,1,1,1,313,l_1727856246.124.jpg
1,1,1,1,313,l_1727856246.528.jpg
1,1,1,1,313,l_1727856247.645.jpg
1,1,1,1,313,l_1727856248.467.jpg
1,1,1,1,313,l_1732112576.973.jpg
1,1,1,1,313,l_1732112577.736.jpg
1,1,1,1,313,l_1732112577.800.jpg
1,1,1,1,313,l_1732112578.865.jpg
1,1,1,1,313,l_1732112581.683.jpg
1,1,1,1,313,l_1732938724.523.jpg
1,1,1,1,313,l_1732938724.637.jpg
1,1,1,1,313,l_1732938727.517.jpg
1,1,1,1,313,l_1733381185.771.jpg
1,1,1,1,313,l_1733381187.648.jpg
1,1,1,1,313,l_1733381188.122.jpg
1,1,1,1,313,l_1733381188.357.jpg
1,1,1,1,313,l_1733819086.906.jpg
1,1,1,1,313,l_1733819087.168.jpg
1,1,1,1,313,l_1733819089.386.jpg
1,1,1,1,313,l_1733819089.742.jpg
1,1,1,1,313,l_1736177287.425.jpg
1,1,1,1,313,l_1736177288.594.jpg
1,1,1,1,313,l_1736177288.883.jpg
1,1,1,1,313,l_1736177289.161.jpg
1,1,1,1,313,l_1736177290.937.jpg
1,1,1,1,313,l_1736305439.241.jpg
1,1,1,1,313,l_1736305442.647.jpg
1,1,1,1,313,l_1736305446.234.jpg
1,1,1,1,313,l_1736305448.134.jpg
1,1,1,1,313,l_1736504470.108.jpg
1,1,1,1,313,l_1736504470.209.jpg
1,1,1,1,313,l_1736504471.375.jpg
1,1,1,1,313,l_1736504472.459.jpg
1,1,1,1,313,l_1736504472.663.jpg
1,1,1,1,313,l_1736504474.363.jpg
1,1,1,1,313,l_1741319726.408.jpg
1,1,1,1,313,l_1741319727.436.jpg
1,1,1,1,313,l_1741319728.923.jpg
1,1,1,1,313,l_1741319729.381.jpg
1,1,1,1,313,l_1741319730.734.jpg
1,1,1,1,313,l_1741319731.443.jpg
1,1,1,1,313,l_1741319732.477.jpg
1,1,1,1,313,l_1741930799.496.jpg
1,1,1,1,313,l_1741930800.976.jpg
1,1,1,1,313,l_1741930810.505.jpg
1,1,1,1,313,l_1741930811.218.jpg
1,1,1,1,313,l_1742379078.556.jpg
1,1,1,1,313,l_1742379078.884.jpg
1,1,1,1,313,l_1742379079.184.jpg
1,1,1,1,313,l_1742379079.725.jpg
1,1,1,1,313,l_1745207864.770.jpg
1,1,1,1,313,l_1745207865.250.jpg
1,1,1,1,313,l_1745207865.306.jpg
1,1,1,1,313,l_1745207865.330.jpg
1,1,1,1,313,l_1745207866.568.jpg
1,1,1,1,313,l_1745207929.804.jpg
1,1,1,1,313,l_1746519412.368.jpg
1,1,1,1,313,l_1746519412.434.jpg
1,1,1,1,313,l_1746519413.980.jpg
1,1,1,1,313,l_1746519414.763.jpg
1,1,1,1,313,l_1746519415.182.jpg
1,1,1,1,313,l_1746675250.413.jpg
1,1,1,1,313,l_1746675255.998.jpg
1,1,1,1,313,l_1746675259.147.jpg
1,1,1,1,313,l_1746675264.422.jpg
1,1,1,1,313,l_1746675269.158.jpg
1,1,1,1,313,l_1746685676.186.jpg
1,1,1,1,313,l_1746685677.314.jpg
1,1,1,1,313,l_1746685677.541.jpg
1,1,1,1,313,l_1746685678.166.jpg
1,1,1,1,313,l_1746685679.886.jpg
1,1,1,1,313,l_1746962239.451.jpg
1,1,1,1,313,l_1746962240.555.jpg
1,1,1,1,313,l_1746962241.543.jpg
1,1,1,1,313,l_1746962241.811.jpg
1,1,1,1,313,l_1746962242.441.jpg
1,1,1,1,313,l_1746962245.211.jpg
1,1,1,1,313,l_1747052480.634.jpg
1,1,1,1,313,l_1747052481.137.jpg
1,1,1,1,313,l_1747052481.364.jpg
1,1,1,1,313,l_1747052482.751.jpg
1,1,1,1,313,l_1747216395.160.jpg
1,1,1,1,313,l_1747216397.427.jpg
1,1,1,1,313,l_1747216399.723.jpg
1,1,1,1,313,l_1747216401.535.jpg
1,1,1,1,313,l_1747216404.800.jpg
1,1,1,1,314,l_1732077110.960.jpg
1,1,1,1,314,l_1732077114.131.jpg
1,1,1,1,314,l_1732077118.874.jpg
1,1,1,1,314,l_1732077119.522.jpg
1,1,1,1,314,l_1732077121.597.jpg
1,1,1,1,314,l_1732077123.874.jpg
1,1,1,1,314,l_1734494505.703.jpg
1,1,1,1,314,l_1734494506.605.jpg
1,1,1,1,314,l_1734494875.635.jpg
1,1,1,1,314,l_1734494883.355.jpg
1,1,1,1,314,l_1734494888.901.jpg
1,1,1,1,314,l_1735533255.503.jpg
1,1,1,1,314,l_1735533265.454.jpg
1,1,1,1,314,l_1735533272.860.jpg
1,1,1,1,314,l_1735533332.547.jpg
1,1,1,1,314,l_1737944836.786.jpg
1,1,1,1,314,l_1737944837.452.jpg
1,1,1,1,314,l_1737944837.463.jpg
1,1,1,1,314,l_1737944838.387.jpg
1,1,1,1,314,l_1737944838.607.jpg
1,1,1,1,314,l_1741576342.162.jpg
1,1,1,1,314,l_1741576346.169.jpg
1,1,1,1,314,l_1741576352.217.jpg
1,1,1,1,314,l_1741576354.244.jpg
1,1,1,1,314,l_1742371406.708.jpg
1,1,1,1,314,l_1742371407.911.jpg
1,1,1,1,314,l_1742371410.195.jpg
1,1,1,1,314,l_1742371411.912.jpg
1,1,1,1,314,l_1742371412.213.jpg
1,1,1,1,314,l_1742371416.663.jpg
1,1,1,1,314,l_1742879183.247.jpg
1,1,1,1,314,l_1742879185.463.jpg
1,1,1,1,314,l_1742879186.639.jpg
1,1,1,1,314,l_1742879186.794.jpg
1,1,1,1,314,l_1742879187.964.jpg
1,1,1,1,314,l_1743237210.820.jpg
1,1,1,1,314,l_1743237211.403.jpg
1,1,1,1,314,l_1743237212.327.jpg
1,1,1,1,314,l_1743237213.917.jpg
1,1,1,1,314,l_1743237214.476.jpg
1,1,1,1,314,l_1744877476.271.jpg
1,1,1,1,314,l_1744877478.104.jpg
1,1,1,1,314,l_1744877478.380.jpg
1,1,1,1,314,l_1744877479.399.jpg
1,1,1,1,314,l_1744877481.733.jpg
1,1,1,1,314,l_1745223318.168.jpg
1,1,1,1,314,l_1745223318.345.jpg
1,1,1,1,314,l_1745223318.582.jpg
1,1,1,1,314,l_1745223319.756.jpg
1,1,1,1,314,l_1745223322.582.jpg
1,1,1,1,314,l_1745834185.996.jpg
1,1,1,1,314,l_1745834186.263.jpg
1,1,1,1,314,l_1745834187.480.jpg
1,1,1,1,314,l_1745834187.800.jpg
1,1,1,1,314,l_1745834189.401.jpg
1,1,1,1,314,l_1745834307.447.jpg
1,1,1,1,314,l_1745834308.631.jpg
1,1,1,1,314,l_1745834309.300.jpg
1,1,1,1,314,l_1745834310.814.jpg
1,1,1,1,314,l_1745834314.714.jpg
1,1,1,1,314,l_1746240718.919.jpg
1,1,1,1,314,l_1746240719.419.jpg
1,1,1,1,314,l_1746240720.740.jpg
1,1,1,1,314,l_1746266704.153.jpg
1,1,1,1,314,l_1746266705.198.jpg
1,1,1,1,314,l_1746266705.484.jpg
1,1,1,1,314,l_1746266705.766.jpg
1,1,1,1,314,l_1746406529.753.jpg
1,1,1,1,314,l_1746406529.797.jpg
1,1,1,1,314,l_1746406530.582.jpg
1,1,1,1,314,l_1746406531.920.jpg
1,1,1,1,314,l_1746406532.645.jpg
1,1,1,1,314,l_1746406532.772.jpg
1,1,1,1,314,l_1746433497.752.jpg
1,1,1,1,314,l_1746433498.242.jpg
1,1,1,1,314,l_1746433498.470.jpg
1,1,1,1,314,l_1746433499.542.jpg
1,1,1,1,314,l_1746433500.575.jpg
1,1,1,1,314,l_1747193548.406.jpg
1,1,1,1,314,l_1747193548.522.jpg
1,1,1,1,314,l_1747193549.523.jpg
1,1,1,1,314,l_1747193550.188.jpg
1,1,1,1,314,l_1747193550.189.jpg
1,1,1,1,314,l_1747209489.373.jpg
1,1,1,1,314,l_1747209490.761.jpg
1,1,1,1,314,l_1747209491.480.jpg
1,1,1,1,314,l_1747209491.518.jpg
1,1,1,1,314,l_1747209493.828.jpg
1,1,1,1,314,l_1747212417.794.jpg
1,1,1,1,314,l_1747212418.115.jpg
1,1,1,1,314,l_1747212418.359.jpg
1,1,1,1,314,l_1747212419.317.jpg
1,1,1,1,314,l_1747212419.729.jpg
1,1,1,1,314,l_1747216605.738.jpg
1,1,1,1,314,l_1747216605.957.jpg
1,1,1,1,314,l_1747216606.216.jpg
1,1,1,1,314,l_1747216606.322.jpg
1,1,1,1,314,l_1747216607.103.jpg
1,1,1,1,315,l_1670990685.666.jpg
1,1,1,1,315,l_1670990690.133.jpg
1,1,1,1,315,l_1670990700.717.jpg
1,1,1,1,315,l_1678174339.167.jpg
1,1,1,1,315,l_1678174340.130.jpg
1,1,1,1,315,l_1678174340.759.jpg
1,1,1,1,315,l_1678174341.242.jpg
1,1,1,1,315,l_1678174341.568.jpg
1,1,1,1,315,l_1732156339.143.jpg
1,1,1,1,315,l_1732156339.604.jpg
1,1,1,1,315,l_1732156341.460.jpg
1,1,1,1,315,l_1732156342.990.jpg
1,1,1,1,315,l_1732156345.428.jpg
1,1,1,1,315,l_1732506624.428.jpg
1,1,1,1,315,l_1732506625.971.jpg
1,1,1,1,315,l_1732506626.738.jpg
1,1,1,1,315,l_1732506626.887.jpg
1,1,1,1,315,l_1732506628.666.jpg
1,1,1,1,315,l_1733282392.548.jpg
1,1,1,1,315,l_1733282393.472.jpg
1,1,1,1,315,l_1733282393.677.jpg
1,1,1,1,315,l_1733282394.430.jpg
1,1,1,1,315,l_1733282395.994.jpg
1,1,1,1,315,l_1735282345.577.jpg
1,1,1,1,315,l_1735282345.808.jpg
1,1,1,1,315,l_1735282347.859.jpg
1,1,1,1,315,l_1735282352.397.jpg
1,1,1,1,315,l_1735282352.615.jpg
1,1,1,1,315,l_1737630829.286.jpg
1,1,1,1,315,l_1737630829.718.jpg
1,1,1,1,315,l_1737630830.390.jpg
1,1,1,1,315,l_1737630830.877.jpg
1,1,1,1,315,l_1737630831.476.jpg
1,1,1,1,315,l_1740971272.641.jpg
1,1,1,1,315,l_1740971275.405.jpg
1,1,1,1,315,l_1740971276.212.jpg
1,1,1,1,315,l_1740971278.245.jpg
1,1,1,1,315,l_1740971278.358.jpg
1,1,1,1,315,l_1740971297.463.jpg
1,1,1,1,315,l_1741666712.815.jpg
1,1,1,1,315,l_1741666717.853.jpg
1,1,1,1,315,l_1741666719.196.jpg
1,1,1,1,315,l_1741666721.865.jpg
1,1,1,1,315,l_1741666723.571.jpg
1,1,1,1,315,l_1741666723.799.jpg
1,1,1,1,315,l_1742026364.241.jpg
1,1,1,1,315,l_1742026365.610.jpg
1,1,1,1,315,l_1742026367.719.jpg
1,1,1,1,315,l_1742026368.179.jpg
1,1,1,1,315,l_1743477891.478.jpg
1,1,1,1,315,l_1743477892.127.jpg
1,1,1,1,315,l_1743477892.504.jpg
1,1,1,1,315,l_1743477893.640.jpg
1,1,1,1,315,l_1743477894.227.jpg
1,1,1,1,315,l_1743588118.145.jpg
1,1,1,1,315,l_1743588119.682.jpg
1,1,1,1,315,l_1743588119.837.jpg
1,1,1,1,315,l_1745128854.762.jpg
1,1,1,1,315,l_1745128855.300.jpg
1,1,1,1,315,l_1745128855.901.jpg
1,1,1,1,315,l_1745128856.857.jpg
1,1,1,1,315,l_1745128857.372.jpg
1,1,1,1,315,l_1745128857.809.jpg
1,1,1,1,315,l_1745566543.241.jpg
1,1,1,1,315,l_1745566543.452.jpg
1,1,1,1,315,l_1745566544.823.jpg
1,1,1,1,315,l_1745566545.179.jpg
1,1,1,1,315,l_1746150784.769.jpg
1,1,1,1,315,l_1746150785.635.jpg
1,1,1,1,315,l_1746150786.321.jpg
1,1,1,1,315,l_1746150786.335.jpg
1,1,1,1,315,l_1746150787.822.jpg
1,1,1,1,315,l_1746188604.238.jpg
1,1,1,1,315,l_1746188604.781.jpg
1,1,1,1,315,l_1746188604.832.jpg
1,1,1,1,315,l_1746188605.209.jpg
1,1,1,1,315,l_1746188605.463.jpg
1,1,1,1,315,l_1746266361.339.jpg
1,1,1,1,315,l_1746266361.561.jpg
1,1,1,1,315,l_1746266362.162.jpg
1,1,1,1,315,l_1746266972.358.jpg
1,1,1,1,315,l_1746266972.785.jpg
1,1,1,1,315,l_1746267003.547.jpg
1,1,1,1,315,l_1747138130.828.jpg
1,1,1,1,315,l_1747138131.630.jpg
1,1,1,1,315,l_1747138131.720.jpg
1,1,1,1,316,l_1682583800.234.jpg
1,1,1,1,316,l_1682583801.671.jpg
1,1,1,1,316,l_1682583802.378.jpg
1,1,1,1,316,l_1682583803.367.jpg
1,1,1,1,316,l_1682584289.451.jpg
1,1,1,1,316,l_1682584289.857.jpg
1,1,1,1,316,l_1682584290.633.jpg
1,1,1,1,316,l_1682584290.652.jpg
1,1,1,1,316,l_1682584291.468.jpg
1,1,1,1,316,l_1684489201.705.jpg
1,1,1,1,316,l_1684489206.706.jpg
1,1,1,1,316,l_1684489207.355.jpg
1,1,1,1,316,l_1684489207.360.jpg
1,1,1,1,316,l_1684489208.242.jpg
1,1,1,1,316,l_1728725022.364.jpg
1,1,1,1,316,l_1728725023.488.jpg
1,1,1,1,316,l_1728725024.274.jpg
1,1,1,1,316,l_1728725024.866.jpg
1,1,1,1,316,l_1731993067.285.jpg
1,1,1,1,316,l_1731993068.372.jpg
1,1,1,1,316,l_1731993069.369.jpg
1,1,1,1,316,l_1731993070.308.jpg
1,1,1,1,316,l_1736058355.249.jpg
1,1,1,1,316,l_1736058358.543.jpg
1,1,1,1,316,l_1736058361.936.jpg
1,1,1,1,316,l_1736058364.899.jpg
1,1,1,1,316,l_1741597844.578.jpg
1,1,1,1,316,l_1741597844.939.jpg
1,1,1,1,316,l_1741597845.802.jpg
1,1,1,1,316,l_1741768713.980.jpg
1,1,1,1,316,l_1741768714.572.jpg
1,1,1,1,316,l_1741768715.210.jpg
1,1,1,1,316,l_1741768715.767.jpg
1,1,1,1,316,l_1741768716.552.jpg
1,1,1,1,316,l_1743997120.977.jpg
1,1,1,1,316,l_1743997122.478.jpg
1,1,1,1,316,l_1743997124.702.jpg
1,1,1,1,316,l_1743997126.306.jpg
1,1,1,1,316,l_1743997138.726.jpg
1,1,1,1,316,l_1743997141.140.jpg
1,1,1,1,316,l_1744364582.146.jpg
1,1,1,1,316,l_1744364582.410.jpg
1,1,1,1,316,l_1744364583.510.jpg
1,1,1,1,316,l_1744427404.897.jpg
1,1,1,1,316,l_1744427404.948.jpg
1,1,1,1,316,l_1744427405.274.jpg
1,1,1,1,316,l_1744427406.622.jpg
1,1,1,1,316,l_1744427411.666.jpg
1,1,1,1,316,l_1744427516.450.jpg
1,1,1,1,316,l_1744427518.500.jpg
1,1,1,1,316,l_1744427518.851.jpg
1,1,1,1,316,l_1744427519.143.jpg
1,1,1,1,316,l_1744427623.102.jpg
1,1,1,1,316,l_1744427624.517.jpg
1,1,1,1,316,l_1744427625.400.jpg
1,1,1,1,316,l_1744427626.237.jpg
1,1,1,1,316,l_1744427626.311.jpg
1,1,1,1,316,l_1744427696.204.jpg
1,1,1,1,316,l_1744427697.871.jpg
1,1,1,1,316,l_1744427699.345.jpg
1,1,1,1,316,l_1744427700.108.jpg
1,1,1,1,316,l_1744427791.332.jpg
1,1,1,1,316,l_1744427812.434.jpg
1,1,1,1,316,l_1744427839.759.jpg
1,1,1,1,316,l_1744428037.300.jpg
1,1,1,1,316,l_1744428038.206.jpg
1,1,1,1,316,l_1744428038.597.jpg
1,1,1,1,316,l_1744428039.260.jpg
1,1,1,1,316,l_1744428039.650.jpg
1,1,1,1,316,l_1744428039.690.jpg
1,1,1,1,316,l_1744428040.658.jpg
1,1,1,1,316,l_1744428040.680.jpg
1,1,1,1,316,l_1744428041.904.jpg
1,1,1,1,316,l_1744428108.161.jpg
1,1,1,1,316,l_1744428109.849.jpg
1,1,1,1,316,l_1744428111.434.jpg
1,1,1,1,316,l_1744428111.681.jpg
1,1,1,1,316,l_1744428112.373.jpg
1,1,1,1,316,l_1744428190.215.jpg
1,1,1,1,316,l_1744428191.357.jpg
1,1,1,1,316,l_1744428192.830.jpg
1,1,1,1,316,l_1744428192.920.jpg
1,1,1,1,316,l_1744428193.286.jpg
1,1,1,1,316,l_1744428194.922.jpg
1,1,1,1,316,l_1744904330.174.jpg
1,1,1,1,316,l_1744904330.404.jpg
1,1,1,1,316,l_1744904331.432.jpg
1,1,1,1,316,l_1746586703.588.jpg
1,1,1,1,316,l_1746586706.644.jpg
1,1,1,1,316,l_1746586708.322.jpg
1,1,1,1,316,l_1746586710.679.jpg
1,1,1,1,316,l_1746586711.228.jpg
1,1,1,1,316,l_1746586712.941.jpg
1,1,1,1,316,l_1747184729.544.jpg
1,1,1,1,316,l_1747184732.387.jpg
1,1,1,1,316,l_1747208457.238.jpg
1,1,1,1,316,l_1747208459.305.jpg
1,1,1,1,316,l_1747208461.198.jpg
1,1,1,1,317,l_1646818302.100.jpg
1,1,1,1,317,l_1646818303.125.jpg
1,1,1,1,317,l_1682583051.211.jpg
1,1,1,1,317,l_1682583051.555.jpg
1,1,1,1,317,l_1682583052.258.jpg
1,1,1,1,317,l_1682583054.156.jpg
1,1,1,1,317,l_1682583054.789.jpg
1,1,1,1,317,l_1682583055.953.jpg
1,1,1,1,317,l_1682583056.711.jpg
1,1,1,1,317,l_1723446938.203.jpg
1,1,1,1,317,l_1723446939.176.jpg
1,1,1,1,317,l_1723446940.477.jpg
1,1,1,1,317,l_1723446940.672.jpg
1,1,1,1,317,l_1723446941.364.jpg
1,1,1,1,317,l_1723447044.803.jpg
1,1,1,1,317,l_1723447045.757.jpg
1,1,1,1,317,l_1723447195.621.jpg
1,1,1,1,317,l_1723447196.918.jpg
1,1,1,1,317,l_1723447197.498.jpg
1,1,1,1,317,l_1723447197.821.jpg
1,1,1,1,317,l_1723447199.260.jpg
1,1,1,1,317,l_1723447291.375.jpg
1,1,1,1,317,l_1723447291.449.jpg
1,1,1,1,317,l_1723447292.406.jpg
1,1,1,1,317,l_1723447292.409.jpg
1,1,1,1,317,l_1740537592.293.jpg
1,1,1,1,317,l_1740537593.242.jpg
1,1,1,1,317,l_1740712160.930.jpg
1,1,1,1,317,l_1740712164.730.jpg
1,1,1,1,317,l_1740712169.802.jpg
1,1,1,1,317,l_1740712176.478.jpg
1,1,1,1,317,l_1740712180.170.jpg
1,1,1,1,317,l_1744364101.583.jpg
1,1,1,1,317,l_1744364103.280.jpg
1,1,1,1,317,l_1744364104.375.jpg
1,1,1,1,317,l_1744364105.398.jpg
1,1,1,1,317,l_1744364105.600.jpg
1,1,1,1,317,l_1744364106.676.jpg
1,1,1,1,317,l_1744364225.289.jpg
1,1,1,1,317,l_1744364225.448.jpg
1,1,1,1,317,l_1744364226.340.jpg
1,1,1,1,317,l_1744364226.488.jpg
1,1,1,1,317,l_1744364227.845.jpg
1,1,1,1,317,l_1744364516.856.jpg
1,1,1,1,317,l_1744364517.260.jpg
1,1,1,1,317,l_1744364518.447.jpg
1,1,1,1,317,l_1744364518.786.jpg
1,1,1,1,317,l_1744364519.794.jpg
1,1,1,1,317,l_1744364520.606.jpg
1,1,1,1,317,l_1744364520.824.jpg
1,1,1,1,317,l_1744364521.446.jpg
1,1,1,1,317,l_1744364523.530.jpg
1,1,1,1,317,l_1744366168.423.jpg
1,1,1,1,317,l_1744366171.488.jpg
1,1,1,1,317,l_1744366171.579.jpg
1,1,1,1,317,l_1744367494.164.jpg
1,1,1,1,317,l_1744367495.127.jpg
1,1,1,1,317,l_1744367496.846.jpg
1,1,1,1,317,l_1744427236.274.jpg
1,1,1,1,317,l_1744427237.765.jpg
1,1,1,1,317,l_1744427238.152.jpg
1,1,1,1,317,l_1744427238.472.jpg
1,1,1,1,317,l_1744427239.172.jpg
1,1,1,1,317,l_1744427239.628.jpg
1,1,1,1,317,l_1744428289.764.jpg
1,1,1,1,317,l_1744428290.937.jpg
1,1,1,1,317,l_1744428291.345.jpg
1,1,1,1,317,l_1744428291.541.jpg
1,1,1,1,317,l_1744428291.821.jpg
1,1,1,1,317,l_1744428292.567.jpg
1,1,1,1,317,l_1744441936.417.jpg
1,1,1,1,317,l_1744442052.186.jpg
1,1,1,1,317,l_1744442060.621.jpg
1,1,1,1,317,l_1744446373.775.jpg
1,1,1,1,317,l_1744446374.907.jpg
1,1,1,1,317,l_1744446375.648.jpg
1,1,1,1,317,l_1744446376.927.jpg
1,1,1,1,317,l_1744446413.897.jpg
1,1,1,1,317,l_1744446557.902.jpg
1,1,1,1,317,l_1744446557.922.jpg
1,1,1,1,317,l_1744446558.197.jpg
1,1,1,1,317,l_1744446558.517.jpg
1,1,1,1,317,l_1744446559.163.jpg
1,1,1,1,317,l_1744446559.995.jpg
1,1,1,1,317,l_1744446560.944.jpg
1,1,1,1,317,l_1745203100.992.jpg
1,1,1,1,317,l_1745203101.696.jpg
1,1,1,1,317,l_1745203102.274.jpg
1,1,1,1,317,l_1745463189.377.jpg
1,1,1,1,317,l_1745463190.590.jpg
1,1,1,1,317,l_1745463191.514.jpg
1,1,1,1,317,l_1745463192.920.jpg
1,1,1,1,317,l_1745463193.515.jpg
1,1,1,1,317,l_1745463194.411.jpg
1,1,1,1,318,l_1715057914.902.jpg
1,1,1,1,318,l_1715057915.626.jpg
1,1,1,1,318,l_1715057916.557.jpg
1,1,1,1,318,l_1715057917.289.jpg
1,1,1,1,318,l_1715057918.575.jpg
1,1,1,1,318,l_1724901882.577.jpg
1,1,1,1,318,l_1724901884.440.jpg
1,1,1,1,318,l_1724901885.145.jpg
1,1,1,1,318,l_1724901892.291.jpg
1,1,1,1,318,l_1732779911.871.jpg
1,1,1,1,318,l_1732779914.873.jpg
1,1,1,1,318,l_1732779915.643.jpg
1,1,1,1,318,l_1732779915.952.jpg
1,1,1,1,318,l_1732779916.558.jpg
1,1,1,1,318,l_1733975964.256.jpg
1,1,1,1,318,l_1733975964.574.jpg
1,1,1,1,318,l_1733975965.525.jpg
1,1,1,1,318,l_1733975966.183.jpg
1,1,1,1,318,l_1740738313.408.jpg
1,1,1,1,318,l_1740738314.611.jpg
1,1,1,1,318,l_1740738314.730.jpg
1,1,1,1,318,l_1740738315.462.jpg
1,1,1,1,318,l_1740738316.266.jpg
1,1,1,1,318,l_1740738316.633.jpg
1,1,1,1,318,l_1740738317.601.jpg
1,1,1,1,318,l_1742357850.457.jpg
1,1,1,1,318,l_1742357852.467.jpg
1,1,1,1,318,l_1742357853.297.jpg
1,1,1,1,318,l_1742357854.574.jpg
1,1,1,1,318,l_1742357855.363.jpg
1,1,1,1,318,l_1742357856.789.jpg
1,1,1,1,318,l_1742545872.592.jpg
1,1,1,1,318,l_1742545873.687.jpg
1,1,1,1,318,l_1742545874.660.jpg
1,1,1,1,318,l_1742545875.419.jpg
1,1,1,1,318,l_1742545875.798.jpg
1,1,1,1,318,l_1742545876.486.jpg
1,1,1,1,318,l_1743736557.835.jpg
1,1,1,1,318,l_1743736558.557.jpg
1,1,1,1,318,l_1743736559.291.jpg
1,1,1,1,318,l_1743736561.108.jpg
1,1,1,1,318,l_1743736561.565.jpg
1,1,1,1,318,l_1743736563.328.jpg
1,1,1,1,318,l_1743912135.874.jpg
1,1,1,1,318,l_1743912136.506.jpg
1,1,1,1,318,l_1743912136.515.jpg
1,1,1,1,318,l_1743912137.147.jpg
1,1,1,1,318,l_1743912138.951.jpg
1,1,1,1,318,l_1744789564.498.jpg
1,1,1,1,318,l_1744789565.488.jpg
1,1,1,1,318,l_1744789566.941.jpg
1,1,1,1,318,l_1744789567.543.jpg
1,1,1,1,318,l_1744789571.427.jpg
1,1,1,1,318,l_1744881389.439.jpg
1,1,1,1,318,l_1744881392.374.jpg
1,1,1,1,318,l_1744881395.597.jpg
1,1,1,1,318,l_1744881398.489.jpg
1,1,1,1,318,l_1745393111.620.jpg
1,1,1,1,318,l_1745393112.238.jpg
1,1,1,1,318,l_1745393112.905.jpg
1,1,1,1,318,l_1745393113.730.jpg
1,1,1,1,318,l_1745393113.811.jpg
1,1,1,1,318,l_1745393114.305.jpg
1,1,1,1,318,l_1745393114.846.jpg
1,1,1,1,318,l_1745825431.471.jpg
1,1,1,1,318,l_1745825431.987.jpg
1,1,1,1,318,l_1745825432.318.jpg
1,1,1,1,318,l_1745825432.460.jpg
1,1,1,1,318,l_1745825433.211.jpg
1,1,1,1,318,l_1745825433.586.jpg
1,1,1,1,318,l_1745825434.227.jpg
1,1,1,1,318,l_1746626152.647.jpg
1,1,1,1,318,l_1746626170.139.jpg
1,1,1,1,318,l_1746626187.793.jpg
1,1,1,1,318,l_1746664897.981.jpg
1,1,1,1,318,l_1746664899.755.jpg
1,1,1,1,319,l_1734520458.167.jpg
1,1,1,1,319,l_1734520459.592.jpg
1,1,1,1,319,l_1734520460.542.jpg
1,1,1,1,319,l_1734520461.344.jpg
1,1,1,1,319,l_1736309222.954.jpg
1,1,1,1,319,l_1736309223.395.jpg
1,1,1,1,319,l_1736309224.208.jpg
1,1,1,1,319,l_1736309224.712.jpg
1,1,1,1,319,l_1736309225.757.jpg
1,1,1,1,319,l_1740104605.499.jpg
1,1,1,1,319,l_1740104606.903.jpg
1,1,1,1,319,l_1740104606.964.jpg
1,1,1,1,319,l_1740104607.377.jpg
1,1,1,1,319,l_1740119826.482.jpg
1,1,1,1,319,l_1740119827.920.jpg
1,1,1,1,319,l_1740119827.978.jpg
1,1,1,1,319,l_1740119828.869.jpg
1,1,1,1,319,l_1740119829.972.jpg
1,1,1,1,319,l_1741264947.901.jpg
1,1,1,1,319,l_1741264948.610.jpg
1,1,1,1,319,l_1741264949.933.jpg
1,1,1,1,319,l_1741264950.393.jpg
1,1,1,1,319,l_1741264951.253.jpg
1,1,1,1,319,l_1741264952.457.jpg
1,1,1,1,319,l_1741940707.290.jpg
1,1,1,1,319,l_1741940719.497.jpg
1,1,1,1,319,l_1741940720.474.jpg
1,1,1,1,319,l_1744602195.188.jpg
1,1,1,1,319,l_1744602202.614.jpg
1,1,1,1,319,l_1744602203.558.jpg
1,1,1,1,319,l_1744602213.955.jpg
1,1,1,1,319,l_1745069556.345.jpg
1,1,1,1,319,l_1745069556.435.jpg
1,1,1,1,319,l_1745069562.619.jpg
1,1,1,1,319,l_1745390020.773.jpg
1,1,1,1,319,l_1745390022.749.jpg
1,1,1,1,319,l_1745390025.254.jpg
1,1,1,1,319,l_1745390027.790.jpg
1,1,1,1,319,l_1745478420.464.jpg
1,1,1,1,319,l_1745478421.687.jpg
1,1,1,1,319,l_1745478421.894.jpg
1,1,1,1,319,l_1745478424.888.jpg
1,1,1,1,319,l_1745741072.179.jpg
1,1,1,1,319,l_1745741072.283.jpg
1,1,1,1,319,l_1745741072.573.jpg
1,1,1,1,319,l_1745741073.209.jpg
1,1,1,1,319,l_1745826958.555.jpg
1,1,1,1,319,l_1745826961.434.jpg
1,1,1,1,319,l_1745826963.784.jpg
1,1,1,1,319,l_1745826966.909.jpg
1,1,1,1,319,l_1745826967.508.jpg
1,1,1,1,319,l_1745828144.625.jpg
1,1,1,1,319,l_1745828145.145.jpg
1,1,1,1,319,l_1745828145.650.jpg
1,1,1,1,319,l_1745828146.211.jpg
1,1,1,1,319,l_1745828146.230.jpg
1,1,1,1,319,l_1745828147.708.jpg
1,1,1,1,319,l_1745828147.827.jpg
1,1,1,1,319,l_1745828148.145.jpg
1,1,1,1,319,l_1745828149.865.jpg
1,1,1,1,319,l_1745989723.283.jpg
1,1,1,1,319,l_1745989723.643.jpg
1,1,1,1,319,l_1745989724.234.jpg
1,1,1,1,319,l_1745989724.962.jpg
1,1,1,1,319,l_1745989725.537.jpg
1,1,1,1,319,l_1745989725.678.jpg
1,1,1,1,319,l_1746420798.923.jpg
1,1,1,1,319,l_1746420799.210.jpg
1,1,1,1,319,l_1746420801.248.jpg
1,1,1,1,319,l_1746420801.294.jpg
1,1,1,1,319,l_1746770462.555.jpg
1,1,1,1,319,l_1746770463.210.jpg
1,1,1,1,319,l_1746770464.192.jpg
1,1,1,1,319,l_1746770464.488.jpg
1,1,1,1,319,l_1746770465.595.jpg
1,1,1,1,319,l_1746770466.837.jpg
1,1,1,1,319,l_1746770466.930.jpg
1,1,1,1,319,l_1746847864.602.jpg
1,1,1,1,319,l_1746847868.744.jpg
1,1,1,1,319,l_1746847873.572.jpg
1,1,1,1,319,l_1746847877.781.jpg
1,1,1,1,319,l_1746847880.357.jpg
1,1,1,1,319,l_1746847883.660.jpg
1,1,1,1,319,l_1746880585.706.jpg
1,1,1,1,319,l_1746880585.970.jpg
1,1,1,1,319,l_1746880586.998.jpg
1,1,1,1,319,l_1746880588.247.jpg
1,1,1,1,319,l_1746880590.463.jpg
1,1,1,1,319,l_1747061798.473.jpg
1,1,1,1,319,l_1747061800.761.jpg
1,1,1,1,319,l_1747061800.808.jpg
1,1,1,1,319,l_1747061801.544.jpg
1,1,1,1,319,l_1747061803.366.jpg
1,1,1,1,319,l_1747206016.515.jpg
1,1,1,1,319,l_1747206021.134.jpg
1,1,1,1,319,l_1747206025.182.jpg
1,1,1,1,320,l_1591002077.jpg
1,1,1,1,320,l_1591002114.jpg
1,1,1,1,320,l_1591002140.jpg
1,1,1,1,320,l_1591002144.jpg
1,1,1,1,320,l_1728289326.152.jpg
1,1,1,1,320,l_1728289326.650.jpg
1,1,1,1,320,l_1728289340.495.jpg
1,1,1,1,320,l_1728289344.914.jpg
1,1,1,1,320,l_1728289346.907.jpg
1,1,1,1,320,l_1728289348.854.jpg
1,1,1,1,320,l_1738917741.929.jpg
1,1,1,1,320,l_1738917743.854.jpg
1,1,1,1,320,l_1738917745.311.jpg
1,1,1,1,320,l_1738917747.488.jpg
1,1,1,1,320,l_1738917749.981.jpg
1,1,1,1,320,l_1740208538.556.jpg
1,1,1,1,320,l_1740208538.945.jpg
1,1,1,1,320,l_1741997413.863.jpg
1,1,1,1,320,l_1741997422.596.jpg
1,1,1,1,320,l_1741997431.344.jpg
1,1,1,1,320,l_1741997482.827.jpg
1,1,1,1,320,l_1743383439.451.jpg
1,1,1,1,320,l_1743383439.655.jpg
1,1,1,1,320,l_1743383440.686.jpg
1,1,1,1,320,l_1743383440.791.jpg
1,1,1,1,320,l_1743383441.266.jpg
1,1,1,1,320,l_1743383441.600.jpg
1,1,1,1,320,l_1743386459.248.jpg
1,1,1,1,320,l_1743386459.680.jpg
1,1,1,1,320,l_1743386459.971.jpg
1,1,1,1,320,l_1743386460.953.jpg
1,1,1,1,320,l_1743406444.573.jpg
1,1,1,1,320,l_1743406450.302.jpg
1,1,1,1,320,l_1743406452.789.jpg
1,1,1,1,320,l_1744339982.239.jpg
1,1,1,1,320,l_1744339984.351.jpg
1,1,1,1,320,l_1744339986.970.jpg
1,1,1,1,320,l_1744339987.236.jpg
1,1,1,1,320,l_1744339989.156.jpg
1,1,1,1,320,l_1745228303.432.jpg
1,1,1,1,320,l_1745228303.911.jpg
1,1,1,1,320,l_1745228305.767.jpg
1,1,1,1,320,l_1745228307.815.jpg
1,1,1,1,320,l_1745552348.922.jpg
1,1,1,1,320,l_1745552358.510.jpg
1,1,1,1,320,l_1745552358.961.jpg
1,1,1,1,320,l_1745552359.111.jpg
1,1,1,1,320,l_1745552359.199.jpg
1,1,1,1,320,l_1745736101.627.jpg
1,1,1,1,320,l_1745736102.957.jpg
1,1,1,1,320,l_1745736103.639.jpg
1,1,1,1,320,l_1745736103.688.jpg
1,1,1,1,320,l_1745736104.301.jpg
1,1,1,1,320,l_1746446984.336.jpg
1,1,1,1,320,l_1746446986.667.jpg
1,1,1,1,320,l_1746446988.915.jpg
1,1,1,1,320,l_1746446990.162.jpg
1,1,1,1,320,l_1746446992.821.jpg
1,1,1,1,320,l_1746446993.876.jpg
1,1,1,1,320,l_1746674598.497.jpg
1,1,1,1,320,l_1746674621.620.jpg
1,1,1,1,320,l_1746674748.229.jpg
1,1,1,1,320,l_1746674760.230.jpg
1,1,1,1,320,l_1746710052.868.jpg
1,1,1,1,320,l_1746710053.103.jpg
1,1,1,1,320,l_1746710053.371.jpg
1,1,1,1,320,l_1746710053.893.jpg
1,1,1,1,320,l_1746710054.271.jpg
1,1,1,1,320,l_1747018121.190.jpg
1,1,1,1,320,l_1747018121.824.jpg
1,1,1,1,320,l_1747018122.478.jpg
1,1,1,1,320,l_1747018123.138.jpg
1,1,1,1,320,l_1747018125.520.jpg
1,1,1,1,320,l_1747018125.714.jpg
1,1,1,1,320,l_1747018126.290.jpg
1,1,1,1,320,l_1747102963.644.jpg
1,1,1,1,320,l_1747102965.633.jpg
1,1,1,1,320,l_1747102967.359.jpg
1,1,1,1,320,l_1747102969.504.jpg
1,1,1,1,320,l_1747102970.348.jpg
1,1,1,1,320,l_1747198135.679.jpg
1,1,1,1,320,l_1747198137.762.jpg
1,1,1,1,320,l_1747198139.299.jpg
1,1,1,1,320,l_1747198141.286.jpg
1,1,1,1,320,l_1747198143.145.jpg
1,1,1,1,320,l_1747198145.209.jpg
1,1,1,1,321,l_1732519308.610.jpg
1,1,1,1,321,l_1732519309.807.jpg
1,1,1,1,321,l_1732519311.192.jpg
1,1,1,1,321,l_1732519311.887.jpg
1,1,1,1,321,l_1733201806.451.jpg
1,1,1,1,321,l_1733201806.984.jpg
1,1,1,1,321,l_1733201808.614.jpg
1,1,1,1,321,l_1741312985.785.jpg
1,1,1,1,321,l_1741312986.403.jpg
1,1,1,1,321,l_1741312990.340.jpg
1,1,1,1,321,l_1741312991.915.jpg
1,1,1,1,321,l_1741312994.480.jpg
1,1,1,1,321,l_1742175367.689.jpg
1,1,1,1,321,l_1742175369.604.jpg
1,1,1,1,321,l_1742175378.733.jpg
1,1,1,1,321,l_1743484066.448.jpg
1,1,1,1,321,l_1743484071.724.jpg
1,1,1,1,321,l_1743484074.760.jpg
1,1,1,1,321,l_1743484087.877.jpg
1,1,1,1,321,l_1743484089.921.jpg
1,1,1,1,321,l_1743484090.801.jpg
1,1,1,1,321,l_1743829965.266.jpg
1,1,1,1,321,l_1743829966.352.jpg
1,1,1,1,321,l_1743829967.170.jpg
1,1,1,1,321,l_1743829970.277.jpg
1,1,1,1,321,l_1743829972.314.jpg
1,1,1,1,321,l_1743829973.716.jpg
1,1,1,1,321,l_1743927181.650.jpg
1,1,1,1,321,l_1743927182.700.jpg
1,1,1,1,321,l_1743927183.370.jpg
1,1,1,1,321,l_1744359035.153.jpg
1,1,1,1,321,l_1744359038.103.jpg
1,1,1,1,321,l_1744359039.325.jpg
1,1,1,1,321,l_1744359040.968.jpg
1,1,1,1,321,l_1744359042.878.jpg
1,1,1,1,321,l_1744359044.859.jpg
1,1,1,1,321,l_1744855631.668.jpg
1,1,1,1,321,l_1744855632.963.jpg
1,1,1,1,321,l_1744855633.516.jpg
1,1,1,1,321,l_1744855634.215.jpg
1,1,1,1,321,l_1744855636.389.jpg
1,1,1,1,321,l_1744855637.530.jpg
1,1,1,1,321,l_1744855641.836.jpg
1,1,1,1,321,l_1744855642.599.jpg
1,1,1,1,321,l_1744903006.964.jpg
1,1,1,1,321,l_1744903007.326.jpg
1,1,1,1,321,l_1744903009.641.jpg
1,1,1,1,321,l_1744903012.998.jpg
1,1,1,1,321,l_1745234222.704.jpg
1,1,1,1,321,l_1745234222.988.jpg
1,1,1,1,321,l_1745234224.159.jpg
1,1,1,1,321,l_1745234224.792.jpg
1,1,1,1,321,l_1745234225.247.jpg
1,1,1,1,321,l_1745234225.881.jpg
1,1,1,1,321,l_1745484587.984.jpg
1,1,1,1,321,l_1745484591.909.jpg
1,1,1,1,321,l_1745484593.339.jpg
1,1,1,1,321,l_1745835638.622.jpg
1,1,1,1,321,l_1745835638.968.jpg
1,1,1,1,321,l_1745835641.648.jpg
1,1,1,1,321,l_1745835749.676.jpg
1,1,1,1,321,l_1746430625.686.jpg
1,1,1,1,321,l_1746430626.134.jpg
1,1,1,1,321,l_1746430630.336.jpg
1,1,1,1,321,l_1746430631.705.jpg
1,1,1,1,321,l_1746505250.402.jpg
1,1,1,1,321,l_1746505280.179.jpg
1,1,1,1,321,l_1746505284.902.jpg
1,1,1,1,321,l_1746505285.500.jpg
1,1,1,1,321,l_1746580755.410.jpg
1,1,1,1,321,l_1746604590.391.jpg
1,1,1,1,321,l_1746604590.727.jpg
1,1,1,1,321,l_1746604591.582.jpg
1,1,1,1,321,l_1746604592.380.jpg
1,1,1,1,321,l_1746673493.852.jpg
1,1,1,1,321,l_1746673498.842.jpg
1,1,1,1,321,l_1746687644.625.jpg
1,1,1,1,321,l_1746690146.429.jpg
1,1,1,1,321,l_1746845711.257.jpg
1,1,1,1,321,l_1746845712.282.jpg
1,1,1,1,321,l_1746845713.848.jpg
1,1,1,1,321,l_1746845714.679.jpg
1,1,1,1,321,l_1746845714.940.jpg
1,1,1,1,321,l_1746845716.487.jpg
1,1,1,1,321,l_1746845717.142.jpg
1,1,1,1,321,l_1746845728.611.jpg
1,1,1,1,321,l_1747187696.585.jpg
1,1,1,1,321,l_1747187697.392.jpg
1,1,1,1,321,l_1747187699.346.jpg
1,1,1,1,321,l_1747187700.842.jpg
1,1,1,1,321,l_1747187701.178.jpg
1,1,1,1,322,l_1724124065.567.jpg
1,1,1,1,322,l_1724124066.299.jpg
1,1,1,1,322,l_1724124067.449.jpg
1,1,1,1,322,l_1724124068.677.jpg
1,1,1,1,322,l_1724124069.619.jpg
1,1,1,1,322,l_1727764974.150.jpg
1,1,1,1,322,l_1727764974.273.jpg
1,1,1,1,322,l_1727764975.105.jpg
1,1,1,1,322,l_1727764976.686.jpg
1,1,1,1,322,l_1727764977.736.jpg
1,1,1,1,322,l_1727765308.682.jpg
1,1,1,1,322,l_1727765310.773.jpg
1,1,1,1,322,l_1727765312.370.jpg
1,1,1,1,322,l_1727765314.500.jpg
1,1,1,1,322,l_1727765316.875.jpg
1,1,1,1,322,l_1727765318.917.jpg
1,1,1,1,322,l_1729478063.415.jpg
1,1,1,1,322,l_1729478064.834.jpg
1,1,1,1,322,l_1729478065.446.jpg
1,1,1,1,322,l_1729478066.297.jpg
1,1,1,1,322,l_1729478066.364.jpg
1,1,1,1,322,l_1729478067.411.jpg
1,1,1,1,322,l_1734596723.364.jpg
1,1,1,1,322,l_1734596768.476.jpg
1,1,1,1,322,l_1734596770.410.jpg
1,1,1,1,322,l_1734667519.497.jpg
1,1,1,1,322,l_1734667522.367.jpg
1,1,1,1,322,l_1734667525.851.jpg
1,1,1,1,322,l_1734667527.255.jpg
1,1,1,1,322,l_1741506475.233.jpg
1,1,1,1,322,l_1741506477.377.jpg
1,1,1,1,322,l_1741506478.157.jpg
1,1,1,1,322,l_1741506479.772.jpg
1,1,1,1,322,l_1741506484.635.jpg
1,1,1,1,322,l_1741669138.123.jpg
1,1,1,1,322,l_1741669139.506.jpg
1,1,1,1,322,l_1741669139.889.jpg
1,1,1,1,322,l_1741669140.303.jpg
1,1,1,1,322,l_1741669140.522.jpg
1,1,1,1,322,l_1741669140.768.jpg
1,1,1,1,322,l_1741669141.176.jpg
1,1,1,1,322,l_1742447706.321.jpg
1,1,1,1,322,l_1742447707.888.jpg
1,1,1,1,322,l_1742447707.895.jpg
1,1,1,1,322,l_1742447708.260.jpg
1,1,1,1,322,l_1744284068.426.jpg
1,1,1,1,322,l_1744284069.236.jpg
1,1,1,1,322,l_1744284070.189.jpg
1,1,1,1,322,l_1744284071.824.jpg
1,1,1,1,322,l_1745224746.448.jpg
1,1,1,1,322,l_1745224746.538.jpg
1,1,1,1,322,l_1745224747.481.jpg
1,1,1,1,322,l_1745224938.191.jpg
1,1,1,1,322,l_1745224939.418.jpg
1,1,1,1,322,l_1745410264.177.jpg
1,1,1,1,322,l_1745410264.285.jpg
1,1,1,1,322,l_1745410265.469.jpg
1,1,1,1,322,l_1745410266.999.jpg
1,1,1,1,322,l_1745410270.702.jpg
1,1,1,1,322,l_1746694356.276.jpg
1,1,1,1,322,l_1746694357.718.jpg
1,1,1,1,322,l_1746694359.644.jpg
1,1,1,1,322,l_1746694366.227.jpg
1,1,1,1,322,l_1746762898.205.jpg
1,1,1,1,322,l_1746762899.477.jpg
1,1,1,1,322,l_1746762900.948.jpg
1,1,1,1,322,l_1746762903.344.jpg
1,1,1,1,322,l_1747031269.940.jpg
1,1,1,1,322,l_1747031270.133.jpg
1,1,1,1,322,l_1747031270.578.jpg
1,1,1,1,322,l_1747031271.657.jpg
1,1,1,1,322,l_1747108079.815.jpg
1,1,1,1,322,l_1747108080.350.jpg
1,1,1,1,322,l_1747108081.103.jpg
1,1,1,1,322,l_1747108081.389.jpg
1,1,1,1,322,l_1747108084.692.jpg
1,1,1,1,322,l_1747108086.891.jpg
1,1,1,1,322,l_1747203966.261.jpg
1,1,1,1,322,l_1747203966.531.jpg
1,1,1,1,322,l_1747203967.758.jpg
1,1,1,1,322,l_1747208789.504.jpg
1,1,1,1,322,l_1747208790.269.jpg
1,1,1,1,322,l_1747208791.748.jpg
1,1,1,1,322,l_1747208791.935.jpg
1,1,1,1,322,l_1747208793.685.jpg
1,1,1,1,322,l_1747213262.452.jpg
1,1,1,1,322,l_1747213263.194.jpg
1,1,1,1,322,l_1747213264.447.jpg
1,1,1,1,322,l_1747213264.874.jpg
1,1,1,1,322,l_1747213265.922.jpg
1,1,1,1,322,l_1747225465.711.jpg
1,1,1,1,322,l_1747225466.209.jpg
1,1,1,1,322,l_1747225466.411.jpg
1,1,1,1,322,l_1747225467.634.jpg
1,1,1,1,323,l_1701317802.753.jpg
1,1,1,1,323,l_1701317803.846.jpg
1,1,1,1,323,l_1702354591.564.jpg
1,1,1,1,323,l_1702354592.276.jpg
1,1,1,1,323,l_1718692748.784.jpg
1,1,1,1,323,l_1718692749.512.jpg
1,1,1,1,323,l_1718692749.547.jpg
1,1,1,1,323,l_1718693391.238.jpg
1,1,1,1,323,l_1721010857.579.jpg
1,1,1,1,323,l_1721010858.706.jpg
1,1,1,1,323,l_1721010859.856.jpg
1,1,1,1,323,l_1721010859.925.jpg
1,1,1,1,323,l_1721010859.969.jpg
1,1,1,1,323,l_1721010860.839.jpg
1,1,1,1,323,l_1721035426.261.jpg
1,1,1,1,323,l_1721035426.364.jpg
1,1,1,1,323,l_1721035427.436.jpg
1,1,1,1,323,l_1721035428.514.jpg
1,1,1,1,323,l_1730696301.636.jpg
1,1,1,1,323,l_1730696302.215.jpg
1,1,1,1,323,l_1730696302.565.jpg
1,1,1,1,323,l_1730696303.355.jpg
1,1,1,1,323,l_1730696304.189.jpg
1,1,1,1,323,l_1730696304.555.jpg
1,1,1,1,323,l_1730696305.396.jpg
1,1,1,1,323,l_1730696305.599.jpg
1,1,1,1,323,l_1731037868.147.jpg
1,1,1,1,323,l_1731037869.554.jpg
1,1,1,1,323,l_1731037870.174.jpg
1,1,1,1,323,l_1731037871.647.jpg
1,1,1,1,323,l_1733406336.486.jpg
1,1,1,1,323,l_1733406337.552.jpg
1,1,1,1,323,l_1733406337.639.jpg
1,1,1,1,323,l_1733406338.120.jpg
1,1,1,1,323,l_1733406339.233.jpg
1,1,1,1,323,l_1733406340.224.jpg
1,1,1,1,323,l_1734076512.119.jpg
1,1,1,1,323,l_1734076512.265.jpg
1,1,1,1,323,l_1734076513.529.jpg
1,1,1,1,323,l_1734076928.881.jpg
1,1,1,1,323,l_1734076933.712.jpg
1,1,1,1,323,l_1734077031.297.jpg
1,1,1,1,323,l_1734079308.835.jpg
1,1,1,1,323,l_1734079309.476.jpg
1,1,1,1,323,l_1734079311.853.jpg
1,1,1,1,323,l_1742097918.334.jpg
1,1,1,1,323,l_1742097918.390.jpg
1,1,1,1,323,l_1742097919.552.jpg
1,1,1,1,323,l_1742097919.939.jpg
1,1,1,1,323,l_1743411235.282.jpg
1,1,1,1,323,l_1743411236.481.jpg
1,1,1,1,323,l_1743411236.867.jpg
1,1,1,1,323,l_1744269180.616.jpg
1,1,1,1,323,l_1744269181.691.jpg
1,1,1,1,323,l_1744269184.110.jpg
1,1,1,1,323,l_1744269185.226.jpg
1,1,1,1,323,l_1744269186.184.jpg
1,1,1,1,323,l_1744269186.967.jpg
1,1,1,1,323,l_1744949651.210.jpg
1,1,1,1,323,l_1744949652.266.jpg
1,1,1,1,323,l_1744949654.557.jpg
1,1,1,1,323,l_1744949671.889.jpg
1,1,1,1,323,l_1744949857.794.jpg
1,1,1,1,323,l_1744949858.641.jpg
1,1,1,1,323,l_1744949859.195.jpg
1,1,1,1,323,l_1745226558.281.jpg
1,1,1,1,323,l_1745226559.131.jpg
1,1,1,1,323,l_1745226561.572.jpg
1,1,1,1,323,l_1746352001.727.jpg
1,1,1,1,323,l_1746352001.905.jpg
1,1,1,1,323,l_1746352002.892.jpg
1,1,1,1,323,l_1746352003.174.jpg
1,1,1,1,323,l_1746352003.259.jpg
1,1,1,1,323,l_1746677917.350.jpg
1,1,1,1,323,l_1746677918.914.jpg
1,1,1,1,323,l_1746677920.420.jpg
1,1,1,1,323,l_1746677922.183.jpg
1,1,1,1,323,l_1746678098.745.jpg
1,1,1,1,324,l_1725120811.856.jpg
1,1,1,1,324,l_1725120813.702.jpg
1,1,1,1,324,l_1725120816.205.jpg
1,1,1,1,324,l_1725120819.775.jpg
1,1,1,1,324,l_1725120823.158.jpg
1,1,1,1,324,l_1739855874.842.jpg
1,1,1,1,324,l_1739855875.427.jpg
1,1,1,1,324,l_1740664551.560.jpg
1,1,1,1,324,l_1740664553.497.jpg
1,1,1,1,324,l_1740665004.979.jpg
1,1,1,1,324,l_1740665076.668.jpg
1,1,1,1,324,l_1740927230.269.jpg
1,1,1,1,324,l_1740927231.262.jpg
1,1,1,1,324,l_1740927237.930.jpg
1,1,1,1,324,l_1741250383.729.jpg
1,1,1,1,324,l_1741250384.608.jpg
1,1,1,1,324,l_1741250385.868.jpg
1,1,1,1,324,l_1741589144.185.jpg
1,1,1,1,324,l_1741589144.592.jpg
1,1,1,1,324,l_1741589145.131.jpg
1,1,1,1,324,l_1741589145.874.jpg
1,1,1,1,324,l_1744447131.706.jpg
1,1,1,1,324,l_1744447132.304.jpg
1,1,1,1,324,l_1744447132.982.jpg
1,1,1,1,324,l_1744447133.231.jpg
1,1,1,1,324,l_1744595762.469.jpg
1,1,1,1,324,l_1744595764.136.jpg
1,1,1,1,324,l_1744595764.320.jpg
1,1,1,1,324,l_1744595765.705.jpg
1,1,1,1,324,l_1744595768.459.jpg
1,1,1,1,324,l_1744595768.972.jpg
1,1,1,1,324,l_1744859546.219.jpg
1,1,1,1,324,l_1744859547.642.jpg
1,1,1,1,324,l_1744859550.860.jpg
1,1,1,1,324,l_1744859552.667.jpg
1,1,1,1,324,l_1744859552.676.jpg
1,1,1,1,324,l_1745225350.246.jpg
1,1,1,1,324,l_1745225353.484.jpg
1,1,1,1,324,l_1745225354.420.jpg
1,1,1,1,324,l_1745225355.761.jpg
1,1,1,1,324,l_1745225355.829.jpg
1,1,1,1,324,l_1745465257.338.jpg
1,1,1,1,324,l_1745465257.385.jpg
1,1,1,1,324,l_1745465258.664.jpg
1,1,1,1,324,l_1745465259.861.jpg
1,1,1,1,324,l_1745465259.985.jpg
1,1,1,1,324,l_1746030016.329.jpg
1,1,1,1,324,l_1746030017.781.jpg
1,1,1,1,324,l_1746030019.901.jpg
1,1,1,1,324,l_1746030021.781.jpg
1,1,1,1,324,l_1746546692.775.jpg
1,1,1,1,324,l_1746546692.849.jpg
1,1,1,1,324,l_1746546693.949.jpg
1,1,1,1,324,l_1746846542.674.jpg
1,1,1,1,324,l_1746846543.330.jpg
1,1,1,1,324,l_1746846543.524.jpg
1,1,1,1,324,l_1746846544.618.jpg
1,1,1,1,324,l_1746846545.489.jpg
1,1,1,1,324,l_1747041860.727.jpg
1,1,1,1,324,l_1747041862.802.jpg
1,1,1,1,324,l_1747041862.803.jpg
1,1,1,1,324,l_1747041863.863.jpg
1,1,1,1,324,l_1747103246.159.jpg
1,1,1,1,324,l_1747103246.653.jpg
1,1,1,1,324,l_1747103247.605.jpg
1,1,1,1,324,l_1747103855.107.jpg
1,1,1,1,324,l_1747103855.494.jpg
1,1,1,1,324,l_1747103857.393.jpg
1,1,1,1,324,l_1747127499.107.jpg
1,1,1,1,324,l_1747127499.281.jpg
1,1,1,1,324,l_1747127500.868.jpg
1,1,1,1,324,l_1747127501.295.jpg
1,1,1,1,324,l_1747127501.528.jpg
1,1,1,1,324,l_1747230667.121.jpg
1,1,1,1,324,l_1747230670.963.jpg
1,1,1,1,324,l_1747230673.375.jpg
1,1,1,1,324,l_1747230676.203.jpg
1,1,1,1,325,l_1735997261.970.jpg
1,1,1,1,325,l_1735997262.934.jpg
1,1,1,1,325,l_1735997264.514.jpg
1,1,1,1,325,l_1735997265.665.jpg
1,1,1,1,325,l_1737082513.364.jpg
1,1,1,1,325,l_1737082514.349.jpg
1,1,1,1,325,l_1737082519.960.jpg
1,1,1,1,325,l_1739245716.511.jpg
1,1,1,1,325,l_1739245717.310.jpg
1,1,1,1,325,l_1739245717.770.jpg
1,1,1,1,325,l_1739245718.290.jpg
1,1,1,1,325,l_1740380894.125.jpg
1,1,1,1,325,l_1740380895.273.jpg
1,1,1,1,325,l_1740380896.503.jpg
1,1,1,1,325,l_1740380896.909.jpg
1,1,1,1,325,l_1740380898.926.jpg
1,1,1,1,325,l_1740380899.875.jpg
1,1,1,1,325,l_1740380900.867.jpg
1,1,1,1,325,l_1741427407.415.jpg
1,1,1,1,325,l_1741427408.103.jpg
1,1,1,1,325,l_1741427410.655.jpg
1,1,1,1,325,l_1741427411.164.jpg
1,1,1,1,325,l_1741427412.395.jpg
1,1,1,1,325,l_1741427413.205.jpg
1,1,1,1,325,l_1742911215.420.jpg
1,1,1,1,325,l_1742950948.117.jpg
1,1,1,1,325,l_1742950949.426.jpg
1,1,1,1,325,l_1742950949.716.jpg
1,1,1,1,325,l_1742950950.653.jpg
1,1,1,1,325,l_1744430934.160.jpg
1,1,1,1,325,l_1744430934.848.jpg
1,1,1,1,325,l_1744430935.354.jpg
1,1,1,1,325,l_1744430935.734.jpg
1,1,1,1,325,l_1744430936.672.jpg
1,1,1,1,325,l_1745064254.508.jpg
1,1,1,1,325,l_1745064256.959.jpg
1,1,1,1,325,l_1745305721.126.jpg
1,1,1,1,325,l_1745305721.586.jpg
1,1,1,1,325,l_1745305723.162.jpg
1,1,1,1,325,l_1745305725.545.jpg
1,1,1,1,325,l_1745305726.105.jpg
1,1,1,1,325,l_1745318113.503.jpg
1,1,1,1,325,l_1745318115.976.jpg
1,1,1,1,325,l_1745318116.475.jpg
1,1,1,1,325,l_1745318122.383.jpg
1,1,1,1,325,l_1745318123.925.jpg
1,1,1,1,325,l_1745379831.529.jpg
1,1,1,1,325,l_1745379832.245.jpg
1,1,1,1,325,l_1745379834.111.jpg
1,1,1,1,325,l_1745379836.752.jpg
1,1,1,1,325,l_1745476919.848.jpg
1,1,1,1,325,l_1745476919.983.jpg
1,1,1,1,325,l_1745476920.582.jpg
1,1,1,1,325,l_1745476925.421.jpg
1,1,1,1,325,l_1745476926.797.jpg
1,1,1,1,325,l_1745585296.730.jpg
1,1,1,1,325,l_1745585300.613.jpg
1,1,1,1,325,l_1745585303.540.jpg
1,1,1,1,325,l_1745585305.839.jpg
1,1,1,1,325,l_1745585308.714.jpg
1,1,1,1,325,l_1745822074.658.jpg
1,1,1,1,325,l_1745822075.497.jpg
1,1,1,1,325,l_1745822075.748.jpg
1,1,1,1,325,l_1745822076.118.jpg
1,1,1,1,325,l_1745822082.382.jpg
1,1,1,1,325,l_1746151858.207.jpg
1,1,1,1,325,l_1746151858.661.jpg
1,1,1,1,325,l_1746151859.697.jpg
1,1,1,1,325,l_1746151860.375.jpg
1,1,1,1,325,l_1746151860.804.jpg
1,1,1,1,325,l_1746261725.233.jpg
1,1,1,1,325,l_1746261725.664.jpg
1,1,1,1,325,l_1746261726.474.jpg
1,1,1,1,325,l_1746261729.598.jpg
1,1,1,1,325,l_1746261732.928.jpg
1,1,1,1,325,l_1746501806.598.jpg
1,1,1,1,325,l_1746501807.165.jpg
1,1,1,1,325,l_1746501807.458.jpg
1,1,1,1,325,l_1746501811.122.jpg
1,1,1,1,325,l_1746501813.608.jpg
1,1,1,1,325,l_1746606474.803.jpg
1,1,1,1,325,l_1746606474.872.jpg
1,1,1,1,325,l_1746606475.317.jpg
1,1,1,1,325,l_1746606475.519.jpg
1,1,1,1,325,l_1746606476.919.jpg
1,1,1,1,325,l_1746690643.168.jpg
1,1,1,1,325,l_1746690644.240.jpg
1,1,1,1,325,l_1746690644.603.jpg
1,1,1,1,325,l_1746690645.900.jpg
1,1,1,1,325,l_1746717158.125.jpg
1,1,1,1,325,l_1746717159.745.jpg
1,1,1,1,325,l_1746717161.703.jpg
1,1,1,1,325,l_1746717163.881.jpg
1,1,1,1,325,l_1746717165.520.jpg
1,1,1,1,326,l_1725789683.143.jpg
1,1,1,1,326,l_1725789684.864.jpg
1,1,1,1,326,l_1725789684.996.jpg
1,1,1,1,326,l_1725789685.749.jpg
1,1,1,1,326,l_1725789685.755.jpg
1,1,1,1,326,l_1732240755.431.jpg
1,1,1,1,326,l_1732240755.505.jpg
1,1,1,1,326,l_1732240756.628.jpg
1,1,1,1,326,l_1732240756.951.jpg
1,1,1,1,326,l_1732240757.910.jpg
1,1,1,1,326,l_1736477951.630.jpg
1,1,1,1,326,l_1736477956.237.jpg
1,1,1,1,326,l_1736477957.698.jpg
1,1,1,1,326,l_1736477959.645.jpg
1,1,1,1,326,l_1736477960.368.jpg
1,1,1,1,326,l_1736477960.749.jpg
1,1,1,1,326,l_1736477961.638.jpg
1,1,1,1,326,l_1740558952.602.jpg
1,1,1,1,326,l_1740558952.632.jpg
1,1,1,1,326,l_1742028993.262.jpg
1,1,1,1,326,l_1742028994.134.jpg
1,1,1,1,326,l_1742028994.533.jpg
1,1,1,1,326,l_1742028995.672.jpg
1,1,1,1,326,l_1742801492.301.jpg
1,1,1,1,326,l_1742801493.432.jpg
1,1,1,1,326,l_1742801493.981.jpg
1,1,1,1,326,l_1742801494.738.jpg
1,1,1,1,326,l_1743130920.981.jpg
1,1,1,1,326,l_1743130921.618.jpg
1,1,1,1,326,l_1743130922.151.jpg
1,1,1,1,326,l_1743130922.392.jpg
1,1,1,1,326,l_1743130923.603.jpg
1,1,1,1,326,l_1743146707.456.jpg
1,1,1,1,326,l_1743146709.973.jpg
1,1,1,1,326,l_1743146710.544.jpg
1,1,1,1,326,l_1743155525.713.jpg
1,1,1,1,326,l_1743155537.382.jpg
1,1,1,1,326,l_1743155541.348.jpg
1,1,1,1,326,l_1743155545.401.jpg
1,1,1,1,326,l_1743155548.592.jpg
1,1,1,1,326,l_1743488235.933.jpg
1,1,1,1,326,l_1743488236.163.jpg
1,1,1,1,326,l_1743488236.794.jpg
1,1,1,1,326,l_1743560242.474.jpg
1,1,1,1,326,l_1743560243.355.jpg
1,1,1,1,326,l_1743560243.918.jpg
1,1,1,1,326,l_1743733785.806.jpg
1,1,1,1,326,l_1743733835.757.jpg
1,1,1,1,326,l_1743733836.760.jpg
1,1,1,1,326,l_1743733867.640.jpg
1,1,1,1,326,l_1743733868.354.jpg
1,1,1,1,326,l_1743865403.235.jpg
1,1,1,1,326,l_1743865403.733.jpg
1,1,1,1,326,l_1743865404.132.jpg
1,1,1,1,326,l_1744775617.287.jpg
1,1,1,1,326,l_1744775621.423.jpg
1,1,1,1,326,l_1744775622.776.jpg
1,1,1,1,326,l_1744775623.797.jpg
1,1,1,1,326,l_1745067269.335.jpg
1,1,1,1,326,l_1745067269.587.jpg
1,1,1,1,326,l_1745067271.421.jpg
1,1,1,1,326,l_1745383543.366.jpg
1,1,1,1,326,l_1745383544.430.jpg
1,1,1,1,326,l_1745383544.807.jpg
1,1,1,1,326,l_1745383547.878.jpg
1,1,1,1,326,l_1745575656.708.jpg
1,1,1,1,326,l_1745575656.793.jpg
1,1,1,1,326,l_1745575657.327.jpg
1,1,1,1,326,l_1745575657.357.jpg
1,1,1,1,326,l_1746023043.103.jpg
1,1,1,1,326,l_1746023044.195.jpg
1,1,1,1,326,l_1746023044.498.jpg
1,1,1,1,326,l_1746023045.827.jpg
1,1,1,1,326,l_1746023045.909.jpg
1,1,1,1,326,l_1747064931.435.jpg
1,1,1,1,326,l_1747064931.767.jpg
1,1,1,1,326,l_1747064932.676.jpg
1,1,1,1,326,l_1747064955.209.jpg
1,1,1,1,327,l_1728718648.399.jpg
1,1,1,1,327,l_1728718649.195.jpg
1,1,1,1,327,l_1728718649.329.jpg
1,1,1,1,327,l_1728718650.599.jpg
1,1,1,1,327,l_1728718651.381.jpg
1,1,1,1,327,l_1728718652.497.jpg
1,1,1,1,327,l_1742258622.274.jpg
1,1,1,1,327,l_1742258622.939.jpg
1,1,1,1,327,l_1742258623.582.jpg
1,1,1,1,327,l_1742258623.666.jpg
1,1,1,1,327,l_1742258624.972.jpg
1,1,1,1,327,l_1743067628.660.jpg
1,1,1,1,327,l_1743067629.101.jpg
1,1,1,1,327,l_1743067630.139.jpg
1,1,1,1,327,l_1743067631.814.jpg
1,1,1,1,327,l_1743067632.330.jpg
1,1,1,1,327,l_1743067636.749.jpg
1,1,1,1,327,l_1744184491.508.jpg
1,1,1,1,327,l_1744184492.285.jpg
1,1,1,1,327,l_1744184492.884.jpg
1,1,1,1,327,l_1744184696.386.jpg
1,1,1,1,327,l_1744189366.709.jpg
1,1,1,1,327,l_1744189366.831.jpg
1,1,1,1,327,l_1744189367.764.jpg
1,1,1,1,327,l_1744189368.173.jpg
1,1,1,1,327,l_1744189368.483.jpg
1,1,1,1,327,l_1744189371.197.jpg
1,1,1,1,327,l_1744256552.874.jpg
1,1,1,1,327,l_1744256553.796.jpg
1,1,1,1,327,l_1744359214.229.jpg
1,1,1,1,327,l_1744448774.350.jpg
1,1,1,1,327,l_1744448775.813.jpg
1,1,1,1,327,l_1744448776.753.jpg
1,1,1,1,327,l_1744448777.956.jpg
1,1,1,1,327,l_1744849254.336.jpg
1,1,1,1,327,l_1744849254.953.jpg
1,1,1,1,327,l_1744849255.959.jpg
1,1,1,1,327,l_1744849259.685.jpg
1,1,1,1,327,l_1744880327.207.jpg
1,1,1,1,327,l_1744880329.248.jpg
1,1,1,1,327,l_1744880330.168.jpg
1,1,1,1,327,l_1745197122.529.jpg
1,1,1,1,327,l_1745197123.211.jpg
1,1,1,1,327,l_1745197124.215.jpg
1,1,1,1,327,l_1745197124.433.jpg
1,1,1,1,327,l_1745197125.867.jpg
1,1,1,1,327,l_1745924566.264.jpg
1,1,1,1,327,l_1745924567.338.jpg
1,1,1,1,327,l_1745924567.396.jpg
1,1,1,1,327,l_1746625966.740.jpg
1,1,1,1,327,l_1746625988.666.jpg
1,1,1,1,327,l_1746626005.931.jpg
1,1,1,1,327,l_1746626022.975.jpg
1,1,1,1,327,l_1746626039.394.jpg
1,1,1,1,327,l_1746768825.261.jpg
1,1,1,1,327,l_1746768825.627.jpg
1,1,1,1,327,l_1746768826.512.jpg
1,1,1,1,327,l_1746768827.225.jpg
1,1,1,1,327,l_1747132306.206.jpg
1,1,1,1,327,l_1747132307.467.jpg
1,1,1,1,327,l_1747132307.695.jpg
1,1,1,1,327,l_1747132308.333.jpg
1,1,1,1,327,l_1747132309.482.jpg
1,1,1,1,327,l_1747208302.861.jpg
1,1,1,1,327,l_1747208302.874.jpg
1,1,1,1,327,l_1747208303.459.jpg
1,1,1,1,327,l_1747208303.532.jpg
1,1,1,1,327,l_1747208304.536.jpg
1,1,1,1,327,l_1747215302.459.jpg
1,1,1,1,327,l_1747215304.280.jpg
1,1,1,1,327,l_1747215305.444.jpg
1,1,1,1,327,l_1747229739.197.jpg
1,1,1,1,327,l_1747229742.859.jpg
1,1,1,1,327,l_1747229745.750.jpg
1,1,1,1,327,l_1747229749.175.jpg
1,1,1,1,327,l_1747231989.834.jpg
1,1,1,1,327,l_1747231992.164.jpg
1,1,1,1,327,l_1747231995.390.jpg
1,1,1,1,327,l_1747232000.342.jpg
1,1,1,1,327,l_1747235164.244.jpg
1,1,1,1,327,l_1747235165.900.jpg
1,1,1,1,327,l_1747235166.404.jpg
1,1,1,1,327,l_1747235167.698.jpg
1,1,1,1,327,l_1747235168.438.jpg
1,1,1,1,327,l_1747235168.894.jpg
1,1,1,1,328,l_1731048788.425.jpg
1,1,1,1,328,l_1731048789.833.jpg
1,1,1,1,328,l_1731048791.975.jpg
1,1,1,1,328,l_1731048792.105.jpg
1,1,1,1,328,l_1731048898.624.jpg
1,1,1,1,328,l_1731048899.554.jpg
1,1,1,1,328,l_1731048901.635.jpg
1,1,1,1,328,l_1731048902.932.jpg
1,1,1,1,328,l_1731048903.538.jpg
1,1,1,1,328,l_1731048906.792.jpg
1,1,1,1,328,l_1736812815.143.jpg
1,1,1,1,328,l_1738726239.507.jpg
1,1,1,1,328,l_1738726240.940.jpg
1,1,1,1,328,l_1738726241.594.jpg
1,1,1,1,328,l_1738726241.727.jpg
1,1,1,1,328,l_1738726242.466.jpg
1,1,1,1,328,l_1741764559.971.jpg
1,1,1,1,328,l_1741764561.938.jpg
1,1,1,1,328,l_1741764563.280.jpg
1,1,1,1,328,l_1741764565.296.jpg
1,1,1,1,328,l_1742453591.568.jpg
1,1,1,1,328,l_1742453592.268.jpg
1,1,1,1,328,l_1742453594.289.jpg
1,1,1,1,328,l_1742453595.396.jpg
1,1,1,1,328,l_1742453597.889.jpg
1,1,1,1,328,l_1742799802.823.jpg
1,1,1,1,328,l_1742799803.691.jpg
1,1,1,1,328,l_1742799804.557.jpg
1,1,1,1,328,l_1742799804.703.jpg
1,1,1,1,328,l_1742799805.381.jpg
1,1,1,1,328,l_1742800061.410.jpg
1,1,1,1,328,l_1742800062.416.jpg
1,1,1,1,328,l_1742800062.556.jpg
1,1,1,1,328,l_1742890210.231.jpg
1,1,1,1,328,l_1742890210.636.jpg
1,1,1,1,328,l_1742890211.326.jpg
1,1,1,1,328,l_1742890213.175.jpg
1,1,1,1,328,l_1742899910.295.jpg
1,1,1,1,328,l_1742899913.142.jpg
1,1,1,1,328,l_1742899913.917.jpg
1,1,1,1,328,l_1742900405.360.jpg
1,1,1,1,328,l_1742900405.405.jpg
1,1,1,1,328,l_1742900406.271.jpg
1,1,1,1,328,l_1742900407.484.jpg
1,1,1,1,328,l_1742900408.287.jpg
1,1,1,1,328,l_1744280601.729.jpg
1,1,1,1,328,l_1744280601.825.jpg
1,1,1,1,328,l_1744280634.755.jpg
1,1,1,1,328,l_1744280651.716.jpg
1,1,1,1,328,l_1745202339.378.jpg
1,1,1,1,328,l_1745285485.161.jpg
1,1,1,1,328,l_1745285486.929.jpg
1,1,1,1,328,l_1745555019.803.jpg
1,1,1,1,328,l_1745555020.237.jpg
1,1,1,1,328,l_1745555021.863.jpg
1,1,1,1,328,l_1745555032.196.jpg
1,1,1,1,328,l_1746633532.933.jpg
1,1,1,1,328,l_1746633533.362.jpg
1,1,1,1,328,l_1746633533.388.jpg
1,1,1,1,328,l_1746760221.141.jpg
1,1,1,1,328,l_1746760221.866.jpg
1,1,1,1,328,l_1746760224.270.jpg
1,1,1,1,328,l_1746760225.520.jpg
1,1,1,1,328,l_1747018003.530.jpg
1,1,1,1,328,l_1747018004.731.jpg
1,1,1,1,328,l_1747018004.926.jpg
1,1,1,1,328,l_1747021698.786.jpg
1,1,1,1,328,l_1747021699.983.jpg
1,1,1,1,328,l_1747021701.793.jpg
1,1,1,1,328,l_1747021702.767.jpg
1,1,1,1,328,l_1747024103.559.jpg
1,1,1,1,328,l_1747024103.943.jpg
1,1,1,1,328,l_1747024104.729.jpg
1,1,1,1,328,l_1747024105.459.jpg
1,1,1,1,328,l_1747057773.989.jpg
1,1,1,1,329,l_1735889554.684.jpg
1,1,1,1,329,l_1735889555.249.jpg
1,1,1,1,329,l_1735889556.477.jpg
1,1,1,1,329,l_1735889558.556.jpg
1,1,1,1,329,l_1735889558.929.jpg
1,1,1,1,329,l_1741612848.319.jpg
1,1,1,1,329,l_1741612850.122.jpg
1,1,1,1,329,l_1741612850.128.jpg
1,1,1,1,329,l_1741613830.966.jpg
1,1,1,1,329,l_1741613834.585.jpg
1,1,1,1,329,l_1742428563.514.jpg
1,1,1,1,329,l_1742428567.600.jpg
1,1,1,1,329,l_1742428569.308.jpg
1,1,1,1,329,l_1742428570.903.jpg
1,1,1,1,329,l_1742428571.452.jpg
1,1,1,1,329,l_1742428572.960.jpg
1,1,1,1,329,l_1742654657.361.jpg
1,1,1,1,329,l_1742654657.941.jpg
1,1,1,1,329,l_1742800083.228.jpg
1,1,1,1,329,l_1742800084.401.jpg
1,1,1,1,329,l_1742800085.209.jpg
1,1,1,1,329,l_1742800086.256.jpg
1,1,1,1,329,l_1742800087.356.jpg
1,1,1,1,329,l_1742800088.796.jpg
1,1,1,1,329,l_1742800090.175.jpg
1,1,1,1,329,l_1743590963.555.jpg
1,1,1,1,329,l_1743590964.521.jpg
1,1,1,1,329,l_1743590966.609.jpg
1,1,1,1,329,l_1743590968.803.jpg
1,1,1,1,329,l_1743657541.131.jpg
1,1,1,1,329,l_1743657542.457.jpg
1,1,1,1,329,l_1743657543.809.jpg
1,1,1,1,329,l_1743657543.842.jpg
1,1,1,1,329,l_1744079529.410.jpg
1,1,1,1,329,l_1744079530.499.jpg
1,1,1,1,329,l_1744079531.926.jpg
1,1,1,1,329,l_1744079532.354.jpg
1,1,1,1,329,l_1744095337.587.jpg
1,1,1,1,329,l_1744095342.816.jpg
1,1,1,1,329,l_1744095345.686.jpg
1,1,1,1,329,l_1744095346.708.jpg
1,1,1,1,329,l_1744448352.194.jpg
1,1,1,1,329,l_1744448353.438.jpg
1,1,1,1,329,l_1746494824.346.jpg
1,1,1,1,329,l_1746494825.374.jpg
1,1,1,1,329,l_1746494825.803.jpg
1,1,1,1,329,l_1746494826.768.jpg
1,1,1,1,329,l_1746502909.994.jpg
1,1,1,1,329,l_1746502910.568.jpg
1,1,1,1,329,l_1746502910.686.jpg
1,1,1,1,329,l_1746502911.273.jpg
1,1,1,1,329,l_1746502911.280.jpg
1,1,1,1,329,l_1746876625.443.jpg
1,1,1,1,329,l_1746876626.896.jpg
1,1,1,1,329,l_1746876627.193.jpg
1,1,1,1,329,l_1746876627.342.jpg
1,1,1,1,329,l_1746876628.830.jpg
1,1,1,1,329,l_1746876629.765.jpg
1,1,1,1,329,l_1747018735.843.jpg
1,1,1,1,329,l_1747018736.433.jpg
1,1,1,1,329,l_1747018737.757.jpg
1,1,1,1,329,l_1747018738.728.jpg
1,1,1,1,329,l_1747127154.593.jpg
1,1,1,1,329,l_1747127155.382.jpg
1,1,1,1,329,l_1747127156.623.jpg
1,1,1,1,329,l_1747127157.971.jpg
1,1,1,1,329,l_1747127158.893.jpg
1,1,1,1,329,l_1747215676.219.jpg
1,1,1,1,329,l_1747215677.366.jpg
1,1,1,1,329,l_1747215677.438.jpg
1,1,1,1,329,l_1747215678.168.jpg
1,1,1,1,329,l_1747215678.535.jpg
1,1,1,1,329,l_1747230568.196.jpg
1,1,1,1,329,l_1747230568.387.jpg
1,1,1,1,329,l_1747230569.170.jpg
1,1,1,1,329,l_1747230570.379.jpg
1,1,1,1,329,l_1747230571.940.jpg
1,1,1,1,329,l_1747230572.348.jpg
1,1,1,1,329,l_1747232487.537.jpg
1,1,1,1,329,l_1747232491.687.jpg
1,1,1,1,329,l_1747232494.315.jpg
1,1,1,1,329,l_1747232498.933.jpg
1,1,1,1,329,l_1747233206.567.jpg
1,1,1,1,329,l_1747233206.740.jpg
1,1,1,1,329,l_1747233207.109.jpg
1,1,1,1,329,l_1747233207.112.jpg
1,1,1,1,329,l_1747233208.480.jpg
1,1,1,1,329,l_1747233210.332.jpg
1,1,1,1,329,l_1747238278.179.jpg
1,1,1,1,329,l_1747238279.455.jpg
1,1,1,1,329,l_1747238280.526.jpg
1,1,1,1,330,l_1691721209.749.jpg
1,1,1,1,330,l_1691721209.826.jpg
1,1,1,1,330,l_1691721210.235.jpg
1,1,1,1,330,l_1691721210.326.jpg
1,1,1,1,330,l_1691721210.693.jpg
1,1,1,1,330,l_1691721211.445.jpg
1,1,1,1,330,l_1691721211.472.jpg
1,1,1,1,330,l_1691721277.440.jpg
1,1,1,1,330,l_1691721277.908.jpg
1,1,1,1,330,l_1699253139.785.jpg
1,1,1,1,330,l_1699253140.894.jpg
1,1,1,1,330,l_1699253141.327.jpg
1,1,1,1,330,l_1699253143.231.jpg
1,1,1,1,330,l_1703662728.237.jpg
1,1,1,1,330,l_1703662729.605.jpg
1,1,1,1,330,l_1703662731.350.jpg
1,1,1,1,330,l_1703662731.863.jpg
1,1,1,1,330,l_1703662732.244.jpg
1,1,1,1,330,l_1703662801.782.jpg
1,1,1,1,330,l_1703662840.390.jpg
1,1,1,1,330,l_1712806092.147.jpg
1,1,1,1,330,l_1712806092.187.jpg
1,1,1,1,330,l_1712806092.766.jpg
1,1,1,1,330,l_1712806094.568.jpg
1,1,1,1,330,l_1712806094.569.jpg
1,1,1,1,330,l_1712806095.897.jpg
1,1,1,1,330,l_1721010445.738.jpg
1,1,1,1,330,l_1721010446.543.jpg
1,1,1,1,330,l_1721010446.547.jpg
1,1,1,1,330,l_1721010447.337.jpg
1,1,1,1,330,l_1721010447.938.jpg
1,1,1,1,330,l_1721030003.514.jpg
1,1,1,1,330,l_1721030004.389.jpg
1,1,1,1,330,l_1721030004.541.jpg
1,1,1,1,330,l_1721030004.562.jpg
1,1,1,1,330,l_1721030005.483.jpg
1,1,1,1,330,l_1730864381.778.jpg
1,1,1,1,330,l_1730864382.536.jpg
1,1,1,1,330,l_1730864383.965.jpg
1,1,1,1,330,l_1730864384.222.jpg
1,1,1,1,330,l_1730864385.879.jpg
1,1,1,1,330,l_1730864386.633.jpg
1,1,1,1,330,l_1730864387.771.jpg
1,1,1,1,330,l_1730864388.108.jpg
1,1,1,1,330,l_1730864388.336.jpg
1,1,1,1,330,l_1730864453.891.jpg
1,1,1,1,330,l_1733971385.281.jpg
1,1,1,1,330,l_1733971386.645.jpg
1,1,1,1,330,l_1733971387.834.jpg
1,1,1,1,330,l_1734059891.370.jpg
1,1,1,1,330,l_1734059892.685.jpg
1,1,1,1,330,l_1734059893.854.jpg
1,1,1,1,330,l_1742529944.336.jpg
1,1,1,1,330,l_1742529946.387.jpg
1,1,1,1,330,l_1742529947.911.jpg
1,1,1,1,330,l_1742529948.532.jpg
1,1,1,1,330,l_1742529949.648.jpg
1,1,1,1,330,l_1742548924.603.jpg
1,1,1,1,330,l_1742548925.386.jpg
1,1,1,1,330,l_1742548925.545.jpg
1,1,1,1,330,l_1742548926.263.jpg
1,1,1,1,330,l_1742548926.294.jpg
1,1,1,1,330,l_1743666998.632.jpg
1,1,1,1,330,l_1743666999.141.jpg
1,1,1,1,330,l_1743667000.627.jpg
1,1,1,1,330,l_1743667001.340.jpg
1,1,1,1,330,l_1743667002.717.jpg
1,1,1,1,330,l_1743667006.894.jpg
1,1,1,1,330,l_1744446448.230.jpg
1,1,1,1,330,l_1744446449.998.jpg
1,1,1,1,330,l_1744446450.771.jpg
1,1,1,1,330,l_1744446451.127.jpg
1,1,1,1,330,l_1745824029.156.jpg
1,1,1,1,330,l_1745824032.804.jpg
1,1,1,1,330,l_1745824034.970.jpg
1,1,1,1,330,l_1745824035.239.jpg
1,1,1,1,330,l_1745824036.223.jpg
1,1,1,1,330,l_1746269995.819.jpg
1,1,1,1,330,l_1746269998.170.jpg
1,1,1,1,330,l_1746269998.446.jpg
1,1,1,1,330,l_1746270029.571.jpg
1,1,1,1,330,l_1746270030.580.jpg
1,1,1,1,330,l_1746420937.413.jpg
1,1,1,1,330,l_1746420937.858.jpg
1,1,1,1,330,l_1746420938.352.jpg
1,1,1,1,330,l_1746420938.807.jpg
1,1,1,1,330,l_1746420939.251.jpg
1,1,1,1,330,l_1746798589.105.jpg
1,1,1,1,330,l_1746798592.566.jpg
1,1,1,1,330,l_1746798592.578.jpg
1,1,1,1,330,l_1746798593.809.jpg
1,1,1,1,330,l_1747042977.472.jpg
1,1,1,1,330,l_1747042985.813.jpg
1,1,1,1,330,l_1747053942.419.jpg
1,1,1,1,330,l_1747053942.881.jpg
1,1,1,1,330,l_1747053943.819.jpg
1,1,1,1,331,l_1731056607.315.jpg
1,1,1,1,331,l_1731056607.453.jpg
1,1,1,1,331,l_1731056608.295.jpg
1,1,1,1,331,l_1731056608.945.jpg
1,1,1,1,331,l_1731056609.308.jpg
1,1,1,1,331,l_1731636580.437.jpg
1,1,1,1,331,l_1731636580.881.jpg
1,1,1,1,331,l_1731636583.843.jpg
1,1,1,1,331,l_1731636596.563.jpg
1,1,1,1,331,l_1731636609.964.jpg
1,1,1,1,331,l_1732527133.235.jpg
1,1,1,1,331,l_1732527134.224.jpg
1,1,1,1,331,l_1732527134.505.jpg
1,1,1,1,331,l_1732527135.861.jpg
1,1,1,1,331,l_1732527139.261.jpg
1,1,1,1,331,l_1735897092.866.jpg
1,1,1,1,331,l_1735897093.259.jpg
1,1,1,1,331,l_1735897093.984.jpg
1,1,1,1,331,l_1735897098.498.jpg
1,1,1,1,331,l_1735897099.619.jpg
1,1,1,1,331,l_1735897100.837.jpg
1,1,1,1,331,l_1735897100.861.jpg
1,1,1,1,331,l_1739780622.973.jpg
1,1,1,1,331,l_1739780623.579.jpg
1,1,1,1,331,l_1739780624.167.jpg
1,1,1,1,331,l_1739780624.856.jpg
1,1,1,1,331,l_1739780625.236.jpg
1,1,1,1,331,l_1739981347.873.jpg
1,1,1,1,331,l_1739981348.693.jpg
1,1,1,1,331,l_1739981350.306.jpg
1,1,1,1,331,l_1740995255.540.jpg
1,1,1,1,331,l_1740995256.202.jpg
1,1,1,1,331,l_1740995257.571.jpg
1,1,1,1,331,l_1740995259.434.jpg
1,1,1,1,331,l_1740995260.563.jpg
1,1,1,1,331,l_1742484398.111.jpg
1,1,1,1,331,l_1742484399.181.jpg
1,1,1,1,331,l_1742484400.654.jpg
1,1,1,1,331,l_1742484400.928.jpg
1,1,1,1,331,l_1743498964.990.jpg
1,1,1,1,331,l_1743498965.936.jpg
1,1,1,1,331,l_1743498966.701.jpg
1,1,1,1,331,l_1743498968.422.jpg
1,1,1,1,331,l_1743498969.667.jpg
1,1,1,1,331,l_1743648065.995.jpg
1,1,1,1,331,l_1743648068.331.jpg
1,1,1,1,331,l_1743648069.205.jpg
1,1,1,1,331,l_1744344651.963.jpg
1,1,1,1,331,l_1744344652.422.jpg
1,1,1,1,331,l_1744344653.546.jpg
1,1,1,1,331,l_1744344654.634.jpg
1,1,1,1,331,l_1744344655.766.jpg
1,1,1,1,331,l_1744372207.260.jpg
1,1,1,1,331,l_1744372207.754.jpg
1,1,1,1,331,l_1744372208.268.jpg
1,1,1,1,331,l_1744372209.116.jpg
1,1,1,1,331,l_1744372209.468.jpg
1,1,1,1,331,l_1744372210.112.jpg
1,1,1,1,331,l_1744372212.577.jpg
1,1,1,1,331,l_1744972800.358.jpg
1,1,1,1,331,l_1744972800.827.jpg
1,1,1,1,331,l_1744972803.883.jpg
1,1,1,1,331,l_1744972805.646.jpg
1,1,1,1,331,l_1744972806.314.jpg
1,1,1,1,331,l_1745477903.760.jpg
1,1,1,1,331,l_1745477903.797.jpg
1,1,1,1,331,l_1745477904.527.jpg
1,1,1,1,331,l_1745477909.621.jpg
1,1,1,1,331,l_1745557348.193.jpg
1,1,1,1,331,l_1745557349.217.jpg
1,1,1,1,331,l_1745557351.246.jpg
1,1,1,1,331,l_1745557355.678.jpg
1,1,1,1,331,l_1745557356.389.jpg
1,1,1,1,331,l_1746069022.332.jpg
1,1,1,1,331,l_1746069022.409.jpg
1,1,1,1,331,l_1746069023.216.jpg
1,1,1,1,331,l_1746069023.866.jpg
1,1,1,1,331,l_1746156235.284.jpg
1,1,1,1,331,l_1746156235.302.jpg
1,1,1,1,331,l_1746156236.574.jpg
1,1,1,1,331,l_1746156237.540.jpg
1,1,1,1,331,l_1746500415.778.jpg
1,1,1,1,331,l_1746500416.737.jpg
1,1,1,1,331,l_1746500417.555.jpg
1,1,1,1,331,l_1746500419.447.jpg
1,1,1,1,331,l_1746674876.370.jpg
1,1,1,1,331,l_1746674877.421.jpg
1,1,1,1,331,l_1746674879.360.jpg
1,1,1,1,331,l_1746674880.790.jpg
1,1,1,1,331,l_1747230639.241.jpg
1,1,1,1,331,l_1747230640.768.jpg
1,1,1,1,331,l_1747230641.533.jpg
1,1,1,1,331,l_1747230642.920.jpg
1,1,1,1,331,l_1747230643.490.jpg
1,1,1,1,331,l_1747230644.777.jpg
1,1,1,1,331,l_1747230645.514.jpg
1,1,1,1,332,l_1635241326.975.jpg
1,1,1,1,332,l_1635241327.922.jpg
1,1,1,1,332,l_1635241328.511.jpg
1,1,1,1,332,l_1635241329.927.jpg
1,1,1,1,332,l_1635241334.195.jpg
1,1,1,1,332,l_1727235938.512.jpg
1,1,1,1,332,l_1727235939.465.jpg
1,1,1,1,332,l_1727235939.715.jpg
1,1,1,1,332,l_1727235940.530.jpg
1,1,1,1,332,l_1727235940.648.jpg
1,1,1,1,332,l_1727235941.364.jpg
1,1,1,1,332,l_1727235942.705.jpg
1,1,1,1,332,l_1727235942.805.jpg
1,1,1,1,332,l_1737709589.696.jpg
1,1,1,1,332,l_1737709590.441.jpg
1,1,1,1,332,l_1737709590.588.jpg
1,1,1,1,332,l_1737709591.718.jpg
1,1,1,1,332,l_1737709591.907.jpg
1,1,1,1,332,l_1739161973.882.jpg
1,1,1,1,332,l_1739161974.225.jpg
1,1,1,1,332,l_1739161975.297.jpg
1,1,1,1,332,l_1739161975.495.jpg
1,1,1,1,332,l_1739161976.664.jpg
1,1,1,1,332,l_1739161977.620.jpg
1,1,1,1,332,l_1739161977.720.jpg
1,1,1,1,332,l_1739161978.473.jpg
1,1,1,1,332,l_1739161978.504.jpg
1,1,1,1,332,l_1740973412.140.jpg
1,1,1,1,332,l_1740973412.252.jpg
1,1,1,1,332,l_1740973413.685.jpg
1,1,1,1,332,l_1740973413.994.jpg
1,1,1,1,332,l_1740973414.608.jpg
1,1,1,1,332,l_1741685427.243.jpg
1,1,1,1,332,l_1741685427.952.jpg
1,1,1,1,332,l_1741685428.881.jpg
1,1,1,1,332,l_1741751597.562.jpg
1,1,1,1,332,l_1741751597.646.jpg
1,1,1,1,332,l_1741751598.684.jpg
1,1,1,1,332,l_1741751599.673.jpg
1,1,1,1,332,l_1741866081.868.jpg
1,1,1,1,332,l_1741866082.419.jpg
1,1,1,1,332,l_1741866083.587.jpg
1,1,1,1,332,l_1741866084.417.jpg
1,1,1,1,332,l_1741886362.826.jpg
1,1,1,1,332,l_1741886396.888.jpg
1,1,1,1,332,l_1743597935.407.jpg
1,1,1,1,332,l_1743597935.921.jpg
1,1,1,1,332,l_1743597936.210.jpg
1,1,1,1,332,l_1744189601.461.jpg
1,1,1,1,332,l_1744189602.528.jpg
1,1,1,1,332,l_1744189602.700.jpg
1,1,1,1,332,l_1744189603.300.jpg
1,1,1,1,332,l_1744189604.326.jpg
1,1,1,1,332,l_1744189605.156.jpg
1,1,1,1,332,l_1744864342.543.jpg
1,1,1,1,332,l_1744864343.383.jpg
1,1,1,1,332,l_1744864344.506.jpg
1,1,1,1,332,l_1744864344.687.jpg
1,1,1,1,332,l_1744864345.660.jpg
1,1,1,1,332,l_1744864345.663.jpg
1,1,1,1,332,l_1745044577.258.jpg
1,1,1,1,332,l_1745044579.664.jpg
1,1,1,1,332,l_1745044581.469.jpg
1,1,1,1,332,l_1745044582.138.jpg
1,1,1,1,332,l_1745044582.835.jpg
1,1,1,1,332,l_1745482800.927.jpg
1,1,1,1,332,l_1745482808.475.jpg
1,1,1,1,332,l_1745482830.380.jpg
1,1,1,1,332,l_1745482834.966.jpg
1,1,1,1,332,l_1745482839.896.jpg
1,1,1,1,332,l_1745509656.626.jpg
1,1,1,1,332,l_1745509658.373.jpg
1,1,1,1,332,l_1745509658.576.jpg
1,1,1,1,332,l_1745509660.340.jpg
1,1,1,1,332,l_1745509661.606.jpg
1,1,1,1,332,l_1745824659.451.jpg
1,1,1,1,332,l_1745824662.552.jpg
1,1,1,1,332,l_1745824663.727.jpg
1,1,1,1,332,l_1745824664.118.jpg
1,1,1,1,332,l_1745828794.280.jpg
1,1,1,1,332,l_1745828794.686.jpg
1,1,1,1,332,l_1745828795.850.jpg
1,1,1,1,332,l_1745828797.281.jpg
1,1,1,1,332,l_1745828797.296.jpg
1,1,1,1,332,l_1746524361.631.jpg
1,1,1,1,332,l_1746524362.229.jpg
1,1,1,1,332,l_1746524362.987.jpg
1,1,1,1,332,l_1746524363.236.jpg
1,1,1,1,332,l_1746524364.836.jpg
1,1,1,1,332,l_1746524364.867.jpg
1,1,1,1,332,l_1746524365.370.jpg
1,1,1,1,332,l_1747225152.955.jpg
1,1,1,1,332,l_1747225153.471.jpg
1,1,1,1,332,l_1747225154.838.jpg
1,1,1,1,332,l_1747238543.217.jpg
1,1,1,1,332,l_1747238544.825.jpg
1,1,1,1,332,l_1747238545.612.jpg
1,1,1,1,333,l_1649129833.197.jpg
1,1,1,1,333,l_1649129834.947.jpg
1,1,1,1,333,l_1649129835.150.jpg
1,1,1,1,333,l_1649129835.594.jpg
1,1,1,1,333,l_1649129836.180.jpg
1,1,1,1,333,l_1649129836.560.jpg
1,1,1,1,333,l_1649129836.807.jpg
1,1,1,1,333,l_1649296443.345.jpg
1,1,1,1,333,l_1649296443.945.jpg
1,1,1,1,333,l_1649296444.968.jpg
1,1,1,1,333,l_1665030868.550.jpg
1,1,1,1,333,l_1665030869.925.jpg
1,1,1,1,333,l_1665030870.231.jpg
1,1,1,1,333,l_1665030870.997.jpg
1,1,1,1,333,l_1665030871.156.jpg
1,1,1,1,333,l_1714121697.216.jpg
1,1,1,1,333,l_1714121697.554.jpg
1,1,1,1,333,l_1714121698.393.jpg
1,1,1,1,333,l_1714121699.188.jpg
1,1,1,1,333,l_1721400058.520.jpg
1,1,1,1,333,l_1721400058.973.jpg
1,1,1,1,333,l_1735976161.941.jpg
1,1,1,1,333,l_1740489124.122.jpg
1,1,1,1,333,l_1740489125.345.jpg
1,1,1,1,333,l_1740489126.566.jpg
1,1,1,1,333,l_1740489126.910.jpg
1,1,1,1,333,l_1741787602.863.jpg
1,1,1,1,333,l_1741787604.206.jpg
1,1,1,1,333,l_1741787607.368.jpg
1,1,1,1,333,l_1741787609.269.jpg
1,1,1,1,333,l_1741787610.523.jpg
1,1,1,1,333,l_1743134802.332.jpg
1,1,1,1,333,l_1743134804.486.jpg
1,1,1,1,333,l_1743134805.273.jpg
1,1,1,1,333,l_1743134807.922.jpg
1,1,1,1,333,l_1743134812.737.jpg
1,1,1,1,333,l_1743153331.181.jpg
1,1,1,1,333,l_1743153333.120.jpg
1,1,1,1,333,l_1743153334.899.jpg
1,1,1,1,333,l_1743153335.992.jpg
1,1,1,1,333,l_1743153336.533.jpg
1,1,1,1,333,l_1743210976.374.jpg
1,1,1,1,333,l_1743210976.426.jpg
1,1,1,1,333,l_1743210977.284.jpg
1,1,1,1,333,l_1743210978.302.jpg
1,1,1,1,333,l_1744767992.873.jpg
1,1,1,1,333,l_1744767993.372.jpg
1,1,1,1,333,l_1744767993.654.jpg
1,1,1,1,333,l_1744767994.104.jpg
1,1,1,1,333,l_1744767994.899.jpg
1,1,1,1,333,l_1744767995.305.jpg
1,1,1,1,333,l_1745201811.826.jpg
1,1,1,1,333,l_1745201820.885.jpg
1,1,1,1,333,l_1745201838.937.jpg
1,1,1,1,333,l_1745326295.417.jpg
1,1,1,1,333,l_1745326296.970.jpg
1,1,1,1,333,l_1745326297.228.jpg
1,1,1,1,333,l_1745326297.739.jpg
1,1,1,1,333,l_1745373890.694.jpg
1,1,1,1,333,l_1745373891.832.jpg
1,1,1,1,333,l_1745373891.895.jpg
1,1,1,1,333,l_1745373892.856.jpg
1,1,1,1,333,l_1745373894.149.jpg
1,1,1,1,333,l_1745543004.250.jpg
1,1,1,1,333,l_1745543004.816.jpg
1,1,1,1,333,l_1745543011.207.jpg
1,1,1,1,333,l_1745543011.649.jpg
1,1,1,1,333,l_1745543012.462.jpg
1,1,1,1,333,l_1746324666.495.jpg
1,1,1,1,333,l_1746324667.282.jpg
1,1,1,1,333,l_1746324667.692.jpg
1,1,1,1,333,l_1746324687.974.jpg
1,1,1,1,333,l_1746610839.333.jpg
1,1,1,1,333,l_1746610840.564.jpg
1,1,1,1,333,l_1746610840.969.jpg
1,1,1,1,333,l_1746610842.924.jpg
1,1,1,1,333,l_1746610849.350.jpg
1,1,1,1,333,l_1746877194.462.jpg
1,1,1,1,333,l_1746877195.232.jpg
1,1,1,1,333,l_1746877196.815.jpg
1,1,1,1,333,l_1746877196.832.jpg
1,1,1,1,333,l_1746877197.954.jpg
1,1,1,1,334,l_1683692917.jpg
1,1,1,1,334,l_1683692923.jpg
1,1,1,1,334,l_1686736107.372.jpg
1,1,1,1,334,l_1686736107.864.jpg
1,1,1,1,334,l_1686736108.572.jpg
1,1,1,1,334,l_1686736109.260.jpg
1,1,1,1,334,l_1686736109.304.jpg
1,1,1,1,334,l_1686736110.829.jpg
1,1,1,1,334,l_1739520334.914.jpg
1,1,1,1,334,l_1739520335.525.jpg
1,1,1,1,334,l_1739520336.208.jpg
1,1,1,1,334,l_1739520338.327.jpg
1,1,1,1,334,l_1739520340.629.jpg
1,1,1,1,334,l_1739520342.258.jpg
1,1,1,1,334,l_1739759768.856.jpg
1,1,1,1,334,l_1739759769.234.jpg
1,1,1,1,334,l_1739759770.935.jpg
1,1,1,1,334,l_1739759778.254.jpg
1,1,1,1,334,l_1741092707.317.jpg
1,1,1,1,334,l_1741092708.331.jpg
1,1,1,1,334,l_1741674916.709.jpg
1,1,1,1,334,l_1741674918.232.jpg
1,1,1,1,334,l_1741674920.641.jpg
1,1,1,1,334,l_1741674923.341.jpg
1,1,1,1,334,l_1741777449.958.jpg
1,1,1,1,334,l_1741777450.931.jpg
1,1,1,1,334,l_1741777451.227.jpg
1,1,1,1,334,l_1741777451.283.jpg
1,1,1,1,334,l_1742955640.203.jpg
1,1,1,1,334,l_1742955641.948.jpg
1,1,1,1,334,l_1742955642.305.jpg
1,1,1,1,334,l_1742955643.136.jpg
1,1,1,1,334,l_1742955644.130.jpg
1,1,1,1,334,l_1742955645.739.jpg
1,1,1,1,334,l_1742955647.377.jpg
1,1,1,1,334,l_1742955650.631.jpg
1,1,1,1,334,l_1742955675.164.jpg
1,1,1,1,334,l_1744105361.239.jpg
1,1,1,1,334,l_1744105362.507.jpg
1,1,1,1,334,l_1744105362.715.jpg
1,1,1,1,334,l_1744342914.400.jpg
1,1,1,1,334,l_1744342914.709.jpg
1,1,1,1,334,l_1744342915.266.jpg
1,1,1,1,334,l_1744342916.480.jpg
1,1,1,1,334,l_1744342918.791.jpg
1,1,1,1,334,l_1744435531.554.jpg
1,1,1,1,334,l_1744435534.878.jpg
1,1,1,1,334,l_1744435536.809.jpg
1,1,1,1,334,l_1745399488.359.jpg
1,1,1,1,334,l_1745399489.450.jpg
1,1,1,1,334,l_1745399489.883.jpg
1,1,1,1,334,l_1745399490.646.jpg
1,1,1,1,334,l_1745455892.906.jpg
1,1,1,1,334,l_1745455893.122.jpg
1,1,1,1,334,l_1745455895.405.jpg
1,1,1,1,334,l_1745455897.725.jpg
1,1,1,1,334,l_1745455899.621.jpg
1,1,1,1,334,l_1746366033.724.jpg
1,1,1,1,334,l_1746366035.126.jpg
1,1,1,1,334,l_1746366039.179.jpg
1,1,1,1,334,l_1746366043.918.jpg
1,1,1,1,334,l_1746366045.567.jpg
1,1,1,1,334,l_1746366047.882.jpg
1,1,1,1,334,l_1746536453.741.jpg
1,1,1,1,334,l_1746536455.193.jpg
1,1,1,1,334,l_1746536456.781.jpg
1,1,1,1,334,l_1746536457.628.jpg
1,1,1,1,334,l_1746536458.544.jpg
1,1,1,1,334,l_1746845542.886.jpg
1,1,1,1,334,l_1746845546.604.jpg
1,1,1,1,334,l_1746845548.962.jpg
1,1,1,1,334,l_1746877232.870.jpg
1,1,1,1,334,l_1746877233.241.jpg
1,1,1,1,334,l_1746877234.848.jpg
1,1,1,1,334,l_1746877235.578.jpg
1,1,1,1,334,l_1746877235.762.jpg
1,1,1,1,334,l_1746877237.364.jpg
1,1,1,1,334,l_1747233202.814.jpg
1,1,1,1,334,l_1747233206.891.jpg
1,1,1,1,334,l_1747233208.319.jpg
1,1,1,1,334,l_1747233215.839.jpg
1,1,1,1,334,l_1747233217.447.jpg
1,1,1,1,334,l_1747234714.437.jpg
1,1,1,1,334,l_1747234714.926.jpg
1,1,1,1,334,l_1747234715.496.jpg
1,1,1,1,334,l_1747234716.884.jpg
1,1,1,1,335,l_1727236683.582.jpg
1,1,1,1,335,l_1727236683.710.jpg
1,1,1,1,335,l_1727236684.545.jpg
1,1,1,1,335,l_1727236685.807.jpg
1,1,1,1,335,l_1727236728.599.jpg
1,1,1,1,335,l_1727236729.116.jpg
1,1,1,1,335,l_1727236730.106.jpg
1,1,1,1,335,l_1727237630.330.jpg
1,1,1,1,335,l_1727237631.335.jpg
1,1,1,1,335,l_1741745593.683.jpg
1,1,1,1,335,l_1741745594.457.jpg
1,1,1,1,335,l_1741745594.663.jpg
1,1,1,1,335,l_1741745595.511.jpg
1,1,1,1,335,l_1743902150.973.jpg
1,1,1,1,335,l_1743902152.265.jpg
1,1,1,1,335,l_1743902152.685.jpg
1,1,1,1,335,l_1743902153.260.jpg
1,1,1,1,335,l_1743902153.467.jpg
1,1,1,1,335,l_1743902154.118.jpg
1,1,1,1,335,l_1745200850.306.jpg
1,1,1,1,335,l_1745200851.666.jpg
1,1,1,1,335,l_1745200852.667.jpg
1,1,1,1,335,l_1745200858.536.jpg
1,1,1,1,335,l_1745200860.730.jpg
1,1,1,1,335,l_1745200866.510.jpg
1,1,1,1,335,l_1745482382.188.jpg
1,1,1,1,335,l_1745482385.369.jpg
1,1,1,1,335,l_1745482411.910.jpg
1,1,1,1,335,l_1745482416.610.jpg
1,1,1,1,335,l_1745569687.407.jpg
1,1,1,1,335,l_1745569699.251.jpg
1,1,1,1,335,l_1745569701.319.jpg
1,1,1,1,335,l_1745569704.417.jpg
1,1,1,1,335,l_1746335760.722.jpg
1,1,1,1,335,l_1746335768.925.jpg
1,1,1,1,335,l_1746335773.412.jpg
1,1,1,1,335,l_1746335778.401.jpg
1,1,1,1,335,l_1746411823.591.jpg
1,1,1,1,335,l_1746411824.759.jpg
1,1,1,1,335,l_1746411828.494.jpg
1,1,1,1,335,l_1746524442.852.jpg
1,1,1,1,335,l_1746524442.922.jpg
1,1,1,1,335,l_1746524443.753.jpg
1,1,1,1,335,l_1746524443.920.jpg
1,1,1,1,335,l_1746524444.847.jpg
1,1,1,1,335,l_1747105315.433.jpg
1,1,1,1,335,l_1747105317.315.jpg
1,1,1,1,335,l_1747105319.100.jpg
1,1,1,1,335,l_1747138122.874.jpg
1,1,1,1,335,l_1747138146.696.jpg
1,1,1,1,335,l_1747182830.867.jpg
1,1,1,1,335,l_1747182833.552.jpg
1,1,1,1,335,l_1747182834.793.jpg
1,1,1,1,335,l_1747182835.306.jpg
1,1,1,1,335,l_1747182835.855.jpg
1,1,1,1,335,l_1747185057.475.jpg
1,1,1,1,335,l_1747185060.707.jpg
1,1,1,1,335,l_1747185061.397.jpg
1,1,1,1,335,l_1747185061.545.jpg
1,1,1,1,335,l_1747213954.435.jpg
1,1,1,1,335,l_1747213958.508.jpg
1,1,1,1,335,l_1747213991.241.jpg
1,1,1,1,335,l_1747214004.671.jpg
1,1,1,1,335,l_1747214037.623.jpg
1,1,1,1,335,l_1747224858.752.jpg
1,1,1,1,335,l_1747224862.372.jpg
1,1,1,1,335,l_1747224863.406.jpg
1,1,1,1,335,l_1747224865.553.jpg
1,1,1,1,335,l_1747229169.219.jpg
1,1,1,1,335,l_1747229181.629.jpg
1,1,1,1,335,l_1747229215.286.jpg
1,1,1,1,335,l_1747229290.988.jpg
1,1,1,1,335,l_1747229294.347.jpg
1,1,1,1,335,l_1747229298.334.jpg
1,1,1,1,336,l_1734775964.228.jpg
1,1,1,1,336,l_1734775964.230.jpg
1,1,1,1,336,l_1734775965.144.jpg
1,1,1,1,336,l_1734775965.470.jpg
1,1,1,1,336,l_1734775966.764.jpg
1,1,1,1,336,l_1734775966.993.jpg
1,1,1,1,336,l_1735568106.971.jpg
1,1,1,1,336,l_1735568107.152.jpg
1,1,1,1,336,l_1735568107.603.jpg
1,1,1,1,336,l_1735568108.641.jpg
1,1,1,1,336,l_1735568108.926.jpg
1,1,1,1,336,l_1736042569.255.jpg
1,1,1,1,336,l_1736042569.285.jpg
1,1,1,1,336,l_1736042571.297.jpg
1,1,1,1,336,l_1736042573.312.jpg
1,1,1,1,336,l_1736042574.905.jpg
1,1,1,1,336,l_1741318047.235.jpg
1,1,1,1,336,l_1741318047.556.jpg
1,1,1,1,336,l_1741318048.621.jpg
1,1,1,1,336,l_1741318049.469.jpg
1,1,1,1,336,l_1741318049.966.jpg
1,1,1,1,336,l_1742034918.886.jpg
1,1,1,1,336,l_1742034919.661.jpg
1,1,1,1,336,l_1742034919.919.jpg
1,1,1,1,336,l_1742034920.594.jpg
1,1,1,1,336,l_1742034921.937.jpg
1,1,1,1,336,l_1743133393.352.jpg
1,1,1,1,336,l_1743133395.562.jpg
1,1,1,1,336,l_1743133397.918.jpg
1,1,1,1,336,l_1743133397.940.jpg
1,1,1,1,336,l_1743743515.880.jpg
1,1,1,1,336,l_1743743516.331.jpg
1,1,1,1,336,l_1743743516.683.jpg
1,1,1,1,336,l_1743743517.246.jpg
1,1,1,1,336,l_1743743517.996.jpg
1,1,1,1,336,l_1745481785.552.jpg
1,1,1,1,336,l_1745481789.795.jpg
1,1,1,1,336,l_1745481797.355.jpg
1,1,1,1,336,l_1745481851.132.jpg
1,1,1,1,336,l_1745557171.711.jpg
1,1,1,1,336,l_1745557172.811.jpg
1,1,1,1,336,l_1745557173.521.jpg
1,1,1,1,336,l_1745557177.115.jpg
1,1,1,1,336,l_1745557177.931.jpg
1,1,1,1,336,l_1745557415.191.jpg
1,1,1,1,336,l_1745557416.800.jpg
1,1,1,1,336,l_1745557418.428.jpg
1,1,1,1,336,l_1745557418.657.jpg
1,1,1,1,336,l_1745557419.950.jpg
1,1,1,1,336,l_1746259042.509.jpg
1,1,1,1,336,l_1746259061.545.jpg
1,1,1,1,336,l_1746357557.547.jpg
1,1,1,1,336,l_1746409539.368.jpg
1,1,1,1,336,l_1746409540.907.jpg
1,1,1,1,336,l_1746409543.363.jpg
1,1,1,1,336,l_1746409546.523.jpg
1,1,1,1,336,l_1746587964.246.jpg
1,1,1,1,336,l_1746587964.471.jpg
1,1,1,1,336,l_1746587965.557.jpg
1,1,1,1,336,l_1746587967.520.jpg
1,1,1,1,336,l_1746587967.934.jpg
1,1,1,1,336,l_1746798251.751.jpg
1,1,1,1,336,l_1746798254.772.jpg
1,1,1,1,336,l_1746798256.435.jpg
1,1,1,1,336,l_1746798287.441.jpg
1,1,1,1,336,l_1747016826.504.jpg
1,1,1,1,336,l_1747016827.679.jpg
1,1,1,1,336,l_1747016828.373.jpg
1,1,1,1,336,l_1747016828.626.jpg
1,1,1,1,336,l_1747016830.282.jpg
1,1,1,1,336,l_1747036367.407.jpg
1,1,1,1,336,l_1747036368.659.jpg
1,1,1,1,336,l_1747036369.866.jpg
1,1,1,1,336,l_1747036370.304.jpg
1,1,1,1,336,l_1747036371.167.jpg
1,1,1,1,336,l_1747211804.226.jpg
1,1,1,1,336,l_1747211804.261.jpg
1,1,1,1,336,l_1747211805.645.jpg
1,1,1,1,336,l_1747211806.427.jpg
1,1,1,1,336,l_1747211807.134.jpg
1,1,1,1,336,l_1747211808.233.jpg
1,1,1,1,336,l_1747217024.107.jpg
1,1,1,1,336,l_1747217025.527.jpg
1,1,1,1,336,l_1747217026.833.jpg
1,1,1,1,336,l_1747217027.320.jpg
1,1,1,1,336,l_1747217028.242.jpg
1,1,1,1,336,l_1747217029.400.jpg
1,1,1,1,336,l_1747230869.144.jpg
1,1,1,1,336,l_1747230869.319.jpg
1,1,1,1,336,l_1747230870.860.jpg
1,1,1,1,336,l_1747230871.953.jpg
1,1,1,1,337,l_1694401609.358.jpg
1,1,1,1,337,l_1694401609.648.jpg
1,1,1,1,337,l_1694401610.278.jpg
1,1,1,1,337,l_1694401611.249.jpg
1,1,1,1,337,l_1709197489.667.jpg
1,1,1,1,337,l_1709197489.712.jpg
1,1,1,1,337,l_1709197490.277.jpg
1,1,1,1,337,l_1709197491.480.jpg
1,1,1,1,337,l_1709197491.960.jpg
1,1,1,1,337,l_1709197493.177.jpg
1,1,1,1,337,l_1709197493.695.jpg
1,1,1,1,337,l_1714119761.961.jpg
1,1,1,1,337,l_1731051258.774.jpg
1,1,1,1,337,l_1731051259.527.jpg
1,1,1,1,337,l_1731051261.894.jpg
1,1,1,1,337,l_1731051262.954.jpg
1,1,1,1,337,l_1731051263.608.jpg
1,1,1,1,337,l_1738639548.299.jpg
1,1,1,1,337,l_1738639550.980.jpg
1,1,1,1,337,l_1738639550.990.jpg
1,1,1,1,337,l_1738639551.188.jpg
1,1,1,1,337,l_1739849907.369.jpg
1,1,1,1,337,l_1739849908.589.jpg
1,1,1,1,337,l_1740385101.439.jpg
1,1,1,1,337,l_1740385102.750.jpg
1,1,1,1,337,l_1740385102.862.jpg
1,1,1,1,337,l_1740385103.804.jpg
1,1,1,1,337,l_1740385103.957.jpg
1,1,1,1,337,l_1741788015.248.jpg
1,1,1,1,337,l_1742024149.186.jpg
1,1,1,1,337,l_1742024193.664.jpg
1,1,1,1,337,l_1742024194.895.jpg
1,1,1,1,337,l_1742278833.860.jpg
1,1,1,1,337,l_1742797716.227.jpg
1,1,1,1,337,l_1742797717.190.jpg
1,1,1,1,337,l_1742797718.108.jpg
1,1,1,1,337,l_1742797720.722.jpg
1,1,1,1,337,l_1742797721.519.jpg
1,1,1,1,337,l_1742797722.324.jpg
1,1,1,1,337,l_1743048473.975.jpg
1,1,1,1,337,l_1743048474.498.jpg
1,1,1,1,337,l_1743048476.278.jpg
1,1,1,1,337,l_1743048478.838.jpg
1,1,1,1,337,l_1744518709.600.jpg
1,1,1,1,337,l_1744518709.716.jpg
1,1,1,1,337,l_1744518710.492.jpg
1,1,1,1,337,l_1744518716.292.jpg
1,1,1,1,337,l_1744518716.603.jpg
1,1,1,1,337,l_1744705464.640.jpg
1,1,1,1,337,l_1744705464.924.jpg
1,1,1,1,337,l_1744705465.240.jpg
1,1,1,1,337,l_1744705467.789.jpg
1,1,1,1,337,l_1744705468.654.jpg
1,1,1,1,337,l_1744705468.807.jpg
1,1,1,1,337,l_1746182852.702.jpg
1,1,1,1,337,l_1746182853.289.jpg
1,1,1,1,337,l_1746182853.554.jpg
1,1,1,1,337,l_1746182854.474.jpg
1,1,1,1,337,l_1746182854.819.jpg
1,1,1,1,337,l_1746182855.109.jpg
1,1,1,1,337,l_1746508619.859.jpg
1,1,1,1,337,l_1746508620.492.jpg
1,1,1,1,337,l_1746508620.992.jpg
1,1,1,1,337,l_1746508621.517.jpg
1,1,1,1,337,l_1746508649.808.jpg
1,1,1,1,337,l_1746524117.658.jpg
1,1,1,1,337,l_1746524118.591.jpg
1,1,1,1,337,l_1746524120.379.jpg
1,1,1,1,337,l_1746524121.133.jpg
1,1,1,1,337,l_1746524223.176.jpg
1,1,1,1,337,l_1746524224.641.jpg
1,1,1,1,337,l_1746524225.669.jpg
1,1,1,1,337,l_1746692026.991.jpg
1,1,1,1,337,l_1746692027.907.jpg
1,1,1,1,337,l_1746692028.470.jpg
1,1,1,1,337,l_1746692030.700.jpg
1,1,1,1,337,l_1746779627.274.jpg
1,1,1,1,337,l_1746779628.262.jpg
1,1,1,1,337,l_1746779628.343.jpg
1,1,1,1,337,l_1746779631.566.jpg
1,1,1,1,337,l_1746779632.541.jpg
1,1,1,1,337,l_1747224987.871.jpg
1,1,1,1,337,l_1747224988.801.jpg
1,1,1,1,337,l_1747224992.454.jpg
1,1,1,1,347,l_1726833931.140.jpg
1,1,1,1,347,l_1726833935.833.jpg
1,1,1,1,347,l_1726833938.326.jpg
1,1,1,1,347,l_1728892757.107.jpg
1,1,1,1,347,l_1728892757.626.jpg
1,1,1,1,347,l_1728892758.592.jpg
1,1,1,1,347,l_1728892759.766.jpg
1,1,1,1,347,l_1730432866.422.jpg
1,1,1,1,347,l_1730432867.611.jpg
1,1,1,1,347,l_1730432875.449.jpg
1,1,1,1,347,l_1730432885.210.jpg
1,1,1,1,347,l_1730866204.721.jpg
1,1,1,1,347,l_1730866216.327.jpg
1,1,1,1,347,l_1730866217.251.jpg
1,1,1,1,347,l_1730866219.506.jpg
1,1,1,1,347,l_1730866219.936.jpg
1,1,1,1,347,l_1730866221.156.jpg
1,1,1,1,347,l_1732509029.778.jpg
1,1,1,1,347,l_1732509034.201.jpg
1,1,1,1,347,l_1732509039.314.jpg
1,1,1,1,347,l_1732509041.542.jpg
1,1,1,1,347,l_1736237379.528.jpg
1,1,1,1,347,l_1736237379.764.jpg
1,1,1,1,347,l_1736237380.208.jpg
1,1,1,1,347,l_1737706415.123.jpg
1,1,1,1,347,l_1737706416.267.jpg
1,1,1,1,347,l_1737706417.360.jpg
1,1,1,1,347,l_1737706417.510.jpg
1,1,1,1,347,l_1737706420.264.jpg
1,1,1,1,347,l_1741591406.460.jpg
1,1,1,1,347,l_1741591407.304.jpg
1,1,1,1,347,l_1741591421.960.jpg
1,1,1,1,347,l_1742362385.808.jpg
1,1,1,1,347,l_1742362386.544.jpg
1,1,1,1,347,l_1742362387.791.jpg
1,1,1,1,347,l_1742362626.478.jpg
1,1,1,1,347,l_1742362627.153.jpg
1,1,1,1,347,l_1742362627.279.jpg
1,1,1,1,347,l_1742362628.359.jpg
1,1,1,1,347,l_1742362629.971.jpg
1,1,1,1,347,l_1742362638.799.jpg
1,1,1,1,347,l_1742802629.886.jpg
1,1,1,1,347,l_1742802630.889.jpg
1,1,1,1,347,l_1742802631.192.jpg
1,1,1,1,347,l_1742802633.801.jpg
1,1,1,1,347,l_1742802634.276.jpg
1,1,1,1,347,l_1742870301.762.jpg
1,1,1,1,347,l_1742870301.817.jpg
1,1,1,1,347,l_1742870302.159.jpg
1,1,1,1,347,l_1742870303.874.jpg
1,1,1,1,347,l_1742870303.934.jpg
1,1,1,1,347,l_1742982200.563.jpg
1,1,1,1,347,l_1742982221.810.jpg
1,1,1,1,347,l_1742982253.449.jpg
1,1,1,1,347,l_1743912284.402.jpg
1,1,1,1,347,l_1743912285.194.jpg
1,1,1,1,347,l_1743912285.941.jpg
1,1,1,1,347,l_1743912286.223.jpg
1,1,1,1,347,l_1744600370.363.jpg
1,1,1,1,347,l_1744600370.927.jpg
1,1,1,1,347,l_1744600371.258.jpg
1,1,1,1,347,l_1744600372.266.jpg
1,1,1,1,347,l_1745026516.966.jpg
1,1,1,1,347,l_1745026517.795.jpg
1,1,1,1,347,l_1745026518.211.jpg
1,1,1,1,347,l_1745207424.931.jpg
1,1,1,1,347,l_1745207425.289.jpg
1,1,1,1,347,l_1745207519.417.jpg
1,1,1,1,347,l_1746496626.145.jpg
1,1,1,1,347,l_1746496626.962.jpg
1,1,1,1,347,l_1746496627.452.jpg
1,1,1,1,347,l_1746496628.150.jpg
1,1,1,1,347,l_1746837610.824.jpg
1,1,1,1,347,l_1746837612.460.jpg
1,1,1,1,347,l_1746837614.576.jpg
1,1,1,1,347,l_1746837617.149.jpg
1,1,1,1,347,l_1746837619.285.jpg
1,1,1,1,347,l_1746837622.716.jpg
1,1,1,1,347,l_1746843658.359.jpg
1,1,1,1,347,l_1746843670.785.jpg
1,1,1,1,347,l_1746843670.824.jpg
1,1,1,1,347,l_1746843671.481.jpg
1,1,1,1,347,l_1746843671.747.jpg
1,1,1,1,348,l_1686902409.644.jpg
1,1,1,1,348,l_1686902410.549.jpg
1,1,1,1,348,l_1686902410.984.jpg
1,1,1,1,348,l_1686902416.387.jpg
1,1,1,1,348,l_1686902417.915.jpg
1,1,1,1,348,l_1694486306.190.jpg
1,1,1,1,348,l_1694486307.629.jpg
1,1,1,1,348,l_1694486308.992.jpg
1,1,1,1,348,l_1694486309.230.jpg
1,1,1,1,348,l_1694486336.514.jpg
1,1,1,1,348,l_1719544910.578.jpg
1,1,1,1,348,l_1719544910.967.jpg
1,1,1,1,348,l_1719544911.284.jpg
1,1,1,1,348,l_1719544913.517.jpg
1,1,1,1,348,l_1719544914.380.jpg
1,1,1,1,348,l_1727160317.708.jpg
1,1,1,1,348,l_1727160318.464.jpg
1,1,1,1,348,l_1727160319.722.jpg
1,1,1,1,348,l_1728870655.243.jpg
1,1,1,1,348,l_1728870659.512.jpg
1,1,1,1,348,l_1728870664.279.jpg
1,1,1,1,348,l_1728870673.255.jpg
1,1,1,1,348,l_1728870675.692.jpg
1,1,1,1,348,l_1728870819.344.jpg
1,1,1,1,348,l_1728870821.345.jpg
1,1,1,1,348,l_1728870824.319.jpg
1,1,1,1,348,l_1728870826.617.jpg
1,1,1,1,348,l_1728870829.156.jpg
1,1,1,1,348,l_1732162685.857.jpg
1,1,1,1,348,l_1732162685.885.jpg
1,1,1,1,348,l_1732162686.674.jpg
1,1,1,1,348,l_1734924093.905.jpg
1,1,1,1,348,l_1734924093.937.jpg
1,1,1,1,348,l_1734924094.967.jpg
1,1,1,1,348,l_1734924095.143.jpg
1,1,1,1,348,l_1734924095.957.jpg
1,1,1,1,348,l_1738741233.993.jpg
1,1,1,1,348,l_1738741234.794.jpg
1,1,1,1,348,l_1738741235.362.jpg
1,1,1,1,348,l_1738741242.455.jpg
1,1,1,1,348,l_1738741244.429.jpg
1,1,1,1,348,l_1740118661.619.jpg
1,1,1,1,348,l_1740118661.937.jpg
1,1,1,1,348,l_1740118662.168.jpg
1,1,1,1,348,l_1740118662.914.jpg
1,1,1,1,348,l_1740118663.618.jpg
1,1,1,1,348,l_1743088242.611.jpg
1,1,1,1,348,l_1743088243.110.jpg
1,1,1,1,348,l_1743088243.479.jpg
1,1,1,1,348,l_1743088244.761.jpg
1,1,1,1,348,l_1743088245.949.jpg
1,1,1,1,348,l_1744251187.695.jpg
1,1,1,1,348,l_1744251189.229.jpg
1,1,1,1,348,l_1744251193.569.jpg
1,1,1,1,348,l_1744691578.136.jpg
1,1,1,1,348,l_1744691578.166.jpg
1,1,1,1,348,l_1744691580.631.jpg
1,1,1,1,348,l_1744691582.114.jpg
1,1,1,1,348,l_1745391962.201.jpg
1,1,1,1,348,l_1745391962.806.jpg
1,1,1,1,348,l_1745391963.449.jpg
1,1,1,1,348,l_1745391964.683.jpg
1,1,1,1,348,l_1745391965.998.jpg
1,1,1,1,348,l_1745391966.212.jpg
1,1,1,1,348,l_1745910369.261.jpg
1,1,1,1,348,l_1745910370.248.jpg
1,1,1,1,348,l_1745910371.935.jpg
1,1,1,1,348,l_1745910372.564.jpg
1,1,1,1,348,l_1746520766.387.jpg
1,1,1,1,348,l_1746520767.311.jpg
1,1,1,1,348,l_1746520768.247.jpg
1,1,1,1,348,l_1746520768.450.jpg
1,1,1,1,348,l_1746520769.175.jpg
1,1,1,1,348,l_1746520769.779.jpg
1,1,1,1,348,l_1747185397.314.jpg
1,1,1,1,348,l_1747185397.804.jpg
1,1,1,1,348,l_1747185398.392.jpg
1,1,1,1,348,l_1747185398.796.jpg
1,1,1,1,348,l_1747185399.939.jpg
1,1,1,1,348,l_1747186548.511.jpg
1,1,1,1,348,l_1747186549.420.jpg
1,1,1,1,348,l_1747186549.468.jpg
1,1,1,1,348,l_1747186550.298.jpg
1,1,1,1,348,l_1747187031.779.jpg
1,1,1,1,348,l_1747187032.388.jpg
1,1,1,1,348,l_1747187032.667.jpg
1,1,1,1,348,l_1747215074.263.jpg
1,1,1,1,348,l_1747215075.514.jpg
1,1,1,1,348,l_1747215076.223.jpg
1,1,1,1,348,l_1747215077.277.jpg
1,1,1,1,348,l_1747215077.976.jpg
1,1,1,1,349,l_1706158688.241.jpg
1,1,1,1,349,l_1706158714.136.jpg
1,1,1,1,349,l_1706158715.781.jpg
1,1,1,1,349,l_1706158716.962.jpg
1,1,1,1,349,l_1706158717.231.jpg
1,1,1,1,349,l_1706158718.467.jpg
1,1,1,1,349,l_1719544976.229.jpg
1,1,1,1,349,l_1719544979.829.jpg
1,1,1,1,349,l_1719544980.521.jpg
1,1,1,1,349,l_1719544982.729.jpg
1,1,1,1,349,l_1719544984.764.jpg
1,1,1,1,349,l_1720432453.420.jpg
1,1,1,1,349,l_1720432453.543.jpg
1,1,1,1,349,l_1720432463.310.jpg
1,1,1,1,349,l_1720432463.974.jpg
1,1,1,1,349,l_1720432521.956.jpg
1,1,1,1,349,l_1720432525.906.jpg
1,1,1,1,349,l_1727159782.648.jpg
1,1,1,1,349,l_1727159783.289.jpg
1,1,1,1,349,l_1727159783.612.jpg
1,1,1,1,349,l_1727159784.621.jpg
1,1,1,1,349,l_1727159785.213.jpg
1,1,1,1,349,l_1727159786.669.jpg
1,1,1,1,349,l_1732162937.797.jpg
1,1,1,1,349,l_1732162938.839.jpg
1,1,1,1,349,l_1732162939.309.jpg
1,1,1,1,349,l_1732162939.432.jpg
1,1,1,1,349,l_1732162940.480.jpg
1,1,1,1,349,l_1733473774.983.jpg
1,1,1,1,349,l_1733473775.405.jpg
1,1,1,1,349,l_1733473776.600.jpg
1,1,1,1,349,l_1733473777.613.jpg
1,1,1,1,349,l_1733473778.445.jpg
1,1,1,1,349,l_1733473826.879.jpg
1,1,1,1,349,l_1733473845.473.jpg
1,1,1,1,349,l_1735205459.950.jpg
1,1,1,1,349,l_1735205463.427.jpg
1,1,1,1,349,l_1735205464.196.jpg
1,1,1,1,349,l_1735205465.184.jpg
1,1,1,1,349,l_1735205465.886.jpg
1,1,1,1,349,l_1740489459.669.jpg
1,1,1,1,349,l_1740489459.884.jpg
1,1,1,1,349,l_1740489460.203.jpg
1,1,1,1,349,l_1740489460.613.jpg
1,1,1,1,349,l_1743088014.393.jpg
1,1,1,1,349,l_1743088018.641.jpg
1,1,1,1,349,l_1744172392.499.jpg
1,1,1,1,349,l_1744172393.126.jpg
1,1,1,1,349,l_1744172394.116.jpg
1,1,1,1,349,l_1744172395.937.jpg
1,1,1,1,349,l_1744172396.268.jpg
1,1,1,1,349,l_1744172486.847.jpg
1,1,1,1,349,l_1744172487.622.jpg
1,1,1,1,349,l_1744172487.690.jpg
1,1,1,1,349,l_1744172488.919.jpg
1,1,1,1,349,l_1744172489.251.jpg
1,1,1,1,349,l_1744288929.567.jpg
1,1,1,1,349,l_1744288930.257.jpg
1,1,1,1,349,l_1744288931.692.jpg
1,1,1,1,349,l_1744288932.406.jpg
1,1,1,1,349,l_1744288933.188.jpg
1,1,1,1,349,l_1744288936.250.jpg
1,1,1,1,349,l_1744288937.351.jpg
1,1,1,1,349,l_1745837141.705.jpg
1,1,1,1,349,l_1745837142.260.jpg
1,1,1,1,349,l_1745837143.718.jpg
1,1,1,1,349,l_1745837144.501.jpg
1,1,1,1,349,l_1745837146.330.jpg
1,1,1,1,349,l_1745837147.309.jpg
1,1,1,1,349,l_1745837311.648.jpg
1,1,1,1,349,l_1745837312.419.jpg
1,1,1,1,349,l_1745837316.852.jpg
1,1,1,1,349,l_1745837317.969.jpg
1,1,1,1,349,l_1746520600.349.jpg
1,1,1,1,349,l_1746520601.641.jpg
1,1,1,1,349,l_1746520601.784.jpg
1,1,1,1,349,l_1746520602.742.jpg
1,1,1,1,349,l_1746520603.254.jpg
1,1,1,1,349,l_1746520603.415.jpg
1,1,1,1,349,l_1746520604.327.jpg
1,1,1,1,349,l_1746520604.737.jpg
1,1,1,1,349,l_1746774606.645.jpg
1,1,1,1,349,l_1746774754.347.jpg
1,1,1,1,349,l_1747187132.263.jpg
1,1,1,1,349,l_1747187133.116.jpg
1,1,1,1,349,l_1747187133.885.jpg
1,1,1,1,349,l_1747187136.768.jpg
1,1,1,1,349,l_1747187136.824.jpg
1,1,1,1,349,l_1747187335.341.jpg
1,1,1,1,349,l_1747187336.343.jpg
1,1,1,1,349,l_1747187337.379.jpg
1,1,1,1,349,l_1747187338.288.jpg
1,1,1,1,349,l_1747187339.158.jpg
1,1,1,1,349,l_1747198975.423.jpg
1,1,1,1,349,l_1747198975.684.jpg
1,1,1,1,349,l_1747198975.877.jpg
1,1,1,1,350,l_1687840674.898.jpg
1,1,1,1,350,l_1687840674.957.jpg
1,1,1,1,350,l_1687840675.462.jpg
1,1,1,1,350,l_1687840676.185.jpg
1,1,1,1,350,l_1687840676.714.jpg
1,1,1,1,350,l_1713173153.548.jpg
1,1,1,1,350,l_1713173154.339.jpg
1,1,1,1,350,l_1713173210.632.jpg
1,1,1,1,350,l_1731053973.639.jpg
1,1,1,1,350,l_1731054003.523.jpg
1,1,1,1,350,l_1731054021.342.jpg
1,1,1,1,350,l_1732331650.412.jpg
1,1,1,1,350,l_1732331651.236.jpg
1,1,1,1,350,l_1732331651.959.jpg
1,1,1,1,350,l_1732331655.541.jpg
1,1,1,1,350,l_1732331656.365.jpg
1,1,1,1,350,l_1737444073.812.jpg
1,1,1,1,350,l_1737444074.455.jpg
1,1,1,1,350,l_1737444075.206.jpg
1,1,1,1,350,l_1737444075.466.jpg
1,1,1,1,350,l_1737444076.973.jpg
1,1,1,1,350,l_1737444077.199.jpg
1,1,1,1,350,l_1741165237.234.jpg
1,1,1,1,350,l_1741165239.604.jpg
1,1,1,1,350,l_1741165240.399.jpg
1,1,1,1,350,l_1741676888.283.jpg
1,1,1,1,350,l_1741677071.171.jpg
1,1,1,1,350,l_1741677141.148.jpg
1,1,1,1,350,l_1741677145.863.jpg
1,1,1,1,350,l_1741677151.902.jpg
1,1,1,1,350,l_1741677160.932.jpg
1,1,1,1,350,l_1743669718.154.jpg
1,1,1,1,350,l_1743669719.222.jpg
1,1,1,1,350,l_1743669719.739.jpg
1,1,1,1,350,l_1743669720.307.jpg
1,1,1,1,350,l_1743669721.473.jpg
1,1,1,1,350,l_1744170090.248.jpg
1,1,1,1,350,l_1744170090.711.jpg
1,1,1,1,350,l_1744170112.333.jpg
1,1,1,1,350,l_1744249141.891.jpg
1,1,1,1,350,l_1744249142.972.jpg
1,1,1,1,350,l_1744249143.190.jpg
1,1,1,1,350,l_1744249143.304.jpg
1,1,1,1,350,l_1744249255.480.jpg
1,1,1,1,350,l_1744259599.997.jpg
1,1,1,1,350,l_1744259600.743.jpg
1,1,1,1,350,l_1744259601.669.jpg
1,1,1,1,350,l_1744259601.802.jpg
1,1,1,1,350,l_1744259602.160.jpg
1,1,1,1,350,l_1744259603.702.jpg
1,1,1,1,350,l_1744289044.364.jpg
1,1,1,1,350,l_1744289045.485.jpg
1,1,1,1,350,l_1744289046.213.jpg
1,1,1,1,350,l_1744289049.318.jpg
1,1,1,1,350,l_1744338286.129.jpg
1,1,1,1,350,l_1744338286.723.jpg
1,1,1,1,350,l_1744889820.761.jpg
1,1,1,1,350,l_1744889821.197.jpg
1,1,1,1,350,l_1744889822.726.jpg
1,1,1,1,350,l_1744889825.585.jpg
1,1,1,1,350,l_1744889826.692.jpg
1,1,1,1,350,l_1744889827.231.jpg
1,1,1,1,350,l_1744889829.125.jpg
1,1,1,1,350,l_1744890378.242.jpg
1,1,1,1,350,l_1744890379.137.jpg
1,1,1,1,350,l_1744890380.170.jpg
1,1,1,1,350,l_1744890380.881.jpg
1,1,1,1,350,l_1744963495.987.jpg
1,1,1,1,350,l_1744963497.372.jpg
1,1,1,1,350,l_1745210813.500.jpg
1,1,1,1,350,l_1745210813.955.jpg
1,1,1,1,350,l_1745210814.476.jpg
1,1,1,1,350,l_1745210815.703.jpg
1,1,1,1,350,l_1745210816.443.jpg
1,1,1,1,350,l_1745210817.169.jpg
1,1,1,1,350,l_1745230212.496.jpg
1,1,1,1,350,l_1745230213.649.jpg
1,1,1,1,350,l_1745230213.685.jpg
1,1,1,1,350,l_1745308842.779.jpg
1,1,1,1,350,l_1745308842.856.jpg
1,1,1,1,350,l_1745837555.182.jpg
1,1,1,1,350,l_1745837556.103.jpg
1,1,1,1,350,l_1745837556.357.jpg
1,1,1,1,350,l_1745837557.834.jpg
1,1,1,1,350,l_1745837558.219.jpg
1,1,1,1,351,l_1667873841.330.jpg
1,1,1,1,351,l_1667873841.418.jpg
1,1,1,1,351,l_1667873842.129.jpg
1,1,1,1,351,l_1667873843.948.jpg
1,1,1,1,351,l_1667965181.131.jpg
1,1,1,1,351,l_1667965181.700.jpg
1,1,1,1,351,l_1667965181.992.jpg
1,1,1,1,351,l_1667965182.496.jpg
1,1,1,1,351,l_1667965182.672.jpg
1,1,1,1,351,l_1667965182.759.jpg
1,1,1,1,351,l_1667965624.129.jpg
1,1,1,1,351,l_1667965624.201.jpg
1,1,1,1,351,l_1667965624.525.jpg
1,1,1,1,351,l_1667965625.640.jpg
1,1,1,1,351,l_1667965625.751.jpg
1,1,1,1,351,l_1667965626.734.jpg
1,1,1,1,351,l_1691668026.262.jpg
1,1,1,1,351,l_1691668026.629.jpg
1,1,1,1,351,l_1691668027.458.jpg
1,1,1,1,351,l_1691668027.608.jpg
1,1,1,1,351,l_1691668028.229.jpg
1,1,1,1,351,l_1691668029.131.jpg
1,1,1,1,351,l_1691668029.992.jpg
1,1,1,1,351,l_1691668093.404.jpg
1,1,1,1,351,l_1691724051.jpg
1,1,1,1,351,l_1691724056.jpg
1,1,1,1,351,l_1691724066.jpg
1,1,1,1,351,l_1691724096.jpg
1,1,1,1,351,l_1691724187.jpg
1,1,1,1,351,l_1691724220.jpg
1,1,1,1,351,l_1727227745.820.jpg
1,1,1,1,351,l_1727227746.608.jpg
1,1,1,1,351,l_1727227746.679.jpg
1,1,1,1,351,l_1727227747.364.jpg
1,1,1,1,351,l_1731244081.436.jpg
1,1,1,1,351,l_1731244095.355.jpg
1,1,1,1,351,l_1731488925.228.jpg
1,1,1,1,351,l_1731488926.329.jpg
1,1,1,1,351,l_1731488926.518.jpg
1,1,1,1,351,l_1731488927.611.jpg
1,1,1,1,351,l_1731488927.789.jpg
1,1,1,1,351,l_1732782910.735.jpg
1,1,1,1,351,l_1732782911.229.jpg
1,1,1,1,351,l_1732782913.361.jpg
1,1,1,1,351,l_1732782945.214.jpg
1,1,1,1,351,l_1732782951.419.jpg
1,1,1,1,351,l_1733033653.128.jpg
1,1,1,1,351,l_1733033656.218.jpg
1,1,1,1,351,l_1733033658.976.jpg
1,1,1,1,351,l_1733033661.758.jpg
1,1,1,1,351,l_1733542666.318.jpg
1,1,1,1,351,l_1733542667.687.jpg
1,1,1,1,351,l_1733542667.865.jpg
1,1,1,1,351,l_1733542669.475.jpg
1,1,1,1,351,l_1733733194.941.jpg
1,1,1,1,351,l_1733733195.358.jpg
1,1,1,1,351,l_1733733195.531.jpg
1,1,1,1,351,l_1733733197.604.jpg
1,1,1,1,351,l_1744250586.666.jpg
1,1,1,1,351,l_1744250586.891.jpg
1,1,1,1,351,l_1744250587.754.jpg
1,1,1,1,351,l_1744250587.936.jpg
1,1,1,1,351,l_1744250588.549.jpg
1,1,1,1,351,l_1744344553.489.jpg
1,1,1,1,351,l_1744344554.897.jpg
1,1,1,1,351,l_1744344555.559.jpg
1,1,1,1,351,l_1744890920.145.jpg
1,1,1,1,351,l_1744890920.455.jpg
1,1,1,1,351,l_1744890921.219.jpg
1,1,1,1,351,l_1744890922.826.jpg
1,1,1,1,351,l_1744890923.563.jpg
1,1,1,1,351,l_1744890924.268.jpg
1,1,1,1,351,l_1744890925.900.jpg
1,1,1,1,351,l_1745030909.410.jpg
1,1,1,1,351,l_1745030909.488.jpg
1,1,1,1,351,l_1745030910.570.jpg
1,1,1,1,351,l_1745837758.157.jpg
1,1,1,1,351,l_1745837759.901.jpg
1,1,1,1,351,l_1745837760.342.jpg
1,1,1,1,351,l_1745837761.361.jpg
1,1,1,1,351,l_1746517619.846.jpg
1,1,1,1,351,l_1746517619.855.jpg
1,1,1,1,351,l_1746517620.870.jpg
1,1,1,1,351,l_1746517620.896.jpg
1,1,1,1,351,l_1746517621.153.jpg
1,1,1,1,351,l_1747129362.153.jpg
1,1,1,1,351,l_1747129362.255.jpg
1,1,1,1,351,l_1747129363.624.jpg
1,1,1,1,351,l_1747129363.716.jpg
1,1,1,1,351,l_1747187218.615.jpg
1,1,1,1,351,l_1747187219.382.jpg
1,1,1,1,351,l_1747187220.185.jpg
1,1,1,1,351,l_1747187221.712.jpg
1,1,1,1,351,l_1747187222.427.jpg
1,1,1,1,352,l_1699427302.498.jpg
1,1,1,1,352,l_1699427302.759.jpg
1,1,1,1,352,l_1701489370.377.jpg
1,1,1,1,352,l_1701489370.786.jpg
1,1,1,1,352,l_1701489371.344.jpg
1,1,1,1,352,l_1701489371.675.jpg
1,1,1,1,352,l_1701489371.913.jpg
1,1,1,1,352,l_1701489372.219.jpg
1,1,1,1,352,l_1701489373.218.jpg
1,1,1,1,352,l_1705916579.314.jpg
1,1,1,1,352,l_1705916579.378.jpg
1,1,1,1,352,l_1705916580.505.jpg
1,1,1,1,352,l_1705916581.226.jpg
1,1,1,1,352,l_1705916581.817.jpg
1,1,1,1,352,l_1710211485.649.jpg
1,1,1,1,352,l_1710211486.811.jpg
1,1,1,1,352,l_1710211487.321.jpg
1,1,1,1,352,l_1710211488.255.jpg
1,1,1,1,352,l_1710211488.472.jpg
1,1,1,1,352,l_1710211489.762.jpg
1,1,1,1,352,l_1710211489.874.jpg
1,1,1,1,352,l_1710211490.499.jpg
1,1,1,1,352,l_1711513714.398.jpg
1,1,1,1,352,l_1711513715.579.jpg
1,1,1,1,352,l_1711513716.508.jpg
1,1,1,1,352,l_1711513716.881.jpg
1,1,1,1,352,l_1711519238.108.jpg
1,1,1,1,352,l_1711519238.426.jpg
1,1,1,1,352,l_1711519239.931.jpg
1,1,1,1,352,l_1711519240.301.jpg
1,1,1,1,352,l_1719544007.243.jpg
1,1,1,1,352,l_1719544007.881.jpg
1,1,1,1,352,l_1719544010.135.jpg
1,1,1,1,352,l_1733716380.990.jpg
1,1,1,1,352,l_1741166927.491.jpg
1,1,1,1,352,l_1741166940.331.jpg
1,1,1,1,352,l_1742973765.842.jpg
1,1,1,1,352,l_1742973770.784.jpg
1,1,1,1,352,l_1742973778.181.jpg
1,1,1,1,352,l_1742973783.917.jpg
1,1,1,1,352,l_1744251109.141.jpg
1,1,1,1,352,l_1744251110.112.jpg
1,1,1,1,352,l_1744251110.187.jpg
1,1,1,1,352,l_1744251111.124.jpg
1,1,1,1,352,l_1744600403.322.jpg
1,1,1,1,352,l_1744600403.409.jpg
1,1,1,1,352,l_1744600404.477.jpg
1,1,1,1,352,l_1744600409.666.jpg
1,1,1,1,352,l_1744601139.754.jpg
1,1,1,1,352,l_1744601142.185.jpg
1,1,1,1,352,l_1744601142.557.jpg
1,1,1,1,352,l_1744602004.890.jpg
1,1,1,1,352,l_1744602005.463.jpg
1,1,1,1,352,l_1744602006.238.jpg
1,1,1,1,352,l_1744602007.717.jpg
1,1,1,1,352,l_1744602008.325.jpg
1,1,1,1,352,l_1744602009.200.jpg
1,1,1,1,352,l_1744602011.399.jpg
1,1,1,1,352,l_1745030907.747.jpg
1,1,1,1,352,l_1745030908.199.jpg
1,1,1,1,352,l_1745030909.256.jpg
1,1,1,1,352,l_1745030911.621.jpg
1,1,1,1,352,l_1745030913.328.jpg
1,1,1,1,352,l_1746683116.873.jpg
1,1,1,1,352,l_1746683131.319.jpg
1,1,1,1,352,l_1746683131.491.jpg
1,1,1,1,352,l_1746846338.100.jpg
1,1,1,1,352,l_1746846339.724.jpg
1,1,1,1,352,l_1746846340.171.jpg
1,1,1,1,352,l_1746846340.857.jpg
1,1,1,1,352,l_1746846341.957.jpg
1,1,1,1,352,l_1746846341.982.jpg
1,1,1,1,352,l_1747185712.313.jpg
1,1,1,1,352,l_1747185712.644.jpg
1,1,1,1,352,l_1747185713.849.jpg
1,1,1,1,352,l_1747185713.852.jpg
1,1,1,1,352,l_1747185714.286.jpg
1,1,1,1,352,l_1747185787.544.jpg
1,1,1,1,352,l_1747185788.560.jpg
1,1,1,1,352,l_1747186732.628.jpg
1,1,1,1,352,l_1747186732.942.jpg
1,1,1,1,352,l_1747186733.565.jpg
1,1,1,1,352,l_1747186733.631.jpg